URL,Severity,Priority,Category,Issue,Description,Current value,Expected / recommended value,Recommended fix,Element / resource,Details,Page HTTP,In sitemap,Report
http://localhost:3000/,Important,P2 - fix soon,Static,Form field without a label,"A form field has no label, so screen-reader users don't know what to type (placeholder isn't a label).",no <label>,<label for> / wrapping <label> / aria-label on every field,Add a visible <label> linked to the field id.,select,,200,yes,Accessibility Report
http://localhost:3000/,Important,P2 - fix soon,Static,aria-controls points to a missing id,An ARIA reference points to an id that doesn't exist.,"aria-controls=""radix-_R_kn7inqtb_""",aria-labelledby / aria-describedby / aria-controls reference existing ids,Fix the id or the reference.,button.group.flex.w-full [type=button] 'More domains (11)',,200,yes,Accessibility Report
http://localhost:3000/,Important,P2 - fix soon,Touch targets,Touch targets smaller than 24x24 px,"Touch targets are smaller than 24x24 px, too small to tap reliably (WCAG 2.5.8).",131x21 px,24x24 px minimum (44x44 recommended),Increase padding / min-width / min-height of the element.,"SEO, SEM / PPC",390 px phone viewport,200,yes,Accessibility Report
http://localhost:3000/,Important,P2 - fix soon,Touch targets,Touch targets smaller than 24x24 px,"Touch targets are smaller than 24x24 px, too small to tap reliably (WCAG 2.5.8).",198x21 px,24x24 px minimum (44x44 recommended),Increase padding / min-width / min-height of the element.,Social Media Marketing,390 px phone viewport,200,yes,Accessibility Report
http://localhost:3000/,Important,P2 - fix soon,Touch targets,Touch targets smaller than 24x24 px,"Touch targets are smaller than 24x24 px, too small to tap reliably (WCAG 2.5.8).",158x21 px,24x24 px minimum (44x44 recommended),Increase padding / min-width / min-height of the element.,Content Marketing,390 px phone viewport,200,yes,Accessibility Report
http://localhost:3000/,Important,P2 - fix soon,Touch targets,Touch targets smaller than 24x24 px,"Touch targets are smaller than 24x24 px, too small to tap reliably (WCAG 2.5.8).",138x21 px,24x24 px minimum (44x44 recommended),Increase padding / min-width / min-height of the element.,Email Marketing,390 px phone viewport,200,yes,Accessibility Report
http://localhost:3000/,Important,P2 - fix soon,Touch targets,Touch targets smaller than 24x24 px,"Touch targets are smaller than 24x24 px, too small to tap reliably (WCAG 2.5.8).",35x21 px,24x24 px minimum (44x44 recommended),Increase padding / min-width / min-height of the element.,CRO,390 px phone viewport,200,yes,Accessibility Report
http://localhost:3000/,Important,P2 - fix soon,Touch targets,Touch targets smaller than 24x24 px,"Touch targets are smaller than 24x24 px, too small to tap reliably (WCAG 2.5.8).",183x21 px,24x24 px minimum (44x44 recommended),Increase padding / min-width / min-height of the element.,Analytics & Reporting,390 px phone viewport,200,yes,Accessibility Report
http://localhost:3000/,Important,P2 - fix soon,Touch targets,Touch targets smaller than 24x24 px,"Touch targets are smaller than 24x24 px, too small to tap reliably (WCAG 2.5.8).",194x21 px,24x24 px minimum (44x44 recommended),Increase padding / min-width / min-height of the element.,Software Development,390 px phone viewport,200,yes,Accessibility Report
http://localhost:3000/,Important,P2 - fix soon,Touch targets,Touch targets smaller than 24x24 px,"Touch targets are smaller than 24x24 px, too small to tap reliably (WCAG 2.5.8).",193x21 px,24x24 px minimum (44x44 recommended),Increase padding / min-width / min-height of the element.,Web App Development,390 px phone viewport,200,yes,Accessibility Report
http://localhost:3000/,Important,P2 - fix soon,Touch targets,Touch targets smaller than 24x24 px,"Touch targets are smaller than 24x24 px, too small to tap reliably (WCAG 2.5.8).",172x21 px,24x24 px minimum (44x44 recommended),Increase padding / min-width / min-height of the element.,AI App Development,390 px phone viewport,200,yes,Accessibility Report
http://localhost:3000/,Important,P2 - fix soon,Touch targets,Touch targets smaller than 24x24 px,"Touch targets are smaller than 24x24 px, too small to tap reliably (WCAG 2.5.8).",143x21 px,24x24 px minimum (44x44 recommended),Increase padding / min-width / min-height of the element.,IoT Development,390 px phone viewport,200,yes,Accessibility Report
http://localhost:3000/,Important,P2 - fix soon,Touch targets,Touch targets smaller than 24x24 px,"Touch targets are smaller than 24x24 px, too small to tap reliably (WCAG 2.5.8).",207x21 px,24x24 px minimum (44x44 recommended),Increase padding / min-width / min-height of the element.,Blockchain Development,390 px phone viewport,200,yes,Accessibility Report
http://localhost:3000/,Important,P2 - fix soon,Touch targets,Touch targets smaller than 24x24 px,"Touch targets are smaller than 24x24 px, too small to tap reliably (WCAG 2.5.8).",184x21 px,24x24 px minimum (44x44 recommended),Increase padding / min-width / min-height of the element.,Chatbot Development,390 px phone viewport,200,yes,Accessibility Report
http://localhost:3000/,Important,P2 - fix soon,Touch targets,Touch targets smaller than 24x24 px,"Touch targets are smaller than 24x24 px, too small to tap reliably (WCAG 2.5.8).",109x21 px,24x24 px minimum (44x44 recommended),Increase padding / min-width / min-height of the element.,Testing & QA,390 px phone viewport,200,yes,Accessibility Report
http://localhost:3000/,Important,P2 - fix soon,Touch targets,Touch targets smaller than 24x24 px,"Touch targets are smaller than 24x24 px, too small to tap reliably (WCAG 2.5.8).",220x21 px,24x24 px minimum (44x44 recommended),Increase padding / min-width / min-height of the element.,Footrex – Sports Platform,390 px phone viewport,200,yes,Accessibility Report
http://localhost:3000/,Important,P2 - fix soon,Touch targets,Touch targets smaller than 24x24 px,"Touch targets are smaller than 24x24 px, too small to tap reliably (WCAG 2.5.8).",183x20 px,24x24 px minimum (44x44 recommended),Increase padding / min-width / min-height of the element.,E-Commerce Platform,390 px phone viewport,200,yes,Accessibility Report
http://localhost:3000/,Important,P2 - fix soon,Touch targets,Touch targets smaller than 24x24 px,"Touch targets are smaller than 24x24 px, too small to tap reliably (WCAG 2.5.8).",255x19 px,24x24 px minimum (44x44 recommended),Increase padding / min-width / min-height of the element.,Healthcare Management System,390 px phone viewport,200,yes,Accessibility Report
http://localhost:3000/,Important,P2 - fix soon,Touch targets,Touch targets smaller than 24x24 px,"Touch targets are smaller than 24x24 px, too small to tap reliably (WCAG 2.5.8).",180x17 px,24x24 px minimum (44x44 recommended),Increase padding / min-width / min-height of the element.,Financial Analytics Dashboard,390 px phone viewport,200,yes,Accessibility Report
http://localhost:3000/,Important,P2 - fix soon,Touch targets,Touch targets smaller than 24x24 px,"Touch targets are smaller than 24x24 px, too small to tap reliably (WCAG 2.5.8).",95x16 px,24x24 px minimum (44x44 recommended),Increase padding / min-width / min-height of the element.,Mobile Banking App,390 px phone viewport,200,yes,Accessibility Report
http://localhost:3000/,Important,P2 - fix soon,Touch targets,Touch targets smaller than 24x24 px,"Touch targets are smaller than 24x24 px, too small to tap reliably (WCAG 2.5.8).",82x16 px,24x24 px minimum (44x44 recommended),Increase padding / min-width / min-height of the element.,Social Media App,390 px phone viewport,200,yes,Accessibility Report
http://localhost:3000/,Important,P2 - fix soon,Touch targets,Touch targets smaller than 24x24 px,"Touch targets are smaller than 24x24 px, too small to tap reliably (WCAG 2.5.8).",105x20 px,24x24 px minimum (44x44 recommended),Increase padding / min-width / min-height of the element.,+91 95128 15630,390 px phone viewport,200,yes,Accessibility Report
http://localhost:3000/,Important,P2 - fix soon,Touch targets,Touch targets smaller than 24x24 px,"Touch targets are smaller than 24x24 px, too small to tap reliably (WCAG 2.5.8).",358x20 px,24x24 px minimum (44x44 recommended),Increase padding / min-width / min-height of the element.,hello@semicolon.agency,390 px phone viewport,200,yes,Accessibility Report
http://localhost:3000/,Important,P2 - fix soon,Touch targets,Touch targets smaller than 24x24 px,"Touch targets are smaller than 24x24 px, too small to tap reliably (WCAG 2.5.8).",358x20 px,24x24 px minimum (44x44 recommended),Increase padding / min-width / min-height of the element.,+91 95128 15630,390 px phone viewport,200,yes,Accessibility Report
http://localhost:3000/,Important,P2 - fix soon,Touch targets,Touch targets smaller than 24x24 px,"Touch targets are smaller than 24x24 px, too small to tap reliably (WCAG 2.5.8).",93x20 px,24x24 px minimum (44x44 recommended),Increase padding / min-width / min-height of the element.,Apply now,390 px phone viewport,200,yes,Accessibility Report
http://localhost:3000/,Important,P2 - fix soon,axe-core,color-contrast: Elements must meet minimum color contrast ratio thresholds,Ensure the contrast between foreground and background colors meets WCAG 2 AA minimum contrast ratio thresholds,"Element has insufficient color contrast of 2.56 (foreground color: #8f9bad, background color: #eef5fd, font size: 10.5pt (14px), font weight: normal). Expected contrast ratio of 4.5:1",no axe-core violation,"Element has insufficient color contrast of 2.56 (foreground color: #8f9bad, background color: #eef5fd, font size: 10.5pt (14px), font weight: normal). Expected contrast ratio of 4.5:1 - see https://dequeuniversity.com/rules/axe/4.12/color-contrast?application=axeAPI","a[aria-label=""Next.js""] > .leading-snug.z-10.text-\[hsl\(var\(--foreground\)\)\]","impact serious; html: <span class=""relative z-10 text-sm font-semibold leading-snug text-[hsl(var(--foreground))]"">Next.js</span>",200,yes,Accessibility Report
http://localhost:3000/,Important,P2 - fix soon,axe-core,color-contrast: Elements must meet minimum color contrast ratio thresholds,Ensure the contrast between foreground and background colors meets WCAG 2 AA minimum contrast ratio thresholds,"Element has insufficient color contrast of 1.05 (foreground color: #f8f9fa, background color: #ffffff, font size: 10.5pt (14px), font weight: normal). Expected contrast ratio of 4.5:1",no axe-core violation,"Element has insufficient color contrast of 1.05 (foreground color: #f8f9fa, background color: #ffffff, font size: 10.5pt (14px), font weight: normal). Expected contrast ratio of 4.5:1 - see https://dequeuniversity.com/rules/axe/4.12/color-contrast?application=axeAPI","a[aria-label=""Nuxt.js""] > .leading-snug.z-10.text-\[hsl\(var\(--foreground\)\)\]","impact serious; html: <span class=""relative z-10 text-sm font-semibold leading-snug text-[hsl(var(--foreground))]"">Nuxt.js</span>",200,yes,Accessibility Report
http://localhost:3000/,Important,P2 - fix soon,axe-core,color-contrast: Elements must meet minimum color contrast ratio thresholds,Ensure the contrast between foreground and background colors meets WCAG 2 AA minimum contrast ratio thresholds,"Element has insufficient color contrast of 4.44 (foreground color: #69768b, background color: #fbfbfb, font size: 10.5pt (14px), font weight: normal). Expected contrast ratio of 4.5:1",no axe-core violation,"Element has insufficient color contrast of 4.44 (foreground color: #69768b, background color: #fbfbfb, font size: 10.5pt (14px), font weight: normal). Expected contrast ratio of 4.5:1 - see https://dequeuniversity.com/rules/axe/4.12/color-contrast?application=axeAPI",.card-item.cursor-pointer.group:nth-child(3) > .md\:rounded-2xl.hover\:border-blue-500\/30.hover\:shadow-xl > .md\:p-6.p-4 > .md\:text-sm.font-medium.text-\[hsl\(var\(--muted-foreground\)\)\],"impact serious; html: <span class=""text-xs md:text-sm text-[hsl(var(--muted-foreground))] font-medium"">Full-cycle product development</span>",200,yes,Accessibility Report
http://localhost:3000/,Important,P2 - fix soon,axe-core,color-contrast: Elements must meet minimum color contrast ratio thresholds,Ensure the contrast between foreground and background colors meets WCAG 2 AA minimum contrast ratio thresholds,"Element has insufficient color contrast of 4.44 (foreground color: #69768b, background color: #fbfbfb, font size: 12.0pt (16px), font weight: normal). Expected contrast ratio of 4.5:1",no axe-core violation,"Element has insufficient color contrast of 4.44 (foreground color: #69768b, background color: #fbfbfb, font size: 12.0pt (16px), font weight: normal). Expected contrast ratio of 4.5:1 - see https://dequeuniversity.com/rules/axe/4.12/color-contrast?application=axeAPI",.card-item.cursor-pointer.group:nth-child(3) > .md\:rounded-2xl.hover\:border-blue-500\/30.hover\:shadow-xl > .md\:p-6.p-4 > .line-clamp-3.md\:mb-4.md\:text-base,"impact serious; html: <p class=""text-[hsl(var(--muted-foreground))] text-sm md:text-base mb-3 md:mb-4 leading-relaxed line-clamp-3"">A secure clinic and hospital management ",200,yes,Accessibility Report
http://localhost:3000/,Important,P2 - fix soon,axe-core,color-contrast: Elements must meet minimum color contrast ratio thresholds,Ensure the contrast between foreground and background colors meets WCAG 2 AA minimum contrast ratio thresholds,"Element has insufficient color contrast of 4.44 (foreground color: #69768b, background color: #fbfbfb, font size: 7.5pt (10px), font weight: bold). Expected contrast ratio of 4.5:1",no axe-core violation,"Element has insufficient color contrast of 4.44 (foreground color: #69768b, background color: #fbfbfb, font size: 7.5pt (10px), font weight: bold). Expected contrast ratio of 4.5:1 - see https://dequeuniversity.com/rules/axe/4.12/color-contrast?application=axeAPI",.card-item.cursor-pointer.group:nth-child(3) > .md\:rounded-2xl.hover\:border-blue-500\/30.hover\:shadow-xl > .md\:p-6.p-4 > dl > .flex-col-reverse.text-center > dt,"impact serious; html: <dt class=""text-[10px] uppercase tracking-wider font-bold text-[hsl(var(--muted-foreground))]"">Duration</dt>",200,yes,Accessibility Report
http://localhost:3000/,Important,P2 - fix soon,axe-core,color-contrast: Elements must meet minimum color contrast ratio thresholds,Ensure the contrast between foreground and background colors meets WCAG 2 AA minimum contrast ratio thresholds,"Element has insufficient color contrast of 3.88 (foreground color: #227fe4, background color: #fbfbfb, font size: 12.0pt (16px), font weight: bold). Expected contrast ratio of 4.5:1",no axe-core violation,"Element has insufficient color contrast of 3.88 (foreground color: #227fe4, background color: #fbfbfb, font size: 12.0pt (16px), font weight: bold). Expected contrast ratio of 4.5:1 - see https://dequeuniversity.com/rules/axe/4.12/color-contrast?application=axeAPI",.card-item.cursor-pointer.group:nth-child(3) > .md\:rounded-2xl.hover\:border-blue-500\/30.hover\:shadow-xl > .md\:p-6.p-4 > dl > .flex-col-reverse.text-center > dd > .md\:text-base.text-\[hsl\(var\(-,"impact serious; html: <span class=""text-sm md:text-base font-bold text-[hsl(var(--primary))] truncate"">4 months</span>",200,yes,Accessibility Report
http://localhost:3000/,Important,P2 - fix soon,axe-core,color-contrast: Elements must meet minimum color contrast ratio thresholds,Ensure the contrast between foreground and background colors meets WCAG 2 AA minimum contrast ratio thresholds,"Element has insufficient color contrast of 2.19 (foreground color: #a6adba, background color: #fcfcfc, font size: 10.5pt (14px), font weight: normal). Expected contrast ratio of 4.5:1",no axe-core violation,"Element has insufficient color contrast of 2.19 (foreground color: #a6adba, background color: #fcfcfc, font size: 10.5pt (14px), font weight: normal). Expected contrast ratio of 4.5:1 - see https://dequeuniversity.com/rules/axe/4.12/color-contrast?application=axeAPI",.card-item.cursor-pointer.group:nth-child(4) > .md\:rounded-2xl.hover\:border-blue-500\/30.hover\:shadow-xl > .md\:p-6.p-4 > .md\:text-sm.font-medium.text-\[hsl\(var\(--muted-foreground\)\)\],"impact serious; html: <span class=""text-xs md:text-sm text-[hsl(var(--muted-foreground))] font-medium"">Frontend development</span>",200,yes,Accessibility Report
http://localhost:3000/,Important,P2 - fix soon,axe-core,color-contrast: Elements must meet minimum color contrast ratio thresholds,Ensure the contrast between foreground and background colors meets WCAG 2 AA minimum contrast ratio thresholds,"Element has insufficient color contrast of 2.19 (foreground color: #a6adba, background color: #fcfcfc, font size: 12.0pt (16px), font weight: normal). Expected contrast ratio of 4.5:1",no axe-core violation,"Element has insufficient color contrast of 2.19 (foreground color: #a6adba, background color: #fcfcfc, font size: 12.0pt (16px), font weight: normal). Expected contrast ratio of 4.5:1 - see https://dequeuniversity.com/rules/axe/4.12/color-contrast?application=axeAPI",.card-item.cursor-pointer.group:nth-child(4) > .md\:rounded-2xl.hover\:border-blue-500\/30.hover\:shadow-xl > .md\:p-6.p-4 > .line-clamp-3.md\:mb-4.md\:text-base,"impact serious; html: <p class=""text-[hsl(var(--muted-foreground))] text-sm md:text-base mb-3 md:mb-4 leading-relaxed line-clamp-3"">A real-time analytics dashboard that tur",200,yes,Accessibility Report
http://localhost:3000/,Important,P2 - fix soon,axe-core,color-contrast: Elements must meet minimum color contrast ratio thresholds,Ensure the contrast between foreground and background colors meets WCAG 2 AA minimum contrast ratio thresholds,"Element has insufficient color contrast of 2.19 (foreground color: #a6adba, background color: #fcfcfc, font size: 7.5pt (10px), font weight: bold). Expected contrast ratio of 4.5:1",no axe-core violation,"Element has insufficient color contrast of 2.19 (foreground color: #a6adba, background color: #fcfcfc, font size: 7.5pt (10px), font weight: bold). Expected contrast ratio of 4.5:1 - see https://dequeuniversity.com/rules/axe/4.12/color-contrast?application=axeAPI",.card-item.cursor-pointer.group:nth-child(4) > .md\:rounded-2xl.hover\:border-blue-500\/30.hover\:shadow-xl > .md\:p-6.p-4 > dl > .flex-col-reverse.text-center > dt,"impact serious; html: <dt class=""text-[10px] uppercase tracking-wider font-bold text-[hsl(var(--muted-foreground))]"">Duration</dt>",200,yes,Accessibility Report
http://localhost:3000/,Important,P2 - fix soon,axe-core,color-contrast: Elements must meet minimum color contrast ratio thresholds,Ensure the contrast between foreground and background colors meets WCAG 2 AA minimum contrast ratio thresholds,"Element has insufficient color contrast of 2.14 (foreground color: #7cb3ee, background color: #fcfcfc, font size: 12.0pt (16px), font weight: bold). Expected contrast ratio of 4.5:1",no axe-core violation,"Element has insufficient color contrast of 2.14 (foreground color: #7cb3ee, background color: #fcfcfc, font size: 12.0pt (16px), font weight: bold). Expected contrast ratio of 4.5:1 - see https://dequeuniversity.com/rules/axe/4.12/color-contrast?application=axeAPI",.card-item.cursor-pointer.group:nth-child(4) > .md\:rounded-2xl.hover\:border-blue-500\/30.hover\:shadow-xl > .md\:p-6.p-4 > dl > .flex-col-reverse.text-center > dd > .md\:text-base.text-\[hsl\(var\(-,"impact serious; html: <span class=""text-sm md:text-base font-bold text-[hsl(var(--primary))] truncate"">3 months</span>",200,yes,Accessibility Report
http://localhost:3000/,Important,P2 - fix soon,axe-core,color-contrast: Elements must meet minimum color contrast ratio thresholds,Ensure the contrast between foreground and background colors meets WCAG 2 AA minimum contrast ratio thresholds,"Element has insufficient color contrast of 1.02 (foreground color: #fbfcfc, background color: #ffffff, font size: 10.5pt (14px), font weight: normal). Expected contrast ratio of 4.5:1",no axe-core violation,"Element has insufficient color contrast of 1.02 (foreground color: #fbfcfc, background color: #ffffff, font size: 10.5pt (14px), font weight: normal). Expected contrast ratio of 4.5:1 - see https://dequeuniversity.com/rules/axe/4.12/color-contrast?application=axeAPI",.card-item.cursor-pointer.group:nth-child(5) > .md\:rounded-2xl.hover\:border-blue-500\/30.hover\:shadow-xl > .md\:p-6.p-4 > .md\:text-sm.font-medium.text-\[hsl\(var\(--muted-foreground\)\)\],"impact serious; html: <span class=""text-xs md:text-sm text-[hsl(var(--muted-foreground))] font-medium"">Mobile app development</span>",200,yes,Accessibility Report
http://localhost:3000/,Important,P2 - fix soon,axe-core,color-contrast: Elements must meet minimum color contrast ratio thresholds,Ensure the contrast between foreground and background colors meets WCAG 2 AA minimum contrast ratio thresholds,"Element has insufficient color contrast of 1.04 (foreground color: #fafafb, background color: #ffffff, font size: 15.0pt (20px), font weight: bold). Expected contrast ratio of 3:1",no axe-core violation,"Element has insufficient color contrast of 1.04 (foreground color: #fafafb, background color: #ffffff, font size: 15.0pt (20px), font weight: bold). Expected contrast ratio of 3:1 - see https://dequeuniversity.com/rules/axe/4.12/color-contrast?application=axeAPI","a[href$=""mobile-banking-app""]","impact serious; html: <a class=""after:absolute after:inset-0 after:z-10 after:content-['']"" href=""/portfolio/mobile-banking-app"">Mobile Banking App</a>",200,yes,Accessibility Report
http://localhost:3000/,Important,P2 - fix soon,axe-core,color-contrast: Elements must meet minimum color contrast ratio thresholds,Ensure the contrast between foreground and background colors meets WCAG 2 AA minimum contrast ratio thresholds,"Element has insufficient color contrast of 1.02 (foreground color: #fbfcfc, background color: #ffffff, font size: 12.0pt (16px), font weight: normal). Expected contrast ratio of 4.5:1",no axe-core violation,"Element has insufficient color contrast of 1.02 (foreground color: #fbfcfc, background color: #ffffff, font size: 12.0pt (16px), font weight: normal). Expected contrast ratio of 4.5:1 - see https://dequeuniversity.com/rules/axe/4.12/color-contrast?application=axeAPI",.card-item.cursor-pointer.group:nth-child(5) > .md\:rounded-2xl.hover\:border-blue-500\/30.hover\:shadow-xl > .md\:p-6.p-4 > .line-clamp-3.md\:mb-4.md\:text-base,"impact serious; html: <p class=""text-[hsl(var(--muted-foreground))] text-sm md:text-base mb-3 md:mb-4 leading-relaxed line-clamp-3"">A cross-platform mobile banking app with",200,yes,Accessibility Report
http://localhost:3000/,Important,P2 - fix soon,axe-core,color-contrast: Elements must meet minimum color contrast ratio thresholds,Ensure the contrast between foreground and background colors meets WCAG 2 AA minimum contrast ratio thresholds,"Element has insufficient color contrast of 1.02 (foreground color: #fbfcfc, background color: #ffffff, font size: 7.5pt (10px), font weight: bold). Expected contrast ratio of 4.5:1",no axe-core violation,"Element has insufficient color contrast of 1.02 (foreground color: #fbfcfc, background color: #ffffff, font size: 7.5pt (10px), font weight: bold). Expected contrast ratio of 4.5:1 - see https://dequeuniversity.com/rules/axe/4.12/color-contrast?application=axeAPI",.card-item.cursor-pointer.group:nth-child(5) > .md\:rounded-2xl.hover\:border-blue-500\/30.hover\:shadow-xl > .md\:p-6.p-4 > dl > .flex-col-reverse.text-center > dt,"impact serious; html: <dt class=""text-[10px] uppercase tracking-wider font-bold text-[hsl(var(--muted-foreground))]"">Duration</dt>",200,yes,Accessibility Report
http://localhost:3000/,Important,P2 - fix soon,axe-core,color-contrast: Elements must meet minimum color contrast ratio thresholds,Ensure the contrast between foreground and background colors meets WCAG 2 AA minimum contrast ratio thresholds,"Element has insufficient color contrast of 1.02 (foreground color: #fafcfe, background color: #ffffff, font size: 12.0pt (16px), font weight: bold). Expected contrast ratio of 4.5:1",no axe-core violation,"Element has insufficient color contrast of 1.02 (foreground color: #fafcfe, background color: #ffffff, font size: 12.0pt (16px), font weight: bold). Expected contrast ratio of 4.5:1 - see https://dequeuniversity.com/rules/axe/4.12/color-contrast?application=axeAPI",.card-item.cursor-pointer.group:nth-child(5) > .md\:rounded-2xl.hover\:border-blue-500\/30.hover\:shadow-xl > .md\:p-6.p-4 > dl > .flex-col-reverse.text-center > dd > .md\:text-base.text-\[hsl\(var\(-,"impact serious; html: <span class=""text-sm md:text-base font-bold text-[hsl(var(--primary))] truncate"">5 months</span>",200,yes,Accessibility Report
http://localhost:3000/,Important,P2 - fix soon,axe-core,color-contrast: Elements must meet minimum color contrast ratio thresholds,Ensure the contrast between foreground and background colors meets WCAG 2 AA minimum contrast ratio thresholds,"Element has insufficient color contrast of 4.31 (foreground color: #006ce0, background color: #e6f0fc, font size: 9.0pt (12px), font weight: normal). Expected contrast ratio of 4.5:1",no axe-core violation,"Element has insufficient color contrast of 4.31 (foreground color: #006ce0, background color: #e6f0fc, font size: 9.0pt (12px), font weight: normal). Expected contrast ratio of 4.5:1 - see https://dequeuniversity.com/rules/axe/4.12/color-contrast?application=axeAPI",.eyebrow,"impact serious; html: <span class=""eyebrow mb-4"">More feedback</span>",200,yes,Accessibility Report
http://localhost:3000/,Important,P2 - fix soon,axe-core,color-contrast: Elements must meet minimum color contrast ratio thresholds,Ensure the contrast between foreground and background colors meets WCAG 2 AA minimum contrast ratio thresholds,"Element has insufficient color contrast of 4.45 (foreground color: #006ce0, background color: #eef3f9, font size: 10.5pt (14px), font weight: normal). Expected contrast ratio of 4.5:1",no axe-core violation,"Element has insufficient color contrast of 4.45 (foreground color: #006ce0, background color: #eef3f9, font size: 10.5pt (14px), font weight: normal). Expected contrast ratio of 4.5:1 - see https://dequeuniversity.com/rules/axe/4.12/color-contrast?application=axeAPI",".gap-1\.5.inline-flex[href$=""internships""]","impact serious; html: <a class=""group inline-flex items-center gap-1.5 text-sm font-semibold text-primary"" href=""/internships"">",200,yes,Accessibility Report
http://localhost:3000/,Optimization,P3 - improve,Static,Form without aria-live / role=alert region for error messages,Form errors aren't announced to screen-reader users.,(none),An aria-live / role=alert region for form messages,"Render error/success messages inside an aria-live=""polite"" region.",form.flex.flex-1.flex-col 'Full Name * Work Email * Phone (Optional',,200,yes,Accessibility Report
http://localhost:3000/,Optimization,P3 - improve,Touch targets,Touch targets smaller than 44x44 px,Touch targets are smaller than the recommended 44x44 px.,141x36 px,44x44 px,Increase padding / min-height on the element.,"S
Semicolon",390 px phone viewport,200,yes,Accessibility Report
http://localhost:3000/,Optimization,P3 - improve,Touch targets,Touch targets smaller than 44x44 px,Touch targets are smaller than the recommended 44x44 px.,87x40 px,44x44 px,Increase padding / min-height on the element.,EN,390 px phone viewport,200,yes,Accessibility Report
http://localhost:3000/,Optimization,P3 - improve,Touch targets,Touch targets smaller than 44x44 px,Touch targets are smaller than the recommended 44x44 px.,40x40 px,44x44 px,Increase padding / min-height on the element.,Switch to dark mode,390 px phone viewport,200,yes,Accessibility Report
http://localhost:3000/,Optimization,P3 - improve,Touch targets,Touch targets smaller than 44x44 px,Touch targets are smaller than the recommended 44x44 px.,40x40 px,44x44 px,Increase padding / min-height on the element.,Open menu,390 px phone viewport,200,yes,Accessibility Report
http://localhost:3000/,Optimization,P3 - improve,Touch targets,Touch targets smaller than 44x44 px,Touch targets are smaller than the recommended 44x44 px.,125x40 px,44x44 px,Increase padding / min-height on the element.,Learn More,390 px phone viewport,200,yes,Accessibility Report
http://localhost:3000/,Optimization,P3 - improve,Touch targets,Touch targets smaller than 44x44 px,Touch targets are smaller than the recommended 44x44 px.,135x42 px,44x44 px,Increase padding / min-height on the element.,Get In Touch,390 px phone viewport,200,yes,Accessibility Report
http://localhost:3000/,Optimization,P3 - improve,Touch targets,Touch targets smaller than 44x44 px,Touch targets are smaller than the recommended 44x44 px.,243x42 px,44x44 px,Increase padding / min-height on the element.,"Frontend Development
17",390 px phone viewport,200,yes,Accessibility Report
http://localhost:3000/,Optimization,P3 - improve,Touch targets,Touch targets smaller than 44x44 px,Touch targets are smaller than the recommended 44x44 px.,243x42 px,44x44 px,Increase padding / min-height on the element.,"Backend Development
17",390 px phone viewport,200,yes,Accessibility Report
http://localhost:3000/,Optimization,P3 - improve,Touch targets,Touch targets smaller than 44x44 px,Touch targets are smaller than the recommended 44x44 px.,231x42 px,44x44 px,Increase padding / min-height on the element.,"Mobile Development
12",390 px phone viewport,200,yes,Accessibility Report
http://localhost:3000/,Optimization,P3 - improve,Touch targets,Touch targets smaller than 44x44 px,Touch targets are smaller than the recommended 44x44 px.,156x42 px,44x44 px,Increase padding / min-height on the element.,"Database
13",390 px phone viewport,200,yes,Accessibility Report
http://localhost:3000/,Optimization,P3 - improve,Touch targets,Touch targets smaller than 44x44 px,Touch targets are smaller than the recommended 44x44 px.,132x42 px,44x44 px,Increase padding / min-height on the element.,"Cloud
10",390 px phone viewport,200,yes,Accessibility Report
http://localhost:3000/,Optimization,P3 - improve,Touch targets,Touch targets smaller than 44x44 px,Touch targets are smaller than the recommended 44x44 px.,146x42 px,44x44 px,Increase padding / min-height on the element.,"DevOps
14",390 px phone viewport,200,yes,Accessibility Report
http://localhost:3000/,Optimization,P3 - improve,Touch targets,Touch targets smaller than 44x44 px,Touch targets are smaller than the recommended 44x44 px.,139x42 px,44x44 px,Increase padding / min-height on the element.,"AI / ML
15",390 px phone viewport,200,yes,Accessibility Report
http://localhost:3000/,Optimization,P3 - improve,Touch targets,Touch targets smaller than 44x44 px,Touch targets are smaller than the recommended 44x44 px.,179x42 px,44x44 px,Increase padding / min-height on the element.,"Testing & QA
16",390 px phone viewport,200,yes,Accessibility Report
http://localhost:3000/,Optimization,P3 - improve,Touch targets,Touch targets smaller than 44x44 px,Touch targets are smaller than the recommended 44x44 px.,124x42 px,44x44 px,Increase padding / min-height on the element.,"CMS
12",390 px phone viewport,200,yes,Accessibility Report
http://localhost:3000/,Optimization,P3 - improve,Touch targets,Touch targets smaller than 44x44 px,Touch targets are smaller than the recommended 44x44 px.,181x42 px,44x44 px,Increase padding / min-height on the element.,"E-Commerce
13",390 px phone viewport,200,yes,Accessibility Report
http://localhost:3000/,Optimization,P3 - improve,Touch targets,Touch targets smaller than 44x44 px,Touch targets are smaller than the recommended 44x44 px.,140x42 px,44x44 px,Increase padding / min-height on the element.,"UI / UX
14",390 px phone viewport,200,yes,Accessibility Report
http://localhost:3000/,Optimization,P3 - improve,Touch targets,Touch targets smaller than 44x44 px,Touch targets are smaller than the recommended 44x44 px.,207x42 px,44x44 px,Increase padding / min-height on the element.,"Digital Marketing
16",390 px phone viewport,200,yes,Accessibility Report
http://localhost:3000/,Optimization,P3 - improve,Touch targets,Touch targets smaller than 44x44 px,Touch targets are smaller than the recommended 44x44 px.,57x35 px,44x44 px,Increase padding / min-height on the element.,All92,390 px phone viewport,200,yes,Accessibility Report
http://localhost:3000/,Optimization,P3 - improve,Touch targets,Touch targets smaller than 44x44 px,Touch targets are smaller than the recommended 44x44 px.,110x35 px,44x44 px,Increase padding / min-height on the element.,E-commerce11,390 px phone viewport,200,yes,Accessibility Report
http://localhost:3000/,Optimization,P3 - improve,Touch targets,Touch targets smaller than 44x44 px,Touch targets are smaller than the recommended 44x44 px.,127x35 px,44x44 px,Increase padding / min-height on the element.,Sports & Fitness9,390 px phone viewport,200,yes,Accessibility Report
http://localhost:3000/,Optimization,P3 - improve,Touch targets,Touch targets smaller than 44x44 px,Touch targets are smaller than the recommended 44x44 px.,98x35 px,44x44 px,Increase padding / min-height on the element.,Healthcare8,390 px phone viewport,200,yes,Accessibility Report
http://localhost:3000/,Optimization,P3 - improve,Touch targets,Touch targets smaller than 44x44 px,Touch targets are smaller than the recommended 44x44 px.,146x35 px,44x44 px,Increase padding / min-height on the element.,Education & EdTech7,390 px phone viewport,200,yes,Accessibility Report
http://localhost:3000/,Optimization,P3 - improve,Touch targets,Touch targets smaller than 44x44 px,Touch targets are smaller than the recommended 44x44 px.,137x35 px,44x44 px,Increase padding / min-height on the element.,Finance & FinTech8,390 px phone viewport,200,yes,Accessibility Report
http://localhost:3000/,Optimization,P3 - improve,Touch targets,Touch targets smaller than 44x44 px,Touch targets are smaller than the recommended 44x44 px.,98x35 px,44x44 px,Increase padding / min-height on the element.,Real Estate2,390 px phone viewport,200,yes,Accessibility Report
http://localhost:3000/,Optimization,P3 - improve,Touch targets,Touch targets smaller than 44x44 px,Touch targets are smaller than the recommended 44x44 px.,144x35 px,44x44 px,Increase padding / min-height on the element.,Travel & Hospitality3,390 px phone viewport,200,yes,Accessibility Report
http://localhost:3000/,Optimization,P3 - improve,Touch targets,Touch targets smaller than 44x44 px,Touch targets are smaller than the recommended 44x44 px.,143x35 px,44x44 px,Increase padding / min-height on the element.,Food & Restaurants5,390 px phone viewport,200,yes,Accessibility Report
http://localhost:3000/,Optimization,P3 - improve,Touch targets,Touch targets smaller than 44x44 px,Touch targets are smaller than the recommended 44x44 px.,292x42 px,44x44 px,Increase padding / min-height on the element.,Get Started,390 px phone viewport,200,yes,Accessibility Report
http://localhost:3000/,Optimization,P3 - improve,Touch targets,Touch targets smaller than 44x44 px,Touch targets are smaller than the recommended 44x44 px.,292x40 px,44x44 px,Increase padding / min-height on the element.,Get Started,390 px phone viewport,200,yes,Accessibility Report
http://localhost:3000/,Optimization,P3 - improve,Touch targets,Touch targets smaller than 44x44 px,Touch targets are smaller than the recommended 44x44 px.,292x42 px,44x44 px,Increase padding / min-height on the element.,Contact Sales,390 px phone viewport,200,yes,Accessibility Report
http://localhost:3000/,Optimization,P3 - improve,Touch targets,Touch targets smaller than 44x44 px,Touch targets are smaller than the recommended 44x44 px.,296x40 px,44x44 px,Increase padding / min-height on the element.,INPUT,390 px phone viewport,200,yes,Accessibility Report
http://localhost:3000/,Optimization,P3 - improve,Touch targets,Touch targets smaller than 44x44 px,Touch targets are smaller than the recommended 44x44 px.,296x40 px,44x44 px,Increase padding / min-height on the element.,INPUT,390 px phone viewport,200,yes,Accessibility Report
http://localhost:3000/,Optimization,P3 - improve,Touch targets,Touch targets smaller than 44x44 px,Touch targets are smaller than the recommended 44x44 px.,296x40 px,44x44 px,Increase padding / min-height on the element.,INPUT,390 px phone viewport,200,yes,Accessibility Report
http://localhost:3000/,Optimization,P3 - improve,Touch targets,Touch targets smaller than 44x44 px,Touch targets are smaller than the recommended 44x44 px.,296x40 px,44x44 px,Increase padding / min-height on the element.,INPUT,390 px phone viewport,200,yes,Accessibility Report
http://localhost:3000/,Optimization,P3 - improve,Touch targets,Touch targets smaller than 44x44 px,Touch targets are smaller than the recommended 44x44 px.,164x40 px,44x44 px,Increase padding / min-height on the element.,"S
Semicolon",390 px phone viewport,200,yes,Accessibility Report
http://localhost:3000/Infrastructure,Important,P2 - fix soon,Touch targets,Touch targets smaller than 24x24 px,"Touch targets are smaller than 24x24 px, too small to tap reliably (WCAG 2.5.8).",57x22 px,24x24 px minimum (44x44 recommended),Increase padding / min-width / min-height of the element.,Home,390 px phone viewport,200,yes,Accessibility Report
http://localhost:3000/Infrastructure,Important,P2 - fix soon,Touch targets,Touch targets smaller than 24x24 px,"Touch targets are smaller than 24x24 px, too small to tap reliably (WCAG 2.5.8).",39x22 px,24x24 px minimum (44x44 recommended),Increase padding / min-width / min-height of the element.,About,390 px phone viewport,200,yes,Accessibility Report
http://localhost:3000/Infrastructure,Important,P2 - fix soon,Touch targets,Touch targets smaller than 24x24 px,"Touch targets are smaller than 24x24 px, too small to tap reliably (WCAG 2.5.8).",358x20 px,24x24 px minimum (44x44 recommended),Increase padding / min-width / min-height of the element.,hello@semicolon.agency,390 px phone viewport,200,yes,Accessibility Report
http://localhost:3000/Infrastructure,Important,P2 - fix soon,Touch targets,Touch targets smaller than 24x24 px,"Touch targets are smaller than 24x24 px, too small to tap reliably (WCAG 2.5.8).",358x20 px,24x24 px minimum (44x44 recommended),Increase padding / min-width / min-height of the element.,+91 95128 15630,390 px phone viewport,200,yes,Accessibility Report
http://localhost:3000/Infrastructure,Important,P2 - fix soon,Touch targets,Touch targets smaller than 24x24 px,"Touch targets are smaller than 24x24 px, too small to tap reliably (WCAG 2.5.8).",93x20 px,24x24 px minimum (44x44 recommended),Increase padding / min-width / min-height of the element.,Apply now,390 px phone viewport,200,yes,Accessibility Report
http://localhost:3000/Infrastructure,Important,P2 - fix soon,axe-core,color-contrast: Elements must meet minimum color contrast ratio thresholds,Ensure the contrast between foreground and background colors meets WCAG 2 AA minimum contrast ratio thresholds,"Element has insufficient color contrast of 4.45 (foreground color: #006ce0, background color: #eef3f9, font size: 10.5pt (14px), font weight: normal). Expected contrast ratio of 4.5:1",no axe-core violation,"Element has insufficient color contrast of 4.45 (foreground color: #006ce0, background color: #eef3f9, font size: 10.5pt (14px), font weight: normal). Expected contrast ratio of 4.5:1 - see https://dequeuniversity.com/rules/axe/4.12/color-contrast?application=axeAPI",".gap-1\.5.inline-flex[href$=""internships""]","impact serious; html: <a class=""group inline-flex items-center gap-1.5 text-sm font-semibold text-primary"" href=""/internships"">",200,yes,Accessibility Report
http://localhost:3000/Infrastructure,Optimization,P3 - improve,Touch targets,Touch targets smaller than 44x44 px,Touch targets are smaller than the recommended 44x44 px.,141x36 px,44x44 px,Increase padding / min-height on the element.,"S
Semicolon",390 px phone viewport,200,yes,Accessibility Report
http://localhost:3000/Infrastructure,Optimization,P3 - improve,Touch targets,Touch targets smaller than 44x44 px,Touch targets are smaller than the recommended 44x44 px.,87x40 px,44x44 px,Increase padding / min-height on the element.,EN,390 px phone viewport,200,yes,Accessibility Report
http://localhost:3000/Infrastructure,Optimization,P3 - improve,Touch targets,Touch targets smaller than 44x44 px,Touch targets are smaller than the recommended 44x44 px.,40x40 px,44x44 px,Increase padding / min-height on the element.,Switch to dark mode,390 px phone viewport,200,yes,Accessibility Report
http://localhost:3000/Infrastructure,Optimization,P3 - improve,Touch targets,Touch targets smaller than 44x44 px,Touch targets are smaller than the recommended 44x44 px.,40x40 px,44x44 px,Increase padding / min-height on the element.,Open menu,390 px phone viewport,200,yes,Accessibility Report
http://localhost:3000/Infrastructure,Optimization,P3 - improve,Touch targets,Touch targets smaller than 44x44 px,Touch targets are smaller than the recommended 44x44 px.,164x40 px,44x44 px,Increase padding / min-height on the element.,"S
Semicolon",390 px phone viewport,200,yes,Accessibility Report
http://localhost:3000/about-us,Important,P2 - fix soon,Touch targets,Touch targets smaller than 24x24 px,"Touch targets are smaller than 24x24 px, too small to tap reliably (WCAG 2.5.8).",40x20 px,24x24 px minimum (44x44 recommended),Increase padding / min-width / min-height of the element.,Home,390 px phone viewport,200,yes,Accessibility Report
http://localhost:3000/about-us,Important,P2 - fix soon,Touch targets,Touch targets smaller than 24x24 px,"Touch targets are smaller than 24x24 px, too small to tap reliably (WCAG 2.5.8).",358x20 px,24x24 px minimum (44x44 recommended),Increase padding / min-width / min-height of the element.,hello@semicolon.agency,390 px phone viewport,200,yes,Accessibility Report
http://localhost:3000/about-us,Important,P2 - fix soon,Touch targets,Touch targets smaller than 24x24 px,"Touch targets are smaller than 24x24 px, too small to tap reliably (WCAG 2.5.8).",358x20 px,24x24 px minimum (44x44 recommended),Increase padding / min-width / min-height of the element.,+91 95128 15630,390 px phone viewport,200,yes,Accessibility Report
http://localhost:3000/about-us,Important,P2 - fix soon,Touch targets,Touch targets smaller than 24x24 px,"Touch targets are smaller than 24x24 px, too small to tap reliably (WCAG 2.5.8).",93x20 px,24x24 px minimum (44x44 recommended),Increase padding / min-width / min-height of the element.,Apply now,390 px phone viewport,200,yes,Accessibility Report
http://localhost:3000/about-us,Important,P2 - fix soon,axe-core,color-contrast: Elements must meet minimum color contrast ratio thresholds,Ensure the contrast between foreground and background colors meets WCAG 2 AA minimum contrast ratio thresholds,"Element has insufficient color contrast of 4.06 (foreground color: #ffffff, background color: #1f7ee4, font size: 10.5pt (14px), font weight: normal). Expected contrast ratio of 4.5:1",no axe-core violation,"Element has insufficient color contrast of 4.06 (foreground color: #ffffff, background color: #1f7ee4, font size: 10.5pt (14px), font weight: normal). Expected contrast ratio of 4.5:1 - see https://dequeuniversity.com/rules/axe/4.12/color-contrast?application=axeAPI",.lg\:text-sm,"impact serious; html: <div class=""w-10 h-10 lg:w-12 lg:h-12 rounded-full border-2 border-[hsl(var(--card))] bg-[hsl(var(--primary))] text-[hsl(var(--primary-foreground))] f",200,yes,Accessibility Report
http://localhost:3000/about-us,Important,P2 - fix soon,axe-core,color-contrast: Elements must meet minimum color contrast ratio thresholds,Ensure the contrast between foreground and background colors meets WCAG 2 AA minimum contrast ratio thresholds,"Element has insufficient color contrast of 2.83 (foreground color: #6397ff, background color: #ffffff, font size: 9.8pt (13px), font weight: bold). Expected contrast ratio of 4.5:1",no axe-core violation,"Element has insufficient color contrast of 2.83 (foreground color: #6397ff, background color: #ffffff, font size: 9.8pt (13px), font weight: bold). Expected contrast ratio of 4.5:1 - see https://dequeuniversity.com/rules/axe/4.12/color-contrast?application=axeAPI",.text-\[13px\],"impact serious; html: <div class=""flex items-center justify-center lg:justify-start gap-3 text-[#0b5cff] text-[13px] font-bold tracking-[0.2em] uppercase mb-5 w-full""><div ",200,yes,Accessibility Report
http://localhost:3000/about-us,Important,P2 - fix soon,axe-core,color-contrast: Elements must meet minimum color contrast ratio thresholds,Ensure the contrast between foreground and background colors meets WCAG 2 AA minimum contrast ratio thresholds,"Element has insufficient color contrast of 2.83 (foreground color: #919aaa, background color: #ffffff, font size: 12.0pt (16px), font weight: normal). Expected contrast ratio of 4.5:1",no axe-core violation,"Element has insufficient color contrast of 2.83 (foreground color: #919aaa, background color: #ffffff, font size: 12.0pt (16px), font weight: normal). Expected contrast ratio of 4.5:1 - see https://dequeuniversity.com/rules/axe/4.12/color-contrast?application=axeAPI",.lg\:mx-0,"impact serious; html: <p class=""text-muted-foreground text-base leading-relaxed mb-8 max-w-2xl mx-auto lg:mx-0 text-center lg:text-left"">At our technology and innovation ce",200,yes,Accessibility Report
http://localhost:3000/about-us,Important,P2 - fix soon,axe-core,color-contrast: Elements must meet minimum color contrast ratio thresholds,Ensure the contrast between foreground and background colors meets WCAG 2 AA minimum contrast ratio thresholds,"Element has insufficient color contrast of 2.83 (foreground color: #919aaa, background color: #ffffff, font size: 10.5pt (14px), font weight: normal). Expected contrast ratio of 4.5:1",no axe-core violation,"Element has insufficient color contrast of 2.83 (foreground color: #919aaa, background color: #ffffff, font size: 10.5pt (14px), font weight: normal). Expected contrast ratio of 4.5:1 - see https://dequeuniversity.com/rules/axe/4.12/color-contrast?application=axeAPI",.pr-4 > p,"impact serious; html: <p class=""text-muted-foreground text-sm leading-relaxed"">Our vision is to create a world where digital excellence is accessible, empowering, and enabl",200,yes,Accessibility Report
http://localhost:3000/about-us,Important,P2 - fix soon,axe-core,color-contrast: Elements must meet minimum color contrast ratio thresholds,Ensure the contrast between foreground and background colors meets WCAG 2 AA minimum contrast ratio thresholds,"Element has insufficient color contrast of 2.83 (foreground color: #919aaa, background color: #ffffff, font size: 10.5pt (14px), font weight: normal). Expected contrast ratio of 4.5:1",no axe-core violation,"Element has insufficient color contrast of 2.83 (foreground color: #919aaa, background color: #ffffff, font size: 10.5pt (14px), font weight: normal). Expected contrast ratio of 4.5:1 - see https://dequeuniversity.com/rules/axe/4.12/color-contrast?application=axeAPI",.gap-3:nth-child(1) > .font-medium.text-muted-foreground.text-sm,"impact serious; html: <span class=""text-muted-foreground text-sm font-medium"">Provide Innovative Solutions</span>",200,yes,Accessibility Report
http://localhost:3000/about-us,Important,P2 - fix soon,axe-core,color-contrast: Elements must meet minimum color contrast ratio thresholds,Ensure the contrast between foreground and background colors meets WCAG 2 AA minimum contrast ratio thresholds,"Element has insufficient color contrast of 2.83 (foreground color: #919aaa, background color: #ffffff, font size: 10.5pt (14px), font weight: normal). Expected contrast ratio of 4.5:1",no axe-core violation,"Element has insufficient color contrast of 2.83 (foreground color: #919aaa, background color: #ffffff, font size: 10.5pt (14px), font weight: normal). Expected contrast ratio of 4.5:1 - see https://dequeuniversity.com/rules/axe/4.12/color-contrast?application=axeAPI",.gap-3:nth-child(2) > .font-medium.text-muted-foreground.text-sm,"impact serious; html: <span class=""text-muted-foreground text-sm font-medium"">Promote Digital Growth</span>",200,yes,Accessibility Report
http://localhost:3000/about-us,Important,P2 - fix soon,axe-core,color-contrast: Elements must meet minimum color contrast ratio thresholds,Ensure the contrast between foreground and background colors meets WCAG 2 AA minimum contrast ratio thresholds,"Element has insufficient color contrast of 2.83 (foreground color: #919aaa, background color: #ffffff, font size: 10.5pt (14px), font weight: normal). Expected contrast ratio of 4.5:1",no axe-core violation,"Element has insufficient color contrast of 2.83 (foreground color: #919aaa, background color: #ffffff, font size: 10.5pt (14px), font weight: normal). Expected contrast ratio of 4.5:1 - see https://dequeuniversity.com/rules/axe/4.12/color-contrast?application=axeAPI",.gap-3:nth-child(3) > .font-medium.text-muted-foreground.text-sm,"impact serious; html: <span class=""text-muted-foreground text-sm font-medium"">Encourage Lifelong Success</span>",200,yes,Accessibility Report
http://localhost:3000/about-us,Important,P2 - fix soon,axe-core,color-contrast: Elements must meet minimum color contrast ratio thresholds,Ensure the contrast between foreground and background colors meets WCAG 2 AA minimum contrast ratio thresholds,"Element has insufficient color contrast of 4.18 (foreground color: #006ce0, background color: #e1edf9, font size: 9.0pt (12px), font weight: normal). Expected contrast ratio of 4.5:1",no axe-core violation,"Element has insufficient color contrast of 4.18 (foreground color: #006ce0, background color: #e1edf9, font size: 9.0pt (12px), font weight: normal). Expected contrast ratio of 4.5:1 - see https://dequeuniversity.com/rules/axe/4.12/color-contrast?application=axeAPI",.mb-10 > .eyebrow.mb-4,"impact serious; html: <span class=""eyebrow mb-4"">Explore Semicolon</span>",200,yes,Accessibility Report
http://localhost:3000/about-us,Important,P2 - fix soon,axe-core,color-contrast: Elements must meet minimum color contrast ratio thresholds,Ensure the contrast between foreground and background colors meets WCAG 2 AA minimum contrast ratio thresholds,"Element has insufficient color contrast of 4.4 (foreground color: #6c778a, background color: #fcfcfc, font size: 10.5pt (14px), font weight: normal). Expected contrast ratio of 4.5:1",no axe-core violation,"Element has insufficient color contrast of 4.4 (foreground color: #6c778a, background color: #fcfcfc, font size: 10.5pt (14px), font weight: normal). Expected contrast ratio of 4.5:1 - see https://dequeuniversity.com/rules/axe/4.12/color-contrast?application=axeAPI","a[aria-label=""Vue.js""] > .z-10.leading-snug.text-\[hsl\(var\(--foreground\)\)\]","impact serious; html: <span class=""relative z-10 text-sm font-semibold leading-snug text-[hsl(var(--foreground))]"">Vue.js</span>",200,yes,Accessibility Report
http://localhost:3000/about-us,Important,P2 - fix soon,axe-core,color-contrast: Elements must meet minimum color contrast ratio thresholds,Ensure the contrast between foreground and background colors meets WCAG 2 AA minimum contrast ratio thresholds,"Element has insufficient color contrast of 1.38 (foreground color: #d7dadf, background color: #fefefe, font size: 10.5pt (14px), font weight: normal). Expected contrast ratio of 4.5:1",no axe-core violation,"Element has insufficient color contrast of 1.38 (foreground color: #d7dadf, background color: #fefefe, font size: 10.5pt (14px), font weight: normal). Expected contrast ratio of 4.5:1 - see https://dequeuniversity.com/rules/axe/4.12/color-contrast?application=axeAPI","a[aria-label=""Next.js""] > .z-10.leading-snug.text-\[hsl\(var\(--foreground\)\)\]","impact serious; html: <span class=""relative z-10 text-sm font-semibold leading-snug text-[hsl(var(--foreground))]"">Next.js</span>",200,yes,Accessibility Report
http://localhost:3000/about-us,Important,P2 - fix soon,axe-core,color-contrast: Elements must meet minimum color contrast ratio thresholds,Ensure the contrast between foreground and background colors meets WCAG 2 AA minimum contrast ratio thresholds,"Element has insufficient color contrast of 4.31 (foreground color: #006ce0, background color: #e6f0fc, font size: 9.0pt (12px), font weight: normal). Expected contrast ratio of 4.5:1",no axe-core violation,"Element has insufficient color contrast of 4.31 (foreground color: #006ce0, background color: #e6f0fc, font size: 9.0pt (12px), font weight: normal). Expected contrast ratio of 4.5:1 - see https://dequeuniversity.com/rules/axe/4.12/color-contrast?application=axeAPI",.md\:mb-12 > .eyebrow.mb-4,"impact serious; html: <span class=""eyebrow mb-4"">More feedback</span>",200,yes,Accessibility Report
http://localhost:3000/about-us,Important,P2 - fix soon,axe-core,color-contrast: Elements must meet minimum color contrast ratio thresholds,Ensure the contrast between foreground and background colors meets WCAG 2 AA minimum contrast ratio thresholds,"Element has insufficient color contrast of 4.45 (foreground color: #006ce0, background color: #eef3f9, font size: 10.5pt (14px), font weight: normal). Expected contrast ratio of 4.5:1",no axe-core violation,"Element has insufficient color contrast of 4.45 (foreground color: #006ce0, background color: #eef3f9, font size: 10.5pt (14px), font weight: normal). Expected contrast ratio of 4.5:1 - see https://dequeuniversity.com/rules/axe/4.12/color-contrast?application=axeAPI",".gap-1\.5.inline-flex[href$=""internships""]","impact serious; html: <a class=""group inline-flex items-center gap-1.5 text-sm font-semibold text-primary"" href=""/internships"">",200,yes,Accessibility Report
http://localhost:3000/about-us,Optimization,P3 - improve,Touch targets,Touch targets smaller than 44x44 px,Touch targets are smaller than the recommended 44x44 px.,141x36 px,44x44 px,Increase padding / min-height on the element.,"S
Semicolon",390 px phone viewport,200,yes,Accessibility Report
http://localhost:3000/about-us,Optimization,P3 - improve,Touch targets,Touch targets smaller than 44x44 px,Touch targets are smaller than the recommended 44x44 px.,87x40 px,44x44 px,Increase padding / min-height on the element.,EN,390 px phone viewport,200,yes,Accessibility Report
http://localhost:3000/about-us,Optimization,P3 - improve,Touch targets,Touch targets smaller than 44x44 px,Touch targets are smaller than the recommended 44x44 px.,40x40 px,44x44 px,Increase padding / min-height on the element.,Switch to dark mode,390 px phone viewport,200,yes,Accessibility Report
http://localhost:3000/about-us,Optimization,P3 - improve,Touch targets,Touch targets smaller than 44x44 px,Touch targets are smaller than the recommended 44x44 px.,40x40 px,44x44 px,Increase padding / min-height on the element.,Open menu,390 px phone viewport,200,yes,Accessibility Report
http://localhost:3000/about-us,Optimization,P3 - improve,Touch targets,Touch targets smaller than 44x44 px,Touch targets are smaller than the recommended 44x44 px.,125x40 px,44x44 px,Increase padding / min-height on the element.,Learn More,390 px phone viewport,200,yes,Accessibility Report
http://localhost:3000/about-us,Optimization,P3 - improve,Touch targets,Touch targets smaller than 44x44 px,Touch targets are smaller than the recommended 44x44 px.,135x42 px,44x44 px,Increase padding / min-height on the element.,Get In Touch,390 px phone viewport,200,yes,Accessibility Report
http://localhost:3000/about-us,Optimization,P3 - improve,Touch targets,Touch targets smaller than 44x44 px,Touch targets are smaller than the recommended 44x44 px.,243x42 px,44x44 px,Increase padding / min-height on the element.,"Frontend Development
17",390 px phone viewport,200,yes,Accessibility Report
http://localhost:3000/about-us,Optimization,P3 - improve,Touch targets,Touch targets smaller than 44x44 px,Touch targets are smaller than the recommended 44x44 px.,243x42 px,44x44 px,Increase padding / min-height on the element.,"Backend Development
17",390 px phone viewport,200,yes,Accessibility Report
http://localhost:3000/about-us,Optimization,P3 - improve,Touch targets,Touch targets smaller than 44x44 px,Touch targets are smaller than the recommended 44x44 px.,231x42 px,44x44 px,Increase padding / min-height on the element.,"Mobile Development
12",390 px phone viewport,200,yes,Accessibility Report
http://localhost:3000/about-us,Optimization,P3 - improve,Touch targets,Touch targets smaller than 44x44 px,Touch targets are smaller than the recommended 44x44 px.,156x42 px,44x44 px,Increase padding / min-height on the element.,"Database
13",390 px phone viewport,200,yes,Accessibility Report
http://localhost:3000/about-us,Optimization,P3 - improve,Touch targets,Touch targets smaller than 44x44 px,Touch targets are smaller than the recommended 44x44 px.,132x42 px,44x44 px,Increase padding / min-height on the element.,"Cloud
10",390 px phone viewport,200,yes,Accessibility Report
http://localhost:3000/about-us,Optimization,P3 - improve,Touch targets,Touch targets smaller than 44x44 px,Touch targets are smaller than the recommended 44x44 px.,146x42 px,44x44 px,Increase padding / min-height on the element.,"DevOps
14",390 px phone viewport,200,yes,Accessibility Report
http://localhost:3000/about-us,Optimization,P3 - improve,Touch targets,Touch targets smaller than 44x44 px,Touch targets are smaller than the recommended 44x44 px.,139x42 px,44x44 px,Increase padding / min-height on the element.,"AI / ML
15",390 px phone viewport,200,yes,Accessibility Report
http://localhost:3000/about-us,Optimization,P3 - improve,Touch targets,Touch targets smaller than 44x44 px,Touch targets are smaller than the recommended 44x44 px.,179x42 px,44x44 px,Increase padding / min-height on the element.,"Testing & QA
16",390 px phone viewport,200,yes,Accessibility Report
http://localhost:3000/about-us,Optimization,P3 - improve,Touch targets,Touch targets smaller than 44x44 px,Touch targets are smaller than the recommended 44x44 px.,124x42 px,44x44 px,Increase padding / min-height on the element.,"CMS
12",390 px phone viewport,200,yes,Accessibility Report
http://localhost:3000/about-us,Optimization,P3 - improve,Touch targets,Touch targets smaller than 44x44 px,Touch targets are smaller than the recommended 44x44 px.,181x42 px,44x44 px,Increase padding / min-height on the element.,"E-Commerce
13",390 px phone viewport,200,yes,Accessibility Report
http://localhost:3000/about-us,Optimization,P3 - improve,Touch targets,Touch targets smaller than 44x44 px,Touch targets are smaller than the recommended 44x44 px.,140x42 px,44x44 px,Increase padding / min-height on the element.,"UI / UX
14",390 px phone viewport,200,yes,Accessibility Report
http://localhost:3000/about-us,Optimization,P3 - improve,Touch targets,Touch targets smaller than 44x44 px,Touch targets are smaller than the recommended 44x44 px.,207x42 px,44x44 px,Increase padding / min-height on the element.,"Digital Marketing
16",390 px phone viewport,200,yes,Accessibility Report
http://localhost:3000/about-us,Optimization,P3 - improve,Touch targets,Touch targets smaller than 44x44 px,Touch targets are smaller than the recommended 44x44 px.,164x40 px,44x44 px,Increase padding / min-height on the element.,"S
Semicolon",390 px phone viewport,200,yes,Accessibility Report
http://localhost:3000/blog,Important,P2 - fix soon,Touch targets,Touch targets smaller than 24x24 px,"Touch targets are smaller than 24x24 px, too small to tap reliably (WCAG 2.5.8).",57x22 px,24x24 px minimum (44x44 recommended),Increase padding / min-width / min-height of the element.,Home,390 px phone viewport,200,yes,Accessibility Report
http://localhost:3000/blog,Important,P2 - fix soon,Touch targets,Touch targets smaller than 24x24 px,"Touch targets are smaller than 24x24 px, too small to tap reliably (WCAG 2.5.8).",24x6 px,24x24 px minimum (44x44 recommended),Increase padding / min-width / min-height of the element.,View React & Next.js card,390 px phone viewport,200,yes,Accessibility Report
http://localhost:3000/blog,Important,P2 - fix soon,Touch targets,Touch targets smaller than 24x24 px,"Touch targets are smaller than 24x24 px, too small to tap reliably (WCAG 2.5.8).",6x6 px,24x24 px minimum (44x44 recommended),Increase padding / min-width / min-height of the element.,View AI & ML card,390 px phone viewport,200,yes,Accessibility Report
http://localhost:3000/blog,Important,P2 - fix soon,Touch targets,Touch targets smaller than 24x24 px,"Touch targets are smaller than 24x24 px, too small to tap reliably (WCAG 2.5.8).",6x6 px,24x24 px minimum (44x44 recommended),Increase padding / min-width / min-height of the element.,View DevOps & Cloud card,390 px phone viewport,200,yes,Accessibility Report
http://localhost:3000/blog,Important,P2 - fix soon,Touch targets,Touch targets smaller than 24x24 px,"Touch targets are smaller than 24x24 px, too small to tap reliably (WCAG 2.5.8).",358x20 px,24x24 px minimum (44x44 recommended),Increase padding / min-width / min-height of the element.,hello@semicolon.agency,390 px phone viewport,200,yes,Accessibility Report
http://localhost:3000/blog,Important,P2 - fix soon,Touch targets,Touch targets smaller than 24x24 px,"Touch targets are smaller than 24x24 px, too small to tap reliably (WCAG 2.5.8).",358x20 px,24x24 px minimum (44x44 recommended),Increase padding / min-width / min-height of the element.,+91 95128 15630,390 px phone viewport,200,yes,Accessibility Report
http://localhost:3000/blog,Important,P2 - fix soon,Touch targets,Touch targets smaller than 24x24 px,"Touch targets are smaller than 24x24 px, too small to tap reliably (WCAG 2.5.8).",93x20 px,24x24 px minimum (44x44 recommended),Increase padding / min-width / min-height of the element.,Apply now,390 px phone viewport,200,yes,Accessibility Report
http://localhost:3000/blog,Important,P2 - fix soon,axe-core,aria-hidden-focus: ARIA hidden element must not be focusable or contain focusable elements,Ensure aria-hidden elements are not focusable nor contain focusable elements,Focusable content should be disabled or be removed from the DOM,no axe-core violation,Focusable content should be disabled or be removed from the DOM - see https://dequeuniversity.com/rules/axe/4.12/aria-hidden-focus?application=axeAPI,.aspect-square,"impact serious; html: <div aria-hidden=""true"" class=""relative mx-auto aspect-square w-full max-w-[21rem] select-none sm:max-w-md lg:max-w-lg"">",200,yes,Accessibility Report
http://localhost:3000/blog,Important,P2 - fix soon,axe-core,color-contrast: Elements must meet minimum color contrast ratio thresholds,Ensure the contrast between foreground and background colors meets WCAG 2 AA minimum contrast ratio thresholds,"Element has insufficient color contrast of 4.45 (foreground color: #006ce0, background color: #eef3f9, font size: 10.5pt (14px), font weight: normal). Expected contrast ratio of 4.5:1",no axe-core violation,"Element has insufficient color contrast of 4.45 (foreground color: #006ce0, background color: #eef3f9, font size: 10.5pt (14px), font weight: normal). Expected contrast ratio of 4.5:1 - see https://dequeuniversity.com/rules/axe/4.12/color-contrast?application=axeAPI",".gap-1\.5.inline-flex[href$=""internships""]","impact serious; html: <a class=""group inline-flex items-center gap-1.5 text-sm font-semibold text-primary"" href=""/internships"">",200,yes,Accessibility Report
http://localhost:3000/blog,Optimization,P3 - improve,Touch targets,Touch targets smaller than 44x44 px,Touch targets are smaller than the recommended 44x44 px.,141x36 px,44x44 px,Increase padding / min-height on the element.,"S
Semicolon",390 px phone viewport,200,yes,Accessibility Report
http://localhost:3000/blog,Optimization,P3 - improve,Touch targets,Touch targets smaller than 44x44 px,Touch targets are smaller than the recommended 44x44 px.,87x40 px,44x44 px,Increase padding / min-height on the element.,EN,390 px phone viewport,200,yes,Accessibility Report
http://localhost:3000/blog,Optimization,P3 - improve,Touch targets,Touch targets smaller than 44x44 px,Touch targets are smaller than the recommended 44x44 px.,40x40 px,44x44 px,Increase padding / min-height on the element.,Switch to dark mode,390 px phone viewport,200,yes,Accessibility Report
http://localhost:3000/blog,Optimization,P3 - improve,Touch targets,Touch targets smaller than 44x44 px,Touch targets are smaller than the recommended 44x44 px.,40x40 px,44x44 px,Increase padding / min-height on the element.,Open menu,390 px phone viewport,200,yes,Accessibility Report
http://localhost:3000/blog,Optimization,P3 - improve,Touch targets,Touch targets smaller than 44x44 px,Touch targets are smaller than the recommended 44x44 px.,50x38 px,44x44 px,Increase padding / min-height on the element.,All,390 px phone viewport,200,yes,Accessibility Report
http://localhost:3000/blog,Optimization,P3 - improve,Touch targets,Touch targets smaller than 44x44 px,Touch targets are smaller than the recommended 44x44 px.,156x38 px,44x44 px,Increase padding / min-height on the element.,Web Development,390 px phone viewport,200,yes,Accessibility Report
http://localhost:3000/blog,Optimization,P3 - improve,Touch targets,Touch targets smaller than 44x44 px,Touch targets are smaller than the recommended 44x44 px.,73x38 px,44x44 px,Increase padding / min-height on the element.,AI/ML,390 px phone viewport,200,yes,Accessibility Report
http://localhost:3000/blog,Optimization,P3 - improve,Touch targets,Touch targets smaller than 44x44 px,Touch targets are smaller than the recommended 44x44 px.,142x38 px,44x44 px,Increase padding / min-height on the element.,DevOps & Cloud,390 px phone viewport,200,yes,Accessibility Report
http://localhost:3000/blog,Optimization,P3 - improve,Touch targets,Touch targets smaller than 44x44 px,Touch targets are smaller than the recommended 44x44 px.,178x38 px,44x44 px,Increase padding / min-height on the element.,Backend Architecture,390 px phone viewport,200,yes,Accessibility Report
http://localhost:3000/blog,Optimization,P3 - improve,Touch targets,Touch targets smaller than 44x44 px,Touch targets are smaller than the recommended 44x44 px.,171x38 px,44x44 px,Increase padding / min-height on the element.,Mobile Development,390 px phone viewport,200,yes,Accessibility Report
http://localhost:3000/blog,Optimization,P3 - improve,Touch targets,Touch targets smaller than 44x44 px,Touch targets are smaller than the recommended 44x44 px.,129x38 px,44x44 px,Increase padding / min-height on the element.,Cybersecurity,390 px phone viewport,200,yes,Accessibility Report
http://localhost:3000/blog,Optimization,P3 - improve,Touch targets,Touch targets smaller than 44x44 px,Touch targets are smaller than the recommended 44x44 px.,152x38 px,44x44 px,Increase padding / min-height on the element.,Data & Databases,390 px phone viewport,200,yes,Accessibility Report
http://localhost:3000/blog,Optimization,P3 - improve,Touch targets,Touch targets smaller than 44x44 px,Touch targets are smaller than the recommended 44x44 px.,42x40 px,44x44 px,Increase padding / min-height on the element.,Previous page,390 px phone viewport,200,yes,Accessibility Report
http://localhost:3000/blog,Optimization,P3 - improve,Touch targets,Touch targets smaller than 44x44 px,Touch targets are smaller than the recommended 44x44 px.,40x40 px,44x44 px,Increase padding / min-height on the element.,1,390 px phone viewport,200,yes,Accessibility Report
http://localhost:3000/blog,Optimization,P3 - improve,Touch targets,Touch targets smaller than 44x44 px,Touch targets are smaller than the recommended 44x44 px.,40x40 px,44x44 px,Increase padding / min-height on the element.,2,390 px phone viewport,200,yes,Accessibility Report
http://localhost:3000/blog,Optimization,P3 - improve,Touch targets,Touch targets smaller than 44x44 px,Touch targets are smaller than the recommended 44x44 px.,40x40 px,44x44 px,Increase padding / min-height on the element.,3,390 px phone viewport,200,yes,Accessibility Report
http://localhost:3000/blog,Optimization,P3 - improve,Touch targets,Touch targets smaller than 44x44 px,Touch targets are smaller than the recommended 44x44 px.,40x40 px,44x44 px,Increase padding / min-height on the element.,4,390 px phone viewport,200,yes,Accessibility Report
http://localhost:3000/blog,Optimization,P3 - improve,Touch targets,Touch targets smaller than 44x44 px,Touch targets are smaller than the recommended 44x44 px.,40x40 px,44x44 px,Increase padding / min-height on the element.,5,390 px phone viewport,200,yes,Accessibility Report
http://localhost:3000/blog,Optimization,P3 - improve,Touch targets,Touch targets smaller than 44x44 px,Touch targets are smaller than the recommended 44x44 px.,40x40 px,44x44 px,Increase padding / min-height on the element.,6,390 px phone viewport,200,yes,Accessibility Report
http://localhost:3000/blog,Optimization,P3 - improve,Touch targets,Touch targets smaller than 44x44 px,Touch targets are smaller than the recommended 44x44 px.,40x40 px,44x44 px,Increase padding / min-height on the element.,7,390 px phone viewport,200,yes,Accessibility Report
http://localhost:3000/blog,Optimization,P3 - improve,Touch targets,Touch targets smaller than 44x44 px,Touch targets are smaller than the recommended 44x44 px.,40x40 px,44x44 px,Increase padding / min-height on the element.,8,390 px phone viewport,200,yes,Accessibility Report
http://localhost:3000/blog,Optimization,P3 - improve,Touch targets,Touch targets smaller than 44x44 px,Touch targets are smaller than the recommended 44x44 px.,40x40 px,44x44 px,Increase padding / min-height on the element.,9,390 px phone viewport,200,yes,Accessibility Report
http://localhost:3000/blog,Optimization,P3 - improve,Touch targets,Touch targets smaller than 44x44 px,Touch targets are smaller than the recommended 44x44 px.,40x40 px,44x44 px,Increase padding / min-height on the element.,10,390 px phone viewport,200,yes,Accessibility Report
http://localhost:3000/blog,Optimization,P3 - improve,Touch targets,Touch targets smaller than 44x44 px,Touch targets are smaller than the recommended 44x44 px.,40x40 px,44x44 px,Increase padding / min-height on the element.,11,390 px phone viewport,200,yes,Accessibility Report
http://localhost:3000/blog,Optimization,P3 - improve,Touch targets,Touch targets smaller than 44x44 px,Touch targets are smaller than the recommended 44x44 px.,40x40 px,44x44 px,Increase padding / min-height on the element.,12,390 px phone viewport,200,yes,Accessibility Report
http://localhost:3000/blog,Optimization,P3 - improve,Touch targets,Touch targets smaller than 44x44 px,Touch targets are smaller than the recommended 44x44 px.,40x40 px,44x44 px,Increase padding / min-height on the element.,13,390 px phone viewport,200,yes,Accessibility Report
http://localhost:3000/blog,Optimization,P3 - improve,Touch targets,Touch targets smaller than 44x44 px,Touch targets are smaller than the recommended 44x44 px.,42x40 px,44x44 px,Increase padding / min-height on the element.,Next page,390 px phone viewport,200,yes,Accessibility Report
http://localhost:3000/blog,Optimization,P3 - improve,Touch targets,Touch targets smaller than 44x44 px,Touch targets are smaller than the recommended 44x44 px.,164x40 px,44x44 px,Increase padding / min-height on the element.,"S
Semicolon",390 px phone viewport,200,yes,Accessibility Report
http://localhost:3000/blog/mastering-nextjs-15-server-components-turbopack,Important,P2 - fix soon,Touch targets,Touch targets smaller than 24x24 px,"Touch targets are smaller than 24x24 px, too small to tap reliably (WCAG 2.5.8).",57x22 px,24x24 px minimum (44x44 recommended),Increase padding / min-width / min-height of the element.,Home,390 px phone viewport,200,yes,Accessibility Report
http://localhost:3000/blog/mastering-nextjs-15-server-components-turbopack,Important,P2 - fix soon,Touch targets,Touch targets smaller than 24x24 px,"Touch targets are smaller than 24x24 px, too small to tap reliably (WCAG 2.5.8).",29x22 px,24x24 px minimum (44x44 recommended),Increase padding / min-width / min-height of the element.,Blog,390 px phone viewport,200,yes,Accessibility Report
http://localhost:3000/blog/mastering-nextjs-15-server-components-turbopack,Important,P2 - fix soon,Touch targets,Touch targets smaller than 24x24 px,"Touch targets are smaller than 24x24 px, too small to tap reliably (WCAG 2.5.8).",146x20 px,24x24 px minimum (44x44 recommended),Increase padding / min-width / min-height of the element.,Back to all articles,390 px phone viewport,200,yes,Accessibility Report
http://localhost:3000/blog/mastering-nextjs-15-server-components-turbopack,Important,P2 - fix soon,Touch targets,Touch targets smaller than 24x24 px,"Touch targets are smaller than 24x24 px, too small to tap reliably (WCAG 2.5.8).",358x20 px,24x24 px minimum (44x44 recommended),Increase padding / min-width / min-height of the element.,hello@semicolon.agency,390 px phone viewport,200,yes,Accessibility Report
http://localhost:3000/blog/mastering-nextjs-15-server-components-turbopack,Important,P2 - fix soon,Touch targets,Touch targets smaller than 24x24 px,"Touch targets are smaller than 24x24 px, too small to tap reliably (WCAG 2.5.8).",358x20 px,24x24 px minimum (44x44 recommended),Increase padding / min-width / min-height of the element.,+91 95128 15630,390 px phone viewport,200,yes,Accessibility Report
http://localhost:3000/blog/mastering-nextjs-15-server-components-turbopack,Important,P2 - fix soon,Touch targets,Touch targets smaller than 24x24 px,"Touch targets are smaller than 24x24 px, too small to tap reliably (WCAG 2.5.8).",93x20 px,24x24 px minimum (44x44 recommended),Increase padding / min-width / min-height of the element.,Apply now,390 px phone viewport,200,yes,Accessibility Report
http://localhost:3000/blog/mastering-nextjs-15-server-components-turbopack,Important,P2 - fix soon,axe-core,color-contrast: Elements must meet minimum color contrast ratio thresholds,Ensure the contrast between foreground and background colors meets WCAG 2 AA minimum contrast ratio thresholds,"Element has insufficient color contrast of 4.31 (foreground color: #006ce0, background color: #e6f0fc, font size: 9.0pt (12px), font weight: normal). Expected contrast ratio of 4.5:1",no axe-core violation,"Element has insufficient color contrast of 4.31 (foreground color: #006ce0, background color: #e6f0fc, font size: 9.0pt (12px), font weight: normal). Expected contrast ratio of 4.5:1 - see https://dequeuniversity.com/rules/axe/4.12/color-contrast?application=axeAPI",li:nth-child(1) > .border-primary\/30.bg-primary\/10.py-1,"impact serious; html: <span class=""inline-flex items-center rounded-full border px-2.5 py-1 text-xs font-medium border-primary/30 bg-primary/10 text-primary"">#<!-- -->Next.",200,yes,Accessibility Report
http://localhost:3000/blog/mastering-nextjs-15-server-components-turbopack,Important,P2 - fix soon,axe-core,color-contrast: Elements must meet minimum color contrast ratio thresholds,Ensure the contrast between foreground and background colors meets WCAG 2 AA minimum contrast ratio thresholds,"Element has insufficient color contrast of 4.31 (foreground color: #006ce0, background color: #e6f0fc, font size: 9.0pt (12px), font weight: normal). Expected contrast ratio of 4.5:1",no axe-core violation,"Element has insufficient color contrast of 4.31 (foreground color: #006ce0, background color: #e6f0fc, font size: 9.0pt (12px), font weight: normal). Expected contrast ratio of 4.5:1 - see https://dequeuniversity.com/rules/axe/4.12/color-contrast?application=axeAPI",li:nth-child(2) > .border-primary\/30.bg-primary\/10.py-1,"impact serious; html: <span class=""inline-flex items-center rounded-full border px-2.5 py-1 text-xs font-medium border-primary/30 bg-primary/10 text-primary"">#<!-- -->React",200,yes,Accessibility Report
http://localhost:3000/blog/mastering-nextjs-15-server-components-turbopack,Important,P2 - fix soon,axe-core,color-contrast: Elements must meet minimum color contrast ratio thresholds,Ensure the contrast between foreground and background colors meets WCAG 2 AA minimum contrast ratio thresholds,"Element has insufficient color contrast of 4.31 (foreground color: #006ce0, background color: #e6f0fc, font size: 9.0pt (12px), font weight: normal). Expected contrast ratio of 4.5:1",no axe-core violation,"Element has insufficient color contrast of 4.31 (foreground color: #006ce0, background color: #e6f0fc, font size: 9.0pt (12px), font weight: normal). Expected contrast ratio of 4.5:1 - see https://dequeuniversity.com/rules/axe/4.12/color-contrast?application=axeAPI",li:nth-child(3) > .border-primary\/30.bg-primary\/10.py-1,"impact serious; html: <span class=""inline-flex items-center rounded-full border px-2.5 py-1 text-xs font-medium border-primary/30 bg-primary/10 text-primary"">#<!-- -->Front",200,yes,Accessibility Report
http://localhost:3000/blog/mastering-nextjs-15-server-components-turbopack,Important,P2 - fix soon,axe-core,color-contrast: Elements must meet minimum color contrast ratio thresholds,Ensure the contrast between foreground and background colors meets WCAG 2 AA minimum contrast ratio thresholds,"Element has insufficient color contrast of 4.31 (foreground color: #006ce0, background color: #e6f0fc, font size: 9.0pt (12px), font weight: normal). Expected contrast ratio of 4.5:1",no axe-core violation,"Element has insufficient color contrast of 4.31 (foreground color: #006ce0, background color: #e6f0fc, font size: 9.0pt (12px), font weight: normal). Expected contrast ratio of 4.5:1 - see https://dequeuniversity.com/rules/axe/4.12/color-contrast?application=axeAPI",li:nth-child(4) > .border-primary\/30.bg-primary\/10.py-1,"impact serious; html: <span class=""inline-flex items-center rounded-full border px-2.5 py-1 text-xs font-medium border-primary/30 bg-primary/10 text-primary"">#<!-- -->Turbo",200,yes,Accessibility Report
http://localhost:3000/blog/mastering-nextjs-15-server-components-turbopack,Important,P2 - fix soon,axe-core,color-contrast: Elements must meet minimum color contrast ratio thresholds,Ensure the contrast between foreground and background colors meets WCAG 2 AA minimum contrast ratio thresholds,"Element has insufficient color contrast of 4.45 (foreground color: #006ce0, background color: #eef3f9, font size: 10.5pt (14px), font weight: normal). Expected contrast ratio of 4.5:1",no axe-core violation,"Element has insufficient color contrast of 4.45 (foreground color: #006ce0, background color: #eef3f9, font size: 10.5pt (14px), font weight: normal). Expected contrast ratio of 4.5:1 - see https://dequeuniversity.com/rules/axe/4.12/color-contrast?application=axeAPI",".gap-1\.5.inline-flex[href$=""internships""]","impact serious; html: <a class=""group inline-flex items-center gap-1.5 text-sm font-semibold text-primary"" href=""/internships"">",200,yes,Accessibility Report
http://localhost:3000/blog/mastering-nextjs-15-server-components-turbopack,Optimization,P3 - improve,Touch targets,Touch targets smaller than 44x44 px,Touch targets are smaller than the recommended 44x44 px.,141x36 px,44x44 px,Increase padding / min-height on the element.,"S
Semicolon",390 px phone viewport,200,yes,Accessibility Report
http://localhost:3000/blog/mastering-nextjs-15-server-components-turbopack,Optimization,P3 - improve,Touch targets,Touch targets smaller than 44x44 px,Touch targets are smaller than the recommended 44x44 px.,87x40 px,44x44 px,Increase padding / min-height on the element.,EN,390 px phone viewport,200,yes,Accessibility Report
http://localhost:3000/blog/mastering-nextjs-15-server-components-turbopack,Optimization,P3 - improve,Touch targets,Touch targets smaller than 44x44 px,Touch targets are smaller than the recommended 44x44 px.,40x40 px,44x44 px,Increase padding / min-height on the element.,Switch to dark mode,390 px phone viewport,200,yes,Accessibility Report
http://localhost:3000/blog/mastering-nextjs-15-server-components-turbopack,Optimization,P3 - improve,Touch targets,Touch targets smaller than 44x44 px,Touch targets are smaller than the recommended 44x44 px.,40x40 px,44x44 px,Increase padding / min-height on the element.,Open menu,390 px phone viewport,200,yes,Accessibility Report
http://localhost:3000/blog/mastering-nextjs-15-server-components-turbopack,Optimization,P3 - improve,Touch targets,Touch targets smaller than 44x44 px,Touch targets are smaller than the recommended 44x44 px.,164x40 px,44x44 px,Increase padding / min-height on the element.,"S
Semicolon",390 px phone viewport,200,yes,Accessibility Report
http://localhost:3000/blog/production-grade-llm-rag-pipeline-architecture,Important,P2 - fix soon,Touch targets,Touch targets smaller than 24x24 px,"Touch targets are smaller than 24x24 px, too small to tap reliably (WCAG 2.5.8).",57x22 px,24x24 px minimum (44x44 recommended),Increase padding / min-width / min-height of the element.,Home,390 px phone viewport,200,yes,Accessibility Report
http://localhost:3000/blog/production-grade-llm-rag-pipeline-architecture,Important,P2 - fix soon,Touch targets,Touch targets smaller than 24x24 px,"Touch targets are smaller than 24x24 px, too small to tap reliably (WCAG 2.5.8).",29x22 px,24x24 px minimum (44x44 recommended),Increase padding / min-width / min-height of the element.,Blog,390 px phone viewport,200,yes,Accessibility Report
http://localhost:3000/blog/production-grade-llm-rag-pipeline-architecture,Important,P2 - fix soon,Touch targets,Touch targets smaller than 24x24 px,"Touch targets are smaller than 24x24 px, too small to tap reliably (WCAG 2.5.8).",146x20 px,24x24 px minimum (44x44 recommended),Increase padding / min-width / min-height of the element.,Back to all articles,390 px phone viewport,200,yes,Accessibility Report
http://localhost:3000/blog/production-grade-llm-rag-pipeline-architecture,Important,P2 - fix soon,Touch targets,Touch targets smaller than 24x24 px,"Touch targets are smaller than 24x24 px, too small to tap reliably (WCAG 2.5.8).",358x20 px,24x24 px minimum (44x44 recommended),Increase padding / min-width / min-height of the element.,hello@semicolon.agency,390 px phone viewport,200,yes,Accessibility Report
http://localhost:3000/blog/production-grade-llm-rag-pipeline-architecture,Important,P2 - fix soon,Touch targets,Touch targets smaller than 24x24 px,"Touch targets are smaller than 24x24 px, too small to tap reliably (WCAG 2.5.8).",358x20 px,24x24 px minimum (44x44 recommended),Increase padding / min-width / min-height of the element.,+91 95128 15630,390 px phone viewport,200,yes,Accessibility Report
http://localhost:3000/blog/production-grade-llm-rag-pipeline-architecture,Important,P2 - fix soon,Touch targets,Touch targets smaller than 24x24 px,"Touch targets are smaller than 24x24 px, too small to tap reliably (WCAG 2.5.8).",93x20 px,24x24 px minimum (44x44 recommended),Increase padding / min-width / min-height of the element.,Apply now,390 px phone viewport,200,yes,Accessibility Report
http://localhost:3000/blog/production-grade-llm-rag-pipeline-architecture,Important,P2 - fix soon,axe-core,color-contrast: Elements must meet minimum color contrast ratio thresholds,Ensure the contrast between foreground and background colors meets WCAG 2 AA minimum contrast ratio thresholds,"Element has insufficient color contrast of 4.31 (foreground color: #006ce0, background color: #e6f0fc, font size: 9.0pt (12px), font weight: normal). Expected contrast ratio of 4.5:1",no axe-core violation,"Element has insufficient color contrast of 4.31 (foreground color: #006ce0, background color: #e6f0fc, font size: 9.0pt (12px), font weight: normal). Expected contrast ratio of 4.5:1 - see https://dequeuniversity.com/rules/axe/4.12/color-contrast?application=axeAPI",li:nth-child(1) > .border-primary\/30.bg-primary\/10.py-1,"impact serious; html: <span class=""inline-flex items-center rounded-full border px-2.5 py-1 text-xs font-medium border-primary/30 bg-primary/10 text-primary"">#<!-- -->AI</s",200,yes,Accessibility Report
http://localhost:3000/blog/production-grade-llm-rag-pipeline-architecture,Important,P2 - fix soon,axe-core,color-contrast: Elements must meet minimum color contrast ratio thresholds,Ensure the contrast between foreground and background colors meets WCAG 2 AA minimum contrast ratio thresholds,"Element has insufficient color contrast of 4.31 (foreground color: #006ce0, background color: #e6f0fc, font size: 9.0pt (12px), font weight: normal). Expected contrast ratio of 4.5:1",no axe-core violation,"Element has insufficient color contrast of 4.31 (foreground color: #006ce0, background color: #e6f0fc, font size: 9.0pt (12px), font weight: normal). Expected contrast ratio of 4.5:1 - see https://dequeuniversity.com/rules/axe/4.12/color-contrast?application=axeAPI",li:nth-child(2) > .border-primary\/30.bg-primary\/10.py-1,"impact serious; html: <span class=""inline-flex items-center rounded-full border px-2.5 py-1 text-xs font-medium border-primary/30 bg-primary/10 text-primary"">#<!-- -->RAG</",200,yes,Accessibility Report
http://localhost:3000/blog/production-grade-llm-rag-pipeline-architecture,Important,P2 - fix soon,axe-core,color-contrast: Elements must meet minimum color contrast ratio thresholds,Ensure the contrast between foreground and background colors meets WCAG 2 AA minimum contrast ratio thresholds,"Element has insufficient color contrast of 4.31 (foreground color: #006ce0, background color: #e6f0fc, font size: 9.0pt (12px), font weight: normal). Expected contrast ratio of 4.5:1",no axe-core violation,"Element has insufficient color contrast of 4.31 (foreground color: #006ce0, background color: #e6f0fc, font size: 9.0pt (12px), font weight: normal). Expected contrast ratio of 4.5:1 - see https://dequeuniversity.com/rules/axe/4.12/color-contrast?application=axeAPI",li:nth-child(3) > .border-primary\/30.bg-primary\/10.py-1,"impact serious; html: <span class=""inline-flex items-center rounded-full border px-2.5 py-1 text-xs font-medium border-primary/30 bg-primary/10 text-primary"">#<!-- -->LLM</",200,yes,Accessibility Report
http://localhost:3000/blog/production-grade-llm-rag-pipeline-architecture,Important,P2 - fix soon,axe-core,color-contrast: Elements must meet minimum color contrast ratio thresholds,Ensure the contrast between foreground and background colors meets WCAG 2 AA minimum contrast ratio thresholds,"Element has insufficient color contrast of 4.31 (foreground color: #006ce0, background color: #e6f0fc, font size: 9.0pt (12px), font weight: normal). Expected contrast ratio of 4.5:1",no axe-core violation,"Element has insufficient color contrast of 4.31 (foreground color: #006ce0, background color: #e6f0fc, font size: 9.0pt (12px), font weight: normal). Expected contrast ratio of 4.5:1 - see https://dequeuniversity.com/rules/axe/4.12/color-contrast?application=axeAPI",li:nth-child(4) > .border-primary\/30.bg-primary\/10.py-1,"impact serious; html: <span class=""inline-flex items-center rounded-full border px-2.5 py-1 text-xs font-medium border-primary/30 bg-primary/10 text-primary"">#<!-- -->Vecto",200,yes,Accessibility Report
http://localhost:3000/blog/production-grade-llm-rag-pipeline-architecture,Important,P2 - fix soon,axe-core,color-contrast: Elements must meet minimum color contrast ratio thresholds,Ensure the contrast between foreground and background colors meets WCAG 2 AA minimum contrast ratio thresholds,"Element has insufficient color contrast of 4.45 (foreground color: #006ce0, background color: #eef3f9, font size: 10.5pt (14px), font weight: normal). Expected contrast ratio of 4.5:1",no axe-core violation,"Element has insufficient color contrast of 4.45 (foreground color: #006ce0, background color: #eef3f9, font size: 10.5pt (14px), font weight: normal). Expected contrast ratio of 4.5:1 - see https://dequeuniversity.com/rules/axe/4.12/color-contrast?application=axeAPI",".gap-1\.5.inline-flex[href$=""internships""]","impact serious; html: <a class=""group inline-flex items-center gap-1.5 text-sm font-semibold text-primary"" href=""/internships"">",200,yes,Accessibility Report
http://localhost:3000/blog/production-grade-llm-rag-pipeline-architecture,Optimization,P3 - improve,Touch targets,Touch targets smaller than 44x44 px,Touch targets are smaller than the recommended 44x44 px.,141x36 px,44x44 px,Increase padding / min-height on the element.,"S
Semicolon",390 px phone viewport,200,yes,Accessibility Report
http://localhost:3000/blog/production-grade-llm-rag-pipeline-architecture,Optimization,P3 - improve,Touch targets,Touch targets smaller than 44x44 px,Touch targets are smaller than the recommended 44x44 px.,87x40 px,44x44 px,Increase padding / min-height on the element.,EN,390 px phone viewport,200,yes,Accessibility Report
http://localhost:3000/blog/production-grade-llm-rag-pipeline-architecture,Optimization,P3 - improve,Touch targets,Touch targets smaller than 44x44 px,Touch targets are smaller than the recommended 44x44 px.,40x40 px,44x44 px,Increase padding / min-height on the element.,Switch to dark mode,390 px phone viewport,200,yes,Accessibility Report
http://localhost:3000/blog/production-grade-llm-rag-pipeline-architecture,Optimization,P3 - improve,Touch targets,Touch targets smaller than 44x44 px,Touch targets are smaller than the recommended 44x44 px.,40x40 px,44x44 px,Increase padding / min-height on the element.,Open menu,390 px phone viewport,200,yes,Accessibility Report
http://localhost:3000/blog/production-grade-llm-rag-pipeline-architecture,Optimization,P3 - improve,Touch targets,Touch targets smaller than 44x44 px,Touch targets are smaller than the recommended 44x44 px.,164x40 px,44x44 px,Increase padding / min-height on the element.,"S
Semicolon",390 px phone viewport,200,yes,Accessibility Report
http://localhost:3000/careers,Important,P2 - fix soon,Touch targets,Touch targets smaller than 24x24 px,"Touch targets are smaller than 24x24 px, too small to tap reliably (WCAG 2.5.8).",57x22 px,24x24 px minimum (44x44 recommended),Increase padding / min-width / min-height of the element.,Home,390 px phone viewport,200,yes,Accessibility Report
http://localhost:3000/careers,Important,P2 - fix soon,Touch targets,Touch targets smaller than 24x24 px,"Touch targets are smaller than 24x24 px, too small to tap reliably (WCAG 2.5.8).",358x20 px,24x24 px minimum (44x44 recommended),Increase padding / min-width / min-height of the element.,hello@semicolon.agency,390 px phone viewport,200,yes,Accessibility Report
http://localhost:3000/careers,Important,P2 - fix soon,Touch targets,Touch targets smaller than 24x24 px,"Touch targets are smaller than 24x24 px, too small to tap reliably (WCAG 2.5.8).",358x20 px,24x24 px minimum (44x44 recommended),Increase padding / min-width / min-height of the element.,+91 95128 15630,390 px phone viewport,200,yes,Accessibility Report
http://localhost:3000/careers,Important,P2 - fix soon,Touch targets,Touch targets smaller than 24x24 px,"Touch targets are smaller than 24x24 px, too small to tap reliably (WCAG 2.5.8).",93x20 px,24x24 px minimum (44x44 recommended),Increase padding / min-width / min-height of the element.,Apply now,390 px phone viewport,200,yes,Accessibility Report
http://localhost:3000/careers,Important,P2 - fix soon,axe-core,color-contrast: Elements must meet minimum color contrast ratio thresholds,Ensure the contrast between foreground and background colors meets WCAG 2 AA minimum contrast ratio thresholds,"Element has insufficient color contrast of 4.18 (foreground color: #006ce0, background color: #e1edf9, font size: 9.0pt (12px), font weight: normal). Expected contrast ratio of 4.5:1",no axe-core violation,"Element has insufficient color contrast of 4.18 (foreground color: #006ce0, background color: #e1edf9, font size: 9.0pt (12px), font weight: normal). Expected contrast ratio of 4.5:1 - see https://dequeuniversity.com/rules/axe/4.12/color-contrast?application=axeAPI",.bg-muted\/40 > .container-site > .mb-10.md\:mb-14.max-w-3xl > .eyebrow.mb-4,"impact serious; html: <span class=""eyebrow mb-4"">Culture</span>",200,yes,Accessibility Report
http://localhost:3000/careers,Important,P2 - fix soon,axe-core,color-contrast: Elements must meet minimum color contrast ratio thresholds,Ensure the contrast between foreground and background colors meets WCAG 2 AA minimum contrast ratio thresholds,"Element has insufficient color contrast of 4.31 (foreground color: #006ce0, background color: #e6f0fc, font size: 9.0pt (12px), font weight: normal). Expected contrast ratio of 4.5:1",no axe-core violation,"Element has insufficient color contrast of 4.31 (foreground color: #006ce0, background color: #e6f0fc, font size: 9.0pt (12px), font weight: normal). Expected contrast ratio of 4.5:1 - see https://dequeuniversity.com/rules/axe/4.12/color-contrast?application=axeAPI",.section:nth-child(4) > .container-site > .mb-10.md\:mb-14.max-w-3xl > .eyebrow.mb-4,"impact serious; html: <span class=""eyebrow mb-4"">Hiring process</span>",200,yes,Accessibility Report
http://localhost:3000/careers,Important,P2 - fix soon,axe-core,color-contrast: Elements must meet minimum color contrast ratio thresholds,Ensure the contrast between foreground and background colors meets WCAG 2 AA minimum contrast ratio thresholds,"Element has insufficient color contrast of 3.63 (foreground color: #0084d1, background color: #e6f6fe, font size: 7.5pt (10px), font weight: bold). Expected contrast ratio of 4.5:1",no axe-core violation,"Element has insufficient color contrast of 3.63 (foreground color: #0084d1, background color: #e6f6fe, font size: 7.5pt (10px), font weight: bold). Expected contrast ratio of 4.5:1 - see https://dequeuniversity.com/rules/axe/4.12/color-contrast?application=axeAPI",.text-center.flex-col.relative:nth-child(2) > .bg-sky-500\/10.text-sky-600.dark\:text-sky-400,"impact serious; html: <span class=""mt-3.5 inline-block rounded-full px-2.5 py-0.5 text-[10px] font-bold uppercase tracking-wider bg-sky-500/10 text-sky-600 dark:text-sky-40",200,yes,Accessibility Report
http://localhost:3000/careers,Important,P2 - fix soon,axe-core,color-contrast: Elements must meet minimum color contrast ratio thresholds,Ensure the contrast between foreground and background colors meets WCAG 2 AA minimum contrast ratio thresholds,"Element has insufficient color contrast of 2.96 (foreground color: #e17100, background color: #fff5e6, font size: 7.5pt (10px), font weight: bold). Expected contrast ratio of 4.5:1",no axe-core violation,"Element has insufficient color contrast of 2.96 (foreground color: #e17100, background color: #fff5e6, font size: 7.5pt (10px), font weight: bold). Expected contrast ratio of 4.5:1 - see https://dequeuniversity.com/rules/axe/4.12/color-contrast?application=axeAPI",.bg-amber-500\/10.mt-3\.5.text-amber-600,"impact serious; html: <span class=""mt-3.5 inline-block rounded-full px-2.5 py-0.5 text-[10px] font-bold uppercase tracking-wider bg-amber-500/10 text-amber-600 dark:text-am",200,yes,Accessibility Report
http://localhost:3000/careers,Important,P2 - fix soon,axe-core,color-contrast: Elements must meet minimum color contrast ratio thresholds,Ensure the contrast between foreground and background colors meets WCAG 2 AA minimum contrast ratio thresholds,"Element has insufficient color contrast of 3.31 (foreground color: #009966, background color: #e6f8f2, font size: 7.5pt (10px), font weight: bold). Expected contrast ratio of 4.5:1",no axe-core violation,"Element has insufficient color contrast of 3.31 (foreground color: #009966, background color: #e6f8f2, font size: 7.5pt (10px), font weight: bold). Expected contrast ratio of 4.5:1 - see https://dequeuniversity.com/rules/axe/4.12/color-contrast?application=axeAPI",.text-center.flex-col.relative:nth-child(5) > .bg-emerald-500\/10.text-emerald-600.dark\:text-emerald-400,"impact serious; html: <span class=""mt-3.5 inline-block rounded-full px-2.5 py-0.5 text-[10px] font-bold uppercase tracking-wider bg-emerald-500/10 text-emerald-600 dark:tex",200,yes,Accessibility Report
http://localhost:3000/careers,Important,P2 - fix soon,axe-core,color-contrast: Elements must meet minimum color contrast ratio thresholds,Ensure the contrast between foreground and background colors meets WCAG 2 AA minimum contrast ratio thresholds,"Element has insufficient color contrast of 3.91 (foreground color: #ec003f, background color: #ffe9ee, font size: 7.5pt (10px), font weight: bold). Expected contrast ratio of 4.5:1",no axe-core violation,"Element has insufficient color contrast of 3.91 (foreground color: #ec003f, background color: #ffe9ee, font size: 7.5pt (10px), font weight: bold). Expected contrast ratio of 4.5:1 - see https://dequeuniversity.com/rules/axe/4.12/color-contrast?application=axeAPI",.text-center.flex-col.relative:nth-child(6) > .bg-rose-500\/10.text-rose-600.dark\:text-rose-400,"impact serious; html: <span class=""mt-3.5 inline-block rounded-full px-2.5 py-0.5 text-[10px] font-bold uppercase tracking-wider bg-rose-500/10 text-rose-600 dark:text-rose",200,yes,Accessibility Report
http://localhost:3000/careers,Important,P2 - fix soon,axe-core,color-contrast: Elements must meet minimum color contrast ratio thresholds,Ensure the contrast between foreground and background colors meets WCAG 2 AA minimum contrast ratio thresholds,"Element has insufficient color contrast of 4.45 (foreground color: #006ce0, background color: #eef3f9, font size: 10.5pt (14px), font weight: normal). Expected contrast ratio of 4.5:1",no axe-core violation,"Element has insufficient color contrast of 4.45 (foreground color: #006ce0, background color: #eef3f9, font size: 10.5pt (14px), font weight: normal). Expected contrast ratio of 4.5:1 - see https://dequeuniversity.com/rules/axe/4.12/color-contrast?application=axeAPI",".gap-1\.5.inline-flex[href$=""internships""]","impact serious; html: <a class=""group inline-flex items-center gap-1.5 text-sm font-semibold text-primary"" href=""/internships"">",200,yes,Accessibility Report
http://localhost:3000/careers,Optimization,P3 - improve,Touch targets,Touch targets smaller than 44x44 px,Touch targets are smaller than the recommended 44x44 px.,141x36 px,44x44 px,Increase padding / min-height on the element.,"S
Semicolon",390 px phone viewport,200,yes,Accessibility Report
http://localhost:3000/careers,Optimization,P3 - improve,Touch targets,Touch targets smaller than 44x44 px,Touch targets are smaller than the recommended 44x44 px.,87x40 px,44x44 px,Increase padding / min-height on the element.,EN,390 px phone viewport,200,yes,Accessibility Report
http://localhost:3000/careers,Optimization,P3 - improve,Touch targets,Touch targets smaller than 44x44 px,Touch targets are smaller than the recommended 44x44 px.,40x40 px,44x44 px,Increase padding / min-height on the element.,Switch to dark mode,390 px phone viewport,200,yes,Accessibility Report
http://localhost:3000/careers,Optimization,P3 - improve,Touch targets,Touch targets smaller than 44x44 px,Touch targets are smaller than the recommended 44x44 px.,40x40 px,44x44 px,Increase padding / min-height on the element.,Open menu,390 px phone viewport,200,yes,Accessibility Report
http://localhost:3000/careers,Optimization,P3 - improve,Touch targets,Touch targets smaller than 44x44 px,Touch targets are smaller than the recommended 44x44 px.,197x26 px,44x44 px,Increase padding / min-height on the element.,Frontend Developer Intern,390 px phone viewport,200,yes,Accessibility Report
http://localhost:3000/careers,Optimization,P3 - improve,Touch targets,Touch targets smaller than 44x44 px,Touch targets are smaller than the recommended 44x44 px.,195x26 px,44x44 px,Increase padding / min-height on the element.,Backend Developer Intern,390 px phone viewport,200,yes,Accessibility Report
http://localhost:3000/careers,Optimization,P3 - improve,Touch targets,Touch targets smaller than 44x44 px,Touch targets are smaller than the recommended 44x44 px.,182x36 px,44x44 px,Increase padding / min-height on the element.,Email your resume,390 px phone viewport,200,yes,Accessibility Report
http://localhost:3000/careers,Optimization,P3 - improve,Touch targets,Touch targets smaller than 44x44 px,Touch targets are smaller than the recommended 44x44 px.,164x40 px,44x44 px,Increase padding / min-height on the element.,"S
Semicolon",390 px phone viewport,200,yes,Accessibility Report
http://localhost:3000/contact-us,Important,P2 - fix soon,Touch targets,Touch targets smaller than 24x24 px,"Touch targets are smaller than 24x24 px, too small to tap reliably (WCAG 2.5.8).",130x20 px,24x24 px minimum (44x44 recommended),Increase padding / min-width / min-height of the element.,+91 95128 15630,390 px phone viewport,200,yes,Accessibility Report
http://localhost:3000/contact-us,Important,P2 - fix soon,Touch targets,Touch targets smaller than 24x24 px,"Touch targets are smaller than 24x24 px, too small to tap reliably (WCAG 2.5.8).",194x20 px,24x24 px minimum (44x44 recommended),Increase padding / min-width / min-height of the element.,hello@semicolon.agency,390 px phone viewport,200,yes,Accessibility Report
http://localhost:3000/contact-us,Important,P2 - fix soon,Touch targets,Touch targets smaller than 24x24 px,"Touch targets are smaller than 24x24 px, too small to tap reliably (WCAG 2.5.8).",132x20 px,24x24 px minimum (44x44 recommended),Increase padding / min-width / min-height of the element.,Contact Support,390 px phone viewport,200,yes,Accessibility Report
http://localhost:3000/contact-us,Important,P2 - fix soon,Touch targets,Touch targets smaller than 24x24 px,"Touch targets are smaller than 24x24 px, too small to tap reliably (WCAG 2.5.8).",358x20 px,24x24 px minimum (44x44 recommended),Increase padding / min-width / min-height of the element.,hello@semicolon.agency,390 px phone viewport,200,yes,Accessibility Report
http://localhost:3000/contact-us,Important,P2 - fix soon,Touch targets,Touch targets smaller than 24x24 px,"Touch targets are smaller than 24x24 px, too small to tap reliably (WCAG 2.5.8).",358x20 px,24x24 px minimum (44x44 recommended),Increase padding / min-width / min-height of the element.,+91 95128 15630,390 px phone viewport,200,yes,Accessibility Report
http://localhost:3000/contact-us,Important,P2 - fix soon,Touch targets,Touch targets smaller than 24x24 px,"Touch targets are smaller than 24x24 px, too small to tap reliably (WCAG 2.5.8).",93x20 px,24x24 px minimum (44x44 recommended),Increase padding / min-width / min-height of the element.,Apply now,390 px phone viewport,200,yes,Accessibility Report
http://localhost:3000/contact-us,Important,P2 - fix soon,axe-core,color-contrast: Elements must meet minimum color contrast ratio thresholds,Ensure the contrast between foreground and background colors meets WCAG 2 AA minimum contrast ratio thresholds,"Element has insufficient color contrast of 4.45 (foreground color: #006ce0, background color: #eef3f9, font size: 10.5pt (14px), font weight: normal). Expected contrast ratio of 4.5:1",no axe-core violation,"Element has insufficient color contrast of 4.45 (foreground color: #006ce0, background color: #eef3f9, font size: 10.5pt (14px), font weight: normal). Expected contrast ratio of 4.5:1 - see https://dequeuniversity.com/rules/axe/4.12/color-contrast?application=axeAPI",".gap-1\.5.inline-flex[href$=""internships""]","impact serious; html: <a class=""group inline-flex items-center gap-1.5 text-sm font-semibold text-primary"" href=""/internships"">",200,yes,Accessibility Report
http://localhost:3000/contact-us,Optimization,P3 - improve,Static,Form without aria-live / role=alert region for error messages,Form errors aren't announced to screen-reader users.,(none),An aria-live / role=alert region for form messages,"Render error/success messages inside an aria-live=""polite"" region.",form.flex.flex-1.flex-col 'Full Name * Work Email * Phone (Optional',,200,yes,Accessibility Report
http://localhost:3000/contact-us,Optimization,P3 - improve,Touch targets,Touch targets smaller than 44x44 px,Touch targets are smaller than the recommended 44x44 px.,141x36 px,44x44 px,Increase padding / min-height on the element.,"S
Semicolon",390 px phone viewport,200,yes,Accessibility Report
http://localhost:3000/contact-us,Optimization,P3 - improve,Touch targets,Touch targets smaller than 44x44 px,Touch targets are smaller than the recommended 44x44 px.,87x40 px,44x44 px,Increase padding / min-height on the element.,EN,390 px phone viewport,200,yes,Accessibility Report
http://localhost:3000/contact-us,Optimization,P3 - improve,Touch targets,Touch targets smaller than 44x44 px,Touch targets are smaller than the recommended 44x44 px.,40x40 px,44x44 px,Increase padding / min-height on the element.,Switch to dark mode,390 px phone viewport,200,yes,Accessibility Report
http://localhost:3000/contact-us,Optimization,P3 - improve,Touch targets,Touch targets smaller than 44x44 px,Touch targets are smaller than the recommended 44x44 px.,40x40 px,44x44 px,Increase padding / min-height on the element.,Open menu,390 px phone viewport,200,yes,Accessibility Report
http://localhost:3000/contact-us,Optimization,P3 - improve,Touch targets,Touch targets smaller than 44x44 px,Touch targets are smaller than the recommended 44x44 px.,296x40 px,44x44 px,Increase padding / min-height on the element.,INPUT,390 px phone viewport,200,yes,Accessibility Report
http://localhost:3000/contact-us,Optimization,P3 - improve,Touch targets,Touch targets smaller than 44x44 px,Touch targets are smaller than the recommended 44x44 px.,296x40 px,44x44 px,Increase padding / min-height on the element.,INPUT,390 px phone viewport,200,yes,Accessibility Report
http://localhost:3000/contact-us,Optimization,P3 - improve,Touch targets,Touch targets smaller than 44x44 px,Touch targets are smaller than the recommended 44x44 px.,296x40 px,44x44 px,Increase padding / min-height on the element.,INPUT,390 px phone viewport,200,yes,Accessibility Report
http://localhost:3000/contact-us,Optimization,P3 - improve,Touch targets,Touch targets smaller than 44x44 px,Touch targets are smaller than the recommended 44x44 px.,296x40 px,44x44 px,Increase padding / min-height on the element.,INPUT,390 px phone viewport,200,yes,Accessibility Report
http://localhost:3000/contact-us,Optimization,P3 - improve,Touch targets,Touch targets smaller than 44x44 px,Touch targets are smaller than the recommended 44x44 px.,164x40 px,44x44 px,Increase padding / min-height on the element.,"S
Semicolon",390 px phone viewport,200,yes,Accessibility Report
http://localhost:3000/cookie-policy,Important,P2 - fix soon,Touch targets,Touch targets smaller than 24x24 px,"Touch targets are smaller than 24x24 px, too small to tap reliably (WCAG 2.5.8).",106x20 px,24x24 px minimum (44x44 recommended),Increase padding / min-width / min-height of the element.,Contact Us →,390 px phone viewport,200,yes,Accessibility Report
http://localhost:3000/cookie-policy,Important,P2 - fix soon,Touch targets,Touch targets smaller than 24x24 px,"Touch targets are smaller than 24x24 px, too small to tap reliably (WCAG 2.5.8).",358x20 px,24x24 px minimum (44x44 recommended),Increase padding / min-width / min-height of the element.,hello@semicolon.agency,390 px phone viewport,200,yes,Accessibility Report
http://localhost:3000/cookie-policy,Important,P2 - fix soon,Touch targets,Touch targets smaller than 24x24 px,"Touch targets are smaller than 24x24 px, too small to tap reliably (WCAG 2.5.8).",358x20 px,24x24 px minimum (44x44 recommended),Increase padding / min-width / min-height of the element.,+91 95128 15630,390 px phone viewport,200,yes,Accessibility Report
http://localhost:3000/cookie-policy,Important,P2 - fix soon,Touch targets,Touch targets smaller than 24x24 px,"Touch targets are smaller than 24x24 px, too small to tap reliably (WCAG 2.5.8).",93x20 px,24x24 px minimum (44x44 recommended),Increase padding / min-width / min-height of the element.,Apply now,390 px phone viewport,200,yes,Accessibility Report
http://localhost:3000/cookie-policy,Important,P2 - fix soon,axe-core,color-contrast: Elements must meet minimum color contrast ratio thresholds,Ensure the contrast between foreground and background colors meets WCAG 2 AA minimum contrast ratio thresholds,"Element has insufficient color contrast of 4.31 (foreground color: #006ce0, background color: #e6f0fc, font size: 10.5pt (14px), font weight: normal). Expected contrast ratio of 4.5:1",no axe-core violation,"Element has insufficient color contrast of 4.31 (foreground color: #006ce0, background color: #e6f0fc, font size: 10.5pt (14px), font weight: normal). Expected contrast ratio of 4.5:1 - see https://dequeuniversity.com/rules/axe/4.12/color-contrast?application=axeAPI",.mb-6.py-1.bg-\[hsl\(var\(--primary\)\/0\.1\)\],"impact serious; html: <div class=""inline-flex items-center gap-2 px-3 py-1 rounded-full bg-[hsl(var(--primary)/0.1)] text-[hsl(var(--primary))] text-sm font-medium mb-6"">",200,yes,Accessibility Report
http://localhost:3000/cookie-policy,Important,P2 - fix soon,axe-core,color-contrast: Elements must meet minimum color contrast ratio thresholds,Ensure the contrast between foreground and background colors meets WCAG 2 AA minimum contrast ratio thresholds,"Element has insufficient color contrast of 4.45 (foreground color: #006ce0, background color: #eef3f9, font size: 10.5pt (14px), font weight: normal). Expected contrast ratio of 4.5:1",no axe-core violation,"Element has insufficient color contrast of 4.45 (foreground color: #006ce0, background color: #eef3f9, font size: 10.5pt (14px), font weight: normal). Expected contrast ratio of 4.5:1 - see https://dequeuniversity.com/rules/axe/4.12/color-contrast?application=axeAPI",".gap-1\.5.inline-flex[href$=""internships""]","impact serious; html: <a class=""group inline-flex items-center gap-1.5 text-sm font-semibold text-primary"" href=""/internships"">",200,yes,Accessibility Report
http://localhost:3000/cookie-policy,Optimization,P3 - improve,Touch targets,Touch targets smaller than 44x44 px,Touch targets are smaller than the recommended 44x44 px.,141x36 px,44x44 px,Increase padding / min-height on the element.,"S
Semicolon",390 px phone viewport,200,yes,Accessibility Report
http://localhost:3000/cookie-policy,Optimization,P3 - improve,Touch targets,Touch targets smaller than 44x44 px,Touch targets are smaller than the recommended 44x44 px.,87x40 px,44x44 px,Increase padding / min-height on the element.,EN,390 px phone viewport,200,yes,Accessibility Report
http://localhost:3000/cookie-policy,Optimization,P3 - improve,Touch targets,Touch targets smaller than 44x44 px,Touch targets are smaller than the recommended 44x44 px.,40x40 px,44x44 px,Increase padding / min-height on the element.,Switch to dark mode,390 px phone viewport,200,yes,Accessibility Report
http://localhost:3000/cookie-policy,Optimization,P3 - improve,Touch targets,Touch targets smaller than 44x44 px,Touch targets are smaller than the recommended 44x44 px.,40x40 px,44x44 px,Increase padding / min-height on the element.,Open menu,390 px phone viewport,200,yes,Accessibility Report
http://localhost:3000/cookie-policy,Optimization,P3 - improve,Touch targets,Touch targets smaller than 44x44 px,Touch targets are smaller than the recommended 44x44 px.,164x40 px,44x44 px,Increase padding / min-height on the element.,"S
Semicolon",390 px phone viewport,200,yes,Accessibility Report
http://localhost:3000/digital-services,Important,P2 - fix soon,Touch targets,Touch targets smaller than 24x24 px,"Touch targets are smaller than 24x24 px, too small to tap reliably (WCAG 2.5.8).",57x22 px,24x24 px minimum (44x44 recommended),Increase padding / min-width / min-height of the element.,Home,390 px phone viewport,200,yes,Accessibility Report
http://localhost:3000/digital-services,Important,P2 - fix soon,Touch targets,Touch targets smaller than 24x24 px,"Touch targets are smaller than 24x24 px, too small to tap reliably (WCAG 2.5.8).",57x22 px,24x24 px minimum (44x44 recommended),Increase padding / min-width / min-height of the element.,Services,390 px phone viewport,200,yes,Accessibility Report
http://localhost:3000/digital-services,Important,P2 - fix soon,Touch targets,Touch targets smaller than 24x24 px,"Touch targets are smaller than 24x24 px, too small to tap reliably (WCAG 2.5.8).",358x20 px,24x24 px minimum (44x44 recommended),Increase padding / min-width / min-height of the element.,hello@semicolon.agency,390 px phone viewport,200,yes,Accessibility Report
http://localhost:3000/digital-services,Important,P2 - fix soon,Touch targets,Touch targets smaller than 24x24 px,"Touch targets are smaller than 24x24 px, too small to tap reliably (WCAG 2.5.8).",358x20 px,24x24 px minimum (44x44 recommended),Increase padding / min-width / min-height of the element.,+91 95128 15630,390 px phone viewport,200,yes,Accessibility Report
http://localhost:3000/digital-services,Important,P2 - fix soon,Touch targets,Touch targets smaller than 24x24 px,"Touch targets are smaller than 24x24 px, too small to tap reliably (WCAG 2.5.8).",93x20 px,24x24 px minimum (44x44 recommended),Increase padding / min-width / min-height of the element.,Apply now,390 px phone viewport,200,yes,Accessibility Report
http://localhost:3000/digital-services,Important,P2 - fix soon,axe-core,color-contrast: Elements must meet minimum color contrast ratio thresholds,Ensure the contrast between foreground and background colors meets WCAG 2 AA minimum contrast ratio thresholds,"Element has insufficient color contrast of 1.44 (foreground color: #d3d6db, background color: #fefefe, font size: 10.5pt (14px), font weight: normal). Expected contrast ratio of 4.5:1",no axe-core violation,"Element has insufficient color contrast of 1.44 (foreground color: #d3d6db, background color: #fefefe, font size: 10.5pt (14px), font weight: normal). Expected contrast ratio of 4.5:1 - see https://dequeuniversity.com/rules/axe/4.12/color-contrast?application=axeAPI","a[aria-label=""Hotjar""] > .leading-snug.z-10.text-\[hsl\(var\(--foreground\)\)\]","impact serious; html: <span class=""relative z-10 text-sm font-semibold leading-snug text-[hsl(var(--foreground))]"">Hotjar</span>",200,yes,Accessibility Report
http://localhost:3000/digital-services,Optimization,P3 - improve,Static,Form without aria-live / role=alert region for error messages,Form errors aren't announced to screen-reader users.,(none),An aria-live / role=alert region for form messages,"Render error/success messages inside an aria-live=""polite"" region.",form.flex.flex-1.flex-col 'Full Name * Work Email * Phone (Optional',,200,yes,Accessibility Report
http://localhost:3000/digital-services,Optimization,P3 - improve,Touch targets,Touch targets smaller than 44x44 px,Touch targets are smaller than the recommended 44x44 px.,141x36 px,44x44 px,Increase padding / min-height on the element.,"S
Semicolon",390 px phone viewport,200,yes,Accessibility Report
http://localhost:3000/digital-services,Optimization,P3 - improve,Touch targets,Touch targets smaller than 44x44 px,Touch targets are smaller than the recommended 44x44 px.,87x40 px,44x44 px,Increase padding / min-height on the element.,EN,390 px phone viewport,200,yes,Accessibility Report
http://localhost:3000/digital-services,Optimization,P3 - improve,Touch targets,Touch targets smaller than 44x44 px,Touch targets are smaller than the recommended 44x44 px.,40x40 px,44x44 px,Increase padding / min-height on the element.,Switch to dark mode,390 px phone viewport,200,yes,Accessibility Report
http://localhost:3000/digital-services,Optimization,P3 - improve,Touch targets,Touch targets smaller than 44x44 px,Touch targets are smaller than the recommended 44x44 px.,40x40 px,44x44 px,Increase padding / min-height on the element.,Open menu,390 px phone viewport,200,yes,Accessibility Report
http://localhost:3000/digital-services,Optimization,P3 - improve,Touch targets,Touch targets smaller than 44x44 px,Touch targets are smaller than the recommended 44x44 px.,196x42 px,44x44 px,Increase padding / min-height on the element.,"Analytics & Data
5",390 px phone viewport,200,yes,Accessibility Report
http://localhost:3000/digital-services,Optimization,P3 - improve,Touch targets,Touch targets smaller than 44x44 px,Touch targets are smaller than the recommended 44x44 px.,186x42 px,44x44 px,Increase padding / min-height on the element.,"SEO & Content
8",390 px phone viewport,200,yes,Accessibility Report
http://localhost:3000/digital-services,Optimization,P3 - improve,Touch targets,Touch targets smaller than 44x44 px,Touch targets are smaller than the recommended 44x44 px.,204x42 px,44x44 px,Increase padding / min-height on the element.,"Paid Media (PPC)
5",390 px phone viewport,200,yes,Accessibility Report
http://localhost:3000/digital-services,Optimization,P3 - improve,Touch targets,Touch targets smaller than 44x44 px,Touch targets are smaller than the recommended 44x44 px.,176x42 px,44x44 px,Increase padding / min-height on the element.,"Social & CRM
7",390 px phone viewport,200,yes,Accessibility Report
http://localhost:3000/digital-services,Optimization,P3 - improve,Touch targets,Touch targets smaller than 44x44 px,Touch targets are smaller than the recommended 44x44 px.,306x40 px,44x44 px,Increase padding / min-height on the element.,INPUT,390 px phone viewport,200,yes,Accessibility Report
http://localhost:3000/digital-services,Optimization,P3 - improve,Touch targets,Touch targets smaller than 44x44 px,Touch targets are smaller than the recommended 44x44 px.,306x40 px,44x44 px,Increase padding / min-height on the element.,INPUT,390 px phone viewport,200,yes,Accessibility Report
http://localhost:3000/digital-services,Optimization,P3 - improve,Touch targets,Touch targets smaller than 44x44 px,Touch targets are smaller than the recommended 44x44 px.,306x40 px,44x44 px,Increase padding / min-height on the element.,INPUT,390 px phone viewport,200,yes,Accessibility Report
http://localhost:3000/digital-services,Optimization,P3 - improve,Touch targets,Touch targets smaller than 44x44 px,Touch targets are smaller than the recommended 44x44 px.,306x40 px,44x44 px,Increase padding / min-height on the element.,INPUT,390 px phone viewport,200,yes,Accessibility Report
http://localhost:3000/digital-services,Optimization,P3 - improve,Touch targets,Touch targets smaller than 44x44 px,Touch targets are smaller than the recommended 44x44 px.,164x40 px,44x44 px,Increase padding / min-height on the element.,"S
Semicolon",390 px phone viewport,200,yes,Accessibility Report
http://localhost:3000/digital-services/ad-creative-design,Important,P2 - fix soon,Static,svg role=img without a name,An SVG marked role=img has no accessible name.,no aria-label / <title>,"aria-label, aria-labelledby or <title> on role=img SVGs","Add aria-label, or aria-hidden=""true"" if decorative.",svg.text-2xl.text-white [role=img],,200,yes,Accessibility Report
http://localhost:3000/digital-services/ad-creative-design,Important,P2 - fix soon,Static,svg role=img without a name,An SVG marked role=img has no accessible name.,no aria-label / <title>,"aria-label, aria-labelledby or <title> on role=img SVGs","Add aria-label, or aria-hidden=""true"" if decorative.",svg.text-2xl.text-white [role=img],,200,yes,Accessibility Report
http://localhost:3000/digital-services/ad-creative-design,Important,P2 - fix soon,Static,svg role=img without a name,An SVG marked role=img has no accessible name.,no aria-label / <title>,"aria-label, aria-labelledby or <title> on role=img SVGs","Add aria-label, or aria-hidden=""true"" if decorative.",svg.text-2xl.text-white [role=img],,200,yes,Accessibility Report
http://localhost:3000/digital-services/ad-creative-design,Important,P2 - fix soon,Static,svg role=img without a name,An SVG marked role=img has no accessible name.,no aria-label / <title>,"aria-label, aria-labelledby or <title> on role=img SVGs","Add aria-label, or aria-hidden=""true"" if decorative.",svg.text-2xl.text-white [role=img],,200,yes,Accessibility Report
http://localhost:3000/digital-services/ad-creative-design,Important,P2 - fix soon,Static,svg role=img without a name,An SVG marked role=img has no accessible name.,no aria-label / <title>,"aria-label, aria-labelledby or <title> on role=img SVGs","Add aria-label, or aria-hidden=""true"" if decorative.",svg.text-2xl.text-white [role=img],,200,yes,Accessibility Report
http://localhost:3000/digital-services/ad-creative-design,Important,P2 - fix soon,Static,svg role=img without a name,An SVG marked role=img has no accessible name.,no aria-label / <title>,"aria-label, aria-labelledby or <title> on role=img SVGs","Add aria-label, or aria-hidden=""true"" if decorative.",svg.text-2xl.text-white [role=img],,200,yes,Accessibility Report
http://localhost:3000/digital-services/ad-creative-design,Important,P2 - fix soon,Touch targets,Touch targets smaller than 24x24 px,"Touch targets are smaller than 24x24 px, too small to tap reliably (WCAG 2.5.8).",57x22 px,24x24 px minimum (44x44 recommended),Increase padding / min-width / min-height of the element.,Home,390 px phone viewport,200,yes,Accessibility Report
http://localhost:3000/digital-services/ad-creative-design,Important,P2 - fix soon,Touch targets,Touch targets smaller than 24x24 px,"Touch targets are smaller than 24x24 px, too small to tap reliably (WCAG 2.5.8).",57x22 px,24x24 px minimum (44x44 recommended),Increase padding / min-width / min-height of the element.,Services,390 px phone viewport,200,yes,Accessibility Report
http://localhost:3000/digital-services/ad-creative-design,Important,P2 - fix soon,Touch targets,Touch targets smaller than 24x24 px,"Touch targets are smaller than 24x24 px, too small to tap reliably (WCAG 2.5.8).",102x22 px,24x24 px minimum (44x44 recommended),Increase padding / min-width / min-height of the element.,Digital Services,390 px phone viewport,200,yes,Accessibility Report
http://localhost:3000/digital-services/ad-creative-design,Important,P2 - fix soon,Touch targets,Touch targets smaller than 24x24 px,"Touch targets are smaller than 24x24 px, too small to tap reliably (WCAG 2.5.8).",32x8 px,24x24 px minimum (44x44 recommended),Increase padding / min-width / min-height of the element.,Go to step 1,390 px phone viewport,200,yes,Accessibility Report
http://localhost:3000/digital-services/ad-creative-design,Important,P2 - fix soon,Touch targets,Touch targets smaller than 24x24 px,"Touch targets are smaller than 24x24 px, too small to tap reliably (WCAG 2.5.8).",8x8 px,24x24 px minimum (44x44 recommended),Increase padding / min-width / min-height of the element.,Go to step 2,390 px phone viewport,200,yes,Accessibility Report
http://localhost:3000/digital-services/ad-creative-design,Important,P2 - fix soon,Touch targets,Touch targets smaller than 24x24 px,"Touch targets are smaller than 24x24 px, too small to tap reliably (WCAG 2.5.8).",8x8 px,24x24 px minimum (44x44 recommended),Increase padding / min-width / min-height of the element.,Go to step 3,390 px phone viewport,200,yes,Accessibility Report
http://localhost:3000/digital-services/ad-creative-design,Important,P2 - fix soon,Touch targets,Touch targets smaller than 24x24 px,"Touch targets are smaller than 24x24 px, too small to tap reliably (WCAG 2.5.8).",8x8 px,24x24 px minimum (44x44 recommended),Increase padding / min-width / min-height of the element.,Go to step 4,390 px phone viewport,200,yes,Accessibility Report
http://localhost:3000/digital-services/ad-creative-design,Important,P2 - fix soon,Touch targets,Touch targets smaller than 24x24 px,"Touch targets are smaller than 24x24 px, too small to tap reliably (WCAG 2.5.8).",8x8 px,24x24 px minimum (44x44 recommended),Increase padding / min-width / min-height of the element.,Go to step 5,390 px phone viewport,200,yes,Accessibility Report
http://localhost:3000/digital-services/ad-creative-design,Important,P2 - fix soon,Touch targets,Touch targets smaller than 24x24 px,"Touch targets are smaller than 24x24 px, too small to tap reliably (WCAG 2.5.8).",105x20 px,24x24 px minimum (44x44 recommended),Increase padding / min-width / min-height of the element.,+91 95128 15630,390 px phone viewport,200,yes,Accessibility Report
http://localhost:3000/digital-services/ad-creative-design,Important,P2 - fix soon,Touch targets,Touch targets smaller than 24x24 px,"Touch targets are smaller than 24x24 px, too small to tap reliably (WCAG 2.5.8).",358x20 px,24x24 px minimum (44x44 recommended),Increase padding / min-width / min-height of the element.,hello@semicolon.agency,390 px phone viewport,200,yes,Accessibility Report
http://localhost:3000/digital-services/ad-creative-design,Important,P2 - fix soon,Touch targets,Touch targets smaller than 24x24 px,"Touch targets are smaller than 24x24 px, too small to tap reliably (WCAG 2.5.8).",358x20 px,24x24 px minimum (44x44 recommended),Increase padding / min-width / min-height of the element.,+91 95128 15630,390 px phone viewport,200,yes,Accessibility Report
http://localhost:3000/digital-services/ad-creative-design,Important,P2 - fix soon,Touch targets,Touch targets smaller than 24x24 px,"Touch targets are smaller than 24x24 px, too small to tap reliably (WCAG 2.5.8).",93x20 px,24x24 px minimum (44x44 recommended),Increase padding / min-width / min-height of the element.,Apply now,390 px phone viewport,200,yes,Accessibility Report
http://localhost:3000/digital-services/ad-creative-design,Important,P2 - fix soon,axe-core,color-contrast: Elements must meet minimum color contrast ratio thresholds,Ensure the contrast between foreground and background colors meets WCAG 2 AA minimum contrast ratio thresholds,"Element has insufficient color contrast of 4.31 (foreground color: #006ce0, background color: #e6f0fc, font size: 9.0pt (12px), font weight: normal). Expected contrast ratio of 4.5:1",no axe-core violation,"Element has insufficient color contrast of 4.31 (foreground color: #006ce0, background color: #e6f0fc, font size: 9.0pt (12px), font weight: normal). Expected contrast ratio of 4.5:1 - see https://dequeuniversity.com/rules/axe/4.12/color-contrast?application=axeAPI",.w-fit,"impact serious; html: <span class=""eyebrow mb-4 w-fit self-center lg:self-start"">Get Started</span>",200,yes,Accessibility Report
http://localhost:3000/digital-services/ad-creative-design,Important,P2 - fix soon,axe-core,color-contrast: Elements must meet minimum color contrast ratio thresholds,Ensure the contrast between foreground and background colors meets WCAG 2 AA minimum contrast ratio thresholds,"Element has insufficient color contrast of 4.45 (foreground color: #006ce0, background color: #eef3f9, font size: 10.5pt (14px), font weight: normal). Expected contrast ratio of 4.5:1",no axe-core violation,"Element has insufficient color contrast of 4.45 (foreground color: #006ce0, background color: #eef3f9, font size: 10.5pt (14px), font weight: normal). Expected contrast ratio of 4.5:1 - see https://dequeuniversity.com/rules/axe/4.12/color-contrast?application=axeAPI",".gap-1\.5.inline-flex[href$=""internships""]","impact serious; html: <a class=""group inline-flex items-center gap-1.5 text-sm font-semibold text-primary"" href=""/internships"">",200,yes,Accessibility Report
http://localhost:3000/digital-services/ad-creative-design,Important,P2 - fix soon,axe-core,svg-img-alt: <svg> elements with an img role must have alternative text,"Ensure <svg> elements with an img, graphics-document or graphics-symbol role have accessible text","Element has no child that is a title
  aria-label attribute does not exist or is empty
  aria-labelledby attribute does not exist, references elements that do not exist or references elements that are empty
  Element has no title attribute",no axe-core violation,"Element has no child that is a title
  aria-label attribute does not exist or is empty
  aria-labelledby attribute does not exist, references elements that do not exist or references elements that are - see https://dequeuniversity.com/rules/axe/4.12/svg-img-alt?application=axeAPI",".shadow-sky-500\/30.from-sky-400.w-14 > .text-2xl[stroke-width=""0""][role=""img""]","impact serious; html: <svg stroke=""currentColor"" fill=""currentColor"" stroke-width=""0"" role=""img"" viewBox=""0 0 24 24"" class=""text-2xl text-white"" height=""1em"" width=""1em"" xm",200,yes,Accessibility Report
http://localhost:3000/digital-services/ad-creative-design,Important,P2 - fix soon,axe-core,svg-img-alt: <svg> elements with an img role must have alternative text,"Ensure <svg> elements with an img, graphics-document or graphics-symbol role have accessible text","Element has no child that is a title
  aria-label attribute does not exist or is empty
  aria-labelledby attribute does not exist, references elements that do not exist or references elements that are empty
  Element has no title attribute",no axe-core violation,"Element has no child that is a title
  aria-label attribute does not exist or is empty
  aria-labelledby attribute does not exist, references elements that do not exist or references elements that are - see https://dequeuniversity.com/rules/axe/4.12/svg-img-alt?application=axeAPI",".from-emerald-400.shadow-emerald-500\/30.to-green-600 > .text-2xl[stroke-width=""0""][role=""img""]","impact serious; html: <svg stroke=""currentColor"" fill=""currentColor"" stroke-width=""0"" role=""img"" viewBox=""0 0 24 24"" class=""text-2xl text-white"" height=""1em"" width=""1em"" xm",200,yes,Accessibility Report
http://localhost:3000/digital-services/ad-creative-design,Important,P2 - fix soon,axe-core,svg-img-alt: <svg> elements with an img role must have alternative text,"Ensure <svg> elements with an img, graphics-document or graphics-symbol role have accessible text","Element has no child that is a title
  aria-label attribute does not exist or is empty
  aria-labelledby attribute does not exist, references elements that do not exist or references elements that are empty
  Element has no title attribute",no axe-core violation,"Element has no child that is a title
  aria-label attribute does not exist or is empty
  aria-labelledby attribute does not exist, references elements that do not exist or references elements that are - see https://dequeuniversity.com/rules/axe/4.12/svg-img-alt?application=axeAPI",".from-violet-400.shadow-violet-500\/30.to-purple-600 > .text-2xl[stroke-width=""0""][role=""img""]","impact serious; html: <svg stroke=""currentColor"" fill=""currentColor"" stroke-width=""0"" role=""img"" viewBox=""0 0 24 24"" class=""text-2xl text-white"" height=""1em"" width=""1em"" xm",200,yes,Accessibility Report
http://localhost:3000/digital-services/ad-creative-design,Important,P2 - fix soon,axe-core,svg-img-alt: <svg> elements with an img role must have alternative text,"Ensure <svg> elements with an img, graphics-document or graphics-symbol role have accessible text","Element has no child that is a title
  aria-label attribute does not exist or is empty
  aria-labelledby attribute does not exist, references elements that do not exist or references elements that are empty
  Element has no title attribute",no axe-core violation,"Element has no child that is a title
  aria-label attribute does not exist or is empty
  aria-labelledby attribute does not exist, references elements that do not exist or references elements that are - see https://dequeuniversity.com/rules/axe/4.12/svg-img-alt?application=axeAPI",".shadow-amber-500\/30.from-amber-400.to-orange-500 > .text-2xl[stroke-width=""0""][role=""img""]","impact serious; html: <svg stroke=""currentColor"" fill=""currentColor"" stroke-width=""0"" role=""img"" viewBox=""0 0 24 24"" class=""text-2xl text-white"" height=""1em"" width=""1em"" xm",200,yes,Accessibility Report
http://localhost:3000/digital-services/ad-creative-design,Important,P2 - fix soon,axe-core,svg-img-alt: <svg> elements with an img role must have alternative text,"Ensure <svg> elements with an img, graphics-document or graphics-symbol role have accessible text","Element has no child that is a title
  aria-label attribute does not exist or is empty
  aria-labelledby attribute does not exist, references elements that do not exist or references elements that are empty
  Element has no title attribute",no axe-core violation,"Element has no child that is a title
  aria-label attribute does not exist or is empty
  aria-labelledby attribute does not exist, references elements that do not exist or references elements that are - see https://dequeuniversity.com/rules/axe/4.12/svg-img-alt?application=axeAPI",".shadow-rose-500\/30 > .text-2xl[stroke-width=""0""][role=""img""]","impact serious; html: <svg stroke=""currentColor"" fill=""currentColor"" stroke-width=""0"" role=""img"" viewBox=""0 0 24 24"" class=""text-2xl text-white"" height=""1em"" width=""1em"" xm",200,yes,Accessibility Report
http://localhost:3000/digital-services/ad-creative-design,Important,P2 - fix soon,axe-core,svg-img-alt: <svg> elements with an img role must have alternative text,"Ensure <svg> elements with an img, graphics-document or graphics-symbol role have accessible text","Element has no child that is a title
  aria-label attribute does not exist or is empty
  aria-labelledby attribute does not exist, references elements that do not exist or references elements that are empty
  Element has no title attribute",no axe-core violation,"Element has no child that is a title
  aria-label attribute does not exist or is empty
  aria-labelledby attribute does not exist, references elements that do not exist or references elements that are - see https://dequeuniversity.com/rules/axe/4.12/svg-img-alt?application=axeAPI",".from-teal-400 > .text-2xl[stroke-width=""0""][role=""img""]","impact serious; html: <svg stroke=""currentColor"" fill=""currentColor"" stroke-width=""0"" role=""img"" viewBox=""0 0 24 24"" class=""text-2xl text-white"" height=""1em"" width=""1em"" xm",200,yes,Accessibility Report
http://localhost:3000/digital-services/ad-creative-design,Optimization,P3 - improve,Static,Form without aria-live / role=alert region for error messages,Form errors aren't announced to screen-reader users.,(none),An aria-live / role=alert region for form messages,"Render error/success messages inside an aria-live=""polite"" region.",form.flex.flex-1.flex-col 'Full Name Work Email Phone (Optional) Co',,200,yes,Accessibility Report
http://localhost:3000/digital-services/ad-creative-design,Optimization,P3 - improve,Touch targets,Touch targets smaller than 44x44 px,Touch targets are smaller than the recommended 44x44 px.,141x36 px,44x44 px,Increase padding / min-height on the element.,"S
Semicolon",390 px phone viewport,200,yes,Accessibility Report
http://localhost:3000/digital-services/ad-creative-design,Optimization,P3 - improve,Touch targets,Touch targets smaller than 44x44 px,Touch targets are smaller than the recommended 44x44 px.,87x40 px,44x44 px,Increase padding / min-height on the element.,EN,390 px phone viewport,200,yes,Accessibility Report
http://localhost:3000/digital-services/ad-creative-design,Optimization,P3 - improve,Touch targets,Touch targets smaller than 44x44 px,Touch targets are smaller than the recommended 44x44 px.,40x40 px,44x44 px,Increase padding / min-height on the element.,Switch to dark mode,390 px phone viewport,200,yes,Accessibility Report
http://localhost:3000/digital-services/ad-creative-design,Optimization,P3 - improve,Touch targets,Touch targets smaller than 44x44 px,Touch targets are smaller than the recommended 44x44 px.,40x40 px,44x44 px,Increase padding / min-height on the element.,Open menu,390 px phone viewport,200,yes,Accessibility Report
http://localhost:3000/digital-services/ad-creative-design,Optimization,P3 - improve,Touch targets,Touch targets smaller than 44x44 px,Touch targets are smaller than the recommended 44x44 px.,306x40 px,44x44 px,Increase padding / min-height on the element.,INPUT,390 px phone viewport,200,yes,Accessibility Report
http://localhost:3000/digital-services/ad-creative-design,Optimization,P3 - improve,Touch targets,Touch targets smaller than 44x44 px,Touch targets are smaller than the recommended 44x44 px.,306x40 px,44x44 px,Increase padding / min-height on the element.,INPUT,390 px phone viewport,200,yes,Accessibility Report
http://localhost:3000/digital-services/ad-creative-design,Optimization,P3 - improve,Touch targets,Touch targets smaller than 44x44 px,Touch targets are smaller than the recommended 44x44 px.,306x40 px,44x44 px,Increase padding / min-height on the element.,INPUT,390 px phone viewport,200,yes,Accessibility Report
http://localhost:3000/digital-services/ad-creative-design,Optimization,P3 - improve,Touch targets,Touch targets smaller than 44x44 px,Touch targets are smaller than the recommended 44x44 px.,306x40 px,44x44 px,Increase padding / min-height on the element.,INPUT,390 px phone viewport,200,yes,Accessibility Report
http://localhost:3000/digital-services/ad-creative-design,Optimization,P3 - improve,Touch targets,Touch targets smaller than 44x44 px,Touch targets are smaller than the recommended 44x44 px.,164x40 px,44x44 px,Increase padding / min-height on the element.,"S
Semicolon",390 px phone viewport,200,yes,Accessibility Report
http://localhost:3000/digital-services/analytics-reporting,Important,P2 - fix soon,Static,svg role=img without a name,An SVG marked role=img has no accessible name.,no aria-label / <title>,"aria-label, aria-labelledby or <title> on role=img SVGs","Add aria-label, or aria-hidden=""true"" if decorative.",svg.text-2xl.text-white [role=img],,200,yes,Accessibility Report
http://localhost:3000/digital-services/analytics-reporting,Important,P2 - fix soon,Static,svg role=img without a name,An SVG marked role=img has no accessible name.,no aria-label / <title>,"aria-label, aria-labelledby or <title> on role=img SVGs","Add aria-label, or aria-hidden=""true"" if decorative.",svg.text-2xl.text-white [role=img],,200,yes,Accessibility Report
http://localhost:3000/digital-services/analytics-reporting,Important,P2 - fix soon,Static,svg role=img without a name,An SVG marked role=img has no accessible name.,no aria-label / <title>,"aria-label, aria-labelledby or <title> on role=img SVGs","Add aria-label, or aria-hidden=""true"" if decorative.",svg.text-2xl.text-white [role=img],,200,yes,Accessibility Report
http://localhost:3000/digital-services/analytics-reporting,Important,P2 - fix soon,Static,svg role=img without a name,An SVG marked role=img has no accessible name.,no aria-label / <title>,"aria-label, aria-labelledby or <title> on role=img SVGs","Add aria-label, or aria-hidden=""true"" if decorative.",svg.text-2xl.text-white [role=img],,200,yes,Accessibility Report
http://localhost:3000/digital-services/analytics-reporting,Important,P2 - fix soon,Static,svg role=img without a name,An SVG marked role=img has no accessible name.,no aria-label / <title>,"aria-label, aria-labelledby or <title> on role=img SVGs","Add aria-label, or aria-hidden=""true"" if decorative.",svg.text-2xl.text-white [role=img],,200,yes,Accessibility Report
http://localhost:3000/digital-services/analytics-reporting,Important,P2 - fix soon,Static,svg role=img without a name,An SVG marked role=img has no accessible name.,no aria-label / <title>,"aria-label, aria-labelledby or <title> on role=img SVGs","Add aria-label, or aria-hidden=""true"" if decorative.",svg.text-2xl.text-white [role=img],,200,yes,Accessibility Report
http://localhost:3000/digital-services/analytics-reporting,Important,P2 - fix soon,Touch targets,Touch targets smaller than 24x24 px,"Touch targets are smaller than 24x24 px, too small to tap reliably (WCAG 2.5.8).",57x22 px,24x24 px minimum (44x44 recommended),Increase padding / min-width / min-height of the element.,Home,390 px phone viewport,200,yes,Accessibility Report
http://localhost:3000/digital-services/analytics-reporting,Important,P2 - fix soon,Touch targets,Touch targets smaller than 24x24 px,"Touch targets are smaller than 24x24 px, too small to tap reliably (WCAG 2.5.8).",57x22 px,24x24 px minimum (44x44 recommended),Increase padding / min-width / min-height of the element.,Services,390 px phone viewport,200,yes,Accessibility Report
http://localhost:3000/digital-services/analytics-reporting,Important,P2 - fix soon,Touch targets,Touch targets smaller than 24x24 px,"Touch targets are smaller than 24x24 px, too small to tap reliably (WCAG 2.5.8).",102x22 px,24x24 px minimum (44x44 recommended),Increase padding / min-width / min-height of the element.,Digital Services,390 px phone viewport,200,yes,Accessibility Report
http://localhost:3000/digital-services/analytics-reporting,Important,P2 - fix soon,Touch targets,Touch targets smaller than 24x24 px,"Touch targets are smaller than 24x24 px, too small to tap reliably (WCAG 2.5.8).",32x8 px,24x24 px minimum (44x44 recommended),Increase padding / min-width / min-height of the element.,Go to step 1,390 px phone viewport,200,yes,Accessibility Report
http://localhost:3000/digital-services/analytics-reporting,Important,P2 - fix soon,Touch targets,Touch targets smaller than 24x24 px,"Touch targets are smaller than 24x24 px, too small to tap reliably (WCAG 2.5.8).",8x8 px,24x24 px minimum (44x44 recommended),Increase padding / min-width / min-height of the element.,Go to step 2,390 px phone viewport,200,yes,Accessibility Report
http://localhost:3000/digital-services/analytics-reporting,Important,P2 - fix soon,Touch targets,Touch targets smaller than 24x24 px,"Touch targets are smaller than 24x24 px, too small to tap reliably (WCAG 2.5.8).",8x8 px,24x24 px minimum (44x44 recommended),Increase padding / min-width / min-height of the element.,Go to step 3,390 px phone viewport,200,yes,Accessibility Report
http://localhost:3000/digital-services/analytics-reporting,Important,P2 - fix soon,Touch targets,Touch targets smaller than 24x24 px,"Touch targets are smaller than 24x24 px, too small to tap reliably (WCAG 2.5.8).",8x8 px,24x24 px minimum (44x44 recommended),Increase padding / min-width / min-height of the element.,Go to step 4,390 px phone viewport,200,yes,Accessibility Report
http://localhost:3000/digital-services/analytics-reporting,Important,P2 - fix soon,Touch targets,Touch targets smaller than 24x24 px,"Touch targets are smaller than 24x24 px, too small to tap reliably (WCAG 2.5.8).",8x8 px,24x24 px minimum (44x44 recommended),Increase padding / min-width / min-height of the element.,Go to step 5,390 px phone viewport,200,yes,Accessibility Report
http://localhost:3000/digital-services/analytics-reporting,Important,P2 - fix soon,Touch targets,Touch targets smaller than 24x24 px,"Touch targets are smaller than 24x24 px, too small to tap reliably (WCAG 2.5.8).",105x20 px,24x24 px minimum (44x44 recommended),Increase padding / min-width / min-height of the element.,+91 95128 15630,390 px phone viewport,200,yes,Accessibility Report
http://localhost:3000/digital-services/analytics-reporting,Important,P2 - fix soon,Touch targets,Touch targets smaller than 24x24 px,"Touch targets are smaller than 24x24 px, too small to tap reliably (WCAG 2.5.8).",358x20 px,24x24 px minimum (44x44 recommended),Increase padding / min-width / min-height of the element.,hello@semicolon.agency,390 px phone viewport,200,yes,Accessibility Report
http://localhost:3000/digital-services/analytics-reporting,Important,P2 - fix soon,Touch targets,Touch targets smaller than 24x24 px,"Touch targets are smaller than 24x24 px, too small to tap reliably (WCAG 2.5.8).",358x20 px,24x24 px minimum (44x44 recommended),Increase padding / min-width / min-height of the element.,+91 95128 15630,390 px phone viewport,200,yes,Accessibility Report
http://localhost:3000/digital-services/analytics-reporting,Important,P2 - fix soon,Touch targets,Touch targets smaller than 24x24 px,"Touch targets are smaller than 24x24 px, too small to tap reliably (WCAG 2.5.8).",93x20 px,24x24 px minimum (44x44 recommended),Increase padding / min-width / min-height of the element.,Apply now,390 px phone viewport,200,yes,Accessibility Report
http://localhost:3000/digital-services/analytics-reporting,Important,P2 - fix soon,axe-core,color-contrast: Elements must meet minimum color contrast ratio thresholds,Ensure the contrast between foreground and background colors meets WCAG 2 AA minimum contrast ratio thresholds,"Element has insufficient color contrast of 4.31 (foreground color: #006ce0, background color: #e6f0fc, font size: 9.0pt (12px), font weight: normal). Expected contrast ratio of 4.5:1",no axe-core violation,"Element has insufficient color contrast of 4.31 (foreground color: #006ce0, background color: #e6f0fc, font size: 9.0pt (12px), font weight: normal). Expected contrast ratio of 4.5:1 - see https://dequeuniversity.com/rules/axe/4.12/color-contrast?application=axeAPI",.w-fit,"impact serious; html: <span class=""eyebrow mb-4 w-fit self-center lg:self-start"">Get Started</span>",200,yes,Accessibility Report
http://localhost:3000/digital-services/analytics-reporting,Important,P2 - fix soon,axe-core,color-contrast: Elements must meet minimum color contrast ratio thresholds,Ensure the contrast between foreground and background colors meets WCAG 2 AA minimum contrast ratio thresholds,"Element has insufficient color contrast of 4.45 (foreground color: #006ce0, background color: #eef3f9, font size: 10.5pt (14px), font weight: normal). Expected contrast ratio of 4.5:1",no axe-core violation,"Element has insufficient color contrast of 4.45 (foreground color: #006ce0, background color: #eef3f9, font size: 10.5pt (14px), font weight: normal). Expected contrast ratio of 4.5:1 - see https://dequeuniversity.com/rules/axe/4.12/color-contrast?application=axeAPI",".gap-1\.5.inline-flex[href$=""internships""]","impact serious; html: <a class=""group inline-flex items-center gap-1.5 text-sm font-semibold text-primary"" href=""/internships"">",200,yes,Accessibility Report
http://localhost:3000/digital-services/analytics-reporting,Important,P2 - fix soon,axe-core,svg-img-alt: <svg> elements with an img role must have alternative text,"Ensure <svg> elements with an img, graphics-document or graphics-symbol role have accessible text","Element has no child that is a title
  aria-label attribute does not exist or is empty
  aria-labelledby attribute does not exist, references elements that do not exist or references elements that are empty
  Element has no title attribute",no axe-core violation,"Element has no child that is a title
  aria-label attribute does not exist or is empty
  aria-labelledby attribute does not exist, references elements that do not exist or references elements that are - see https://dequeuniversity.com/rules/axe/4.12/svg-img-alt?application=axeAPI",".shadow-sky-500\/30.from-sky-400.w-14 > .text-2xl[stroke-width=""0""][role=""img""]","impact serious; html: <svg stroke=""currentColor"" fill=""currentColor"" stroke-width=""0"" role=""img"" viewBox=""0 0 24 24"" class=""text-2xl text-white"" height=""1em"" width=""1em"" xm",200,yes,Accessibility Report
http://localhost:3000/digital-services/analytics-reporting,Important,P2 - fix soon,axe-core,svg-img-alt: <svg> elements with an img role must have alternative text,"Ensure <svg> elements with an img, graphics-document or graphics-symbol role have accessible text","Element has no child that is a title
  aria-label attribute does not exist or is empty
  aria-labelledby attribute does not exist, references elements that do not exist or references elements that are empty
  Element has no title attribute",no axe-core violation,"Element has no child that is a title
  aria-label attribute does not exist or is empty
  aria-labelledby attribute does not exist, references elements that do not exist or references elements that are - see https://dequeuniversity.com/rules/axe/4.12/svg-img-alt?application=axeAPI",".from-emerald-400.shadow-emerald-500\/30.to-green-600 > .text-2xl[stroke-width=""0""][role=""img""]","impact serious; html: <svg stroke=""currentColor"" fill=""currentColor"" stroke-width=""0"" role=""img"" viewBox=""0 0 24 24"" class=""text-2xl text-white"" height=""1em"" width=""1em"" xm",200,yes,Accessibility Report
http://localhost:3000/digital-services/analytics-reporting,Important,P2 - fix soon,axe-core,svg-img-alt: <svg> elements with an img role must have alternative text,"Ensure <svg> elements with an img, graphics-document or graphics-symbol role have accessible text","Element has no child that is a title
  aria-label attribute does not exist or is empty
  aria-labelledby attribute does not exist, references elements that do not exist or references elements that are empty
  Element has no title attribute",no axe-core violation,"Element has no child that is a title
  aria-label attribute does not exist or is empty
  aria-labelledby attribute does not exist, references elements that do not exist or references elements that are - see https://dequeuniversity.com/rules/axe/4.12/svg-img-alt?application=axeAPI",".from-violet-400.shadow-violet-500\/30.to-purple-600 > .text-2xl[stroke-width=""0""][role=""img""]","impact serious; html: <svg stroke=""currentColor"" fill=""currentColor"" stroke-width=""0"" role=""img"" viewBox=""0 0 24 24"" class=""text-2xl text-white"" height=""1em"" width=""1em"" xm",200,yes,Accessibility Report
http://localhost:3000/digital-services/analytics-reporting,Important,P2 - fix soon,axe-core,svg-img-alt: <svg> elements with an img role must have alternative text,"Ensure <svg> elements with an img, graphics-document or graphics-symbol role have accessible text","Element has no child that is a title
  aria-label attribute does not exist or is empty
  aria-labelledby attribute does not exist, references elements that do not exist or references elements that are empty
  Element has no title attribute",no axe-core violation,"Element has no child that is a title
  aria-label attribute does not exist or is empty
  aria-labelledby attribute does not exist, references elements that do not exist or references elements that are - see https://dequeuniversity.com/rules/axe/4.12/svg-img-alt?application=axeAPI",".shadow-amber-500\/30.from-amber-400.to-orange-500 > .text-2xl[stroke-width=""0""][role=""img""]","impact serious; html: <svg stroke=""currentColor"" fill=""currentColor"" stroke-width=""0"" role=""img"" viewBox=""0 0 24 24"" class=""text-2xl text-white"" height=""1em"" width=""1em"" xm",200,yes,Accessibility Report
http://localhost:3000/digital-services/analytics-reporting,Important,P2 - fix soon,axe-core,svg-img-alt: <svg> elements with an img role must have alternative text,"Ensure <svg> elements with an img, graphics-document or graphics-symbol role have accessible text","Element has no child that is a title
  aria-label attribute does not exist or is empty
  aria-labelledby attribute does not exist, references elements that do not exist or references elements that are empty
  Element has no title attribute",no axe-core violation,"Element has no child that is a title
  aria-label attribute does not exist or is empty
  aria-labelledby attribute does not exist, references elements that do not exist or references elements that are - see https://dequeuniversity.com/rules/axe/4.12/svg-img-alt?application=axeAPI",".shadow-rose-500\/30 > .text-2xl[stroke-width=""0""][role=""img""]","impact serious; html: <svg stroke=""currentColor"" fill=""currentColor"" stroke-width=""0"" role=""img"" viewBox=""0 0 24 24"" class=""text-2xl text-white"" height=""1em"" width=""1em"" xm",200,yes,Accessibility Report
http://localhost:3000/digital-services/analytics-reporting,Important,P2 - fix soon,axe-core,svg-img-alt: <svg> elements with an img role must have alternative text,"Ensure <svg> elements with an img, graphics-document or graphics-symbol role have accessible text","Element has no child that is a title
  aria-label attribute does not exist or is empty
  aria-labelledby attribute does not exist, references elements that do not exist or references elements that are empty
  Element has no title attribute",no axe-core violation,"Element has no child that is a title
  aria-label attribute does not exist or is empty
  aria-labelledby attribute does not exist, references elements that do not exist or references elements that are - see https://dequeuniversity.com/rules/axe/4.12/svg-img-alt?application=axeAPI",".from-teal-400 > .text-2xl[stroke-width=""0""][role=""img""]","impact serious; html: <svg stroke=""currentColor"" fill=""currentColor"" stroke-width=""0"" role=""img"" viewBox=""0 0 24 24"" class=""text-2xl text-white"" height=""1em"" width=""1em"" xm",200,yes,Accessibility Report
http://localhost:3000/digital-services/analytics-reporting,Optimization,P3 - improve,Static,Form without aria-live / role=alert region for error messages,Form errors aren't announced to screen-reader users.,(none),An aria-live / role=alert region for form messages,"Render error/success messages inside an aria-live=""polite"" region.",form.flex.flex-1.flex-col 'Full Name Work Email Phone (Optional) Co',,200,yes,Accessibility Report
http://localhost:3000/digital-services/analytics-reporting,Optimization,P3 - improve,Touch targets,Touch targets smaller than 44x44 px,Touch targets are smaller than the recommended 44x44 px.,141x36 px,44x44 px,Increase padding / min-height on the element.,"S
Semicolon",390 px phone viewport,200,yes,Accessibility Report
http://localhost:3000/digital-services/analytics-reporting,Optimization,P3 - improve,Touch targets,Touch targets smaller than 44x44 px,Touch targets are smaller than the recommended 44x44 px.,87x40 px,44x44 px,Increase padding / min-height on the element.,EN,390 px phone viewport,200,yes,Accessibility Report
http://localhost:3000/digital-services/analytics-reporting,Optimization,P3 - improve,Touch targets,Touch targets smaller than 44x44 px,Touch targets are smaller than the recommended 44x44 px.,40x40 px,44x44 px,Increase padding / min-height on the element.,Switch to dark mode,390 px phone viewport,200,yes,Accessibility Report
http://localhost:3000/digital-services/analytics-reporting,Optimization,P3 - improve,Touch targets,Touch targets smaller than 44x44 px,Touch targets are smaller than the recommended 44x44 px.,40x40 px,44x44 px,Increase padding / min-height on the element.,Open menu,390 px phone viewport,200,yes,Accessibility Report
http://localhost:3000/digital-services/analytics-reporting,Optimization,P3 - improve,Touch targets,Touch targets smaller than 44x44 px,Touch targets are smaller than the recommended 44x44 px.,306x40 px,44x44 px,Increase padding / min-height on the element.,INPUT,390 px phone viewport,200,yes,Accessibility Report
http://localhost:3000/digital-services/analytics-reporting,Optimization,P3 - improve,Touch targets,Touch targets smaller than 44x44 px,Touch targets are smaller than the recommended 44x44 px.,306x40 px,44x44 px,Increase padding / min-height on the element.,INPUT,390 px phone viewport,200,yes,Accessibility Report
http://localhost:3000/digital-services/analytics-reporting,Optimization,P3 - improve,Touch targets,Touch targets smaller than 44x44 px,Touch targets are smaller than the recommended 44x44 px.,306x40 px,44x44 px,Increase padding / min-height on the element.,INPUT,390 px phone viewport,200,yes,Accessibility Report
http://localhost:3000/digital-services/analytics-reporting,Optimization,P3 - improve,Touch targets,Touch targets smaller than 44x44 px,Touch targets are smaller than the recommended 44x44 px.,306x40 px,44x44 px,Increase padding / min-height on the element.,INPUT,390 px phone viewport,200,yes,Accessibility Report
http://localhost:3000/digital-services/analytics-reporting,Optimization,P3 - improve,Touch targets,Touch targets smaller than 44x44 px,Touch targets are smaller than the recommended 44x44 px.,164x40 px,44x44 px,Increase padding / min-height on the element.,"S
Semicolon",390 px phone viewport,200,yes,Accessibility Report
http://localhost:3000/digital-services/branding-logo-design,Important,P2 - fix soon,Static,svg role=img without a name,An SVG marked role=img has no accessible name.,no aria-label / <title>,"aria-label, aria-labelledby or <title> on role=img SVGs","Add aria-label, or aria-hidden=""true"" if decorative.",svg.text-2xl.text-white [role=img],,200,yes,Accessibility Report
http://localhost:3000/digital-services/branding-logo-design,Important,P2 - fix soon,Static,svg role=img without a name,An SVG marked role=img has no accessible name.,no aria-label / <title>,"aria-label, aria-labelledby or <title> on role=img SVGs","Add aria-label, or aria-hidden=""true"" if decorative.",svg.text-2xl.text-white [role=img],,200,yes,Accessibility Report
http://localhost:3000/digital-services/branding-logo-design,Important,P2 - fix soon,Static,svg role=img without a name,An SVG marked role=img has no accessible name.,no aria-label / <title>,"aria-label, aria-labelledby or <title> on role=img SVGs","Add aria-label, or aria-hidden=""true"" if decorative.",svg.text-2xl.text-white [role=img],,200,yes,Accessibility Report
http://localhost:3000/digital-services/branding-logo-design,Important,P2 - fix soon,Static,svg role=img without a name,An SVG marked role=img has no accessible name.,no aria-label / <title>,"aria-label, aria-labelledby or <title> on role=img SVGs","Add aria-label, or aria-hidden=""true"" if decorative.",svg.text-2xl.text-white [role=img],,200,yes,Accessibility Report
http://localhost:3000/digital-services/branding-logo-design,Important,P2 - fix soon,Static,svg role=img without a name,An SVG marked role=img has no accessible name.,no aria-label / <title>,"aria-label, aria-labelledby or <title> on role=img SVGs","Add aria-label, or aria-hidden=""true"" if decorative.",svg.text-2xl.text-white [role=img],,200,yes,Accessibility Report
http://localhost:3000/digital-services/branding-logo-design,Optimization,P3 - improve,Static,Form without aria-live / role=alert region for error messages,Form errors aren't announced to screen-reader users.,(none),An aria-live / role=alert region for form messages,"Render error/success messages inside an aria-live=""polite"" region.",form.flex.flex-1.flex-col 'Full Name Work Email Phone (Optional) Co',,200,yes,Accessibility Report
http://localhost:3000/digital-services/content-marketing,Important,P2 - fix soon,Static,svg role=img without a name,An SVG marked role=img has no accessible name.,no aria-label / <title>,"aria-label, aria-labelledby or <title> on role=img SVGs","Add aria-label, or aria-hidden=""true"" if decorative.",svg.text-2xl.text-white [role=img],,200,yes,Accessibility Report
http://localhost:3000/digital-services/content-marketing,Important,P2 - fix soon,Static,svg role=img without a name,An SVG marked role=img has no accessible name.,no aria-label / <title>,"aria-label, aria-labelledby or <title> on role=img SVGs","Add aria-label, or aria-hidden=""true"" if decorative.",svg.text-2xl.text-white [role=img],,200,yes,Accessibility Report
http://localhost:3000/digital-services/content-marketing,Important,P2 - fix soon,Static,svg role=img without a name,An SVG marked role=img has no accessible name.,no aria-label / <title>,"aria-label, aria-labelledby or <title> on role=img SVGs","Add aria-label, or aria-hidden=""true"" if decorative.",svg.text-2xl.text-white [role=img],,200,yes,Accessibility Report
http://localhost:3000/digital-services/content-marketing,Important,P2 - fix soon,Static,svg role=img without a name,An SVG marked role=img has no accessible name.,no aria-label / <title>,"aria-label, aria-labelledby or <title> on role=img SVGs","Add aria-label, or aria-hidden=""true"" if decorative.",svg.text-2xl.text-white [role=img],,200,yes,Accessibility Report
http://localhost:3000/digital-services/content-marketing,Important,P2 - fix soon,Static,svg role=img without a name,An SVG marked role=img has no accessible name.,no aria-label / <title>,"aria-label, aria-labelledby or <title> on role=img SVGs","Add aria-label, or aria-hidden=""true"" if decorative.",svg.text-2xl.text-white [role=img],,200,yes,Accessibility Report
http://localhost:3000/digital-services/content-marketing,Optimization,P3 - improve,Static,Form without aria-live / role=alert region for error messages,Form errors aren't announced to screen-reader users.,(none),An aria-live / role=alert region for form messages,"Render error/success messages inside an aria-live=""polite"" region.",form.flex.flex-1.flex-col 'Full Name Work Email Phone (Optional) Co',,200,yes,Accessibility Report
http://localhost:3000/digital-services/copywriting-blog-writing,Important,P2 - fix soon,Static,svg role=img without a name,An SVG marked role=img has no accessible name.,no aria-label / <title>,"aria-label, aria-labelledby or <title> on role=img SVGs","Add aria-label, or aria-hidden=""true"" if decorative.",svg.text-2xl.text-white [role=img],,200,yes,Accessibility Report
http://localhost:3000/digital-services/copywriting-blog-writing,Important,P2 - fix soon,Static,svg role=img without a name,An SVG marked role=img has no accessible name.,no aria-label / <title>,"aria-label, aria-labelledby or <title> on role=img SVGs","Add aria-label, or aria-hidden=""true"" if decorative.",svg.text-2xl.text-white [role=img],,200,yes,Accessibility Report
http://localhost:3000/digital-services/copywriting-blog-writing,Important,P2 - fix soon,Static,svg role=img without a name,An SVG marked role=img has no accessible name.,no aria-label / <title>,"aria-label, aria-labelledby or <title> on role=img SVGs","Add aria-label, or aria-hidden=""true"" if decorative.",svg.text-2xl.text-white [role=img],,200,yes,Accessibility Report
http://localhost:3000/digital-services/copywriting-blog-writing,Optimization,P3 - improve,Static,Form without aria-live / role=alert region for error messages,Form errors aren't announced to screen-reader users.,(none),An aria-live / role=alert region for form messages,"Render error/success messages inside an aria-live=""polite"" region.",form.flex.flex-1.flex-col 'Full Name Work Email Phone (Optional) Co',,200,yes,Accessibility Report
http://localhost:3000/digital-services/cro,Important,P2 - fix soon,Static,svg role=img without a name,An SVG marked role=img has no accessible name.,no aria-label / <title>,"aria-label, aria-labelledby or <title> on role=img SVGs","Add aria-label, or aria-hidden=""true"" if decorative.",svg.text-2xl.text-white [role=img],,200,yes,Accessibility Report
http://localhost:3000/digital-services/cro,Important,P2 - fix soon,Static,svg role=img without a name,An SVG marked role=img has no accessible name.,no aria-label / <title>,"aria-label, aria-labelledby or <title> on role=img SVGs","Add aria-label, or aria-hidden=""true"" if decorative.",svg.text-2xl.text-white [role=img],,200,yes,Accessibility Report
http://localhost:3000/digital-services/cro,Important,P2 - fix soon,Static,svg role=img without a name,An SVG marked role=img has no accessible name.,no aria-label / <title>,"aria-label, aria-labelledby or <title> on role=img SVGs","Add aria-label, or aria-hidden=""true"" if decorative.",svg.text-2xl.text-white [role=img],,200,yes,Accessibility Report
http://localhost:3000/digital-services/cro,Important,P2 - fix soon,Static,svg role=img without a name,An SVG marked role=img has no accessible name.,no aria-label / <title>,"aria-label, aria-labelledby or <title> on role=img SVGs","Add aria-label, or aria-hidden=""true"" if decorative.",svg.text-2xl.text-white [role=img],,200,yes,Accessibility Report
http://localhost:3000/digital-services/cro,Important,P2 - fix soon,Static,svg role=img without a name,An SVG marked role=img has no accessible name.,no aria-label / <title>,"aria-label, aria-labelledby or <title> on role=img SVGs","Add aria-label, or aria-hidden=""true"" if decorative.",svg.text-2xl.text-white [role=img],,200,yes,Accessibility Report
http://localhost:3000/digital-services/cro,Optimization,P3 - improve,Static,Form without aria-live / role=alert region for error messages,Form errors aren't announced to screen-reader users.,(none),An aria-live / role=alert region for form messages,"Render error/success messages inside an aria-live=""polite"" region.",form.flex.flex-1.flex-col 'Full Name Work Email Phone (Optional) Co',,200,yes,Accessibility Report
http://localhost:3000/digital-services/email-marketing,Important,P2 - fix soon,Static,svg role=img without a name,An SVG marked role=img has no accessible name.,no aria-label / <title>,"aria-label, aria-labelledby or <title> on role=img SVGs","Add aria-label, or aria-hidden=""true"" if decorative.",svg.text-2xl.text-white [role=img],,200,yes,Accessibility Report
http://localhost:3000/digital-services/email-marketing,Important,P2 - fix soon,Static,svg role=img without a name,An SVG marked role=img has no accessible name.,no aria-label / <title>,"aria-label, aria-labelledby or <title> on role=img SVGs","Add aria-label, or aria-hidden=""true"" if decorative.",svg.text-2xl.text-white [role=img],,200,yes,Accessibility Report
http://localhost:3000/digital-services/email-marketing,Important,P2 - fix soon,Static,svg role=img without a name,An SVG marked role=img has no accessible name.,no aria-label / <title>,"aria-label, aria-labelledby or <title> on role=img SVGs","Add aria-label, or aria-hidden=""true"" if decorative.",svg.text-2xl.text-white [role=img],,200,yes,Accessibility Report
http://localhost:3000/digital-services/email-marketing,Important,P2 - fix soon,Static,svg role=img without a name,An SVG marked role=img has no accessible name.,no aria-label / <title>,"aria-label, aria-labelledby or <title> on role=img SVGs","Add aria-label, or aria-hidden=""true"" if decorative.",svg.text-2xl.text-white [role=img],,200,yes,Accessibility Report
http://localhost:3000/digital-services/email-marketing,Important,P2 - fix soon,Static,svg role=img without a name,An SVG marked role=img has no accessible name.,no aria-label / <title>,"aria-label, aria-labelledby or <title> on role=img SVGs","Add aria-label, or aria-hidden=""true"" if decorative.",svg.text-2xl.text-white [role=img],,200,yes,Accessibility Report
http://localhost:3000/digital-services/email-marketing,Optimization,P3 - improve,Static,Form without aria-live / role=alert region for error messages,Form errors aren't announced to screen-reader users.,(none),An aria-live / role=alert region for form messages,"Render error/success messages inside an aria-live=""polite"" region.",form.flex.flex-1.flex-col 'Full Name Work Email Phone (Optional) Co',,200,yes,Accessibility Report
http://localhost:3000/digital-services/graphic-design-ad-creatives,Important,P2 - fix soon,Static,svg role=img without a name,An SVG marked role=img has no accessible name.,no aria-label / <title>,"aria-label, aria-labelledby or <title> on role=img SVGs","Add aria-label, or aria-hidden=""true"" if decorative.",svg.text-2xl.text-white [role=img],,200,yes,Accessibility Report
http://localhost:3000/digital-services/graphic-design-ad-creatives,Important,P2 - fix soon,Static,svg role=img without a name,An SVG marked role=img has no accessible name.,no aria-label / <title>,"aria-label, aria-labelledby or <title> on role=img SVGs","Add aria-label, or aria-hidden=""true"" if decorative.",svg.text-2xl.text-white [role=img],,200,yes,Accessibility Report
http://localhost:3000/digital-services/graphic-design-ad-creatives,Important,P2 - fix soon,Static,svg role=img without a name,An SVG marked role=img has no accessible name.,no aria-label / <title>,"aria-label, aria-labelledby or <title> on role=img SVGs","Add aria-label, or aria-hidden=""true"" if decorative.",svg.text-2xl.text-white [role=img],,200,yes,Accessibility Report
http://localhost:3000/digital-services/graphic-design-ad-creatives,Important,P2 - fix soon,Static,svg role=img without a name,An SVG marked role=img has no accessible name.,no aria-label / <title>,"aria-label, aria-labelledby or <title> on role=img SVGs","Add aria-label, or aria-hidden=""true"" if decorative.",svg.text-2xl.text-white [role=img],,200,yes,Accessibility Report
http://localhost:3000/digital-services/graphic-design-ad-creatives,Important,P2 - fix soon,Static,svg role=img without a name,An SVG marked role=img has no accessible name.,no aria-label / <title>,"aria-label, aria-labelledby or <title> on role=img SVGs","Add aria-label, or aria-hidden=""true"" if decorative.",svg.text-2xl.text-white [role=img],,200,yes,Accessibility Report
http://localhost:3000/digital-services/graphic-design-ad-creatives,Important,P2 - fix soon,Static,svg role=img without a name,An SVG marked role=img has no accessible name.,no aria-label / <title>,"aria-label, aria-labelledby or <title> on role=img SVGs","Add aria-label, or aria-hidden=""true"" if decorative.",svg.text-2xl.text-white [role=img],,200,yes,Accessibility Report
http://localhost:3000/digital-services/graphic-design-ad-creatives,Optimization,P3 - improve,Static,Form without aria-live / role=alert region for error messages,Form errors aren't announced to screen-reader users.,(none),An aria-live / role=alert region for form messages,"Render error/success messages inside an aria-live=""polite"" region.",form.flex.flex-1.flex-col 'Full Name Work Email Phone (Optional) Co',,200,yes,Accessibility Report
http://localhost:3000/digital-services/influencer-marketing,Important,P2 - fix soon,Static,svg role=img without a name,An SVG marked role=img has no accessible name.,no aria-label / <title>,"aria-label, aria-labelledby or <title> on role=img SVGs","Add aria-label, or aria-hidden=""true"" if decorative.",svg.text-2xl.text-white [role=img],,200,yes,Accessibility Report
http://localhost:3000/digital-services/influencer-marketing,Important,P2 - fix soon,Static,svg role=img without a name,An SVG marked role=img has no accessible name.,no aria-label / <title>,"aria-label, aria-labelledby or <title> on role=img SVGs","Add aria-label, or aria-hidden=""true"" if decorative.",svg.text-2xl.text-white [role=img],,200,yes,Accessibility Report
http://localhost:3000/digital-services/influencer-marketing,Important,P2 - fix soon,Static,svg role=img without a name,An SVG marked role=img has no accessible name.,no aria-label / <title>,"aria-label, aria-labelledby or <title> on role=img SVGs","Add aria-label, or aria-hidden=""true"" if decorative.",svg.text-2xl.text-white [role=img],,200,yes,Accessibility Report
http://localhost:3000/digital-services/influencer-marketing,Important,P2 - fix soon,Static,svg role=img without a name,An SVG marked role=img has no accessible name.,no aria-label / <title>,"aria-label, aria-labelledby or <title> on role=img SVGs","Add aria-label, or aria-hidden=""true"" if decorative.",svg.text-2xl.text-white [role=img],,200,yes,Accessibility Report
http://localhost:3000/digital-services/influencer-marketing,Important,P2 - fix soon,Static,svg role=img without a name,An SVG marked role=img has no accessible name.,no aria-label / <title>,"aria-label, aria-labelledby or <title> on role=img SVGs","Add aria-label, or aria-hidden=""true"" if decorative.",svg.text-2xl.text-white [role=img],,200,yes,Accessibility Report
http://localhost:3000/digital-services/influencer-marketing,Optimization,P3 - improve,Static,Form without aria-live / role=alert region for error messages,Form errors aren't announced to screen-reader users.,(none),An aria-live / role=alert region for form messages,"Render error/success messages inside an aria-live=""polite"" region.",form.flex.flex-1.flex-col 'Full Name Work Email Phone (Optional) Co',,200,yes,Accessibility Report
http://localhost:3000/digital-services/infographics-visual-content,Important,P2 - fix soon,Static,svg role=img without a name,An SVG marked role=img has no accessible name.,no aria-label / <title>,"aria-label, aria-labelledby or <title> on role=img SVGs","Add aria-label, or aria-hidden=""true"" if decorative.",svg.text-2xl.text-white [role=img],,200,yes,Accessibility Report
http://localhost:3000/digital-services/infographics-visual-content,Important,P2 - fix soon,Static,svg role=img without a name,An SVG marked role=img has no accessible name.,no aria-label / <title>,"aria-label, aria-labelledby or <title> on role=img SVGs","Add aria-label, or aria-hidden=""true"" if decorative.",svg.text-2xl.text-white [role=img],,200,yes,Accessibility Report
http://localhost:3000/digital-services/infographics-visual-content,Important,P2 - fix soon,Static,svg role=img without a name,An SVG marked role=img has no accessible name.,no aria-label / <title>,"aria-label, aria-labelledby or <title> on role=img SVGs","Add aria-label, or aria-hidden=""true"" if decorative.",svg.text-2xl.text-white [role=img],,200,yes,Accessibility Report
http://localhost:3000/digital-services/infographics-visual-content,Important,P2 - fix soon,Static,svg role=img without a name,An SVG marked role=img has no accessible name.,no aria-label / <title>,"aria-label, aria-labelledby or <title> on role=img SVGs","Add aria-label, or aria-hidden=""true"" if decorative.",svg.text-2xl.text-white [role=img],,200,yes,Accessibility Report
http://localhost:3000/digital-services/infographics-visual-content,Important,P2 - fix soon,Static,svg role=img without a name,An SVG marked role=img has no accessible name.,no aria-label / <title>,"aria-label, aria-labelledby or <title> on role=img SVGs","Add aria-label, or aria-hidden=""true"" if decorative.",svg.text-2xl.text-white [role=img],,200,yes,Accessibility Report
http://localhost:3000/digital-services/infographics-visual-content,Optimization,P3 - improve,Static,Form without aria-live / role=alert region for error messages,Form errors aren't announced to screen-reader users.,(none),An aria-live / role=alert region for form messages,"Render error/success messages inside an aria-live=""polite"" region.",form.flex.flex-1.flex-col 'Full Name Work Email Phone (Optional) Co',,200,yes,Accessibility Report
http://localhost:3000/digital-services/landing-page-design,Important,P2 - fix soon,Static,svg role=img without a name,An SVG marked role=img has no accessible name.,no aria-label / <title>,"aria-label, aria-labelledby or <title> on role=img SVGs","Add aria-label, or aria-hidden=""true"" if decorative.",svg.text-2xl.text-white [role=img],,200,yes,Accessibility Report
http://localhost:3000/digital-services/landing-page-design,Important,P2 - fix soon,Static,svg role=img without a name,An SVG marked role=img has no accessible name.,no aria-label / <title>,"aria-label, aria-labelledby or <title> on role=img SVGs","Add aria-label, or aria-hidden=""true"" if decorative.",svg.text-2xl.text-white [role=img],,200,yes,Accessibility Report
http://localhost:3000/digital-services/landing-page-design,Important,P2 - fix soon,Static,svg role=img without a name,An SVG marked role=img has no accessible name.,no aria-label / <title>,"aria-label, aria-labelledby or <title> on role=img SVGs","Add aria-label, or aria-hidden=""true"" if decorative.",svg.text-2xl.text-white [role=img],,200,yes,Accessibility Report
http://localhost:3000/digital-services/landing-page-design,Important,P2 - fix soon,Static,svg role=img without a name,An SVG marked role=img has no accessible name.,no aria-label / <title>,"aria-label, aria-labelledby or <title> on role=img SVGs","Add aria-label, or aria-hidden=""true"" if decorative.",svg.text-2xl.text-white [role=img],,200,yes,Accessibility Report
http://localhost:3000/digital-services/landing-page-design,Important,P2 - fix soon,Static,svg role=img without a name,An SVG marked role=img has no accessible name.,no aria-label / <title>,"aria-label, aria-labelledby or <title> on role=img SVGs","Add aria-label, or aria-hidden=""true"" if decorative.",svg.text-2xl.text-white [role=img],,200,yes,Accessibility Report
http://localhost:3000/digital-services/landing-page-design,Important,P2 - fix soon,Static,svg role=img without a name,An SVG marked role=img has no accessible name.,no aria-label / <title>,"aria-label, aria-labelledby or <title> on role=img SVGs","Add aria-label, or aria-hidden=""true"" if decorative.",svg.text-2xl.text-white [role=img],,200,yes,Accessibility Report
http://localhost:3000/digital-services/landing-page-design,Optimization,P3 - improve,Static,Form without aria-live / role=alert region for error messages,Form errors aren't announced to screen-reader users.,(none),An aria-live / role=alert region for form messages,"Render error/success messages inside an aria-live=""polite"" region.",form.flex.flex-1.flex-col 'Full Name Work Email Phone (Optional) Co',,200,yes,Accessibility Report
http://localhost:3000/digital-services/local-seo,Important,P2 - fix soon,Static,svg role=img without a name,An SVG marked role=img has no accessible name.,no aria-label / <title>,"aria-label, aria-labelledby or <title> on role=img SVGs","Add aria-label, or aria-hidden=""true"" if decorative.",svg.text-2xl.text-white [role=img],,200,yes,Accessibility Report
http://localhost:3000/digital-services/local-seo,Important,P2 - fix soon,Static,svg role=img without a name,An SVG marked role=img has no accessible name.,no aria-label / <title>,"aria-label, aria-labelledby or <title> on role=img SVGs","Add aria-label, or aria-hidden=""true"" if decorative.",svg.text-2xl.text-white [role=img],,200,yes,Accessibility Report
http://localhost:3000/digital-services/local-seo,Important,P2 - fix soon,Static,svg role=img without a name,An SVG marked role=img has no accessible name.,no aria-label / <title>,"aria-label, aria-labelledby or <title> on role=img SVGs","Add aria-label, or aria-hidden=""true"" if decorative.",svg.text-2xl.text-white [role=img],,200,yes,Accessibility Report
http://localhost:3000/digital-services/local-seo,Important,P2 - fix soon,Static,svg role=img without a name,An SVG marked role=img has no accessible name.,no aria-label / <title>,"aria-label, aria-labelledby or <title> on role=img SVGs","Add aria-label, or aria-hidden=""true"" if decorative.",svg.text-2xl.text-white [role=img],,200,yes,Accessibility Report
http://localhost:3000/digital-services/local-seo,Important,P2 - fix soon,Static,svg role=img without a name,An SVG marked role=img has no accessible name.,no aria-label / <title>,"aria-label, aria-labelledby or <title> on role=img SVGs","Add aria-label, or aria-hidden=""true"" if decorative.",svg.text-2xl.text-white [role=img],,200,yes,Accessibility Report
http://localhost:3000/digital-services/local-seo,Important,P2 - fix soon,Static,svg role=img without a name,An SVG marked role=img has no accessible name.,no aria-label / <title>,"aria-label, aria-labelledby or <title> on role=img SVGs","Add aria-label, or aria-hidden=""true"" if decorative.",svg.text-2xl.text-white [role=img],,200,yes,Accessibility Report
http://localhost:3000/digital-services/local-seo,Optimization,P3 - improve,Static,Form without aria-live / role=alert region for error messages,Form errors aren't announced to screen-reader users.,(none),An aria-live / role=alert region for form messages,"Render error/success messages inside an aria-live=""polite"" region.",form.flex.flex-1.flex-col 'Full Name Work Email Phone (Optional) Co',,200,yes,Accessibility Report
http://localhost:3000/digital-services/marketing-automation-crm,Important,P2 - fix soon,Static,svg role=img without a name,An SVG marked role=img has no accessible name.,no aria-label / <title>,"aria-label, aria-labelledby or <title> on role=img SVGs","Add aria-label, or aria-hidden=""true"" if decorative.",svg.text-2xl.text-white [role=img],,200,yes,Accessibility Report
http://localhost:3000/digital-services/marketing-automation-crm,Important,P2 - fix soon,Static,svg role=img without a name,An SVG marked role=img has no accessible name.,no aria-label / <title>,"aria-label, aria-labelledby or <title> on role=img SVGs","Add aria-label, or aria-hidden=""true"" if decorative.",svg.text-2xl.text-white [role=img],,200,yes,Accessibility Report
http://localhost:3000/digital-services/marketing-automation-crm,Important,P2 - fix soon,Static,svg role=img without a name,An SVG marked role=img has no accessible name.,no aria-label / <title>,"aria-label, aria-labelledby or <title> on role=img SVGs","Add aria-label, or aria-hidden=""true"" if decorative.",svg.text-2xl.text-white [role=img],,200,yes,Accessibility Report
http://localhost:3000/digital-services/marketing-automation-crm,Important,P2 - fix soon,Static,svg role=img without a name,An SVG marked role=img has no accessible name.,no aria-label / <title>,"aria-label, aria-labelledby or <title> on role=img SVGs","Add aria-label, or aria-hidden=""true"" if decorative.",svg.text-2xl.text-white [role=img],,200,yes,Accessibility Report
http://localhost:3000/digital-services/marketing-automation-crm,Important,P2 - fix soon,Static,svg role=img without a name,An SVG marked role=img has no accessible name.,no aria-label / <title>,"aria-label, aria-labelledby or <title> on role=img SVGs","Add aria-label, or aria-hidden=""true"" if decorative.",svg.text-2xl.text-white [role=img],,200,yes,Accessibility Report
http://localhost:3000/digital-services/marketing-automation-crm,Important,P2 - fix soon,Static,svg role=img without a name,An SVG marked role=img has no accessible name.,no aria-label / <title>,"aria-label, aria-labelledby or <title> on role=img SVGs","Add aria-label, or aria-hidden=""true"" if decorative.",svg.text-2xl.text-white [role=img],,200,yes,Accessibility Report
http://localhost:3000/digital-services/marketing-automation-crm,Optimization,P3 - improve,Static,Form without aria-live / role=alert region for error messages,Form errors aren't announced to screen-reader users.,(none),An aria-live / role=alert region for form messages,"Render error/success messages inside an aria-live=""polite"" region.",form.flex.flex-1.flex-col 'Full Name Work Email Phone (Optional) Co',,200,yes,Accessibility Report
http://localhost:3000/digital-services/seo-ppc,Important,P2 - fix soon,Static,svg role=img without a name,An SVG marked role=img has no accessible name.,no aria-label / <title>,"aria-label, aria-labelledby or <title> on role=img SVGs","Add aria-label, or aria-hidden=""true"" if decorative.",svg.text-2xl.text-white [role=img],,200,yes,Accessibility Report
http://localhost:3000/digital-services/seo-ppc,Important,P2 - fix soon,Static,svg role=img without a name,An SVG marked role=img has no accessible name.,no aria-label / <title>,"aria-label, aria-labelledby or <title> on role=img SVGs","Add aria-label, or aria-hidden=""true"" if decorative.",svg.text-2xl.text-white [role=img],,200,yes,Accessibility Report
http://localhost:3000/digital-services/seo-ppc,Important,P2 - fix soon,Static,svg role=img without a name,An SVG marked role=img has no accessible name.,no aria-label / <title>,"aria-label, aria-labelledby or <title> on role=img SVGs","Add aria-label, or aria-hidden=""true"" if decorative.",svg.text-2xl.text-white [role=img],,200,yes,Accessibility Report
http://localhost:3000/digital-services/seo-ppc,Important,P2 - fix soon,Static,svg role=img without a name,An SVG marked role=img has no accessible name.,no aria-label / <title>,"aria-label, aria-labelledby or <title> on role=img SVGs","Add aria-label, or aria-hidden=""true"" if decorative.",svg.text-2xl.text-white [role=img],,200,yes,Accessibility Report
http://localhost:3000/digital-services/seo-ppc,Important,P2 - fix soon,Static,svg role=img without a name,An SVG marked role=img has no accessible name.,no aria-label / <title>,"aria-label, aria-labelledby or <title> on role=img SVGs","Add aria-label, or aria-hidden=""true"" if decorative.",svg.text-2xl.text-white [role=img],,200,yes,Accessibility Report
http://localhost:3000/digital-services/seo-ppc,Important,P2 - fix soon,Static,svg role=img without a name,An SVG marked role=img has no accessible name.,no aria-label / <title>,"aria-label, aria-labelledby or <title> on role=img SVGs","Add aria-label, or aria-hidden=""true"" if decorative.",svg.text-2xl.text-white [role=img],,200,yes,Accessibility Report
http://localhost:3000/digital-services/seo-ppc,Optimization,P3 - improve,Static,Form without aria-live / role=alert region for error messages,Form errors aren't announced to screen-reader users.,(none),An aria-live / role=alert region for form messages,"Render error/success messages inside an aria-live=""polite"" region.",form.flex.flex-1.flex-col 'Full Name Work Email Phone (Optional) Co',,200,yes,Accessibility Report
http://localhost:3000/digital-services/social-media-content-creation,Important,P2 - fix soon,Static,svg role=img without a name,An SVG marked role=img has no accessible name.,no aria-label / <title>,"aria-label, aria-labelledby or <title> on role=img SVGs","Add aria-label, or aria-hidden=""true"" if decorative.",svg.text-2xl.text-white [role=img],,200,yes,Accessibility Report
http://localhost:3000/digital-services/social-media-content-creation,Important,P2 - fix soon,Static,svg role=img without a name,An SVG marked role=img has no accessible name.,no aria-label / <title>,"aria-label, aria-labelledby or <title> on role=img SVGs","Add aria-label, or aria-hidden=""true"" if decorative.",svg.text-2xl.text-white [role=img],,200,yes,Accessibility Report
http://localhost:3000/digital-services/social-media-content-creation,Important,P2 - fix soon,Static,svg role=img without a name,An SVG marked role=img has no accessible name.,no aria-label / <title>,"aria-label, aria-labelledby or <title> on role=img SVGs","Add aria-label, or aria-hidden=""true"" if decorative.",svg.text-2xl.text-white [role=img],,200,yes,Accessibility Report
http://localhost:3000/digital-services/social-media-content-creation,Important,P2 - fix soon,Static,svg role=img without a name,An SVG marked role=img has no accessible name.,no aria-label / <title>,"aria-label, aria-labelledby or <title> on role=img SVGs","Add aria-label, or aria-hidden=""true"" if decorative.",svg.text-2xl.text-white [role=img],,200,yes,Accessibility Report
http://localhost:3000/digital-services/social-media-content-creation,Important,P2 - fix soon,Static,svg role=img without a name,An SVG marked role=img has no accessible name.,no aria-label / <title>,"aria-label, aria-labelledby or <title> on role=img SVGs","Add aria-label, or aria-hidden=""true"" if decorative.",svg.text-2xl.text-white [role=img],,200,yes,Accessibility Report
http://localhost:3000/digital-services/social-media-content-creation,Important,P2 - fix soon,Static,svg role=img without a name,An SVG marked role=img has no accessible name.,no aria-label / <title>,"aria-label, aria-labelledby or <title> on role=img SVGs","Add aria-label, or aria-hidden=""true"" if decorative.",svg.text-2xl.text-white [role=img],,200,yes,Accessibility Report
http://localhost:3000/digital-services/social-media-content-creation,Optimization,P3 - improve,Static,Form without aria-live / role=alert region for error messages,Form errors aren't announced to screen-reader users.,(none),An aria-live / role=alert region for form messages,"Render error/success messages inside an aria-live=""polite"" region.",form.flex.flex-1.flex-col 'Full Name Work Email Phone (Optional) Co',,200,yes,Accessibility Report
http://localhost:3000/digital-services/social-media-marketing,Important,P2 - fix soon,Static,svg role=img without a name,An SVG marked role=img has no accessible name.,no aria-label / <title>,"aria-label, aria-labelledby or <title> on role=img SVGs","Add aria-label, or aria-hidden=""true"" if decorative.",svg.text-2xl.text-white [role=img],,200,yes,Accessibility Report
http://localhost:3000/digital-services/social-media-marketing,Important,P2 - fix soon,Static,svg role=img without a name,An SVG marked role=img has no accessible name.,no aria-label / <title>,"aria-label, aria-labelledby or <title> on role=img SVGs","Add aria-label, or aria-hidden=""true"" if decorative.",svg.text-2xl.text-white [role=img],,200,yes,Accessibility Report
http://localhost:3000/digital-services/social-media-marketing,Important,P2 - fix soon,Static,svg role=img without a name,An SVG marked role=img has no accessible name.,no aria-label / <title>,"aria-label, aria-labelledby or <title> on role=img SVGs","Add aria-label, or aria-hidden=""true"" if decorative.",svg.text-2xl.text-white [role=img],,200,yes,Accessibility Report
http://localhost:3000/digital-services/social-media-marketing,Important,P2 - fix soon,Static,svg role=img without a name,An SVG marked role=img has no accessible name.,no aria-label / <title>,"aria-label, aria-labelledby or <title> on role=img SVGs","Add aria-label, or aria-hidden=""true"" if decorative.",svg.text-2xl.text-white [role=img],,200,yes,Accessibility Report
http://localhost:3000/digital-services/social-media-marketing,Important,P2 - fix soon,Static,svg role=img without a name,An SVG marked role=img has no accessible name.,no aria-label / <title>,"aria-label, aria-labelledby or <title> on role=img SVGs","Add aria-label, or aria-hidden=""true"" if decorative.",svg.text-2xl.text-white [role=img],,200,yes,Accessibility Report
http://localhost:3000/digital-services/social-media-marketing,Important,P2 - fix soon,Static,svg role=img without a name,An SVG marked role=img has no accessible name.,no aria-label / <title>,"aria-label, aria-labelledby or <title> on role=img SVGs","Add aria-label, or aria-hidden=""true"" if decorative.",svg.text-2xl.text-white [role=img],,200,yes,Accessibility Report
http://localhost:3000/digital-services/social-media-marketing,Optimization,P3 - improve,Static,Form without aria-live / role=alert region for error messages,Form errors aren't announced to screen-reader users.,(none),An aria-live / role=alert region for form messages,"Render error/success messages inside an aria-live=""polite"" region.",form.flex.flex-1.flex-col 'Full Name Work Email Phone (Optional) Co',,200,yes,Accessibility Report
http://localhost:3000/digital-services/video-editing,Important,P2 - fix soon,Static,svg role=img without a name,An SVG marked role=img has no accessible name.,no aria-label / <title>,"aria-label, aria-labelledby or <title> on role=img SVGs","Add aria-label, or aria-hidden=""true"" if decorative.",svg.text-2xl.text-white [role=img],,200,yes,Accessibility Report
http://localhost:3000/digital-services/video-editing,Important,P2 - fix soon,Static,svg role=img without a name,An SVG marked role=img has no accessible name.,no aria-label / <title>,"aria-label, aria-labelledby or <title> on role=img SVGs","Add aria-label, or aria-hidden=""true"" if decorative.",svg.text-2xl.text-white [role=img],,200,yes,Accessibility Report
http://localhost:3000/digital-services/video-editing,Important,P2 - fix soon,Static,svg role=img without a name,An SVG marked role=img has no accessible name.,no aria-label / <title>,"aria-label, aria-labelledby or <title> on role=img SVGs","Add aria-label, or aria-hidden=""true"" if decorative.",svg.text-2xl.text-white [role=img],,200,yes,Accessibility Report
http://localhost:3000/digital-services/video-editing,Important,P2 - fix soon,Static,svg role=img without a name,An SVG marked role=img has no accessible name.,no aria-label / <title>,"aria-label, aria-labelledby or <title> on role=img SVGs","Add aria-label, or aria-hidden=""true"" if decorative.",svg.text-2xl.text-white [role=img],,200,yes,Accessibility Report
http://localhost:3000/digital-services/video-editing,Important,P2 - fix soon,Static,svg role=img without a name,An SVG marked role=img has no accessible name.,no aria-label / <title>,"aria-label, aria-labelledby or <title> on role=img SVGs","Add aria-label, or aria-hidden=""true"" if decorative.",svg.text-2xl.text-white [role=img],,200,yes,Accessibility Report
http://localhost:3000/digital-services/video-editing,Important,P2 - fix soon,Static,svg role=img without a name,An SVG marked role=img has no accessible name.,no aria-label / <title>,"aria-label, aria-labelledby or <title> on role=img SVGs","Add aria-label, or aria-hidden=""true"" if decorative.",svg.text-2xl.text-white [role=img],,200,yes,Accessibility Report
http://localhost:3000/digital-services/video-editing,Optimization,P3 - improve,Static,Form without aria-live / role=alert region for error messages,Form errors aren't announced to screen-reader users.,(none),An aria-live / role=alert region for form messages,"Render error/success messages inside an aria-live=""polite"" region.",form.flex.flex-1.flex-col 'Full Name Work Email Phone (Optional) Co',,200,yes,Accessibility Report
http://localhost:3000/engagement-model,Important,P2 - fix soon,Touch targets,Touch targets smaller than 24x24 px,"Touch targets are smaller than 24x24 px, too small to tap reliably (WCAG 2.5.8).",57x22 px,24x24 px minimum (44x44 recommended),Increase padding / min-width / min-height of the element.,Home,390 px phone viewport,200,yes,Accessibility Report
http://localhost:3000/engagement-model,Important,P2 - fix soon,Touch targets,Touch targets smaller than 24x24 px,"Touch targets are smaller than 24x24 px, too small to tap reliably (WCAG 2.5.8).",39x22 px,24x24 px minimum (44x44 recommended),Increase padding / min-width / min-height of the element.,About,390 px phone viewport,200,yes,Accessibility Report
http://localhost:3000/engagement-model,Important,P2 - fix soon,Touch targets,Touch targets smaller than 24x24 px,"Touch targets are smaller than 24x24 px, too small to tap reliably (WCAG 2.5.8).",358x20 px,24x24 px minimum (44x44 recommended),Increase padding / min-width / min-height of the element.,hello@semicolon.agency,390 px phone viewport,200,yes,Accessibility Report
http://localhost:3000/engagement-model,Important,P2 - fix soon,Touch targets,Touch targets smaller than 24x24 px,"Touch targets are smaller than 24x24 px, too small to tap reliably (WCAG 2.5.8).",358x20 px,24x24 px minimum (44x44 recommended),Increase padding / min-width / min-height of the element.,+91 95128 15630,390 px phone viewport,200,yes,Accessibility Report
http://localhost:3000/engagement-model,Important,P2 - fix soon,Touch targets,Touch targets smaller than 24x24 px,"Touch targets are smaller than 24x24 px, too small to tap reliably (WCAG 2.5.8).",93x20 px,24x24 px minimum (44x44 recommended),Increase padding / min-width / min-height of the element.,Apply now,390 px phone viewport,200,yes,Accessibility Report
http://localhost:3000/engagement-model,Important,P2 - fix soon,axe-core,color-contrast: Elements must meet minimum color contrast ratio thresholds,Ensure the contrast between foreground and background colors meets WCAG 2 AA minimum contrast ratio thresholds,"Element has insufficient color contrast of 3.05 (foreground color: #009966, background color: #d5f1e7, font size: 6.8pt (9px), font weight: bold). Expected contrast ratio of 4.5:1",no axe-core violation,"Element has insufficient color contrast of 3.05 (foreground color: #009966, background color: #d5f1e7, font size: 6.8pt (9px), font weight: bold). Expected contrast ratio of 4.5:1 - see https://dequeuniversity.com/rules/axe/4.12/color-contrast?application=axeAPI",.bg-emerald-500\/15,"impact serious; html: <span class=""mb-1.5 inline-block rounded-full border px-1.5 py-0.5 text-[8px] font-bold uppercase tracking-wider sm:px-2 sm:text-[9px] bg-emerald-500/",200,yes,Accessibility Report
http://localhost:3000/engagement-model,Important,P2 - fix soon,axe-core,color-contrast: Elements must meet minimum color contrast ratio thresholds,Ensure the contrast between foreground and background colors meets WCAG 2 AA minimum contrast ratio thresholds,"Element has insufficient color contrast of 4.45 (foreground color: #bb4d00, background color: #faf0e1, font size: 9.0pt (12px), font weight: normal). Expected contrast ratio of 4.5:1",no axe-core violation,"Element has insufficient color contrast of 4.45 (foreground color: #bb4d00, background color: #faf0e1, font size: 9.0pt (12px), font weight: normal). Expected contrast ratio of 4.5:1 - see https://dequeuniversity.com/rules/axe/4.12/color-contrast?application=axeAPI",.text-amber-700,"impact serious; html: <p class=""mt-2 inline-block rounded-full px-3 py-1 text-xs font-semibold text-amber-700 dark:text-amber-300 bg-amber-500/10"">Ideal for: <!-- -->Long-t",200,yes,Accessibility Report
http://localhost:3000/engagement-model,Important,P2 - fix soon,axe-core,color-contrast: Elements must meet minimum color contrast ratio thresholds,Ensure the contrast between foreground and background colors meets WCAG 2 AA minimum contrast ratio thresholds,"Element has insufficient color contrast of 4.45 (foreground color: #006ce0, background color: #eef3f9, font size: 10.5pt (14px), font weight: normal). Expected contrast ratio of 4.5:1",no axe-core violation,"Element has insufficient color contrast of 4.45 (foreground color: #006ce0, background color: #eef3f9, font size: 10.5pt (14px), font weight: normal). Expected contrast ratio of 4.5:1 - see https://dequeuniversity.com/rules/axe/4.12/color-contrast?application=axeAPI",".gap-1\.5.inline-flex[href$=""internships""]","impact serious; html: <a class=""group inline-flex items-center gap-1.5 text-sm font-semibold text-primary"" href=""/internships"">",200,yes,Accessibility Report
http://localhost:3000/engagement-model,Optimization,P3 - improve,Touch targets,Touch targets smaller than 44x44 px,Touch targets are smaller than the recommended 44x44 px.,141x36 px,44x44 px,Increase padding / min-height on the element.,"S
Semicolon",390 px phone viewport,200,yes,Accessibility Report
http://localhost:3000/engagement-model,Optimization,P3 - improve,Touch targets,Touch targets smaller than 44x44 px,Touch targets are smaller than the recommended 44x44 px.,87x40 px,44x44 px,Increase padding / min-height on the element.,EN,390 px phone viewport,200,yes,Accessibility Report
http://localhost:3000/engagement-model,Optimization,P3 - improve,Touch targets,Touch targets smaller than 44x44 px,Touch targets are smaller than the recommended 44x44 px.,40x40 px,44x44 px,Increase padding / min-height on the element.,Switch to dark mode,390 px phone viewport,200,yes,Accessibility Report
http://localhost:3000/engagement-model,Optimization,P3 - improve,Touch targets,Touch targets smaller than 44x44 px,Touch targets are smaller than the recommended 44x44 px.,40x40 px,44x44 px,Increase padding / min-height on the element.,Open menu,390 px phone viewport,200,yes,Accessibility Report
http://localhost:3000/engagement-model,Optimization,P3 - improve,Touch targets,Touch targets smaller than 44x44 px,Touch targets are smaller than the recommended 44x44 px.,164x40 px,44x44 px,Increase padding / min-height on the element.,"S
Semicolon",390 px phone viewport,200,yes,Accessibility Report
http://localhost:3000/how-we-work,Important,P2 - fix soon,Touch targets,Touch targets smaller than 24x24 px,"Touch targets are smaller than 24x24 px, too small to tap reliably (WCAG 2.5.8).",57x22 px,24x24 px minimum (44x44 recommended),Increase padding / min-width / min-height of the element.,Home,390 px phone viewport,200,yes,Accessibility Report
http://localhost:3000/how-we-work,Important,P2 - fix soon,Touch targets,Touch targets smaller than 24x24 px,"Touch targets are smaller than 24x24 px, too small to tap reliably (WCAG 2.5.8).",39x22 px,24x24 px minimum (44x44 recommended),Increase padding / min-width / min-height of the element.,About,390 px phone viewport,200,yes,Accessibility Report
http://localhost:3000/how-we-work,Important,P2 - fix soon,Touch targets,Touch targets smaller than 24x24 px,"Touch targets are smaller than 24x24 px, too small to tap reliably (WCAG 2.5.8).",358x20 px,24x24 px minimum (44x44 recommended),Increase padding / min-width / min-height of the element.,hello@semicolon.agency,390 px phone viewport,200,yes,Accessibility Report
http://localhost:3000/how-we-work,Important,P2 - fix soon,Touch targets,Touch targets smaller than 24x24 px,"Touch targets are smaller than 24x24 px, too small to tap reliably (WCAG 2.5.8).",358x20 px,24x24 px minimum (44x44 recommended),Increase padding / min-width / min-height of the element.,+91 95128 15630,390 px phone viewport,200,yes,Accessibility Report
http://localhost:3000/how-we-work,Important,P2 - fix soon,Touch targets,Touch targets smaller than 24x24 px,"Touch targets are smaller than 24x24 px, too small to tap reliably (WCAG 2.5.8).",93x20 px,24x24 px minimum (44x44 recommended),Increase padding / min-width / min-height of the element.,Apply now,390 px phone viewport,200,yes,Accessibility Report
http://localhost:3000/how-we-work,Important,P2 - fix soon,axe-core,color-contrast: Elements must meet minimum color contrast ratio thresholds,Ensure the contrast between foreground and background colors meets WCAG 2 AA minimum contrast ratio thresholds,"Element has insufficient color contrast of 4.31 (foreground color: #006ce0, background color: #e6f0fc, font size: 9.0pt (12px), font weight: normal). Expected contrast ratio of 4.5:1",no axe-core violation,"Element has insufficient color contrast of 4.31 (foreground color: #006ce0, background color: #e6f0fc, font size: 9.0pt (12px), font weight: normal). Expected contrast ratio of 4.5:1 - see https://dequeuniversity.com/rules/axe/4.12/color-contrast?application=axeAPI",.md\:mb-14 > .eyebrow.mb-4,"impact serious; html: <span class=""eyebrow mb-4"">Step by step</span>",200,yes,Accessibility Report
http://localhost:3000/how-we-work,Important,P2 - fix soon,axe-core,color-contrast: Elements must meet minimum color contrast ratio thresholds,Ensure the contrast between foreground and background colors meets WCAG 2 AA minimum contrast ratio thresholds,"Element has insufficient color contrast of 4.22 (foreground color: #006ce0, background color: #e2eef9, font size: 9.0pt (12px), font weight: normal). Expected contrast ratio of 4.5:1",no axe-core violation,"Element has insufficient color contrast of 4.22 (foreground color: #006ce0, background color: #e2eef9, font size: 9.0pt (12px), font weight: normal). Expected contrast ratio of 4.5:1 - see https://dequeuniversity.com/rules/axe/4.12/color-contrast?application=axeAPI",.bg-\[hsl\(var\(--muted\)\/0\.35\)\] > .container-site > .md\:mb-10.mb-6.max-w-2xl > .eyebrow.mb-4,"impact serious; html: <span class=""eyebrow mb-4"">Our toolkit</span>",200,yes,Accessibility Report
http://localhost:3000/how-we-work,Important,P2 - fix soon,axe-core,color-contrast: Elements must meet minimum color contrast ratio thresholds,Ensure the contrast between foreground and background colors meets WCAG 2 AA minimum contrast ratio thresholds,"Element has insufficient color contrast of 4.31 (foreground color: #006ce0, background color: #e6f0fc, font size: 9.0pt (12px), font weight: normal). Expected contrast ratio of 4.5:1",no axe-core violation,"Element has insufficient color contrast of 4.31 (foreground color: #006ce0, background color: #e6f0fc, font size: 9.0pt (12px), font weight: normal). Expected contrast ratio of 4.5:1 - see https://dequeuniversity.com/rules/axe/4.12/color-contrast?application=axeAPI",.lg\:py-24.md\:py-16.py-12:nth-child(4) > .container-site > .md\:mb-10.mb-6.max-w-2xl > .eyebrow.mb-4,"impact serious; html: <span class=""eyebrow mb-4"">Always in the loop</span>",200,yes,Accessibility Report
http://localhost:3000/how-we-work,Important,P2 - fix soon,axe-core,color-contrast: Elements must meet minimum color contrast ratio thresholds,Ensure the contrast between foreground and background colors meets WCAG 2 AA minimum contrast ratio thresholds,"Element has insufficient color contrast of 4.45 (foreground color: #006ce0, background color: #eef3f9, font size: 10.5pt (14px), font weight: normal). Expected contrast ratio of 4.5:1",no axe-core violation,"Element has insufficient color contrast of 4.45 (foreground color: #006ce0, background color: #eef3f9, font size: 10.5pt (14px), font weight: normal). Expected contrast ratio of 4.5:1 - see https://dequeuniversity.com/rules/axe/4.12/color-contrast?application=axeAPI",".gap-1\.5.inline-flex[href$=""internships""]","impact serious; html: <a class=""group inline-flex items-center gap-1.5 text-sm font-semibold text-primary"" href=""/internships"">",200,yes,Accessibility Report
http://localhost:3000/how-we-work,Important,P2 - fix soon,axe-core,listitem: <li> elements must be contained in a <ul> or <ol>,Ensure <li> elements are used semantically,"List item parent element has a role that is not role=""list""",no axe-core violation,"List item parent element has a role that is not role=""list"" - see https://dequeuniversity.com/rules/axe/4.12/listitem?application=axeAPI",.sm\:grid-cols-3 > li:nth-child(1),"impact serious; html: <li style=""opacity: 1; transform: none;"">",200,yes,Accessibility Report
http://localhost:3000/how-we-work,Important,P2 - fix soon,axe-core,listitem: <li> elements must be contained in a <ul> or <ol>,Ensure <li> elements are used semantically,"List item parent element has a role that is not role=""list""",no axe-core violation,"List item parent element has a role that is not role=""list"" - see https://dequeuniversity.com/rules/axe/4.12/listitem?application=axeAPI",.sm\:grid-cols-3 > li:nth-child(2),"impact serious; html: <li style=""opacity: 1; transform: none;"">",200,yes,Accessibility Report
http://localhost:3000/how-we-work,Important,P2 - fix soon,axe-core,listitem: <li> elements must be contained in a <ul> or <ol>,Ensure <li> elements are used semantically,"List item parent element has a role that is not role=""list""",no axe-core violation,"List item parent element has a role that is not role=""list"" - see https://dequeuniversity.com/rules/axe/4.12/listitem?application=axeAPI",.sm\:grid-cols-3 > li:nth-child(3),"impact serious; html: <li style=""opacity: 1; transform: none;"">",200,yes,Accessibility Report
http://localhost:3000/how-we-work,Important,P2 - fix soon,axe-core,listitem: <li> elements must be contained in a <ul> or <ol>,Ensure <li> elements are used semantically,"List item parent element has a role that is not role=""list""",no axe-core violation,"List item parent element has a role that is not role=""list"" - see https://dequeuniversity.com/rules/axe/4.12/listitem?application=axeAPI",.sm\:grid-cols-3 > li:nth-child(4),"impact serious; html: <li style=""opacity: 1; transform: none;"">",200,yes,Accessibility Report
http://localhost:3000/how-we-work,Optimization,P3 - improve,Touch targets,Touch targets smaller than 44x44 px,Touch targets are smaller than the recommended 44x44 px.,141x36 px,44x44 px,Increase padding / min-height on the element.,"S
Semicolon",390 px phone viewport,200,yes,Accessibility Report
http://localhost:3000/how-we-work,Optimization,P3 - improve,Touch targets,Touch targets smaller than 44x44 px,Touch targets are smaller than the recommended 44x44 px.,87x40 px,44x44 px,Increase padding / min-height on the element.,EN,390 px phone viewport,200,yes,Accessibility Report
http://localhost:3000/how-we-work,Optimization,P3 - improve,Touch targets,Touch targets smaller than 44x44 px,Touch targets are smaller than the recommended 44x44 px.,40x40 px,44x44 px,Increase padding / min-height on the element.,Switch to dark mode,390 px phone viewport,200,yes,Accessibility Report
http://localhost:3000/how-we-work,Optimization,P3 - improve,Touch targets,Touch targets smaller than 44x44 px,Touch targets are smaller than the recommended 44x44 px.,40x40 px,44x44 px,Increase padding / min-height on the element.,Open menu,390 px phone viewport,200,yes,Accessibility Report
http://localhost:3000/how-we-work,Optimization,P3 - improve,Touch targets,Touch targets smaller than 44x44 px,Touch targets are smaller than the recommended 44x44 px.,145x42 px,44x44 px,Increase padding / min-height on the element.,Methodology,390 px phone viewport,200,yes,Accessibility Report
http://localhost:3000/how-we-work,Optimization,P3 - improve,Touch targets,Touch targets smaller than 44x44 px,Touch targets are smaller than the recommended 44x44 px.,205x42 px,44x44 px,Increase padding / min-height on the element.,Client communication,390 px phone viewport,200,yes,Accessibility Report
http://localhost:3000/how-we-work,Optimization,P3 - improve,Touch targets,Touch targets smaller than 44x44 px,Touch targets are smaller than the recommended 44x44 px.,198x42 px,44x44 px,Increase padding / min-height on the element.,Project management,390 px phone viewport,200,yes,Accessibility Report
http://localhost:3000/how-we-work,Optimization,P3 - improve,Touch targets,Touch targets smaller than 44x44 px,Touch targets are smaller than the recommended 44x44 px.,202x42 px,44x44 px,Increase padding / min-height on the element.,Design & engineering,390 px phone viewport,200,yes,Accessibility Report
http://localhost:3000/how-we-work,Optimization,P3 - improve,Touch targets,Touch targets smaller than 44x44 px,Touch targets are smaller than the recommended 44x44 px.,195x42 px,44x44 px,Increase padding / min-height on the element.,AI tools & languages,390 px phone viewport,200,yes,Accessibility Report
http://localhost:3000/how-we-work,Optimization,P3 - improve,Touch targets,Touch targets smaller than 44x44 px,Touch targets are smaller than the recommended 44x44 px.,164x40 px,44x44 px,Increase padding / min-height on the element.,"S
Semicolon",390 px phone viewport,200,yes,Accessibility Report
http://localhost:3000/how-we-work,Optimization,P3 - improve,axe-core,aria-allowed-role: ARIA role should be appropriate for the element,Ensure role attribute has an appropriate value for the element,ARIA role tabpanel is not allowed for given element,no axe-core violation,ARIA role tabpanel is not allowed for given element - see https://dequeuniversity.com/rules/axe/4.12/aria-allowed-role?application=axeAPI,.sm\:grid-cols-3,"impact minor; html: <ul role=""tabpanel"" class=""mx-auto grid w-full grid-cols-2 gap-3 sm:grid-cols-3 lg:grid-cols-4"">",200,yes,Accessibility Report
http://localhost:3000/industries,Important,P2 - fix soon,Touch targets,Touch targets smaller than 24x24 px,"Touch targets are smaller than 24x24 px, too small to tap reliably (WCAG 2.5.8).",57x22 px,24x24 px minimum (44x44 recommended),Increase padding / min-width / min-height of the element.,Home,390 px phone viewport,200,yes,Accessibility Report
http://localhost:3000/industries,Important,P2 - fix soon,Touch targets,Touch targets smaller than 24x24 px,"Touch targets are smaller than 24x24 px, too small to tap reliably (WCAG 2.5.8).",358x20 px,24x24 px minimum (44x44 recommended),Increase padding / min-width / min-height of the element.,hello@semicolon.agency,390 px phone viewport,200,yes,Accessibility Report
http://localhost:3000/industries,Important,P2 - fix soon,Touch targets,Touch targets smaller than 24x24 px,"Touch targets are smaller than 24x24 px, too small to tap reliably (WCAG 2.5.8).",358x20 px,24x24 px minimum (44x44 recommended),Increase padding / min-width / min-height of the element.,+91 95128 15630,390 px phone viewport,200,yes,Accessibility Report
http://localhost:3000/industries,Important,P2 - fix soon,Touch targets,Touch targets smaller than 24x24 px,"Touch targets are smaller than 24x24 px, too small to tap reliably (WCAG 2.5.8).",93x20 px,24x24 px minimum (44x44 recommended),Increase padding / min-width / min-height of the element.,Apply now,390 px phone viewport,200,yes,Accessibility Report
http://localhost:3000/industries,Important,P2 - fix soon,axe-core,color-contrast: Elements must meet minimum color contrast ratio thresholds,Ensure the contrast between foreground and background colors meets WCAG 2 AA minimum contrast ratio thresholds,"Element has insufficient color contrast of 4.45 (foreground color: #006ce0, background color: #eef3f9, font size: 10.5pt (14px), font weight: normal). Expected contrast ratio of 4.5:1",no axe-core violation,"Element has insufficient color contrast of 4.45 (foreground color: #006ce0, background color: #eef3f9, font size: 10.5pt (14px), font weight: normal). Expected contrast ratio of 4.5:1 - see https://dequeuniversity.com/rules/axe/4.12/color-contrast?application=axeAPI",".gap-1\.5.text-primary[href$=""internships""]","impact serious; html: <a class=""group inline-flex items-center gap-1.5 text-sm font-semibold text-primary"" href=""/internships"">",200,yes,Accessibility Report
http://localhost:3000/industries,Optimization,P3 - improve,Touch targets,Touch targets smaller than 44x44 px,Touch targets are smaller than the recommended 44x44 px.,141x36 px,44x44 px,Increase padding / min-height on the element.,"S
Semicolon",390 px phone viewport,200,yes,Accessibility Report
http://localhost:3000/industries,Optimization,P3 - improve,Touch targets,Touch targets smaller than 44x44 px,Touch targets are smaller than the recommended 44x44 px.,87x40 px,44x44 px,Increase padding / min-height on the element.,EN,390 px phone viewport,200,yes,Accessibility Report
http://localhost:3000/industries,Optimization,P3 - improve,Touch targets,Touch targets smaller than 44x44 px,Touch targets are smaller than the recommended 44x44 px.,40x40 px,44x44 px,Increase padding / min-height on the element.,Switch to dark mode,390 px phone viewport,200,yes,Accessibility Report
http://localhost:3000/industries,Optimization,P3 - improve,Touch targets,Touch targets smaller than 44x44 px,Touch targets are smaller than the recommended 44x44 px.,40x40 px,44x44 px,Increase padding / min-height on the element.,Open menu,390 px phone viewport,200,yes,Accessibility Report
http://localhost:3000/industries,Optimization,P3 - improve,Touch targets,Touch targets smaller than 44x44 px,Touch targets are smaller than the recommended 44x44 px.,164x40 px,44x44 px,Increase padding / min-height on the element.,"S
Semicolon",390 px phone viewport,200,yes,Accessibility Report
http://localhost:3000/industries/agriculture,Optimization,P3 - improve,Static,Form without aria-live / role=alert region for error messages,Form errors aren't announced to screen-reader users.,(none),An aria-live / role=alert region for form messages,"Render error/success messages inside an aria-live=""polite"" region.",form.flex.flex-1.flex-col 'Full Name Work Email Phone (Optional) Co',,200,yes,Accessibility Report
http://localhost:3000/industries/ai-data,Optimization,P3 - improve,Static,Form without aria-live / role=alert region for error messages,Form errors aren't announced to screen-reader users.,(none),An aria-live / role=alert region for form messages,"Render error/success messages inside an aria-live=""polite"" region.",form.flex.flex-1.flex-col 'Full Name Work Email Phone (Optional) Co',,200,yes,Accessibility Report
http://localhost:3000/industries/automotive,Optimization,P3 - improve,Static,Form without aria-live / role=alert region for error messages,Form errors aren't announced to screen-reader users.,(none),An aria-live / role=alert region for form messages,"Render error/success messages inside an aria-live=""polite"" region.",form.flex.flex-1.flex-col 'Full Name Work Email Phone (Optional) Co',,200,yes,Accessibility Report
http://localhost:3000/industries/banking-finance,Important,P2 - fix soon,Touch targets,Touch targets smaller than 24x24 px,"Touch targets are smaller than 24x24 px, too small to tap reliably (WCAG 2.5.8).",57x22 px,24x24 px minimum (44x44 recommended),Increase padding / min-width / min-height of the element.,Home,390 px phone viewport,200,yes,Accessibility Report
http://localhost:3000/industries/banking-finance,Important,P2 - fix soon,Touch targets,Touch targets smaller than 24x24 px,"Touch targets are smaller than 24x24 px, too small to tap reliably (WCAG 2.5.8).",65x22 px,24x24 px minimum (44x44 recommended),Increase padding / min-width / min-height of the element.,Industries,390 px phone viewport,200,yes,Accessibility Report
http://localhost:3000/industries/banking-finance,Important,P2 - fix soon,Touch targets,Touch targets smaller than 24x24 px,"Touch targets are smaller than 24x24 px, too small to tap reliably (WCAG 2.5.8).",358x20 px,24x24 px minimum (44x44 recommended),Increase padding / min-width / min-height of the element.,hello@semicolon.agency,390 px phone viewport,200,yes,Accessibility Report
http://localhost:3000/industries/banking-finance,Important,P2 - fix soon,Touch targets,Touch targets smaller than 24x24 px,"Touch targets are smaller than 24x24 px, too small to tap reliably (WCAG 2.5.8).",358x20 px,24x24 px minimum (44x44 recommended),Increase padding / min-width / min-height of the element.,+91 95128 15630,390 px phone viewport,200,yes,Accessibility Report
http://localhost:3000/industries/banking-finance,Important,P2 - fix soon,Touch targets,Touch targets smaller than 24x24 px,"Touch targets are smaller than 24x24 px, too small to tap reliably (WCAG 2.5.8).",93x20 px,24x24 px minimum (44x44 recommended),Increase padding / min-width / min-height of the element.,Apply now,390 px phone viewport,200,yes,Accessibility Report
http://localhost:3000/industries/banking-finance,Important,P2 - fix soon,axe-core,color-contrast: Elements must meet minimum color contrast ratio thresholds,Ensure the contrast between foreground and background colors meets WCAG 2 AA minimum contrast ratio thresholds,"Element has insufficient color contrast of 4.31 (foreground color: #006ce0, background color: #e6f0fc, font size: 9.0pt (12px), font weight: normal). Expected contrast ratio of 4.5:1",no axe-core violation,"Element has insufficient color contrast of 4.31 (foreground color: #006ce0, background color: #e6f0fc, font size: 9.0pt (12px), font weight: normal). Expected contrast ratio of 4.5:1 - see https://dequeuniversity.com/rules/axe/4.12/color-contrast?application=axeAPI",.gap-10.lg\:grid-cols-2.lg\:gap-16 > .lg\:text-left.text-center > .eyebrow.mb-4,"impact serious; html: <span class=""eyebrow mb-4"">Overview</span>",200,yes,Accessibility Report
http://localhost:3000/industries/banking-finance,Important,P2 - fix soon,axe-core,color-contrast: Elements must meet minimum color contrast ratio thresholds,Ensure the contrast between foreground and background colors meets WCAG 2 AA minimum contrast ratio thresholds,"Element has insufficient color contrast of 4.18 (foreground color: #006ce0, background color: #e1edf9, font size: 9.0pt (12px), font weight: normal). Expected contrast ratio of 4.5:1",no axe-core violation,"Element has insufficient color contrast of 4.18 (foreground color: #006ce0, background color: #e1edf9, font size: 9.0pt (12px), font weight: normal). Expected contrast ratio of 4.5:1 - see https://dequeuniversity.com/rules/axe/4.12/color-contrast?application=axeAPI",.bg-muted\/40.section:nth-child(4) > .container-site > .md\:mb-14.mb-10.max-w-3xl > .eyebrow.mb-4,"impact serious; html: <span class=""eyebrow mb-4"">Challenges</span>",200,yes,Accessibility Report
http://localhost:3000/industries/banking-finance,Important,P2 - fix soon,axe-core,color-contrast: Elements must meet minimum color contrast ratio thresholds,Ensure the contrast between foreground and background colors meets WCAG 2 AA minimum contrast ratio thresholds,"Element has insufficient color contrast of 4.31 (foreground color: #006ce0, background color: #e6f0fc, font size: 9.0pt (12px), font weight: normal). Expected contrast ratio of 4.5:1",no axe-core violation,"Element has insufficient color contrast of 4.31 (foreground color: #006ce0, background color: #e6f0fc, font size: 9.0pt (12px), font weight: normal). Expected contrast ratio of 4.5:1 - see https://dequeuniversity.com/rules/axe/4.12/color-contrast?application=axeAPI",.section:nth-child(5) > .container-site > .md\:mb-14.mb-10.max-w-3xl > .eyebrow.mb-4,"impact serious; html: <span class=""eyebrow mb-4"">Solutions</span>",200,yes,Accessibility Report
http://localhost:3000/industries/banking-finance,Important,P2 - fix soon,axe-core,color-contrast: Elements must meet minimum color contrast ratio thresholds,Ensure the contrast between foreground and background colors meets WCAG 2 AA minimum contrast ratio thresholds,"Element has insufficient color contrast of 4.18 (foreground color: #006ce0, background color: #e1edf9, font size: 9.0pt (12px), font weight: normal). Expected contrast ratio of 4.5:1",no axe-core violation,"Element has insufficient color contrast of 4.18 (foreground color: #006ce0, background color: #e1edf9, font size: 9.0pt (12px), font weight: normal). Expected contrast ratio of 4.5:1 - see https://dequeuniversity.com/rules/axe/4.12/color-contrast?application=axeAPI",.bg-muted\/40.section:nth-child(6) > .container-site > .md\:mb-14.mb-10.max-w-3xl > .eyebrow.mb-4,"impact serious; html: <span class=""eyebrow mb-4"">Capabilities</span>",200,yes,Accessibility Report
http://localhost:3000/industries/banking-finance,Important,P2 - fix soon,axe-core,color-contrast: Elements must meet minimum color contrast ratio thresholds,Ensure the contrast between foreground and background colors meets WCAG 2 AA minimum contrast ratio thresholds,"Element has insufficient color contrast of 4.31 (foreground color: #006ce0, background color: #e6f0fc, font size: 9.0pt (12px), font weight: normal). Expected contrast ratio of 4.5:1",no axe-core violation,"Element has insufficient color contrast of 4.31 (foreground color: #006ce0, background color: #e6f0fc, font size: 9.0pt (12px), font weight: normal). Expected contrast ratio of 4.5:1 - see https://dequeuniversity.com/rules/axe/4.12/color-contrast?application=axeAPI",.section:nth-child(7) > .container-site > .md\:mb-14.mb-10.max-w-3xl > .eyebrow.mb-4,"impact serious; html: <span class=""eyebrow mb-4"">Use cases</span>",200,yes,Accessibility Report
http://localhost:3000/industries/banking-finance,Important,P2 - fix soon,axe-core,color-contrast: Elements must meet minimum color contrast ratio thresholds,Ensure the contrast between foreground and background colors meets WCAG 2 AA minimum contrast ratio thresholds,"Element has insufficient color contrast of 4.18 (foreground color: #006ce0, background color: #e1edf9, font size: 9.0pt (12px), font weight: normal). Expected contrast ratio of 4.5:1",no axe-core violation,"Element has insufficient color contrast of 4.18 (foreground color: #006ce0, background color: #e1edf9, font size: 9.0pt (12px), font weight: normal). Expected contrast ratio of 4.5:1 - see https://dequeuniversity.com/rules/axe/4.12/color-contrast?application=axeAPI",.bg-muted\/40.section:nth-child(8) > .container-site > .md\:mb-14.mb-10.max-w-3xl > .eyebrow.mb-4,"impact serious; html: <span class=""eyebrow mb-4"">Security</span>",200,yes,Accessibility Report
http://localhost:3000/industries/banking-finance,Important,P2 - fix soon,axe-core,color-contrast: Elements must meet minimum color contrast ratio thresholds,Ensure the contrast between foreground and background colors meets WCAG 2 AA minimum contrast ratio thresholds,"Element has insufficient color contrast of 4.31 (foreground color: #006ce0, background color: #e6f0fc, font size: 9.0pt (12px), font weight: normal). Expected contrast ratio of 4.5:1",no axe-core violation,"Element has insufficient color contrast of 4.31 (foreground color: #006ce0, background color: #e6f0fc, font size: 9.0pt (12px), font weight: normal). Expected contrast ratio of 4.5:1 - see https://dequeuniversity.com/rules/axe/4.12/color-contrast?application=axeAPI",.section:nth-child(9) > .container-site > .md\:mb-14.mb-10.max-w-3xl > .eyebrow.mb-4,"impact serious; html: <span class=""eyebrow mb-4"">Technology</span>",200,yes,Accessibility Report
http://localhost:3000/industries/banking-finance,Important,P2 - fix soon,axe-core,color-contrast: Elements must meet minimum color contrast ratio thresholds,Ensure the contrast between foreground and background colors meets WCAG 2 AA minimum contrast ratio thresholds,"Element has insufficient color contrast of 4.18 (foreground color: #006ce0, background color: #e1edf9, font size: 9.0pt (12px), font weight: normal). Expected contrast ratio of 4.5:1",no axe-core violation,"Element has insufficient color contrast of 4.18 (foreground color: #006ce0, background color: #e1edf9, font size: 9.0pt (12px), font weight: normal). Expected contrast ratio of 4.5:1 - see https://dequeuniversity.com/rules/axe/4.12/color-contrast?application=axeAPI",.bg-muted\/40.section:nth-child(10) > .container-site > .md\:mb-14.mb-10.max-w-3xl > .eyebrow.mb-4,"impact serious; html: <span class=""eyebrow mb-4"">Case studies</span>",200,yes,Accessibility Report
http://localhost:3000/industries/banking-finance,Important,P2 - fix soon,axe-core,color-contrast: Elements must meet minimum color contrast ratio thresholds,Ensure the contrast between foreground and background colors meets WCAG 2 AA minimum contrast ratio thresholds,"Element has insufficient color contrast of 4.22 (foreground color: #006ce0, background color: #e2eefa, font size: 9.0pt (12px), font weight: normal). Expected contrast ratio of 4.5:1",no axe-core violation,"Element has insufficient color contrast of 4.22 (foreground color: #006ce0, background color: #e2eefa, font size: 9.0pt (12px), font weight: normal). Expected contrast ratio of 4.5:1 - see https://dequeuniversity.com/rules/axe/4.12/color-contrast?application=axeAPI","section[aria-labelledby=""related-links-title""] > .container-site > .mb-10.max-w-3xl.text-center > .eyebrow.mb-4","impact serious; html: <span class=""eyebrow mb-4"">Explore more</span>",200,yes,Accessibility Report
http://localhost:3000/industries/banking-finance,Important,P2 - fix soon,axe-core,color-contrast: Elements must meet minimum color contrast ratio thresholds,Ensure the contrast between foreground and background colors meets WCAG 2 AA minimum contrast ratio thresholds,"Element has insufficient color contrast of 4.31 (foreground color: #006ce0, background color: #e6f0fc, font size: 9.0pt (12px), font weight: normal). Expected contrast ratio of 4.5:1",no axe-core violation,"Element has insufficient color contrast of 4.31 (foreground color: #006ce0, background color: #e6f0fc, font size: 9.0pt (12px), font weight: normal). Expected contrast ratio of 4.5:1 - see https://dequeuniversity.com/rules/axe/4.12/color-contrast?application=axeAPI",.container-narrow > .md\:mb-14.mb-10.max-w-3xl > .eyebrow.mb-4,"impact serious; html: <span class=""eyebrow mb-4"">FAQ</span>",200,yes,Accessibility Report
http://localhost:3000/industries/banking-finance,Important,P2 - fix soon,axe-core,color-contrast: Elements must meet minimum color contrast ratio thresholds,Ensure the contrast between foreground and background colors meets WCAG 2 AA minimum contrast ratio thresholds,"Element has insufficient color contrast of 4.45 (foreground color: #006ce0, background color: #eef3f9, font size: 10.5pt (14px), font weight: normal). Expected contrast ratio of 4.5:1",no axe-core violation,"Element has insufficient color contrast of 4.45 (foreground color: #006ce0, background color: #eef3f9, font size: 10.5pt (14px), font weight: normal). Expected contrast ratio of 4.5:1 - see https://dequeuniversity.com/rules/axe/4.12/color-contrast?application=axeAPI",".gap-1\.5.text-primary[href$=""internships""]","impact serious; html: <a class=""group inline-flex items-center gap-1.5 text-sm font-semibold text-primary"" href=""/internships"">",200,yes,Accessibility Report
http://localhost:3000/industries/banking-finance,Optimization,P3 - improve,Static,Form without aria-live / role=alert region for error messages,Form errors aren't announced to screen-reader users.,(none),An aria-live / role=alert region for form messages,"Render error/success messages inside an aria-live=""polite"" region.",form.flex.flex-1.flex-col 'Full Name Work Email Phone (Optional) Co',,200,yes,Accessibility Report
http://localhost:3000/industries/banking-finance,Optimization,P3 - improve,Touch targets,Touch targets smaller than 44x44 px,Touch targets are smaller than the recommended 44x44 px.,141x36 px,44x44 px,Increase padding / min-height on the element.,"S
Semicolon",390 px phone viewport,200,yes,Accessibility Report
http://localhost:3000/industries/banking-finance,Optimization,P3 - improve,Touch targets,Touch targets smaller than 44x44 px,Touch targets are smaller than the recommended 44x44 px.,87x40 px,44x44 px,Increase padding / min-height on the element.,EN,390 px phone viewport,200,yes,Accessibility Report
http://localhost:3000/industries/banking-finance,Optimization,P3 - improve,Touch targets,Touch targets smaller than 44x44 px,Touch targets are smaller than the recommended 44x44 px.,40x40 px,44x44 px,Increase padding / min-height on the element.,Switch to dark mode,390 px phone viewport,200,yes,Accessibility Report
http://localhost:3000/industries/banking-finance,Optimization,P3 - improve,Touch targets,Touch targets smaller than 44x44 px,Touch targets are smaller than the recommended 44x44 px.,40x40 px,44x44 px,Increase padding / min-height on the element.,Open menu,390 px phone viewport,200,yes,Accessibility Report
http://localhost:3000/industries/banking-finance,Optimization,P3 - improve,Touch targets,Touch targets smaller than 44x44 px,Touch targets are smaller than the recommended 44x44 px.,88x34 px,44x44 px,Increase padding / min-height on the element.,React,390 px phone viewport,200,yes,Accessibility Report
http://localhost:3000/industries/banking-finance,Optimization,P3 - improve,Touch targets,Touch targets smaller than 44x44 px,Touch targets are smaller than the recommended 44x44 px.,93x34 px,44x44 px,Increase padding / min-height on the element.,Flutter,390 px phone viewport,200,yes,Accessibility Report
http://localhost:3000/industries/banking-finance,Optimization,P3 - improve,Touch targets,Touch targets smaller than 44x44 px,Touch targets are smaller than the recommended 44x44 px.,129x34 px,44x44 px,Increase padding / min-height on the element.,Java Spring,390 px phone viewport,200,yes,Accessibility Report
http://localhost:3000/industries/banking-finance,Optimization,P3 - improve,Touch targets,Touch targets smaller than 44x44 px,Touch targets are smaller than the recommended 44x44 px.,118x34 px,44x44 px,Increase padding / min-height on the element.,.NET Core,390 px phone viewport,200,yes,Accessibility Report
http://localhost:3000/industries/banking-finance,Optimization,P3 - improve,Touch targets,Touch targets smaller than 44x44 px,Touch targets are smaller than the recommended 44x44 px.,129x34 px,44x44 px,Increase padding / min-height on the element.,PostgreSQL,390 px phone viewport,200,yes,Accessibility Report
http://localhost:3000/industries/banking-finance,Optimization,P3 - improve,Touch targets,Touch targets smaller than 44x44 px,Touch targets are smaller than the recommended 44x44 px.,89x34 px,44x44 px,Increase padding / min-height on the element.,Azure,390 px phone viewport,200,yes,Accessibility Report
http://localhost:3000/industries/banking-finance,Optimization,P3 - improve,Touch targets,Touch targets smaller than 44x44 px,Touch targets are smaller than the recommended 44x44 px.,316x38 px,44x44 px,Increase padding / min-height on the element.,Enterprise Software Solutions,390 px phone viewport,200,yes,Accessibility Report
http://localhost:3000/industries/banking-finance,Optimization,P3 - improve,Touch targets,Touch targets smaller than 44x44 px,Touch targets are smaller than the recommended 44x44 px.,316x38 px,44x44 px,Increase padding / min-height on the element.,Blockchain Development,390 px phone viewport,200,yes,Accessibility Report
http://localhost:3000/industries/banking-finance,Optimization,P3 - improve,Touch targets,Touch targets smaller than 44x44 px,Touch targets are smaller than the recommended 44x44 px.,316x38 px,44x44 px,Increase padding / min-height on the element.,Web App Testing,390 px phone viewport,200,yes,Accessibility Report
http://localhost:3000/industries/banking-finance,Optimization,P3 - improve,Touch targets,Touch targets smaller than 44x44 px,Touch targets are smaller than the recommended 44x44 px.,316x38 px,44x44 px,Increase padding / min-height on the element.,Custom Software Development,390 px phone viewport,200,yes,Accessibility Report
http://localhost:3000/industries/banking-finance,Optimization,P3 - improve,Touch targets,Touch targets smaller than 44x44 px,Touch targets are smaller than the recommended 44x44 px.,316x38 px,44x44 px,Increase padding / min-height on the element.,Web App Development,390 px phone viewport,200,yes,Accessibility Report
http://localhost:3000/industries/banking-finance,Optimization,P3 - improve,Touch targets,Touch targets smaller than 44x44 px,Touch targets are smaller than the recommended 44x44 px.,316x38 px,44x44 px,Increase padding / min-height on the element.,Cross Platform App Development,390 px phone viewport,200,yes,Accessibility Report
http://localhost:3000/industries/banking-finance,Optimization,P3 - improve,Touch targets,Touch targets smaller than 44x44 px,Touch targets are smaller than the recommended 44x44 px.,316x38 px,44x44 px,Increase padding / min-height on the element.,React,390 px phone viewport,200,yes,Accessibility Report
http://localhost:3000/industries/banking-finance,Optimization,P3 - improve,Touch targets,Touch targets smaller than 44x44 px,Touch targets are smaller than the recommended 44x44 px.,316x38 px,44x44 px,Increase padding / min-height on the element.,Flutter,390 px phone viewport,200,yes,Accessibility Report
http://localhost:3000/industries/banking-finance,Optimization,P3 - improve,Touch targets,Touch targets smaller than 44x44 px,Touch targets are smaller than the recommended 44x44 px.,316x38 px,44x44 px,Increase padding / min-height on the element.,Java Spring,390 px phone viewport,200,yes,Accessibility Report
http://localhost:3000/industries/banking-finance,Optimization,P3 - improve,Touch targets,Touch targets smaller than 44x44 px,Touch targets are smaller than the recommended 44x44 px.,316x38 px,44x44 px,Increase padding / min-height on the element.,.NET Core,390 px phone viewport,200,yes,Accessibility Report
http://localhost:3000/industries/banking-finance,Optimization,P3 - improve,Touch targets,Touch targets smaller than 44x44 px,Touch targets are smaller than the recommended 44x44 px.,316x38 px,44x44 px,Increase padding / min-height on the element.,PostgreSQL,390 px phone viewport,200,yes,Accessibility Report
http://localhost:3000/industries/banking-finance,Optimization,P3 - improve,Touch targets,Touch targets smaller than 44x44 px,Touch targets are smaller than the recommended 44x44 px.,316x38 px,44x44 px,Increase padding / min-height on the element.,Azure,390 px phone viewport,200,yes,Accessibility Report
http://localhost:3000/industries/banking-finance,Optimization,P3 - improve,Touch targets,Touch targets smaller than 44x44 px,Touch targets are smaller than the recommended 44x44 px.,316x38 px,44x44 px,Increase padding / min-height on the element.,Healthcare,390 px phone viewport,200,yes,Accessibility Report
http://localhost:3000/industries/banking-finance,Optimization,P3 - improve,Touch targets,Touch targets smaller than 44x44 px,Touch targets are smaller than the recommended 44x44 px.,316x38 px,44x44 px,Increase padding / min-height on the element.,Retail & E-Commerce,390 px phone viewport,200,yes,Accessibility Report
http://localhost:3000/industries/banking-finance,Optimization,P3 - improve,Touch targets,Touch targets smaller than 44x44 px,Touch targets are smaller than the recommended 44x44 px.,316x38 px,44x44 px,Increase padding / min-height on the element.,Education,390 px phone viewport,200,yes,Accessibility Report
http://localhost:3000/industries/banking-finance,Optimization,P3 - improve,Touch targets,Touch targets smaller than 44x44 px,Touch targets are smaller than the recommended 44x44 px.,316x38 px,44x44 px,Increase padding / min-height on the element.,Travel & Hospitality,390 px phone viewport,200,yes,Accessibility Report
http://localhost:3000/industries/banking-finance,Optimization,P3 - improve,Touch targets,Touch targets smaller than 44x44 px,Touch targets are smaller than the recommended 44x44 px.,316x38 px,44x44 px,Increase padding / min-height on the element.,Real Estate,390 px phone viewport,200,yes,Accessibility Report
http://localhost:3000/industries/banking-finance,Optimization,P3 - improve,Touch targets,Touch targets smaller than 44x44 px,Touch targets are smaller than the recommended 44x44 px.,316x38 px,44x44 px,Increase padding / min-height on the element.,Logistics & Transportation,390 px phone viewport,200,yes,Accessibility Report
http://localhost:3000/industries/banking-finance,Optimization,P3 - improve,Touch targets,Touch targets smaller than 44x44 px,Touch targets are smaller than the recommended 44x44 px.,306x40 px,44x44 px,Increase padding / min-height on the element.,INPUT,390 px phone viewport,200,yes,Accessibility Report
http://localhost:3000/industries/banking-finance,Optimization,P3 - improve,Touch targets,Touch targets smaller than 44x44 px,Touch targets are smaller than the recommended 44x44 px.,306x40 px,44x44 px,Increase padding / min-height on the element.,INPUT,390 px phone viewport,200,yes,Accessibility Report
http://localhost:3000/industries/banking-finance,Optimization,P3 - improve,Touch targets,Touch targets smaller than 44x44 px,Touch targets are smaller than the recommended 44x44 px.,306x40 px,44x44 px,Increase padding / min-height on the element.,INPUT,390 px phone viewport,200,yes,Accessibility Report
http://localhost:3000/industries/banking-finance,Optimization,P3 - improve,Touch targets,Touch targets smaller than 44x44 px,Touch targets are smaller than the recommended 44x44 px.,306x40 px,44x44 px,Increase padding / min-height on the element.,INPUT,390 px phone viewport,200,yes,Accessibility Report
http://localhost:3000/industries/banking-finance,Optimization,P3 - improve,Touch targets,Touch targets smaller than 44x44 px,Touch targets are smaller than the recommended 44x44 px.,164x40 px,44x44 px,Increase padding / min-height on the element.,"S
Semicolon",390 px phone viewport,200,yes,Accessibility Report
http://localhost:3000/industries/banking-finance,Optimization,P3 - improve,axe-core,landmark-unique: Landmarks should have a unique role or role/label/title (i.e. accessible name) combination,Ensure landmarks are unique,"The landmark must have a unique aria-label, aria-labelledby, or title to make landmarks distinguishable",no axe-core violation,"The landmark must have a unique aria-label, aria-labelledby, or title to make landmarks distinguishable - see https://dequeuniversity.com/rules/axe/4.12/landmark-unique?application=axeAPI",".sm\:p-6[aria-label=""Technologies""]","impact moderate; html: <nav aria-label=""Technologies"" class=""card-surface flex flex-col p-5 sm:p-6"">",200,yes,Accessibility Report
http://localhost:3000/industries/construction,Optimization,P3 - improve,Static,Form without aria-live / role=alert region for error messages,Form errors aren't announced to screen-reader users.,(none),An aria-live / role=alert region for form messages,"Render error/success messages inside an aria-live=""polite"" region.",form.flex.flex-1.flex-col 'Full Name Work Email Phone (Optional) Co',,200,yes,Accessibility Report
http://localhost:3000/industries/corporate,Optimization,P3 - improve,Static,Form without aria-live / role=alert region for error messages,Form errors aren't announced to screen-reader users.,(none),An aria-live / role=alert region for form messages,"Render error/success messages inside an aria-live=""polite"" region.",form.flex.flex-1.flex-col 'Full Name Work Email Phone (Optional) Co',,200,yes,Accessibility Report
http://localhost:3000/industries/cybersecurity,Optimization,P3 - improve,Static,Form without aria-live / role=alert region for error messages,Form errors aren't announced to screen-reader users.,(none),An aria-live / role=alert region for form messages,"Render error/success messages inside an aria-live=""polite"" region.",form.flex.flex-1.flex-col 'Full Name Work Email Phone (Optional) Co',,200,yes,Accessibility Report
http://localhost:3000/industries/education,Optimization,P3 - improve,Static,Form without aria-live / role=alert region for error messages,Form errors aren't announced to screen-reader users.,(none),An aria-live / role=alert region for form messages,"Render error/success messages inside an aria-live=""polite"" region.",form.flex.flex-1.flex-col 'Full Name Work Email Phone (Optional) Co',,200,yes,Accessibility Report
http://localhost:3000/industries/energy-utilities,Optimization,P3 - improve,Static,Form without aria-live / role=alert region for error messages,Form errors aren't announced to screen-reader users.,(none),An aria-live / role=alert region for form messages,"Render error/success messages inside an aria-live=""polite"" region.",form.flex.flex-1.flex-col 'Full Name Work Email Phone (Optional) Co',,200,yes,Accessibility Report
http://localhost:3000/industries/food-restaurant,Optimization,P3 - improve,Static,Form without aria-live / role=alert region for error messages,Form errors aren't announced to screen-reader users.,(none),An aria-live / role=alert region for form messages,"Render error/success messages inside an aria-live=""polite"" region.",form.flex.flex-1.flex-col 'Full Name Work Email Phone (Optional) Co',,200,yes,Accessibility Report
http://localhost:3000/industries/gaming,Optimization,P3 - improve,Static,Form without aria-live / role=alert region for error messages,Form errors aren't announced to screen-reader users.,(none),An aria-live / role=alert region for form messages,"Render error/success messages inside an aria-live=""polite"" region.",form.flex.flex-1.flex-col 'Full Name Work Email Phone (Optional) Co',,200,yes,Accessibility Report
http://localhost:3000/industries/government,Optimization,P3 - improve,Static,Form without aria-live / role=alert region for error messages,Form errors aren't announced to screen-reader users.,(none),An aria-live / role=alert region for form messages,"Render error/success messages inside an aria-live=""polite"" region.",form.flex.flex-1.flex-col 'Full Name Work Email Phone (Optional) Co',,200,yes,Accessibility Report
http://localhost:3000/industries/healthcare,Important,P2 - fix soon,Touch targets,Touch targets smaller than 24x24 px,"Touch targets are smaller than 24x24 px, too small to tap reliably (WCAG 2.5.8).",57x22 px,24x24 px minimum (44x44 recommended),Increase padding / min-width / min-height of the element.,Home,390 px phone viewport,200,yes,Accessibility Report
http://localhost:3000/industries/healthcare,Important,P2 - fix soon,Touch targets,Touch targets smaller than 24x24 px,"Touch targets are smaller than 24x24 px, too small to tap reliably (WCAG 2.5.8).",65x22 px,24x24 px minimum (44x44 recommended),Increase padding / min-width / min-height of the element.,Industries,390 px phone viewport,200,yes,Accessibility Report
http://localhost:3000/industries/healthcare,Important,P2 - fix soon,Touch targets,Touch targets smaller than 24x24 px,"Touch targets are smaller than 24x24 px, too small to tap reliably (WCAG 2.5.8).",358x20 px,24x24 px minimum (44x44 recommended),Increase padding / min-width / min-height of the element.,hello@semicolon.agency,390 px phone viewport,200,yes,Accessibility Report
http://localhost:3000/industries/healthcare,Important,P2 - fix soon,Touch targets,Touch targets smaller than 24x24 px,"Touch targets are smaller than 24x24 px, too small to tap reliably (WCAG 2.5.8).",358x20 px,24x24 px minimum (44x44 recommended),Increase padding / min-width / min-height of the element.,+91 95128 15630,390 px phone viewport,200,yes,Accessibility Report
http://localhost:3000/industries/healthcare,Important,P2 - fix soon,Touch targets,Touch targets smaller than 24x24 px,"Touch targets are smaller than 24x24 px, too small to tap reliably (WCAG 2.5.8).",93x20 px,24x24 px minimum (44x44 recommended),Increase padding / min-width / min-height of the element.,Apply now,390 px phone viewport,200,yes,Accessibility Report
http://localhost:3000/industries/healthcare,Important,P2 - fix soon,axe-core,color-contrast: Elements must meet minimum color contrast ratio thresholds,Ensure the contrast between foreground and background colors meets WCAG 2 AA minimum contrast ratio thresholds,"Element has insufficient color contrast of 4.31 (foreground color: #006ce0, background color: #e6f0fc, font size: 9.0pt (12px), font weight: normal). Expected contrast ratio of 4.5:1",no axe-core violation,"Element has insufficient color contrast of 4.31 (foreground color: #006ce0, background color: #e6f0fc, font size: 9.0pt (12px), font weight: normal). Expected contrast ratio of 4.5:1 - see https://dequeuniversity.com/rules/axe/4.12/color-contrast?application=axeAPI",.gap-10.lg\:grid-cols-2.lg\:gap-16 > .lg\:text-left.text-center > .eyebrow.mb-4,"impact serious; html: <span class=""eyebrow mb-4"">Overview</span>",200,yes,Accessibility Report
http://localhost:3000/industries/healthcare,Important,P2 - fix soon,axe-core,color-contrast: Elements must meet minimum color contrast ratio thresholds,Ensure the contrast between foreground and background colors meets WCAG 2 AA minimum contrast ratio thresholds,"Element has insufficient color contrast of 4.18 (foreground color: #006ce0, background color: #e1edf9, font size: 9.0pt (12px), font weight: normal). Expected contrast ratio of 4.5:1",no axe-core violation,"Element has insufficient color contrast of 4.18 (foreground color: #006ce0, background color: #e1edf9, font size: 9.0pt (12px), font weight: normal). Expected contrast ratio of 4.5:1 - see https://dequeuniversity.com/rules/axe/4.12/color-contrast?application=axeAPI",.bg-muted\/40.section:nth-child(4) > .container-site > .md\:mb-14.mb-10.max-w-3xl > .eyebrow.mb-4,"impact serious; html: <span class=""eyebrow mb-4"">Challenges</span>",200,yes,Accessibility Report
http://localhost:3000/industries/healthcare,Important,P2 - fix soon,axe-core,color-contrast: Elements must meet minimum color contrast ratio thresholds,Ensure the contrast between foreground and background colors meets WCAG 2 AA minimum contrast ratio thresholds,"Element has insufficient color contrast of 4.31 (foreground color: #006ce0, background color: #e6f0fc, font size: 9.0pt (12px), font weight: normal). Expected contrast ratio of 4.5:1",no axe-core violation,"Element has insufficient color contrast of 4.31 (foreground color: #006ce0, background color: #e6f0fc, font size: 9.0pt (12px), font weight: normal). Expected contrast ratio of 4.5:1 - see https://dequeuniversity.com/rules/axe/4.12/color-contrast?application=axeAPI",.section:nth-child(5) > .container-site > .md\:mb-14.mb-10.max-w-3xl > .eyebrow.mb-4,"impact serious; html: <span class=""eyebrow mb-4"">Solutions</span>",200,yes,Accessibility Report
http://localhost:3000/industries/healthcare,Important,P2 - fix soon,axe-core,color-contrast: Elements must meet minimum color contrast ratio thresholds,Ensure the contrast between foreground and background colors meets WCAG 2 AA minimum contrast ratio thresholds,"Element has insufficient color contrast of 4.18 (foreground color: #006ce0, background color: #e1edf9, font size: 9.0pt (12px), font weight: normal). Expected contrast ratio of 4.5:1",no axe-core violation,"Element has insufficient color contrast of 4.18 (foreground color: #006ce0, background color: #e1edf9, font size: 9.0pt (12px), font weight: normal). Expected contrast ratio of 4.5:1 - see https://dequeuniversity.com/rules/axe/4.12/color-contrast?application=axeAPI",.bg-muted\/40.section:nth-child(6) > .container-site > .md\:mb-14.mb-10.max-w-3xl > .eyebrow.mb-4,"impact serious; html: <span class=""eyebrow mb-4"">Capabilities</span>",200,yes,Accessibility Report
http://localhost:3000/industries/healthcare,Important,P2 - fix soon,axe-core,color-contrast: Elements must meet minimum color contrast ratio thresholds,Ensure the contrast between foreground and background colors meets WCAG 2 AA minimum contrast ratio thresholds,"Element has insufficient color contrast of 4.31 (foreground color: #006ce0, background color: #e6f0fc, font size: 9.0pt (12px), font weight: normal). Expected contrast ratio of 4.5:1",no axe-core violation,"Element has insufficient color contrast of 4.31 (foreground color: #006ce0, background color: #e6f0fc, font size: 9.0pt (12px), font weight: normal). Expected contrast ratio of 4.5:1 - see https://dequeuniversity.com/rules/axe/4.12/color-contrast?application=axeAPI",.section:nth-child(7) > .container-site > .md\:mb-14.mb-10.max-w-3xl > .eyebrow.mb-4,"impact serious; html: <span class=""eyebrow mb-4"">Use cases</span>",200,yes,Accessibility Report
http://localhost:3000/industries/healthcare,Important,P2 - fix soon,axe-core,color-contrast: Elements must meet minimum color contrast ratio thresholds,Ensure the contrast between foreground and background colors meets WCAG 2 AA minimum contrast ratio thresholds,"Element has insufficient color contrast of 4.18 (foreground color: #006ce0, background color: #e1edf9, font size: 9.0pt (12px), font weight: normal). Expected contrast ratio of 4.5:1",no axe-core violation,"Element has insufficient color contrast of 4.18 (foreground color: #006ce0, background color: #e1edf9, font size: 9.0pt (12px), font weight: normal). Expected contrast ratio of 4.5:1 - see https://dequeuniversity.com/rules/axe/4.12/color-contrast?application=axeAPI",.bg-muted\/40.section:nth-child(8) > .container-site > .md\:mb-14.mb-10.max-w-3xl > .eyebrow.mb-4,"impact serious; html: <span class=""eyebrow mb-4"">Security</span>",200,yes,Accessibility Report
http://localhost:3000/industries/healthcare,Important,P2 - fix soon,axe-core,color-contrast: Elements must meet minimum color contrast ratio thresholds,Ensure the contrast between foreground and background colors meets WCAG 2 AA minimum contrast ratio thresholds,"Element has insufficient color contrast of 4.31 (foreground color: #006ce0, background color: #e6f0fc, font size: 9.0pt (12px), font weight: normal). Expected contrast ratio of 4.5:1",no axe-core violation,"Element has insufficient color contrast of 4.31 (foreground color: #006ce0, background color: #e6f0fc, font size: 9.0pt (12px), font weight: normal). Expected contrast ratio of 4.5:1 - see https://dequeuniversity.com/rules/axe/4.12/color-contrast?application=axeAPI",.section:nth-child(9) > .container-site > .md\:mb-14.mb-10.max-w-3xl > .eyebrow.mb-4,"impact serious; html: <span class=""eyebrow mb-4"">Technology</span>",200,yes,Accessibility Report
http://localhost:3000/industries/healthcare,Important,P2 - fix soon,axe-core,color-contrast: Elements must meet minimum color contrast ratio thresholds,Ensure the contrast between foreground and background colors meets WCAG 2 AA minimum contrast ratio thresholds,"Element has insufficient color contrast of 4.18 (foreground color: #006ce0, background color: #e1edf9, font size: 9.0pt (12px), font weight: normal). Expected contrast ratio of 4.5:1",no axe-core violation,"Element has insufficient color contrast of 4.18 (foreground color: #006ce0, background color: #e1edf9, font size: 9.0pt (12px), font weight: normal). Expected contrast ratio of 4.5:1 - see https://dequeuniversity.com/rules/axe/4.12/color-contrast?application=axeAPI",.bg-muted\/40.section:nth-child(10) > .container-site > .md\:mb-14.mb-10.max-w-3xl > .eyebrow.mb-4,"impact serious; html: <span class=""eyebrow mb-4"">Case studies</span>",200,yes,Accessibility Report
http://localhost:3000/industries/healthcare,Important,P2 - fix soon,axe-core,color-contrast: Elements must meet minimum color contrast ratio thresholds,Ensure the contrast between foreground and background colors meets WCAG 2 AA minimum contrast ratio thresholds,"Element has insufficient color contrast of 4.22 (foreground color: #006ce0, background color: #e2eefa, font size: 9.0pt (12px), font weight: normal). Expected contrast ratio of 4.5:1",no axe-core violation,"Element has insufficient color contrast of 4.22 (foreground color: #006ce0, background color: #e2eefa, font size: 9.0pt (12px), font weight: normal). Expected contrast ratio of 4.5:1 - see https://dequeuniversity.com/rules/axe/4.12/color-contrast?application=axeAPI","section[aria-labelledby=""related-links-title""] > .container-site > .mb-10.max-w-3xl.text-center > .eyebrow.mb-4","impact serious; html: <span class=""eyebrow mb-4"">Explore more</span>",200,yes,Accessibility Report
http://localhost:3000/industries/healthcare,Important,P2 - fix soon,axe-core,color-contrast: Elements must meet minimum color contrast ratio thresholds,Ensure the contrast between foreground and background colors meets WCAG 2 AA minimum contrast ratio thresholds,"Element has insufficient color contrast of 4.31 (foreground color: #006ce0, background color: #e6f0fc, font size: 9.0pt (12px), font weight: normal). Expected contrast ratio of 4.5:1",no axe-core violation,"Element has insufficient color contrast of 4.31 (foreground color: #006ce0, background color: #e6f0fc, font size: 9.0pt (12px), font weight: normal). Expected contrast ratio of 4.5:1 - see https://dequeuniversity.com/rules/axe/4.12/color-contrast?application=axeAPI",.container-narrow > .md\:mb-14.mb-10.max-w-3xl > .eyebrow.mb-4,"impact serious; html: <span class=""eyebrow mb-4"">FAQ</span>",200,yes,Accessibility Report
http://localhost:3000/industries/healthcare,Important,P2 - fix soon,axe-core,color-contrast: Elements must meet minimum color contrast ratio thresholds,Ensure the contrast between foreground and background colors meets WCAG 2 AA minimum contrast ratio thresholds,"Element has insufficient color contrast of 4.45 (foreground color: #006ce0, background color: #eef3f9, font size: 10.5pt (14px), font weight: normal). Expected contrast ratio of 4.5:1",no axe-core violation,"Element has insufficient color contrast of 4.45 (foreground color: #006ce0, background color: #eef3f9, font size: 10.5pt (14px), font weight: normal). Expected contrast ratio of 4.5:1 - see https://dequeuniversity.com/rules/axe/4.12/color-contrast?application=axeAPI",".gap-1\.5.text-primary[href$=""internships""]","impact serious; html: <a class=""group inline-flex items-center gap-1.5 text-sm font-semibold text-primary"" href=""/internships"">",200,yes,Accessibility Report
http://localhost:3000/industries/healthcare,Optimization,P3 - improve,Static,Form without aria-live / role=alert region for error messages,Form errors aren't announced to screen-reader users.,(none),An aria-live / role=alert region for form messages,"Render error/success messages inside an aria-live=""polite"" region.",form.flex.flex-1.flex-col 'Full Name Work Email Phone (Optional) Co',,200,yes,Accessibility Report
http://localhost:3000/industries/healthcare,Optimization,P3 - improve,Touch targets,Touch targets smaller than 44x44 px,Touch targets are smaller than the recommended 44x44 px.,141x36 px,44x44 px,Increase padding / min-height on the element.,"S
Semicolon",390 px phone viewport,200,yes,Accessibility Report
http://localhost:3000/industries/healthcare,Optimization,P3 - improve,Touch targets,Touch targets smaller than 44x44 px,Touch targets are smaller than the recommended 44x44 px.,87x40 px,44x44 px,Increase padding / min-height on the element.,EN,390 px phone viewport,200,yes,Accessibility Report
http://localhost:3000/industries/healthcare,Optimization,P3 - improve,Touch targets,Touch targets smaller than 44x44 px,Touch targets are smaller than the recommended 44x44 px.,40x40 px,44x44 px,Increase padding / min-height on the element.,Switch to dark mode,390 px phone viewport,200,yes,Accessibility Report
http://localhost:3000/industries/healthcare,Optimization,P3 - improve,Touch targets,Touch targets smaller than 44x44 px,Touch targets are smaller than the recommended 44x44 px.,40x40 px,44x44 px,Increase padding / min-height on the element.,Open menu,390 px phone viewport,200,yes,Accessibility Report
http://localhost:3000/industries/healthcare,Optimization,P3 - improve,Touch targets,Touch targets smaller than 44x44 px,Touch targets are smaller than the recommended 44x44 px.,88x34 px,44x44 px,Increase padding / min-height on the element.,React,390 px phone viewport,200,yes,Accessibility Report
http://localhost:3000/industries/healthcare,Optimization,P3 - improve,Touch targets,Touch targets smaller than 44x44 px,Touch targets are smaller than the recommended 44x44 px.,96x34 px,44x44 px,Increase padding / min-height on the element.,Next.js,390 px phone viewport,200,yes,Accessibility Report
http://localhost:3000/industries/healthcare,Optimization,P3 - improve,Touch targets,Touch targets smaller than 44x44 px,Touch targets are smaller than the recommended 44x44 px.,101x34 px,44x44 px,Increase padding / min-height on the element.,Node.js,390 px phone viewport,200,yes,Accessibility Report
http://localhost:3000/industries/healthcare,Optimization,P3 - improve,Touch targets,Touch targets smaller than 44x44 px,Touch targets are smaller than the recommended 44x44 px.,97x34 px,44x44 px,Increase padding / min-height on the element.,Python,390 px phone viewport,200,yes,Accessibility Report
http://localhost:3000/industries/healthcare,Optimization,P3 - improve,Touch targets,Touch targets smaller than 44x44 px,Touch targets are smaller than the recommended 44x44 px.,129x34 px,44x44 px,Increase padding / min-height on the element.,PostgreSQL,390 px phone viewport,200,yes,Accessibility Report
http://localhost:3000/industries/healthcare,Optimization,P3 - improve,Touch targets,Touch targets smaller than 44x44 px,Touch targets are smaller than the recommended 44x44 px.,82x34 px,44x44 px,Increase padding / min-height on the element.,AWS,390 px phone viewport,200,yes,Accessibility Report
http://localhost:3000/industries/healthcare,Optimization,P3 - improve,Touch targets,Touch targets smaller than 44x44 px,Touch targets are smaller than the recommended 44x44 px.,316x38 px,44x44 px,Increase padding / min-height on the element.,AI App Development,390 px phone viewport,200,yes,Accessibility Report
http://localhost:3000/industries/healthcare,Optimization,P3 - improve,Touch targets,Touch targets smaller than 44x44 px,Touch targets are smaller than the recommended 44x44 px.,316x38 px,44x44 px,Increase padding / min-height on the element.,IoT Development,390 px phone viewport,200,yes,Accessibility Report
http://localhost:3000/industries/healthcare,Optimization,P3 - improve,Touch targets,Touch targets smaller than 44x44 px,Touch targets are smaller than the recommended 44x44 px.,316x38 px,44x44 px,Increase padding / min-height on the element.,Custom Software Development,390 px phone viewport,200,yes,Accessibility Report
http://localhost:3000/industries/healthcare,Optimization,P3 - improve,Touch targets,Touch targets smaller than 44x44 px,Touch targets are smaller than the recommended 44x44 px.,316x38 px,44x44 px,Increase padding / min-height on the element.,Web App Development,390 px phone viewport,200,yes,Accessibility Report
http://localhost:3000/industries/healthcare,Optimization,P3 - improve,Touch targets,Touch targets smaller than 44x44 px,Touch targets are smaller than the recommended 44x44 px.,316x38 px,44x44 px,Increase padding / min-height on the element.,Cross Platform App Development,390 px phone viewport,200,yes,Accessibility Report
http://localhost:3000/industries/healthcare,Optimization,P3 - improve,Touch targets,Touch targets smaller than 44x44 px,Touch targets are smaller than the recommended 44x44 px.,316x38 px,44x44 px,Increase padding / min-height on the element.,React,390 px phone viewport,200,yes,Accessibility Report
http://localhost:3000/industries/healthcare,Optimization,P3 - improve,Touch targets,Touch targets smaller than 44x44 px,Touch targets are smaller than the recommended 44x44 px.,316x38 px,44x44 px,Increase padding / min-height on the element.,Next.js,390 px phone viewport,200,yes,Accessibility Report
http://localhost:3000/industries/healthcare,Optimization,P3 - improve,Touch targets,Touch targets smaller than 44x44 px,Touch targets are smaller than the recommended 44x44 px.,316x38 px,44x44 px,Increase padding / min-height on the element.,Node.js,390 px phone viewport,200,yes,Accessibility Report
http://localhost:3000/industries/healthcare,Optimization,P3 - improve,Touch targets,Touch targets smaller than 44x44 px,Touch targets are smaller than the recommended 44x44 px.,316x38 px,44x44 px,Increase padding / min-height on the element.,Python,390 px phone viewport,200,yes,Accessibility Report
http://localhost:3000/industries/healthcare,Optimization,P3 - improve,Touch targets,Touch targets smaller than 44x44 px,Touch targets are smaller than the recommended 44x44 px.,316x38 px,44x44 px,Increase padding / min-height on the element.,PostgreSQL,390 px phone viewport,200,yes,Accessibility Report
http://localhost:3000/industries/healthcare,Optimization,P3 - improve,Touch targets,Touch targets smaller than 44x44 px,Touch targets are smaller than the recommended 44x44 px.,316x38 px,44x44 px,Increase padding / min-height on the element.,AWS,390 px phone viewport,200,yes,Accessibility Report
http://localhost:3000/industries/healthcare,Optimization,P3 - improve,Touch targets,Touch targets smaller than 44x44 px,Touch targets are smaller than the recommended 44x44 px.,316x38 px,44x44 px,Increase padding / min-height on the element.,Banking & Finance,390 px phone viewport,200,yes,Accessibility Report
http://localhost:3000/industries/healthcare,Optimization,P3 - improve,Touch targets,Touch targets smaller than 44x44 px,Touch targets are smaller than the recommended 44x44 px.,316x38 px,44x44 px,Increase padding / min-height on the element.,Retail & E-Commerce,390 px phone viewport,200,yes,Accessibility Report
http://localhost:3000/industries/healthcare,Optimization,P3 - improve,Touch targets,Touch targets smaller than 44x44 px,Touch targets are smaller than the recommended 44x44 px.,316x38 px,44x44 px,Increase padding / min-height on the element.,Education,390 px phone viewport,200,yes,Accessibility Report
http://localhost:3000/industries/healthcare,Optimization,P3 - improve,Touch targets,Touch targets smaller than 44x44 px,Touch targets are smaller than the recommended 44x44 px.,316x38 px,44x44 px,Increase padding / min-height on the element.,Travel & Hospitality,390 px phone viewport,200,yes,Accessibility Report
http://localhost:3000/industries/healthcare,Optimization,P3 - improve,Touch targets,Touch targets smaller than 44x44 px,Touch targets are smaller than the recommended 44x44 px.,316x38 px,44x44 px,Increase padding / min-height on the element.,Real Estate,390 px phone viewport,200,yes,Accessibility Report
http://localhost:3000/industries/healthcare,Optimization,P3 - improve,Touch targets,Touch targets smaller than 44x44 px,Touch targets are smaller than the recommended 44x44 px.,316x38 px,44x44 px,Increase padding / min-height on the element.,Logistics & Transportation,390 px phone viewport,200,yes,Accessibility Report
http://localhost:3000/industries/healthcare,Optimization,P3 - improve,Touch targets,Touch targets smaller than 44x44 px,Touch targets are smaller than the recommended 44x44 px.,306x40 px,44x44 px,Increase padding / min-height on the element.,INPUT,390 px phone viewport,200,yes,Accessibility Report
http://localhost:3000/industries/healthcare,Optimization,P3 - improve,Touch targets,Touch targets smaller than 44x44 px,Touch targets are smaller than the recommended 44x44 px.,306x40 px,44x44 px,Increase padding / min-height on the element.,INPUT,390 px phone viewport,200,yes,Accessibility Report
http://localhost:3000/industries/healthcare,Optimization,P3 - improve,Touch targets,Touch targets smaller than 44x44 px,Touch targets are smaller than the recommended 44x44 px.,306x40 px,44x44 px,Increase padding / min-height on the element.,INPUT,390 px phone viewport,200,yes,Accessibility Report
http://localhost:3000/industries/healthcare,Optimization,P3 - improve,Touch targets,Touch targets smaller than 44x44 px,Touch targets are smaller than the recommended 44x44 px.,306x40 px,44x44 px,Increase padding / min-height on the element.,INPUT,390 px phone viewport,200,yes,Accessibility Report
http://localhost:3000/industries/healthcare,Optimization,P3 - improve,Touch targets,Touch targets smaller than 44x44 px,Touch targets are smaller than the recommended 44x44 px.,164x40 px,44x44 px,Increase padding / min-height on the element.,"S
Semicolon",390 px phone viewport,200,yes,Accessibility Report
http://localhost:3000/industries/healthcare,Optimization,P3 - improve,axe-core,landmark-unique: Landmarks should have a unique role or role/label/title (i.e. accessible name) combination,Ensure landmarks are unique,"The landmark must have a unique aria-label, aria-labelledby, or title to make landmarks distinguishable",no axe-core violation,"The landmark must have a unique aria-label, aria-labelledby, or title to make landmarks distinguishable - see https://dequeuniversity.com/rules/axe/4.12/landmark-unique?application=axeAPI",".sm\:p-6[aria-label=""Technologies""]","impact moderate; html: <nav aria-label=""Technologies"" class=""card-surface flex flex-col p-5 sm:p-6"">",200,yes,Accessibility Report
http://localhost:3000/industries/hr-recruitment,Optimization,P3 - improve,Static,Form without aria-live / role=alert region for error messages,Form errors aren't announced to screen-reader users.,(none),An aria-live / role=alert region for form messages,"Render error/success messages inside an aria-live=""polite"" region.",form.flex.flex-1.flex-col 'Full Name Work Email Phone (Optional) Co',,200,yes,Accessibility Report
http://localhost:3000/industries/insurance,Optimization,P3 - improve,Static,Form without aria-live / role=alert region for error messages,Form errors aren't announced to screen-reader users.,(none),An aria-live / role=alert region for form messages,"Render error/success messages inside an aria-live=""polite"" region.",form.flex.flex-1.flex-col 'Full Name Work Email Phone (Optional) Co',,200,yes,Accessibility Report
http://localhost:3000/industries/legal,Optimization,P3 - improve,Static,Form without aria-live / role=alert region for error messages,Form errors aren't announced to screen-reader users.,(none),An aria-live / role=alert region for form messages,"Render error/success messages inside an aria-live=""polite"" region.",form.flex.flex-1.flex-col 'Full Name Work Email Phone (Optional) Co',,200,yes,Accessibility Report
http://localhost:3000/industries/logistics,Optimization,P3 - improve,Static,Form without aria-live / role=alert region for error messages,Form errors aren't announced to screen-reader users.,(none),An aria-live / role=alert region for form messages,"Render error/success messages inside an aria-live=""polite"" region.",form.flex.flex-1.flex-col 'Full Name Work Email Phone (Optional) Co',,200,yes,Accessibility Report
http://localhost:3000/industries/manufacturing,Optimization,P3 - improve,Static,Form without aria-live / role=alert region for error messages,Form errors aren't announced to screen-reader users.,(none),An aria-live / role=alert region for form messages,"Render error/success messages inside an aria-live=""polite"" region.",form.flex.flex-1.flex-col 'Full Name Work Email Phone (Optional) Co',,200,yes,Accessibility Report
http://localhost:3000/industries/marketing-advertising,Optimization,P3 - improve,Static,Form without aria-live / role=alert region for error messages,Form errors aren't announced to screen-reader users.,(none),An aria-live / role=alert region for form messages,"Render error/success messages inside an aria-live=""polite"" region.",form.flex.flex-1.flex-col 'Full Name Work Email Phone (Optional) Co',,200,yes,Accessibility Report
http://localhost:3000/industries/media-entertainment,Optimization,P3 - improve,Static,Form without aria-live / role=alert region for error messages,Form errors aren't announced to screen-reader users.,(none),An aria-live / role=alert region for form messages,"Render error/success messages inside an aria-live=""polite"" region.",form.flex.flex-1.flex-col 'Full Name Work Email Phone (Optional) Co',,200,yes,Accessibility Report
http://localhost:3000/industries/non-profit,Optimization,P3 - improve,Static,Form without aria-live / role=alert region for error messages,Form errors aren't announced to screen-reader users.,(none),An aria-live / role=alert region for form messages,"Render error/success messages inside an aria-live=""polite"" region.",form.flex.flex-1.flex-col 'Full Name Work Email Phone (Optional) Co',,200,yes,Accessibility Report
http://localhost:3000/industries/pharmaceutical,Optimization,P3 - improve,Static,Form without aria-live / role=alert region for error messages,Form errors aren't announced to screen-reader users.,(none),An aria-live / role=alert region for form messages,"Render error/success messages inside an aria-live=""polite"" region.",form.flex.flex-1.flex-col 'Full Name Work Email Phone (Optional) Co',,200,yes,Accessibility Report
http://localhost:3000/industries/real-estate,Optimization,P3 - improve,Static,Form without aria-live / role=alert region for error messages,Form errors aren't announced to screen-reader users.,(none),An aria-live / role=alert region for form messages,"Render error/success messages inside an aria-live=""polite"" region.",form.flex.flex-1.flex-col 'Full Name Work Email Phone (Optional) Co',,200,yes,Accessibility Report
http://localhost:3000/industries/retail-ecommerce,Optimization,P3 - improve,Static,Form without aria-live / role=alert region for error messages,Form errors aren't announced to screen-reader users.,(none),An aria-live / role=alert region for form messages,"Render error/success messages inside an aria-live=""polite"" region.",form.flex.flex-1.flex-col 'Full Name Work Email Phone (Optional) Co',,200,yes,Accessibility Report
http://localhost:3000/industries/saas,Optimization,P3 - improve,Static,Form without aria-live / role=alert region for error messages,Form errors aren't announced to screen-reader users.,(none),An aria-live / role=alert region for form messages,"Render error/success messages inside an aria-live=""polite"" region.",form.flex.flex-1.flex-col 'Full Name Work Email Phone (Optional) Co',,200,yes,Accessibility Report
http://localhost:3000/industries/social-networking,Optimization,P3 - improve,Static,Form without aria-live / role=alert region for error messages,Form errors aren't announced to screen-reader users.,(none),An aria-live / role=alert region for form messages,"Render error/success messages inside an aria-live=""polite"" region.",form.flex.flex-1.flex-col 'Full Name Work Email Phone (Optional) Co',,200,yes,Accessibility Report
http://localhost:3000/industries/sports-fitness,Optimization,P3 - improve,Static,Form without aria-live / role=alert region for error messages,Form errors aren't announced to screen-reader users.,(none),An aria-live / role=alert region for form messages,"Render error/success messages inside an aria-live=""polite"" region.",form.flex.flex-1.flex-col 'Full Name Work Email Phone (Optional) Co',,200,yes,Accessibility Report
http://localhost:3000/industries/telecommunications,Optimization,P3 - improve,Static,Form without aria-live / role=alert region for error messages,Form errors aren't announced to screen-reader users.,(none),An aria-live / role=alert region for form messages,"Render error/success messages inside an aria-live=""polite"" region.",form.flex.flex-1.flex-col 'Full Name Work Email Phone (Optional) Co',,200,yes,Accessibility Report
http://localhost:3000/industries/travel-hospitality,Optimization,P3 - improve,Static,Form without aria-live / role=alert region for error messages,Form errors aren't announced to screen-reader users.,(none),An aria-live / role=alert region for form messages,"Render error/success messages inside an aria-live=""polite"" region.",form.flex.flex-1.flex-col 'Full Name Work Email Phone (Optional) Co',,200,yes,Accessibility Report
http://localhost:3000/infrastructure,Important,P2 - fix soon,Touch targets,Touch targets smaller than 24x24 px,"Touch targets are smaller than 24x24 px, too small to tap reliably (WCAG 2.5.8).",57x22 px,24x24 px minimum (44x44 recommended),Increase padding / min-width / min-height of the element.,Home,390 px phone viewport,200,no,Accessibility Report
http://localhost:3000/infrastructure,Important,P2 - fix soon,Touch targets,Touch targets smaller than 24x24 px,"Touch targets are smaller than 24x24 px, too small to tap reliably (WCAG 2.5.8).",39x22 px,24x24 px minimum (44x44 recommended),Increase padding / min-width / min-height of the element.,About,390 px phone viewport,200,no,Accessibility Report
http://localhost:3000/infrastructure,Important,P2 - fix soon,Touch targets,Touch targets smaller than 24x24 px,"Touch targets are smaller than 24x24 px, too small to tap reliably (WCAG 2.5.8).",358x20 px,24x24 px minimum (44x44 recommended),Increase padding / min-width / min-height of the element.,hello@semicolon.agency,390 px phone viewport,200,no,Accessibility Report
http://localhost:3000/infrastructure,Important,P2 - fix soon,Touch targets,Touch targets smaller than 24x24 px,"Touch targets are smaller than 24x24 px, too small to tap reliably (WCAG 2.5.8).",358x20 px,24x24 px minimum (44x44 recommended),Increase padding / min-width / min-height of the element.,+91 95128 15630,390 px phone viewport,200,no,Accessibility Report
http://localhost:3000/infrastructure,Important,P2 - fix soon,Touch targets,Touch targets smaller than 24x24 px,"Touch targets are smaller than 24x24 px, too small to tap reliably (WCAG 2.5.8).",93x20 px,24x24 px minimum (44x44 recommended),Increase padding / min-width / min-height of the element.,Apply now,390 px phone viewport,200,no,Accessibility Report
http://localhost:3000/infrastructure,Important,P2 - fix soon,axe-core,color-contrast: Elements must meet minimum color contrast ratio thresholds,Ensure the contrast between foreground and background colors meets WCAG 2 AA minimum contrast ratio thresholds,"Element has insufficient color contrast of 4.45 (foreground color: #006ce0, background color: #eef3f9, font size: 10.5pt (14px), font weight: normal). Expected contrast ratio of 4.5:1",no axe-core violation,"Element has insufficient color contrast of 4.45 (foreground color: #006ce0, background color: #eef3f9, font size: 10.5pt (14px), font weight: normal). Expected contrast ratio of 4.5:1 - see https://dequeuniversity.com/rules/axe/4.12/color-contrast?application=axeAPI",".gap-1\.5.inline-flex[href$=""internships""]","impact serious; html: <a class=""group inline-flex items-center gap-1.5 text-sm font-semibold text-primary"" href=""/internships"">",200,no,Accessibility Report
http://localhost:3000/infrastructure,Optimization,P3 - improve,Touch targets,Touch targets smaller than 44x44 px,Touch targets are smaller than the recommended 44x44 px.,141x36 px,44x44 px,Increase padding / min-height on the element.,"S
Semicolon",390 px phone viewport,200,no,Accessibility Report
http://localhost:3000/infrastructure,Optimization,P3 - improve,Touch targets,Touch targets smaller than 44x44 px,Touch targets are smaller than the recommended 44x44 px.,87x40 px,44x44 px,Increase padding / min-height on the element.,EN,390 px phone viewport,200,no,Accessibility Report
http://localhost:3000/infrastructure,Optimization,P3 - improve,Touch targets,Touch targets smaller than 44x44 px,Touch targets are smaller than the recommended 44x44 px.,40x40 px,44x44 px,Increase padding / min-height on the element.,Switch to dark mode,390 px phone viewport,200,no,Accessibility Report
http://localhost:3000/infrastructure,Optimization,P3 - improve,Touch targets,Touch targets smaller than 44x44 px,Touch targets are smaller than the recommended 44x44 px.,40x40 px,44x44 px,Increase padding / min-height on the element.,Open menu,390 px phone viewport,200,no,Accessibility Report
http://localhost:3000/infrastructure,Optimization,P3 - improve,Touch targets,Touch targets smaller than 44x44 px,Touch targets are smaller than the recommended 44x44 px.,164x40 px,44x44 px,Increase padding / min-height on the element.,"S
Semicolon",390 px phone viewport,200,no,Accessibility Report
http://localhost:3000/intelligent-data-services,Important,P2 - fix soon,Touch targets,Touch targets smaller than 24x24 px,"Touch targets are smaller than 24x24 px, too small to tap reliably (WCAG 2.5.8).",57x22 px,24x24 px minimum (44x44 recommended),Increase padding / min-width / min-height of the element.,Home,390 px phone viewport,200,yes,Accessibility Report
http://localhost:3000/intelligent-data-services,Important,P2 - fix soon,Touch targets,Touch targets smaller than 24x24 px,"Touch targets are smaller than 24x24 px, too small to tap reliably (WCAG 2.5.8).",57x22 px,24x24 px minimum (44x44 recommended),Increase padding / min-width / min-height of the element.,Services,390 px phone viewport,200,yes,Accessibility Report
http://localhost:3000/intelligent-data-services,Important,P2 - fix soon,Touch targets,Touch targets smaller than 24x24 px,"Touch targets are smaller than 24x24 px, too small to tap reliably (WCAG 2.5.8).",358x20 px,24x24 px minimum (44x44 recommended),Increase padding / min-width / min-height of the element.,hello@semicolon.agency,390 px phone viewport,200,yes,Accessibility Report
http://localhost:3000/intelligent-data-services,Important,P2 - fix soon,Touch targets,Touch targets smaller than 24x24 px,"Touch targets are smaller than 24x24 px, too small to tap reliably (WCAG 2.5.8).",358x20 px,24x24 px minimum (44x44 recommended),Increase padding / min-width / min-height of the element.,+91 95128 15630,390 px phone viewport,200,yes,Accessibility Report
http://localhost:3000/intelligent-data-services,Important,P2 - fix soon,Touch targets,Touch targets smaller than 24x24 px,"Touch targets are smaller than 24x24 px, too small to tap reliably (WCAG 2.5.8).",93x20 px,24x24 px minimum (44x44 recommended),Increase padding / min-width / min-height of the element.,Apply now,390 px phone viewport,200,yes,Accessibility Report
http://localhost:3000/intelligent-data-services,Important,P2 - fix soon,axe-core,color-contrast: Elements must meet minimum color contrast ratio thresholds,Ensure the contrast between foreground and background colors meets WCAG 2 AA minimum contrast ratio thresholds,"Element has insufficient color contrast of 1.62 (foreground color: #b6c2d1, background color: #eaf4fe, font size: 10.5pt (14px), font weight: normal). Expected contrast ratio of 4.5:1",no axe-core violation,"Element has insufficient color contrast of 1.62 (foreground color: #b6c2d1, background color: #eaf4fe, font size: 10.5pt (14px), font weight: normal). Expected contrast ratio of 4.5:1 - see https://dequeuniversity.com/rules/axe/4.12/color-contrast?application=axeAPI","a[aria-label=""Keras""] > .leading-snug.z-10.text-\[hsl\(var\(--foreground\)\)\]","impact serious; html: <span class=""relative z-10 text-sm font-semibold leading-snug text-[hsl(var(--foreground))]"">Keras</span>",200,yes,Accessibility Report
http://localhost:3000/intelligent-data-services,Important,P2 - fix soon,axe-core,color-contrast: Elements must meet minimum color contrast ratio thresholds,Ensure the contrast between foreground and background colors meets WCAG 2 AA minimum contrast ratio thresholds,"Element has insufficient color contrast of 4.45 (foreground color: #006ce0, background color: #eef3f9, font size: 10.5pt (14px), font weight: normal). Expected contrast ratio of 4.5:1",no axe-core violation,"Element has insufficient color contrast of 4.45 (foreground color: #006ce0, background color: #eef3f9, font size: 10.5pt (14px), font weight: normal). Expected contrast ratio of 4.5:1 - see https://dequeuniversity.com/rules/axe/4.12/color-contrast?application=axeAPI",".gap-1\.5.text-primary[href$=""internships""]","impact serious; html: <a class=""group inline-flex items-center gap-1.5 text-sm font-semibold text-primary"" href=""/internships"">",200,yes,Accessibility Report
http://localhost:3000/intelligent-data-services,Optimization,P3 - improve,Static,Form without aria-live / role=alert region for error messages,Form errors aren't announced to screen-reader users.,(none),An aria-live / role=alert region for form messages,"Render error/success messages inside an aria-live=""polite"" region.",form.flex.flex-1.flex-col 'Full Name * Work Email * Phone (Optional',,200,yes,Accessibility Report
http://localhost:3000/intelligent-data-services,Optimization,P3 - improve,Touch targets,Touch targets smaller than 44x44 px,Touch targets are smaller than the recommended 44x44 px.,141x36 px,44x44 px,Increase padding / min-height on the element.,"S
Semicolon",390 px phone viewport,200,yes,Accessibility Report
http://localhost:3000/intelligent-data-services,Optimization,P3 - improve,Touch targets,Touch targets smaller than 44x44 px,Touch targets are smaller than the recommended 44x44 px.,87x40 px,44x44 px,Increase padding / min-height on the element.,EN,390 px phone viewport,200,yes,Accessibility Report
http://localhost:3000/intelligent-data-services,Optimization,P3 - improve,Touch targets,Touch targets smaller than 44x44 px,Touch targets are smaller than the recommended 44x44 px.,40x40 px,44x44 px,Increase padding / min-height on the element.,Switch to dark mode,390 px phone viewport,200,yes,Accessibility Report
http://localhost:3000/intelligent-data-services,Optimization,P3 - improve,Touch targets,Touch targets smaller than 44x44 px,Touch targets are smaller than the recommended 44x44 px.,40x40 px,44x44 px,Increase padding / min-height on the element.,Open menu,390 px phone viewport,200,yes,Accessibility Report
http://localhost:3000/intelligent-data-services,Optimization,P3 - improve,Touch targets,Touch targets smaller than 44x44 px,Touch targets are smaller than the recommended 44x44 px.,137x42 px,44x44 px,Increase padding / min-height on the element.,"AI / ML
12",390 px phone viewport,200,yes,Accessibility Report
http://localhost:3000/intelligent-data-services,Optimization,P3 - improve,Touch targets,Touch targets smaller than 44x44 px,Touch targets are smaller than the recommended 44x44 px.,179x42 px,44x44 px,Increase padding / min-height on the element.,"Data & Cloud
12",390 px phone viewport,200,yes,Accessibility Report
http://localhost:3000/intelligent-data-services,Optimization,P3 - improve,Touch targets,Touch targets smaller than 44x44 px,Touch targets are smaller than the recommended 44x44 px.,203x42 px,44x44 px,Increase padding / min-height on the element.,"Blockchain & IoT
13",390 px phone viewport,200,yes,Accessibility Report
http://localhost:3000/intelligent-data-services,Optimization,P3 - improve,Touch targets,Touch targets smaller than 44x44 px,Touch targets are smaller than the recommended 44x44 px.,306x40 px,44x44 px,Increase padding / min-height on the element.,INPUT,390 px phone viewport,200,yes,Accessibility Report
http://localhost:3000/intelligent-data-services,Optimization,P3 - improve,Touch targets,Touch targets smaller than 44x44 px,Touch targets are smaller than the recommended 44x44 px.,306x40 px,44x44 px,Increase padding / min-height on the element.,INPUT,390 px phone viewport,200,yes,Accessibility Report
http://localhost:3000/intelligent-data-services,Optimization,P3 - improve,Touch targets,Touch targets smaller than 44x44 px,Touch targets are smaller than the recommended 44x44 px.,306x40 px,44x44 px,Increase padding / min-height on the element.,INPUT,390 px phone viewport,200,yes,Accessibility Report
http://localhost:3000/intelligent-data-services,Optimization,P3 - improve,Touch targets,Touch targets smaller than 44x44 px,Touch targets are smaller than the recommended 44x44 px.,306x40 px,44x44 px,Increase padding / min-height on the element.,INPUT,390 px phone viewport,200,yes,Accessibility Report
http://localhost:3000/intelligent-data-services,Optimization,P3 - improve,Touch targets,Touch targets smaller than 44x44 px,Touch targets are smaller than the recommended 44x44 px.,164x40 px,44x44 px,Increase padding / min-height on the element.,"S
Semicolon",390 px phone viewport,200,yes,Accessibility Report
http://localhost:3000/intelligent-data-services/ai-app-development,Important,P2 - fix soon,Static,svg role=img without a name,An SVG marked role=img has no accessible name.,no aria-label / <title>,"aria-label, aria-labelledby or <title> on role=img SVGs","Add aria-label, or aria-hidden=""true"" if decorative.",svg.text-2xl.text-white [role=img],,200,yes,Accessibility Report
http://localhost:3000/intelligent-data-services/ai-app-development,Important,P2 - fix soon,Static,svg role=img without a name,An SVG marked role=img has no accessible name.,no aria-label / <title>,"aria-label, aria-labelledby or <title> on role=img SVGs","Add aria-label, or aria-hidden=""true"" if decorative.",svg.text-2xl.text-white [role=img],,200,yes,Accessibility Report
http://localhost:3000/intelligent-data-services/ai-app-development,Important,P2 - fix soon,Static,svg role=img without a name,An SVG marked role=img has no accessible name.,no aria-label / <title>,"aria-label, aria-labelledby or <title> on role=img SVGs","Add aria-label, or aria-hidden=""true"" if decorative.",svg.text-2xl.text-white [role=img],,200,yes,Accessibility Report
http://localhost:3000/intelligent-data-services/ai-app-development,Important,P2 - fix soon,Static,svg role=img without a name,An SVG marked role=img has no accessible name.,no aria-label / <title>,"aria-label, aria-labelledby or <title> on role=img SVGs","Add aria-label, or aria-hidden=""true"" if decorative.",svg.text-2xl.text-white [role=img],,200,yes,Accessibility Report
http://localhost:3000/intelligent-data-services/ai-app-development,Important,P2 - fix soon,Static,svg role=img without a name,An SVG marked role=img has no accessible name.,no aria-label / <title>,"aria-label, aria-labelledby or <title> on role=img SVGs","Add aria-label, or aria-hidden=""true"" if decorative.",svg.text-2xl.text-white [role=img],,200,yes,Accessibility Report
http://localhost:3000/intelligent-data-services/ai-app-development,Important,P2 - fix soon,Static,svg role=img without a name,An SVG marked role=img has no accessible name.,no aria-label / <title>,"aria-label, aria-labelledby or <title> on role=img SVGs","Add aria-label, or aria-hidden=""true"" if decorative.",svg.text-2xl.text-white [role=img],,200,yes,Accessibility Report
http://localhost:3000/intelligent-data-services/ai-app-development,Important,P2 - fix soon,Touch targets,Touch targets smaller than 24x24 px,"Touch targets are smaller than 24x24 px, too small to tap reliably (WCAG 2.5.8).",57x22 px,24x24 px minimum (44x44 recommended),Increase padding / min-width / min-height of the element.,Home,390 px phone viewport,200,yes,Accessibility Report
http://localhost:3000/intelligent-data-services/ai-app-development,Important,P2 - fix soon,Touch targets,Touch targets smaller than 24x24 px,"Touch targets are smaller than 24x24 px, too small to tap reliably (WCAG 2.5.8).",57x22 px,24x24 px minimum (44x44 recommended),Increase padding / min-width / min-height of the element.,Services,390 px phone viewport,200,yes,Accessibility Report
http://localhost:3000/intelligent-data-services/ai-app-development,Important,P2 - fix soon,Touch targets,Touch targets smaller than 24x24 px,"Touch targets are smaller than 24x24 px, too small to tap reliably (WCAG 2.5.8).",173x22 px,24x24 px minimum (44x44 recommended),Increase padding / min-width / min-height of the element.,Intelligent & Data Services,390 px phone viewport,200,yes,Accessibility Report
http://localhost:3000/intelligent-data-services/ai-app-development,Important,P2 - fix soon,Touch targets,Touch targets smaller than 24x24 px,"Touch targets are smaller than 24x24 px, too small to tap reliably (WCAG 2.5.8).",32x8 px,24x24 px minimum (44x44 recommended),Increase padding / min-width / min-height of the element.,Go to step 1,390 px phone viewport,200,yes,Accessibility Report
http://localhost:3000/intelligent-data-services/ai-app-development,Important,P2 - fix soon,Touch targets,Touch targets smaller than 24x24 px,"Touch targets are smaller than 24x24 px, too small to tap reliably (WCAG 2.5.8).",8x8 px,24x24 px minimum (44x44 recommended),Increase padding / min-width / min-height of the element.,Go to step 2,390 px phone viewport,200,yes,Accessibility Report
http://localhost:3000/intelligent-data-services/ai-app-development,Important,P2 - fix soon,Touch targets,Touch targets smaller than 24x24 px,"Touch targets are smaller than 24x24 px, too small to tap reliably (WCAG 2.5.8).",8x8 px,24x24 px minimum (44x44 recommended),Increase padding / min-width / min-height of the element.,Go to step 3,390 px phone viewport,200,yes,Accessibility Report
http://localhost:3000/intelligent-data-services/ai-app-development,Important,P2 - fix soon,Touch targets,Touch targets smaller than 24x24 px,"Touch targets are smaller than 24x24 px, too small to tap reliably (WCAG 2.5.8).",8x8 px,24x24 px minimum (44x44 recommended),Increase padding / min-width / min-height of the element.,Go to step 4,390 px phone viewport,200,yes,Accessibility Report
http://localhost:3000/intelligent-data-services/ai-app-development,Important,P2 - fix soon,Touch targets,Touch targets smaller than 24x24 px,"Touch targets are smaller than 24x24 px, too small to tap reliably (WCAG 2.5.8).",8x8 px,24x24 px minimum (44x44 recommended),Increase padding / min-width / min-height of the element.,Go to step 5,390 px phone viewport,200,yes,Accessibility Report
http://localhost:3000/intelligent-data-services/ai-app-development,Important,P2 - fix soon,Touch targets,Touch targets smaller than 24x24 px,"Touch targets are smaller than 24x24 px, too small to tap reliably (WCAG 2.5.8).",105x20 px,24x24 px minimum (44x44 recommended),Increase padding / min-width / min-height of the element.,+91 95128 15630,390 px phone viewport,200,yes,Accessibility Report
http://localhost:3000/intelligent-data-services/ai-app-development,Important,P2 - fix soon,Touch targets,Touch targets smaller than 24x24 px,"Touch targets are smaller than 24x24 px, too small to tap reliably (WCAG 2.5.8).",358x20 px,24x24 px minimum (44x44 recommended),Increase padding / min-width / min-height of the element.,hello@semicolon.agency,390 px phone viewport,200,yes,Accessibility Report
http://localhost:3000/intelligent-data-services/ai-app-development,Important,P2 - fix soon,Touch targets,Touch targets smaller than 24x24 px,"Touch targets are smaller than 24x24 px, too small to tap reliably (WCAG 2.5.8).",358x20 px,24x24 px minimum (44x44 recommended),Increase padding / min-width / min-height of the element.,+91 95128 15630,390 px phone viewport,200,yes,Accessibility Report
http://localhost:3000/intelligent-data-services/ai-app-development,Important,P2 - fix soon,Touch targets,Touch targets smaller than 24x24 px,"Touch targets are smaller than 24x24 px, too small to tap reliably (WCAG 2.5.8).",93x20 px,24x24 px minimum (44x44 recommended),Increase padding / min-width / min-height of the element.,Apply now,390 px phone viewport,200,yes,Accessibility Report
http://localhost:3000/intelligent-data-services/ai-app-development,Important,P2 - fix soon,axe-core,color-contrast: Elements must meet minimum color contrast ratio thresholds,Ensure the contrast between foreground and background colors meets WCAG 2 AA minimum contrast ratio thresholds,"Element has insufficient color contrast of 4.31 (foreground color: #006ce0, background color: #e6f0fc, font size: 9.0pt (12px), font weight: normal). Expected contrast ratio of 4.5:1",no axe-core violation,"Element has insufficient color contrast of 4.31 (foreground color: #006ce0, background color: #e6f0fc, font size: 9.0pt (12px), font weight: normal). Expected contrast ratio of 4.5:1 - see https://dequeuniversity.com/rules/axe/4.12/color-contrast?application=axeAPI",.w-fit,"impact serious; html: <span class=""eyebrow mb-4 w-fit self-center lg:self-start"">Get Started</span>",200,yes,Accessibility Report
http://localhost:3000/intelligent-data-services/ai-app-development,Important,P2 - fix soon,axe-core,color-contrast: Elements must meet minimum color contrast ratio thresholds,Ensure the contrast between foreground and background colors meets WCAG 2 AA minimum contrast ratio thresholds,"Element has insufficient color contrast of 4.45 (foreground color: #006ce0, background color: #eef3f9, font size: 10.5pt (14px), font weight: normal). Expected contrast ratio of 4.5:1",no axe-core violation,"Element has insufficient color contrast of 4.45 (foreground color: #006ce0, background color: #eef3f9, font size: 10.5pt (14px), font weight: normal). Expected contrast ratio of 4.5:1 - see https://dequeuniversity.com/rules/axe/4.12/color-contrast?application=axeAPI",".gap-1\.5.inline-flex[href$=""internships""]","impact serious; html: <a class=""group inline-flex items-center gap-1.5 text-sm font-semibold text-primary"" href=""/internships"">",200,yes,Accessibility Report
http://localhost:3000/intelligent-data-services/ai-app-development,Important,P2 - fix soon,axe-core,svg-img-alt: <svg> elements with an img role must have alternative text,"Ensure <svg> elements with an img, graphics-document or graphics-symbol role have accessible text","Element has no child that is a title
  aria-label attribute does not exist or is empty
  aria-labelledby attribute does not exist, references elements that do not exist or references elements that are empty
  Element has no title attribute",no axe-core violation,"Element has no child that is a title
  aria-label attribute does not exist or is empty
  aria-labelledby attribute does not exist, references elements that do not exist or references elements that are - see https://dequeuniversity.com/rules/axe/4.12/svg-img-alt?application=axeAPI",".shadow-sky-500\/30.from-sky-400.w-14 > .text-2xl[stroke-width=""0""][role=""img""]","impact serious; html: <svg stroke=""currentColor"" fill=""currentColor"" stroke-width=""0"" role=""img"" viewBox=""0 0 24 24"" class=""text-2xl text-white"" height=""1em"" width=""1em"" xm",200,yes,Accessibility Report
http://localhost:3000/intelligent-data-services/ai-app-development,Important,P2 - fix soon,axe-core,svg-img-alt: <svg> elements with an img role must have alternative text,"Ensure <svg> elements with an img, graphics-document or graphics-symbol role have accessible text","Element has no child that is a title
  aria-label attribute does not exist or is empty
  aria-labelledby attribute does not exist, references elements that do not exist or references elements that are empty
  Element has no title attribute",no axe-core violation,"Element has no child that is a title
  aria-label attribute does not exist or is empty
  aria-labelledby attribute does not exist, references elements that do not exist or references elements that are - see https://dequeuniversity.com/rules/axe/4.12/svg-img-alt?application=axeAPI",".from-emerald-400.shadow-emerald-500\/30.to-green-600 > .text-2xl[stroke-width=""0""][role=""img""]","impact serious; html: <svg stroke=""currentColor"" fill=""currentColor"" stroke-width=""0"" role=""img"" viewBox=""0 0 24 24"" class=""text-2xl text-white"" height=""1em"" width=""1em"" xm",200,yes,Accessibility Report
http://localhost:3000/intelligent-data-services/ai-app-development,Important,P2 - fix soon,axe-core,svg-img-alt: <svg> elements with an img role must have alternative text,"Ensure <svg> elements with an img, graphics-document or graphics-symbol role have accessible text","Element has no child that is a title
  aria-label attribute does not exist or is empty
  aria-labelledby attribute does not exist, references elements that do not exist or references elements that are empty
  Element has no title attribute",no axe-core violation,"Element has no child that is a title
  aria-label attribute does not exist or is empty
  aria-labelledby attribute does not exist, references elements that do not exist or references elements that are - see https://dequeuniversity.com/rules/axe/4.12/svg-img-alt?application=axeAPI",".from-violet-400.shadow-violet-500\/30.to-purple-600 > .text-2xl[stroke-width=""0""][role=""img""]","impact serious; html: <svg stroke=""currentColor"" fill=""currentColor"" stroke-width=""0"" role=""img"" viewBox=""0 0 24 24"" class=""text-2xl text-white"" height=""1em"" width=""1em"" xm",200,yes,Accessibility Report
http://localhost:3000/intelligent-data-services/ai-app-development,Important,P2 - fix soon,axe-core,svg-img-alt: <svg> elements with an img role must have alternative text,"Ensure <svg> elements with an img, graphics-document or graphics-symbol role have accessible text","Element has no child that is a title
  aria-label attribute does not exist or is empty
  aria-labelledby attribute does not exist, references elements that do not exist or references elements that are empty
  Element has no title attribute",no axe-core violation,"Element has no child that is a title
  aria-label attribute does not exist or is empty
  aria-labelledby attribute does not exist, references elements that do not exist or references elements that are - see https://dequeuniversity.com/rules/axe/4.12/svg-img-alt?application=axeAPI",".shadow-amber-500\/30.from-amber-400.to-orange-500 > .text-2xl[stroke-width=""0""][role=""img""]","impact serious; html: <svg stroke=""currentColor"" fill=""currentColor"" stroke-width=""0"" role=""img"" viewBox=""0 0 24 24"" class=""text-2xl text-white"" height=""1em"" width=""1em"" xm",200,yes,Accessibility Report
http://localhost:3000/intelligent-data-services/ai-app-development,Important,P2 - fix soon,axe-core,svg-img-alt: <svg> elements with an img role must have alternative text,"Ensure <svg> elements with an img, graphics-document or graphics-symbol role have accessible text","Element has no child that is a title
  aria-label attribute does not exist or is empty
  aria-labelledby attribute does not exist, references elements that do not exist or references elements that are empty
  Element has no title attribute",no axe-core violation,"Element has no child that is a title
  aria-label attribute does not exist or is empty
  aria-labelledby attribute does not exist, references elements that do not exist or references elements that are - see https://dequeuniversity.com/rules/axe/4.12/svg-img-alt?application=axeAPI",".shadow-rose-500\/30 > .text-2xl[stroke-width=""0""][role=""img""]","impact serious; html: <svg stroke=""currentColor"" fill=""currentColor"" stroke-width=""0"" role=""img"" viewBox=""0 0 24 24"" class=""text-2xl text-white"" height=""1em"" width=""1em"" xm",200,yes,Accessibility Report
http://localhost:3000/intelligent-data-services/ai-app-development,Important,P2 - fix soon,axe-core,svg-img-alt: <svg> elements with an img role must have alternative text,"Ensure <svg> elements with an img, graphics-document or graphics-symbol role have accessible text","Element has no child that is a title
  aria-label attribute does not exist or is empty
  aria-labelledby attribute does not exist, references elements that do not exist or references elements that are empty
  Element has no title attribute",no axe-core violation,"Element has no child that is a title
  aria-label attribute does not exist or is empty
  aria-labelledby attribute does not exist, references elements that do not exist or references elements that are - see https://dequeuniversity.com/rules/axe/4.12/svg-img-alt?application=axeAPI",".from-teal-400 > .text-2xl[stroke-width=""0""][role=""img""]","impact serious; html: <svg stroke=""currentColor"" fill=""currentColor"" stroke-width=""0"" role=""img"" viewBox=""0 0 24 24"" class=""text-2xl text-white"" height=""1em"" width=""1em"" xm",200,yes,Accessibility Report
http://localhost:3000/intelligent-data-services/ai-app-development,Optimization,P3 - improve,Static,Form without aria-live / role=alert region for error messages,Form errors aren't announced to screen-reader users.,(none),An aria-live / role=alert region for form messages,"Render error/success messages inside an aria-live=""polite"" region.",form.flex.flex-1.flex-col 'Full Name Work Email Phone (Optional) Co',,200,yes,Accessibility Report
http://localhost:3000/intelligent-data-services/ai-app-development,Optimization,P3 - improve,Touch targets,Touch targets smaller than 44x44 px,Touch targets are smaller than the recommended 44x44 px.,141x36 px,44x44 px,Increase padding / min-height on the element.,"S
Semicolon",390 px phone viewport,200,yes,Accessibility Report
http://localhost:3000/intelligent-data-services/ai-app-development,Optimization,P3 - improve,Touch targets,Touch targets smaller than 44x44 px,Touch targets are smaller than the recommended 44x44 px.,87x40 px,44x44 px,Increase padding / min-height on the element.,EN,390 px phone viewport,200,yes,Accessibility Report
http://localhost:3000/intelligent-data-services/ai-app-development,Optimization,P3 - improve,Touch targets,Touch targets smaller than 44x44 px,Touch targets are smaller than the recommended 44x44 px.,40x40 px,44x44 px,Increase padding / min-height on the element.,Switch to dark mode,390 px phone viewport,200,yes,Accessibility Report
http://localhost:3000/intelligent-data-services/ai-app-development,Optimization,P3 - improve,Touch targets,Touch targets smaller than 44x44 px,Touch targets are smaller than the recommended 44x44 px.,40x40 px,44x44 px,Increase padding / min-height on the element.,Open menu,390 px phone viewport,200,yes,Accessibility Report
http://localhost:3000/intelligent-data-services/ai-app-development,Optimization,P3 - improve,Touch targets,Touch targets smaller than 44x44 px,Touch targets are smaller than the recommended 44x44 px.,306x40 px,44x44 px,Increase padding / min-height on the element.,INPUT,390 px phone viewport,200,yes,Accessibility Report
http://localhost:3000/intelligent-data-services/ai-app-development,Optimization,P3 - improve,Touch targets,Touch targets smaller than 44x44 px,Touch targets are smaller than the recommended 44x44 px.,306x40 px,44x44 px,Increase padding / min-height on the element.,INPUT,390 px phone viewport,200,yes,Accessibility Report
http://localhost:3000/intelligent-data-services/ai-app-development,Optimization,P3 - improve,Touch targets,Touch targets smaller than 44x44 px,Touch targets are smaller than the recommended 44x44 px.,306x40 px,44x44 px,Increase padding / min-height on the element.,INPUT,390 px phone viewport,200,yes,Accessibility Report
http://localhost:3000/intelligent-data-services/ai-app-development,Optimization,P3 - improve,Touch targets,Touch targets smaller than 44x44 px,Touch targets are smaller than the recommended 44x44 px.,306x40 px,44x44 px,Increase padding / min-height on the element.,INPUT,390 px phone viewport,200,yes,Accessibility Report
http://localhost:3000/intelligent-data-services/ai-app-development,Optimization,P3 - improve,Touch targets,Touch targets smaller than 44x44 px,Touch targets are smaller than the recommended 44x44 px.,164x40 px,44x44 px,Increase padding / min-height on the element.,"S
Semicolon",390 px phone viewport,200,yes,Accessibility Report
http://localhost:3000/intelligent-data-services/blockchain-development,Important,P2 - fix soon,Static,svg role=img without a name,An SVG marked role=img has no accessible name.,no aria-label / <title>,"aria-label, aria-labelledby or <title> on role=img SVGs","Add aria-label, or aria-hidden=""true"" if decorative.",svg.text-2xl.text-white [role=img],,200,yes,Accessibility Report
http://localhost:3000/intelligent-data-services/blockchain-development,Important,P2 - fix soon,Static,svg role=img without a name,An SVG marked role=img has no accessible name.,no aria-label / <title>,"aria-label, aria-labelledby or <title> on role=img SVGs","Add aria-label, or aria-hidden=""true"" if decorative.",svg.text-2xl.text-white [role=img],,200,yes,Accessibility Report
http://localhost:3000/intelligent-data-services/blockchain-development,Important,P2 - fix soon,Static,svg role=img without a name,An SVG marked role=img has no accessible name.,no aria-label / <title>,"aria-label, aria-labelledby or <title> on role=img SVGs","Add aria-label, or aria-hidden=""true"" if decorative.",svg.text-2xl.text-white [role=img],,200,yes,Accessibility Report
http://localhost:3000/intelligent-data-services/blockchain-development,Important,P2 - fix soon,Static,svg role=img without a name,An SVG marked role=img has no accessible name.,no aria-label / <title>,"aria-label, aria-labelledby or <title> on role=img SVGs","Add aria-label, or aria-hidden=""true"" if decorative.",svg.text-2xl.text-white [role=img],,200,yes,Accessibility Report
http://localhost:3000/intelligent-data-services/blockchain-development,Important,P2 - fix soon,Static,svg role=img without a name,An SVG marked role=img has no accessible name.,no aria-label / <title>,"aria-label, aria-labelledby or <title> on role=img SVGs","Add aria-label, or aria-hidden=""true"" if decorative.",svg.text-2xl.text-white [role=img],,200,yes,Accessibility Report
http://localhost:3000/intelligent-data-services/blockchain-development,Important,P2 - fix soon,Static,svg role=img without a name,An SVG marked role=img has no accessible name.,no aria-label / <title>,"aria-label, aria-labelledby or <title> on role=img SVGs","Add aria-label, or aria-hidden=""true"" if decorative.",svg.text-2xl.text-white [role=img],,200,yes,Accessibility Report
http://localhost:3000/intelligent-data-services/blockchain-development,Important,P2 - fix soon,Touch targets,Touch targets smaller than 24x24 px,"Touch targets are smaller than 24x24 px, too small to tap reliably (WCAG 2.5.8).",57x22 px,24x24 px minimum (44x44 recommended),Increase padding / min-width / min-height of the element.,Home,390 px phone viewport,200,yes,Accessibility Report
http://localhost:3000/intelligent-data-services/blockchain-development,Important,P2 - fix soon,Touch targets,Touch targets smaller than 24x24 px,"Touch targets are smaller than 24x24 px, too small to tap reliably (WCAG 2.5.8).",57x22 px,24x24 px minimum (44x44 recommended),Increase padding / min-width / min-height of the element.,Services,390 px phone viewport,200,yes,Accessibility Report
http://localhost:3000/intelligent-data-services/blockchain-development,Important,P2 - fix soon,Touch targets,Touch targets smaller than 24x24 px,"Touch targets are smaller than 24x24 px, too small to tap reliably (WCAG 2.5.8).",173x22 px,24x24 px minimum (44x44 recommended),Increase padding / min-width / min-height of the element.,Intelligent & Data Services,390 px phone viewport,200,yes,Accessibility Report
http://localhost:3000/intelligent-data-services/blockchain-development,Important,P2 - fix soon,Touch targets,Touch targets smaller than 24x24 px,"Touch targets are smaller than 24x24 px, too small to tap reliably (WCAG 2.5.8).",32x8 px,24x24 px minimum (44x44 recommended),Increase padding / min-width / min-height of the element.,Go to step 1,390 px phone viewport,200,yes,Accessibility Report
http://localhost:3000/intelligent-data-services/blockchain-development,Important,P2 - fix soon,Touch targets,Touch targets smaller than 24x24 px,"Touch targets are smaller than 24x24 px, too small to tap reliably (WCAG 2.5.8).",8x8 px,24x24 px minimum (44x44 recommended),Increase padding / min-width / min-height of the element.,Go to step 2,390 px phone viewport,200,yes,Accessibility Report
http://localhost:3000/intelligent-data-services/blockchain-development,Important,P2 - fix soon,Touch targets,Touch targets smaller than 24x24 px,"Touch targets are smaller than 24x24 px, too small to tap reliably (WCAG 2.5.8).",8x8 px,24x24 px minimum (44x44 recommended),Increase padding / min-width / min-height of the element.,Go to step 3,390 px phone viewport,200,yes,Accessibility Report
http://localhost:3000/intelligent-data-services/blockchain-development,Important,P2 - fix soon,Touch targets,Touch targets smaller than 24x24 px,"Touch targets are smaller than 24x24 px, too small to tap reliably (WCAG 2.5.8).",8x8 px,24x24 px minimum (44x44 recommended),Increase padding / min-width / min-height of the element.,Go to step 4,390 px phone viewport,200,yes,Accessibility Report
http://localhost:3000/intelligent-data-services/blockchain-development,Important,P2 - fix soon,Touch targets,Touch targets smaller than 24x24 px,"Touch targets are smaller than 24x24 px, too small to tap reliably (WCAG 2.5.8).",8x8 px,24x24 px minimum (44x44 recommended),Increase padding / min-width / min-height of the element.,Go to step 5,390 px phone viewport,200,yes,Accessibility Report
http://localhost:3000/intelligent-data-services/blockchain-development,Important,P2 - fix soon,Touch targets,Touch targets smaller than 24x24 px,"Touch targets are smaller than 24x24 px, too small to tap reliably (WCAG 2.5.8).",105x20 px,24x24 px minimum (44x44 recommended),Increase padding / min-width / min-height of the element.,+91 95128 15630,390 px phone viewport,200,yes,Accessibility Report
http://localhost:3000/intelligent-data-services/blockchain-development,Important,P2 - fix soon,Touch targets,Touch targets smaller than 24x24 px,"Touch targets are smaller than 24x24 px, too small to tap reliably (WCAG 2.5.8).",358x20 px,24x24 px minimum (44x44 recommended),Increase padding / min-width / min-height of the element.,hello@semicolon.agency,390 px phone viewport,200,yes,Accessibility Report
http://localhost:3000/intelligent-data-services/blockchain-development,Important,P2 - fix soon,Touch targets,Touch targets smaller than 24x24 px,"Touch targets are smaller than 24x24 px, too small to tap reliably (WCAG 2.5.8).",358x20 px,24x24 px minimum (44x44 recommended),Increase padding / min-width / min-height of the element.,+91 95128 15630,390 px phone viewport,200,yes,Accessibility Report
http://localhost:3000/intelligent-data-services/blockchain-development,Important,P2 - fix soon,Touch targets,Touch targets smaller than 24x24 px,"Touch targets are smaller than 24x24 px, too small to tap reliably (WCAG 2.5.8).",93x20 px,24x24 px minimum (44x44 recommended),Increase padding / min-width / min-height of the element.,Apply now,390 px phone viewport,200,yes,Accessibility Report
http://localhost:3000/intelligent-data-services/blockchain-development,Important,P2 - fix soon,axe-core,color-contrast: Elements must meet minimum color contrast ratio thresholds,Ensure the contrast between foreground and background colors meets WCAG 2 AA minimum contrast ratio thresholds,"Element has insufficient color contrast of 4.31 (foreground color: #006ce0, background color: #e6f0fc, font size: 9.0pt (12px), font weight: normal). Expected contrast ratio of 4.5:1",no axe-core violation,"Element has insufficient color contrast of 4.31 (foreground color: #006ce0, background color: #e6f0fc, font size: 9.0pt (12px), font weight: normal). Expected contrast ratio of 4.5:1 - see https://dequeuniversity.com/rules/axe/4.12/color-contrast?application=axeAPI",.w-fit,"impact serious; html: <span class=""eyebrow mb-4 w-fit self-center lg:self-start"">Get Started</span>",200,yes,Accessibility Report
http://localhost:3000/intelligent-data-services/blockchain-development,Important,P2 - fix soon,axe-core,color-contrast: Elements must meet minimum color contrast ratio thresholds,Ensure the contrast between foreground and background colors meets WCAG 2 AA minimum contrast ratio thresholds,"Element has insufficient color contrast of 4.45 (foreground color: #006ce0, background color: #eef3f9, font size: 10.5pt (14px), font weight: normal). Expected contrast ratio of 4.5:1",no axe-core violation,"Element has insufficient color contrast of 4.45 (foreground color: #006ce0, background color: #eef3f9, font size: 10.5pt (14px), font weight: normal). Expected contrast ratio of 4.5:1 - see https://dequeuniversity.com/rules/axe/4.12/color-contrast?application=axeAPI",".gap-1\.5.inline-flex[href$=""internships""]","impact serious; html: <a class=""group inline-flex items-center gap-1.5 text-sm font-semibold text-primary"" href=""/internships"">",200,yes,Accessibility Report
http://localhost:3000/intelligent-data-services/blockchain-development,Important,P2 - fix soon,axe-core,svg-img-alt: <svg> elements with an img role must have alternative text,"Ensure <svg> elements with an img, graphics-document or graphics-symbol role have accessible text","Element has no child that is a title
  aria-label attribute does not exist or is empty
  aria-labelledby attribute does not exist, references elements that do not exist or references elements that are empty
  Element has no title attribute",no axe-core violation,"Element has no child that is a title
  aria-label attribute does not exist or is empty
  aria-labelledby attribute does not exist, references elements that do not exist or references elements that are - see https://dequeuniversity.com/rules/axe/4.12/svg-img-alt?application=axeAPI",".shadow-sky-500\/30.from-sky-400.w-14 > .text-2xl[stroke-width=""0""][role=""img""]","impact serious; html: <svg stroke=""currentColor"" fill=""currentColor"" stroke-width=""0"" role=""img"" viewBox=""0 0 24 24"" class=""text-2xl text-white"" height=""1em"" width=""1em"" xm",200,yes,Accessibility Report
http://localhost:3000/intelligent-data-services/blockchain-development,Important,P2 - fix soon,axe-core,svg-img-alt: <svg> elements with an img role must have alternative text,"Ensure <svg> elements with an img, graphics-document or graphics-symbol role have accessible text","Element has no child that is a title
  aria-label attribute does not exist or is empty
  aria-labelledby attribute does not exist, references elements that do not exist or references elements that are empty
  Element has no title attribute",no axe-core violation,"Element has no child that is a title
  aria-label attribute does not exist or is empty
  aria-labelledby attribute does not exist, references elements that do not exist or references elements that are - see https://dequeuniversity.com/rules/axe/4.12/svg-img-alt?application=axeAPI",".from-emerald-400.shadow-emerald-500\/30.to-green-600 > .text-2xl[stroke-width=""0""][role=""img""]","impact serious; html: <svg stroke=""currentColor"" fill=""currentColor"" stroke-width=""0"" role=""img"" viewBox=""0 0 24 24"" class=""text-2xl text-white"" height=""1em"" width=""1em"" xm",200,yes,Accessibility Report
http://localhost:3000/intelligent-data-services/blockchain-development,Important,P2 - fix soon,axe-core,svg-img-alt: <svg> elements with an img role must have alternative text,"Ensure <svg> elements with an img, graphics-document or graphics-symbol role have accessible text","Element has no child that is a title
  aria-label attribute does not exist or is empty
  aria-labelledby attribute does not exist, references elements that do not exist or references elements that are empty
  Element has no title attribute",no axe-core violation,"Element has no child that is a title
  aria-label attribute does not exist or is empty
  aria-labelledby attribute does not exist, references elements that do not exist or references elements that are - see https://dequeuniversity.com/rules/axe/4.12/svg-img-alt?application=axeAPI",".from-violet-400.shadow-violet-500\/30.to-purple-600 > .text-2xl[stroke-width=""0""][role=""img""]","impact serious; html: <svg stroke=""currentColor"" fill=""currentColor"" stroke-width=""0"" role=""img"" viewBox=""0 0 24 24"" class=""text-2xl text-white"" height=""1em"" width=""1em"" xm",200,yes,Accessibility Report
http://localhost:3000/intelligent-data-services/blockchain-development,Important,P2 - fix soon,axe-core,svg-img-alt: <svg> elements with an img role must have alternative text,"Ensure <svg> elements with an img, graphics-document or graphics-symbol role have accessible text","Element has no child that is a title
  aria-label attribute does not exist or is empty
  aria-labelledby attribute does not exist, references elements that do not exist or references elements that are empty
  Element has no title attribute",no axe-core violation,"Element has no child that is a title
  aria-label attribute does not exist or is empty
  aria-labelledby attribute does not exist, references elements that do not exist or references elements that are - see https://dequeuniversity.com/rules/axe/4.12/svg-img-alt?application=axeAPI",".shadow-amber-500\/30.from-amber-400.to-orange-500 > .text-2xl[stroke-width=""0""][role=""img""]","impact serious; html: <svg stroke=""currentColor"" fill=""currentColor"" stroke-width=""0"" role=""img"" viewBox=""0 0 24 24"" class=""text-2xl text-white"" height=""1em"" width=""1em"" xm",200,yes,Accessibility Report
http://localhost:3000/intelligent-data-services/blockchain-development,Important,P2 - fix soon,axe-core,svg-img-alt: <svg> elements with an img role must have alternative text,"Ensure <svg> elements with an img, graphics-document or graphics-symbol role have accessible text","Element has no child that is a title
  aria-label attribute does not exist or is empty
  aria-labelledby attribute does not exist, references elements that do not exist or references elements that are empty
  Element has no title attribute",no axe-core violation,"Element has no child that is a title
  aria-label attribute does not exist or is empty
  aria-labelledby attribute does not exist, references elements that do not exist or references elements that are - see https://dequeuniversity.com/rules/axe/4.12/svg-img-alt?application=axeAPI",".shadow-rose-500\/30 > .text-2xl[stroke-width=""0""][role=""img""]","impact serious; html: <svg stroke=""currentColor"" fill=""currentColor"" stroke-width=""0"" role=""img"" viewBox=""0 0 24 24"" class=""text-2xl text-white"" height=""1em"" width=""1em"" xm",200,yes,Accessibility Report
http://localhost:3000/intelligent-data-services/blockchain-development,Important,P2 - fix soon,axe-core,svg-img-alt: <svg> elements with an img role must have alternative text,"Ensure <svg> elements with an img, graphics-document or graphics-symbol role have accessible text","Element has no child that is a title
  aria-label attribute does not exist or is empty
  aria-labelledby attribute does not exist, references elements that do not exist or references elements that are empty
  Element has no title attribute",no axe-core violation,"Element has no child that is a title
  aria-label attribute does not exist or is empty
  aria-labelledby attribute does not exist, references elements that do not exist or references elements that are - see https://dequeuniversity.com/rules/axe/4.12/svg-img-alt?application=axeAPI",".from-teal-400 > .text-2xl[stroke-width=""0""][role=""img""]","impact serious; html: <svg stroke=""currentColor"" fill=""currentColor"" stroke-width=""0"" role=""img"" viewBox=""0 0 24 24"" class=""text-2xl text-white"" height=""1em"" width=""1em"" xm",200,yes,Accessibility Report
http://localhost:3000/intelligent-data-services/blockchain-development,Optimization,P3 - improve,Static,Form without aria-live / role=alert region for error messages,Form errors aren't announced to screen-reader users.,(none),An aria-live / role=alert region for form messages,"Render error/success messages inside an aria-live=""polite"" region.",form.flex.flex-1.flex-col 'Full Name Work Email Phone (Optional) Co',,200,yes,Accessibility Report
http://localhost:3000/intelligent-data-services/blockchain-development,Optimization,P3 - improve,Touch targets,Touch targets smaller than 44x44 px,Touch targets are smaller than the recommended 44x44 px.,141x36 px,44x44 px,Increase padding / min-height on the element.,"S
Semicolon",390 px phone viewport,200,yes,Accessibility Report
http://localhost:3000/intelligent-data-services/blockchain-development,Optimization,P3 - improve,Touch targets,Touch targets smaller than 44x44 px,Touch targets are smaller than the recommended 44x44 px.,87x40 px,44x44 px,Increase padding / min-height on the element.,EN,390 px phone viewport,200,yes,Accessibility Report
http://localhost:3000/intelligent-data-services/blockchain-development,Optimization,P3 - improve,Touch targets,Touch targets smaller than 44x44 px,Touch targets are smaller than the recommended 44x44 px.,40x40 px,44x44 px,Increase padding / min-height on the element.,Switch to dark mode,390 px phone viewport,200,yes,Accessibility Report
http://localhost:3000/intelligent-data-services/blockchain-development,Optimization,P3 - improve,Touch targets,Touch targets smaller than 44x44 px,Touch targets are smaller than the recommended 44x44 px.,40x40 px,44x44 px,Increase padding / min-height on the element.,Open menu,390 px phone viewport,200,yes,Accessibility Report
http://localhost:3000/intelligent-data-services/blockchain-development,Optimization,P3 - improve,Touch targets,Touch targets smaller than 44x44 px,Touch targets are smaller than the recommended 44x44 px.,306x40 px,44x44 px,Increase padding / min-height on the element.,INPUT,390 px phone viewport,200,yes,Accessibility Report
http://localhost:3000/intelligent-data-services/blockchain-development,Optimization,P3 - improve,Touch targets,Touch targets smaller than 44x44 px,Touch targets are smaller than the recommended 44x44 px.,306x40 px,44x44 px,Increase padding / min-height on the element.,INPUT,390 px phone viewport,200,yes,Accessibility Report
http://localhost:3000/intelligent-data-services/blockchain-development,Optimization,P3 - improve,Touch targets,Touch targets smaller than 44x44 px,Touch targets are smaller than the recommended 44x44 px.,306x40 px,44x44 px,Increase padding / min-height on the element.,INPUT,390 px phone viewport,200,yes,Accessibility Report
http://localhost:3000/intelligent-data-services/blockchain-development,Optimization,P3 - improve,Touch targets,Touch targets smaller than 44x44 px,Touch targets are smaller than the recommended 44x44 px.,306x40 px,44x44 px,Increase padding / min-height on the element.,INPUT,390 px phone viewport,200,yes,Accessibility Report
http://localhost:3000/intelligent-data-services/blockchain-development,Optimization,P3 - improve,Touch targets,Touch targets smaller than 44x44 px,Touch targets are smaller than the recommended 44x44 px.,164x40 px,44x44 px,Increase padding / min-height on the element.,"S
Semicolon",390 px phone viewport,200,yes,Accessibility Report
http://localhost:3000/intelligent-data-services/chatbot-development,Important,P2 - fix soon,Static,svg role=img without a name,An SVG marked role=img has no accessible name.,no aria-label / <title>,"aria-label, aria-labelledby or <title> on role=img SVGs","Add aria-label, or aria-hidden=""true"" if decorative.",svg.text-2xl.text-white [role=img],,200,yes,Accessibility Report
http://localhost:3000/intelligent-data-services/chatbot-development,Important,P2 - fix soon,Static,svg role=img without a name,An SVG marked role=img has no accessible name.,no aria-label / <title>,"aria-label, aria-labelledby or <title> on role=img SVGs","Add aria-label, or aria-hidden=""true"" if decorative.",svg.text-2xl.text-white [role=img],,200,yes,Accessibility Report
http://localhost:3000/intelligent-data-services/chatbot-development,Important,P2 - fix soon,Static,svg role=img without a name,An SVG marked role=img has no accessible name.,no aria-label / <title>,"aria-label, aria-labelledby or <title> on role=img SVGs","Add aria-label, or aria-hidden=""true"" if decorative.",svg.text-2xl.text-white [role=img],,200,yes,Accessibility Report
http://localhost:3000/intelligent-data-services/chatbot-development,Important,P2 - fix soon,Static,svg role=img without a name,An SVG marked role=img has no accessible name.,no aria-label / <title>,"aria-label, aria-labelledby or <title> on role=img SVGs","Add aria-label, or aria-hidden=""true"" if decorative.",svg.text-2xl.text-white [role=img],,200,yes,Accessibility Report
http://localhost:3000/intelligent-data-services/chatbot-development,Important,P2 - fix soon,Static,svg role=img without a name,An SVG marked role=img has no accessible name.,no aria-label / <title>,"aria-label, aria-labelledby or <title> on role=img SVGs","Add aria-label, or aria-hidden=""true"" if decorative.",svg.text-2xl.text-white [role=img],,200,yes,Accessibility Report
http://localhost:3000/intelligent-data-services/chatbot-development,Important,P2 - fix soon,Static,svg role=img without a name,An SVG marked role=img has no accessible name.,no aria-label / <title>,"aria-label, aria-labelledby or <title> on role=img SVGs","Add aria-label, or aria-hidden=""true"" if decorative.",svg.text-2xl.text-white [role=img],,200,yes,Accessibility Report
http://localhost:3000/intelligent-data-services/chatbot-development,Optimization,P3 - improve,Static,Form without aria-live / role=alert region for error messages,Form errors aren't announced to screen-reader users.,(none),An aria-live / role=alert region for form messages,"Render error/success messages inside an aria-live=""polite"" region.",form.flex.flex-1.flex-col 'Full Name Work Email Phone (Optional) Co',,200,yes,Accessibility Report
http://localhost:3000/intelligent-data-services/iot-development,Important,P2 - fix soon,Static,svg role=img without a name,An SVG marked role=img has no accessible name.,no aria-label / <title>,"aria-label, aria-labelledby or <title> on role=img SVGs","Add aria-label, or aria-hidden=""true"" if decorative.",svg.text-2xl.text-white [role=img],,200,yes,Accessibility Report
http://localhost:3000/intelligent-data-services/iot-development,Important,P2 - fix soon,Static,svg role=img without a name,An SVG marked role=img has no accessible name.,no aria-label / <title>,"aria-label, aria-labelledby or <title> on role=img SVGs","Add aria-label, or aria-hidden=""true"" if decorative.",svg.text-2xl.text-white [role=img],,200,yes,Accessibility Report
http://localhost:3000/intelligent-data-services/iot-development,Important,P2 - fix soon,Static,svg role=img without a name,An SVG marked role=img has no accessible name.,no aria-label / <title>,"aria-label, aria-labelledby or <title> on role=img SVGs","Add aria-label, or aria-hidden=""true"" if decorative.",svg.text-2xl.text-white [role=img],,200,yes,Accessibility Report
http://localhost:3000/intelligent-data-services/iot-development,Important,P2 - fix soon,Static,svg role=img without a name,An SVG marked role=img has no accessible name.,no aria-label / <title>,"aria-label, aria-labelledby or <title> on role=img SVGs","Add aria-label, or aria-hidden=""true"" if decorative.",svg.text-2xl.text-white [role=img],,200,yes,Accessibility Report
http://localhost:3000/intelligent-data-services/iot-development,Optimization,P3 - improve,Static,Form without aria-live / role=alert region for error messages,Form errors aren't announced to screen-reader users.,(none),An aria-live / role=alert region for form messages,"Render error/success messages inside an aria-live=""polite"" region.",form.flex.flex-1.flex-col 'Full Name Work Email Phone (Optional) Co',,200,yes,Accessibility Report
http://localhost:3000/intelligent-data-services/ml-development,Important,P2 - fix soon,Static,svg role=img without a name,An SVG marked role=img has no accessible name.,no aria-label / <title>,"aria-label, aria-labelledby or <title> on role=img SVGs","Add aria-label, or aria-hidden=""true"" if decorative.",svg.text-2xl.text-white [role=img],,200,yes,Accessibility Report
http://localhost:3000/intelligent-data-services/ml-development,Important,P2 - fix soon,Static,svg role=img without a name,An SVG marked role=img has no accessible name.,no aria-label / <title>,"aria-label, aria-labelledby or <title> on role=img SVGs","Add aria-label, or aria-hidden=""true"" if decorative.",svg.text-2xl.text-white [role=img],,200,yes,Accessibility Report
http://localhost:3000/intelligent-data-services/ml-development,Important,P2 - fix soon,Static,svg role=img without a name,An SVG marked role=img has no accessible name.,no aria-label / <title>,"aria-label, aria-labelledby or <title> on role=img SVGs","Add aria-label, or aria-hidden=""true"" if decorative.",svg.text-2xl.text-white [role=img],,200,yes,Accessibility Report
http://localhost:3000/intelligent-data-services/ml-development,Important,P2 - fix soon,Static,svg role=img without a name,An SVG marked role=img has no accessible name.,no aria-label / <title>,"aria-label, aria-labelledby or <title> on role=img SVGs","Add aria-label, or aria-hidden=""true"" if decorative.",svg.text-2xl.text-white [role=img],,200,yes,Accessibility Report
http://localhost:3000/intelligent-data-services/ml-development,Important,P2 - fix soon,Static,svg role=img without a name,An SVG marked role=img has no accessible name.,no aria-label / <title>,"aria-label, aria-labelledby or <title> on role=img SVGs","Add aria-label, or aria-hidden=""true"" if decorative.",svg.text-2xl.text-white [role=img],,200,yes,Accessibility Report
http://localhost:3000/intelligent-data-services/ml-development,Important,P2 - fix soon,Static,svg role=img without a name,An SVG marked role=img has no accessible name.,no aria-label / <title>,"aria-label, aria-labelledby or <title> on role=img SVGs","Add aria-label, or aria-hidden=""true"" if decorative.",svg.text-2xl.text-white [role=img],,200,yes,Accessibility Report
http://localhost:3000/intelligent-data-services/ml-development,Optimization,P3 - improve,Static,Form without aria-live / role=alert region for error messages,Form errors aren't announced to screen-reader users.,(none),An aria-live / role=alert region for form messages,"Render error/success messages inside an aria-live=""polite"" region.",form.flex.flex-1.flex-col 'Full Name Work Email Phone (Optional) Co',,200,yes,Accessibility Report
http://localhost:3000/internships,Important,P2 - fix soon,Touch targets,Touch targets smaller than 24x24 px,"Touch targets are smaller than 24x24 px, too small to tap reliably (WCAG 2.5.8).",57x22 px,24x24 px minimum (44x44 recommended),Increase padding / min-width / min-height of the element.,Home,390 px phone viewport,200,yes,Accessibility Report
http://localhost:3000/internships,Important,P2 - fix soon,Touch targets,Touch targets smaller than 24x24 px,"Touch targets are smaller than 24x24 px, too small to tap reliably (WCAG 2.5.8).",52x22 px,24x24 px minimum (44x44 recommended),Increase padding / min-width / min-height of the element.,Careers,390 px phone viewport,200,yes,Accessibility Report
http://localhost:3000/internships,Important,P2 - fix soon,Touch targets,Touch targets smaller than 24x24 px,"Touch targets are smaller than 24x24 px, too small to tap reliably (WCAG 2.5.8).",1x1 px,24x24 px minimum (44x44 recommended),Increase padding / min-width / min-height of the element.,"Frontend Developer Intern
Back",390 px phone viewport,200,yes,Accessibility Report
http://localhost:3000/internships,Important,P2 - fix soon,Touch targets,Touch targets smaller than 24x24 px,"Touch targets are smaller than 24x24 px, too small to tap reliably (WCAG 2.5.8).",1x1 px,24x24 px minimum (44x44 recommended),Increase padding / min-width / min-height of the element.,"B.E. / B.Tech
BCA
MCA
B.Sc (IT",390 px phone viewport,200,yes,Accessibility Report
http://localhost:3000/internships,Important,P2 - fix soon,Touch targets,Touch targets smaller than 24x24 px,"Touch targets are smaller than 24x24 px, too small to tap reliably (WCAG 2.5.8).",1x1 px,24x24 px minimum (44x44 recommended),Increase padding / min-width / min-height of the element.,"2023
2024
2025
2026
2027",390 px phone viewport,200,yes,Accessibility Report
http://localhost:3000/internships,Important,P2 - fix soon,Touch targets,Touch targets smaller than 24x24 px,"Touch targets are smaller than 24x24 px, too small to tap reliably (WCAG 2.5.8).",20x20 px,24x24 px minimum (44x44 recommended),Increase padding / min-width / min-height of the element.,INPUT,390 px phone viewport,200,yes,Accessibility Report
http://localhost:3000/internships,Important,P2 - fix soon,Touch targets,Touch targets smaller than 24x24 px,"Touch targets are smaller than 24x24 px, too small to tap reliably (WCAG 2.5.8).",358x20 px,24x24 px minimum (44x44 recommended),Increase padding / min-width / min-height of the element.,hello@semicolon.agency,390 px phone viewport,200,yes,Accessibility Report
http://localhost:3000/internships,Important,P2 - fix soon,Touch targets,Touch targets smaller than 24x24 px,"Touch targets are smaller than 24x24 px, too small to tap reliably (WCAG 2.5.8).",358x20 px,24x24 px minimum (44x44 recommended),Increase padding / min-width / min-height of the element.,+91 95128 15630,390 px phone viewport,200,yes,Accessibility Report
http://localhost:3000/internships,Important,P2 - fix soon,Touch targets,Touch targets smaller than 24x24 px,"Touch targets are smaller than 24x24 px, too small to tap reliably (WCAG 2.5.8).",93x20 px,24x24 px minimum (44x44 recommended),Increase padding / min-width / min-height of the element.,Apply now,390 px phone viewport,200,yes,Accessibility Report
http://localhost:3000/internships,Important,P2 - fix soon,axe-core,color-contrast: Elements must meet minimum color contrast ratio thresholds,Ensure the contrast between foreground and background colors meets WCAG 2 AA minimum contrast ratio thresholds,"Element has insufficient color contrast of 4.31 (foreground color: #006ce0, background color: #e6f0fc, font size: 9.0pt (12px), font weight: normal). Expected contrast ratio of 4.5:1",no axe-core violation,"Element has insufficient color contrast of 4.31 (foreground color: #006ce0, background color: #e6f0fc, font size: 9.0pt (12px), font weight: normal). Expected contrast ratio of 4.5:1 - see https://dequeuniversity.com/rules/axe/4.12/color-contrast?application=axeAPI",.container-site > .mb-10.md\:mb-14.max-w-3xl > .eyebrow.mb-4,"impact serious; html: <span class=""eyebrow mb-4"">Programs</span>",200,yes,Accessibility Report
http://localhost:3000/internships,Important,P2 - fix soon,axe-core,color-contrast: Elements must meet minimum color contrast ratio thresholds,Ensure the contrast between foreground and background colors meets WCAG 2 AA minimum contrast ratio thresholds,"Element has insufficient color contrast of 4.18 (foreground color: #006ce0, background color: #e1edf9, font size: 9.0pt (12px), font weight: normal). Expected contrast ratio of 4.5:1",no axe-core violation,"Element has insufficient color contrast of 4.18 (foreground color: #006ce0, background color: #e1edf9, font size: 9.0pt (12px), font weight: normal). Expected contrast ratio of 4.5:1 - see https://dequeuniversity.com/rules/axe/4.12/color-contrast?application=axeAPI",.gap-10.lg\:grid-cols-2.lg\:gap-16 > div:nth-child(1) > .eyebrow.mb-4,"impact serious; html: <span class=""eyebrow mb-4"">Eligibility</span>",200,yes,Accessibility Report
http://localhost:3000/internships,Important,P2 - fix soon,axe-core,color-contrast: Elements must meet minimum color contrast ratio thresholds,Ensure the contrast between foreground and background colors meets WCAG 2 AA minimum contrast ratio thresholds,"Element has insufficient color contrast of 4.18 (foreground color: #006ce0, background color: #e1edf9, font size: 9.0pt (12px), font weight: normal). Expected contrast ratio of 4.5:1",no axe-core violation,"Element has insufficient color contrast of 4.18 (foreground color: #006ce0, background color: #e1edf9, font size: 9.0pt (12px), font weight: normal). Expected contrast ratio of 4.5:1 - see https://dequeuniversity.com/rules/axe/4.12/color-contrast?application=axeAPI",div:nth-child(2) > .eyebrow.mb-4,"impact serious; html: <span class=""eyebrow mb-4"">Application process</span>",200,yes,Accessibility Report
http://localhost:3000/internships,Important,P2 - fix soon,axe-core,color-contrast: Elements must meet minimum color contrast ratio thresholds,Ensure the contrast between foreground and background colors meets WCAG 2 AA minimum contrast ratio thresholds,"Element has insufficient color contrast of 4.31 (foreground color: #006ce0, background color: #e6f0fc, font size: 9.0pt (12px), font weight: normal). Expected contrast ratio of 4.5:1",no axe-core violation,"Element has insufficient color contrast of 4.31 (foreground color: #006ce0, background color: #e6f0fc, font size: 9.0pt (12px), font weight: normal). Expected contrast ratio of 4.5:1 - see https://dequeuniversity.com/rules/axe/4.12/color-contrast?application=axeAPI",#apply > .container-narrow > .mb-10.md\:mb-14.max-w-3xl > .eyebrow.mb-4,"impact serious; html: <span class=""eyebrow mb-4"">Apply</span>",200,yes,Accessibility Report
http://localhost:3000/internships,Important,P2 - fix soon,axe-core,color-contrast: Elements must meet minimum color contrast ratio thresholds,Ensure the contrast between foreground and background colors meets WCAG 2 AA minimum contrast ratio thresholds,"Element has insufficient color contrast of 4.18 (foreground color: #006ce0, background color: #e1edf9, font size: 9.0pt (12px), font weight: normal). Expected contrast ratio of 4.5:1",no axe-core violation,"Element has insufficient color contrast of 4.18 (foreground color: #006ce0, background color: #e1edf9, font size: 9.0pt (12px), font weight: normal). Expected contrast ratio of 4.5:1 - see https://dequeuniversity.com/rules/axe/4.12/color-contrast?application=axeAPI","section[aria-labelledby=""internship-faq""] > .container-narrow > .mb-10.md\:mb-14.max-w-3xl > .eyebrow.mb-4","impact serious; html: <span class=""eyebrow mb-4"">FAQ</span>",200,yes,Accessibility Report
http://localhost:3000/internships,Important,P2 - fix soon,axe-core,color-contrast: Elements must meet minimum color contrast ratio thresholds,Ensure the contrast between foreground and background colors meets WCAG 2 AA minimum contrast ratio thresholds,"Element has insufficient color contrast of 4.45 (foreground color: #006ce0, background color: #eef3f9, font size: 10.5pt (14px), font weight: normal). Expected contrast ratio of 4.5:1",no axe-core violation,"Element has insufficient color contrast of 4.45 (foreground color: #006ce0, background color: #eef3f9, font size: 10.5pt (14px), font weight: normal). Expected contrast ratio of 4.5:1 - see https://dequeuniversity.com/rules/axe/4.12/color-contrast?application=axeAPI",".gap-1\.5.inline-flex[href$=""internships""]","impact serious; html: <a class=""group inline-flex items-center gap-1.5 text-sm font-semibold text-primary"" href=""/internships"">",200,yes,Accessibility Report
http://localhost:3000/internships,Optimization,P3 - improve,Touch targets,Touch targets smaller than 44x44 px,Touch targets are smaller than the recommended 44x44 px.,141x36 px,44x44 px,Increase padding / min-height on the element.,"S
Semicolon",390 px phone viewport,200,yes,Accessibility Report
http://localhost:3000/internships,Optimization,P3 - improve,Touch targets,Touch targets smaller than 44x44 px,Touch targets are smaller than the recommended 44x44 px.,87x40 px,44x44 px,Increase padding / min-height on the element.,EN,390 px phone viewport,200,yes,Accessibility Report
http://localhost:3000/internships,Optimization,P3 - improve,Touch targets,Touch targets smaller than 44x44 px,Touch targets are smaller than the recommended 44x44 px.,40x40 px,44x44 px,Increase padding / min-height on the element.,Switch to dark mode,390 px phone viewport,200,yes,Accessibility Report
http://localhost:3000/internships,Optimization,P3 - improve,Touch targets,Touch targets smaller than 44x44 px,Touch targets are smaller than the recommended 44x44 px.,40x40 px,44x44 px,Increase padding / min-height on the element.,Open menu,390 px phone viewport,200,yes,Accessibility Report
http://localhost:3000/internships,Optimization,P3 - improve,Touch targets,Touch targets smaller than 44x44 px,Touch targets are smaller than the recommended 44x44 px.,187x24 px,44x44 px,Increase padding / min-height on the element.,INPUT,390 px phone viewport,200,yes,Accessibility Report
http://localhost:3000/internships,Optimization,P3 - improve,Touch targets,Touch targets smaller than 44x44 px,Touch targets are smaller than the recommended 44x44 px.,164x40 px,44x44 px,Increase padding / min-height on the element.,"S
Semicolon",390 px phone viewport,200,yes,Accessibility Report
http://localhost:3000/mission-vision,Important,P2 - fix soon,Touch targets,Touch targets smaller than 24x24 px,"Touch targets are smaller than 24x24 px, too small to tap reliably (WCAG 2.5.8).",57x22 px,24x24 px minimum (44x44 recommended),Increase padding / min-width / min-height of the element.,Home,390 px phone viewport,200,yes,Accessibility Report
http://localhost:3000/mission-vision,Important,P2 - fix soon,Touch targets,Touch targets smaller than 24x24 px,"Touch targets are smaller than 24x24 px, too small to tap reliably (WCAG 2.5.8).",39x22 px,24x24 px minimum (44x44 recommended),Increase padding / min-width / min-height of the element.,About,390 px phone viewport,200,yes,Accessibility Report
http://localhost:3000/mission-vision,Important,P2 - fix soon,Touch targets,Touch targets smaller than 24x24 px,"Touch targets are smaller than 24x24 px, too small to tap reliably (WCAG 2.5.8).",358x20 px,24x24 px minimum (44x44 recommended),Increase padding / min-width / min-height of the element.,hello@semicolon.agency,390 px phone viewport,200,yes,Accessibility Report
http://localhost:3000/mission-vision,Important,P2 - fix soon,Touch targets,Touch targets smaller than 24x24 px,"Touch targets are smaller than 24x24 px, too small to tap reliably (WCAG 2.5.8).",358x20 px,24x24 px minimum (44x44 recommended),Increase padding / min-width / min-height of the element.,+91 95128 15630,390 px phone viewport,200,yes,Accessibility Report
http://localhost:3000/mission-vision,Important,P2 - fix soon,Touch targets,Touch targets smaller than 24x24 px,"Touch targets are smaller than 24x24 px, too small to tap reliably (WCAG 2.5.8).",93x20 px,24x24 px minimum (44x44 recommended),Increase padding / min-width / min-height of the element.,Apply now,390 px phone viewport,200,yes,Accessibility Report
http://localhost:3000/mission-vision,Important,P2 - fix soon,axe-core,color-contrast: Elements must meet minimum color contrast ratio thresholds,Ensure the contrast between foreground and background colors meets WCAG 2 AA minimum contrast ratio thresholds,"Element has insufficient color contrast of 4.31 (foreground color: #006ce0, background color: #e6f0fc, font size: 9.0pt (12px), font weight: normal). Expected contrast ratio of 4.5:1",no axe-core violation,"Element has insufficient color contrast of 4.31 (foreground color: #006ce0, background color: #e6f0fc, font size: 9.0pt (12px), font weight: normal). Expected contrast ratio of 4.5:1 - see https://dequeuniversity.com/rules/axe/4.12/color-contrast?application=axeAPI",.eyebrow.mb-4,"impact serious; html: <span class=""eyebrow mb-4"">What guides us</span>",200,yes,Accessibility Report
http://localhost:3000/mission-vision,Important,P2 - fix soon,axe-core,color-contrast: Elements must meet minimum color contrast ratio thresholds,Ensure the contrast between foreground and background colors meets WCAG 2 AA minimum contrast ratio thresholds,"Element has insufficient color contrast of 4.45 (foreground color: #006ce0, background color: #eef3f9, font size: 10.5pt (14px), font weight: normal). Expected contrast ratio of 4.5:1",no axe-core violation,"Element has insufficient color contrast of 4.45 (foreground color: #006ce0, background color: #eef3f9, font size: 10.5pt (14px), font weight: normal). Expected contrast ratio of 4.5:1 - see https://dequeuniversity.com/rules/axe/4.12/color-contrast?application=axeAPI",".gap-1\.5.inline-flex[href$=""internships""]","impact serious; html: <a class=""group inline-flex items-center gap-1.5 text-sm font-semibold text-primary"" href=""/internships"">",200,yes,Accessibility Report
http://localhost:3000/mission-vision,Optimization,P3 - improve,Touch targets,Touch targets smaller than 44x44 px,Touch targets are smaller than the recommended 44x44 px.,141x36 px,44x44 px,Increase padding / min-height on the element.,"S
Semicolon",390 px phone viewport,200,yes,Accessibility Report
http://localhost:3000/mission-vision,Optimization,P3 - improve,Touch targets,Touch targets smaller than 44x44 px,Touch targets are smaller than the recommended 44x44 px.,87x40 px,44x44 px,Increase padding / min-height on the element.,EN,390 px phone viewport,200,yes,Accessibility Report
http://localhost:3000/mission-vision,Optimization,P3 - improve,Touch targets,Touch targets smaller than 44x44 px,Touch targets are smaller than the recommended 44x44 px.,40x40 px,44x44 px,Increase padding / min-height on the element.,Switch to dark mode,390 px phone viewport,200,yes,Accessibility Report
http://localhost:3000/mission-vision,Optimization,P3 - improve,Touch targets,Touch targets smaller than 44x44 px,Touch targets are smaller than the recommended 44x44 px.,40x40 px,44x44 px,Increase padding / min-height on the element.,Open menu,390 px phone viewport,200,yes,Accessibility Report
http://localhost:3000/mission-vision,Optimization,P3 - improve,Touch targets,Touch targets smaller than 44x44 px,Touch targets are smaller than the recommended 44x44 px.,164x40 px,44x44 px,Increase padding / min-height on the element.,"S
Semicolon",390 px phone viewport,200,yes,Accessibility Report
http://localhost:3000/our-process,Important,P2 - fix soon,Touch targets,Touch targets smaller than 24x24 px,"Touch targets are smaller than 24x24 px, too small to tap reliably (WCAG 2.5.8).",57x22 px,24x24 px minimum (44x44 recommended),Increase padding / min-width / min-height of the element.,Home,390 px phone viewport,200,yes,Accessibility Report
http://localhost:3000/our-process,Important,P2 - fix soon,Touch targets,Touch targets smaller than 24x24 px,"Touch targets are smaller than 24x24 px, too small to tap reliably (WCAG 2.5.8).",39x22 px,24x24 px minimum (44x44 recommended),Increase padding / min-width / min-height of the element.,About,390 px phone viewport,200,yes,Accessibility Report
http://localhost:3000/our-process,Important,P2 - fix soon,Touch targets,Touch targets smaller than 24x24 px,"Touch targets are smaller than 24x24 px, too small to tap reliably (WCAG 2.5.8).",358x20 px,24x24 px minimum (44x44 recommended),Increase padding / min-width / min-height of the element.,hello@semicolon.agency,390 px phone viewport,200,yes,Accessibility Report
http://localhost:3000/our-process,Important,P2 - fix soon,Touch targets,Touch targets smaller than 24x24 px,"Touch targets are smaller than 24x24 px, too small to tap reliably (WCAG 2.5.8).",358x20 px,24x24 px minimum (44x44 recommended),Increase padding / min-width / min-height of the element.,+91 95128 15630,390 px phone viewport,200,yes,Accessibility Report
http://localhost:3000/our-process,Important,P2 - fix soon,Touch targets,Touch targets smaller than 24x24 px,"Touch targets are smaller than 24x24 px, too small to tap reliably (WCAG 2.5.8).",93x20 px,24x24 px minimum (44x44 recommended),Increase padding / min-width / min-height of the element.,Apply now,390 px phone viewport,200,yes,Accessibility Report
http://localhost:3000/our-process,Important,P2 - fix soon,axe-core,color-contrast: Elements must meet minimum color contrast ratio thresholds,Ensure the contrast between foreground and background colors meets WCAG 2 AA minimum contrast ratio thresholds,"Element has insufficient color contrast of 4.19 (foreground color: #006ce0, background color: #e2edf9, font size: 9.0pt (12px), font weight: normal). Expected contrast ratio of 4.5:1",no axe-core violation,"Element has insufficient color contrast of 4.19 (foreground color: #006ce0, background color: #e2edf9, font size: 9.0pt (12px), font weight: normal). Expected contrast ratio of 4.5:1 - see https://dequeuniversity.com/rules/axe/4.12/color-contrast?application=axeAPI",.mb-6.md\:mb-14.max-w-3xl > .eyebrow.mb-4,"impact serious; html: <span class=""eyebrow mb-4"">6<!-- --> stages</span>",200,yes,Accessibility Report
http://localhost:3000/our-process,Important,P2 - fix soon,axe-core,color-contrast: Elements must meet minimum color contrast ratio thresholds,Ensure the contrast between foreground and background colors meets WCAG 2 AA minimum contrast ratio thresholds,"Element has insufficient color contrast of 4.31 (foreground color: #006ce0, background color: #e6f0fc, font size: 9.0pt (12px), font weight: normal). Expected contrast ratio of 4.5:1",no axe-core violation,"Element has insufficient color contrast of 4.31 (foreground color: #006ce0, background color: #e6f0fc, font size: 9.0pt (12px), font weight: normal). Expected contrast ratio of 4.5:1 - see https://dequeuniversity.com/rules/axe/4.12/color-contrast?application=axeAPI",div:nth-child(2) > .eyebrow.mb-4,"impact serious; html: <span class=""eyebrow mb-4 "">How we deliver</span>",200,yes,Accessibility Report
http://localhost:3000/our-process,Important,P2 - fix soon,axe-core,color-contrast: Elements must meet minimum color contrast ratio thresholds,Ensure the contrast between foreground and background colors meets WCAG 2 AA minimum contrast ratio thresholds,"Element has insufficient color contrast of 4.18 (foreground color: #006ce0, background color: #e1edf9, font size: 9.0pt (12px), font weight: normal). Expected contrast ratio of 4.5:1",no axe-core violation,"Element has insufficient color contrast of 4.18 (foreground color: #006ce0, background color: #e1edf9, font size: 9.0pt (12px), font weight: normal). Expected contrast ratio of 4.5:1 - see https://dequeuniversity.com/rules/axe/4.12/color-contrast?application=axeAPI",.bg-\[hsl\(var\(--muted\)\/0\.4\)\] > .container-site > .max-w-3xl.mx-auto.text-center > .eyebrow.mb-4,"impact serious; html: <span class=""eyebrow mb-4 "">No black boxes</span>",200,yes,Accessibility Report
http://localhost:3000/our-process,Important,P2 - fix soon,axe-core,color-contrast: Elements must meet minimum color contrast ratio thresholds,Ensure the contrast between foreground and background colors meets WCAG 2 AA minimum contrast ratio thresholds,"Element has insufficient color contrast of 4.45 (foreground color: #006ce0, background color: #eef3f9, font size: 10.5pt (14px), font weight: normal). Expected contrast ratio of 4.5:1",no axe-core violation,"Element has insufficient color contrast of 4.45 (foreground color: #006ce0, background color: #eef3f9, font size: 10.5pt (14px), font weight: normal). Expected contrast ratio of 4.5:1 - see https://dequeuniversity.com/rules/axe/4.12/color-contrast?application=axeAPI",".gap-1\.5.inline-flex[href$=""internships""]","impact serious; html: <a class=""group inline-flex items-center gap-1.5 text-sm font-semibold text-primary"" href=""/internships"">",200,yes,Accessibility Report
http://localhost:3000/our-process,Optimization,P3 - improve,Touch targets,Touch targets smaller than 44x44 px,Touch targets are smaller than the recommended 44x44 px.,141x36 px,44x44 px,Increase padding / min-height on the element.,"S
Semicolon",390 px phone viewport,200,yes,Accessibility Report
http://localhost:3000/our-process,Optimization,P3 - improve,Touch targets,Touch targets smaller than 44x44 px,Touch targets are smaller than the recommended 44x44 px.,87x40 px,44x44 px,Increase padding / min-height on the element.,EN,390 px phone viewport,200,yes,Accessibility Report
http://localhost:3000/our-process,Optimization,P3 - improve,Touch targets,Touch targets smaller than 44x44 px,Touch targets are smaller than the recommended 44x44 px.,40x40 px,44x44 px,Increase padding / min-height on the element.,Switch to dark mode,390 px phone viewport,200,yes,Accessibility Report
http://localhost:3000/our-process,Optimization,P3 - improve,Touch targets,Touch targets smaller than 44x44 px,Touch targets are smaller than the recommended 44x44 px.,40x40 px,44x44 px,Increase padding / min-height on the element.,Open menu,390 px phone viewport,200,yes,Accessibility Report
http://localhost:3000/our-process,Optimization,P3 - improve,Touch targets,Touch targets smaller than 44x44 px,Touch targets are smaller than the recommended 44x44 px.,164x40 px,44x44 px,Increase padding / min-height on the element.,"S
Semicolon",390 px phone viewport,200,yes,Accessibility Report
http://localhost:3000/our-team,Important,P2 - fix soon,Touch targets,Touch targets smaller than 24x24 px,"Touch targets are smaller than 24x24 px, too small to tap reliably (WCAG 2.5.8).",57x22 px,24x24 px minimum (44x44 recommended),Increase padding / min-width / min-height of the element.,Home,390 px phone viewport,200,yes,Accessibility Report
http://localhost:3000/our-team,Important,P2 - fix soon,Touch targets,Touch targets smaller than 24x24 px,"Touch targets are smaller than 24x24 px, too small to tap reliably (WCAG 2.5.8).",39x22 px,24x24 px minimum (44x44 recommended),Increase padding / min-width / min-height of the element.,About,390 px phone viewport,200,yes,Accessibility Report
http://localhost:3000/our-team,Important,P2 - fix soon,Touch targets,Touch targets smaller than 24x24 px,"Touch targets are smaller than 24x24 px, too small to tap reliably (WCAG 2.5.8).",358x20 px,24x24 px minimum (44x44 recommended),Increase padding / min-width / min-height of the element.,hello@semicolon.agency,390 px phone viewport,200,yes,Accessibility Report
http://localhost:3000/our-team,Important,P2 - fix soon,Touch targets,Touch targets smaller than 24x24 px,"Touch targets are smaller than 24x24 px, too small to tap reliably (WCAG 2.5.8).",358x20 px,24x24 px minimum (44x44 recommended),Increase padding / min-width / min-height of the element.,+91 95128 15630,390 px phone viewport,200,yes,Accessibility Report
http://localhost:3000/our-team,Important,P2 - fix soon,Touch targets,Touch targets smaller than 24x24 px,"Touch targets are smaller than 24x24 px, too small to tap reliably (WCAG 2.5.8).",93x20 px,24x24 px minimum (44x44 recommended),Increase padding / min-width / min-height of the element.,Apply now,390 px phone viewport,200,yes,Accessibility Report
http://localhost:3000/our-team,Important,P2 - fix soon,axe-core,color-contrast: Elements must meet minimum color contrast ratio thresholds,Ensure the contrast between foreground and background colors meets WCAG 2 AA minimum contrast ratio thresholds,"Element has insufficient color contrast of 4.45 (foreground color: #006ce0, background color: #eef3f9, font size: 10.5pt (14px), font weight: normal). Expected contrast ratio of 4.5:1",no axe-core violation,"Element has insufficient color contrast of 4.45 (foreground color: #006ce0, background color: #eef3f9, font size: 10.5pt (14px), font weight: normal). Expected contrast ratio of 4.5:1 - see https://dequeuniversity.com/rules/axe/4.12/color-contrast?application=axeAPI",".gap-1\.5.inline-flex[href$=""internships""]","impact serious; html: <a class=""group inline-flex items-center gap-1.5 text-sm font-semibold text-primary"" href=""/internships"">",200,yes,Accessibility Report
http://localhost:3000/our-team,Optimization,P3 - improve,Touch targets,Touch targets smaller than 44x44 px,Touch targets are smaller than the recommended 44x44 px.,141x36 px,44x44 px,Increase padding / min-height on the element.,"S
Semicolon",390 px phone viewport,200,yes,Accessibility Report
http://localhost:3000/our-team,Optimization,P3 - improve,Touch targets,Touch targets smaller than 44x44 px,Touch targets are smaller than the recommended 44x44 px.,87x40 px,44x44 px,Increase padding / min-height on the element.,EN,390 px phone viewport,200,yes,Accessibility Report
http://localhost:3000/our-team,Optimization,P3 - improve,Touch targets,Touch targets smaller than 44x44 px,Touch targets are smaller than the recommended 44x44 px.,40x40 px,44x44 px,Increase padding / min-height on the element.,Switch to dark mode,390 px phone viewport,200,yes,Accessibility Report
http://localhost:3000/our-team,Optimization,P3 - improve,Touch targets,Touch targets smaller than 44x44 px,Touch targets are smaller than the recommended 44x44 px.,40x40 px,44x44 px,Increase padding / min-height on the element.,Open menu,390 px phone viewport,200,yes,Accessibility Report
http://localhost:3000/our-team,Optimization,P3 - improve,Touch targets,Touch targets smaller than 44x44 px,Touch targets are smaller than the recommended 44x44 px.,164x40 px,44x44 px,Increase padding / min-height on the element.,"S
Semicolon",390 px phone viewport,200,yes,Accessibility Report
http://localhost:3000/our-values,Important,P2 - fix soon,Touch targets,Touch targets smaller than 24x24 px,"Touch targets are smaller than 24x24 px, too small to tap reliably (WCAG 2.5.8).",57x22 px,24x24 px minimum (44x44 recommended),Increase padding / min-width / min-height of the element.,Home,390 px phone viewport,200,yes,Accessibility Report
http://localhost:3000/our-values,Important,P2 - fix soon,Touch targets,Touch targets smaller than 24x24 px,"Touch targets are smaller than 24x24 px, too small to tap reliably (WCAG 2.5.8).",39x22 px,24x24 px minimum (44x44 recommended),Increase padding / min-width / min-height of the element.,About,390 px phone viewport,200,yes,Accessibility Report
http://localhost:3000/our-values,Important,P2 - fix soon,Touch targets,Touch targets smaller than 24x24 px,"Touch targets are smaller than 24x24 px, too small to tap reliably (WCAG 2.5.8).",358x20 px,24x24 px minimum (44x44 recommended),Increase padding / min-width / min-height of the element.,hello@semicolon.agency,390 px phone viewport,200,yes,Accessibility Report
http://localhost:3000/our-values,Important,P2 - fix soon,Touch targets,Touch targets smaller than 24x24 px,"Touch targets are smaller than 24x24 px, too small to tap reliably (WCAG 2.5.8).",358x20 px,24x24 px minimum (44x44 recommended),Increase padding / min-width / min-height of the element.,+91 95128 15630,390 px phone viewport,200,yes,Accessibility Report
http://localhost:3000/our-values,Important,P2 - fix soon,Touch targets,Touch targets smaller than 24x24 px,"Touch targets are smaller than 24x24 px, too small to tap reliably (WCAG 2.5.8).",93x20 px,24x24 px minimum (44x44 recommended),Increase padding / min-width / min-height of the element.,Apply now,390 px phone viewport,200,yes,Accessibility Report
http://localhost:3000/our-values,Important,P2 - fix soon,axe-core,color-contrast: Elements must meet minimum color contrast ratio thresholds,Ensure the contrast between foreground and background colors meets WCAG 2 AA minimum contrast ratio thresholds,"Element has insufficient color contrast of 4.31 (foreground color: #006ce0, background color: #e6f0fc, font size: 9.0pt (12px), font weight: normal). Expected contrast ratio of 4.5:1",no axe-core violation,"Element has insufficient color contrast of 4.31 (foreground color: #006ce0, background color: #e6f0fc, font size: 9.0pt (12px), font weight: normal). Expected contrast ratio of 4.5:1 - see https://dequeuniversity.com/rules/axe/4.12/color-contrast?application=axeAPI",.md\:mb-14 > .eyebrow.mb-4,"impact serious; html: <span class=""eyebrow mb-4"">What we stand for</span>",200,yes,Accessibility Report
http://localhost:3000/our-values,Important,P2 - fix soon,axe-core,color-contrast: Elements must meet minimum color contrast ratio thresholds,Ensure the contrast between foreground and background colors meets WCAG 2 AA minimum contrast ratio thresholds,"Element has insufficient color contrast of 4.22 (foreground color: #006ce0, background color: #e2eef9, font size: 9.0pt (12px), font weight: normal). Expected contrast ratio of 4.5:1",no axe-core violation,"Element has insufficient color contrast of 4.22 (foreground color: #006ce0, background color: #e2eef9, font size: 9.0pt (12px), font weight: normal). Expected contrast ratio of 4.5:1 - see https://dequeuniversity.com/rules/axe/4.12/color-contrast?application=axeAPI",.md\:mb-12.mb-6.max-w-2xl > .eyebrow.mb-4,"impact serious; html: <span class=""eyebrow mb-4"">Values in action</span>",200,yes,Accessibility Report
http://localhost:3000/our-values,Important,P2 - fix soon,axe-core,color-contrast: Elements must meet minimum color contrast ratio thresholds,Ensure the contrast between foreground and background colors meets WCAG 2 AA minimum contrast ratio thresholds,"Element has insufficient color contrast of 4.45 (foreground color: #006ce0, background color: #eef3f9, font size: 10.5pt (14px), font weight: normal). Expected contrast ratio of 4.5:1",no axe-core violation,"Element has insufficient color contrast of 4.45 (foreground color: #006ce0, background color: #eef3f9, font size: 10.5pt (14px), font weight: normal). Expected contrast ratio of 4.5:1 - see https://dequeuniversity.com/rules/axe/4.12/color-contrast?application=axeAPI",".gap-1\.5.inline-flex[href$=""internships""]","impact serious; html: <a class=""group inline-flex items-center gap-1.5 text-sm font-semibold text-primary"" href=""/internships"">",200,yes,Accessibility Report
http://localhost:3000/our-values,Optimization,P3 - improve,Touch targets,Touch targets smaller than 44x44 px,Touch targets are smaller than the recommended 44x44 px.,141x36 px,44x44 px,Increase padding / min-height on the element.,"S
Semicolon",390 px phone viewport,200,yes,Accessibility Report
http://localhost:3000/our-values,Optimization,P3 - improve,Touch targets,Touch targets smaller than 44x44 px,Touch targets are smaller than the recommended 44x44 px.,87x40 px,44x44 px,Increase padding / min-height on the element.,EN,390 px phone viewport,200,yes,Accessibility Report
http://localhost:3000/our-values,Optimization,P3 - improve,Touch targets,Touch targets smaller than 44x44 px,Touch targets are smaller than the recommended 44x44 px.,40x40 px,44x44 px,Increase padding / min-height on the element.,Switch to dark mode,390 px phone viewport,200,yes,Accessibility Report
http://localhost:3000/our-values,Optimization,P3 - improve,Touch targets,Touch targets smaller than 44x44 px,Touch targets are smaller than the recommended 44x44 px.,40x40 px,44x44 px,Increase padding / min-height on the element.,Open menu,390 px phone viewport,200,yes,Accessibility Report
http://localhost:3000/our-values,Optimization,P3 - improve,Touch targets,Touch targets smaller than 44x44 px,Touch targets are smaller than the recommended 44x44 px.,164x40 px,44x44 px,Increase padding / min-height on the element.,"S
Semicolon",390 px phone viewport,200,yes,Accessibility Report
http://localhost:3000/portfolio,Important,P2 - fix soon,Static,Form field without a label,"A form field has no label, so screen-reader users don't know what to type (placeholder isn't a label).",no <label>,<label for> / wrapping <label> / aria-label on every field,Add a visible <label> linked to the field id.,select,,200,yes,Accessibility Report
http://localhost:3000/portfolio,Important,P2 - fix soon,Static,aria-controls points to a missing id,An ARIA reference points to an id that doesn't exist.,"aria-controls=""radix-_R_19e9bsnqtb_""",aria-labelledby / aria-describedby / aria-controls reference existing ids,Fix the id or the reference.,button.group.flex.w-full [type=button] 'More domains (11)',,200,yes,Accessibility Report
http://localhost:3000/portfolio,Important,P2 - fix soon,Touch targets,Touch targets smaller than 24x24 px,"Touch targets are smaller than 24x24 px, too small to tap reliably (WCAG 2.5.8).",220x21 px,24x24 px minimum (44x44 recommended),Increase padding / min-width / min-height of the element.,Footrex – Sports Platform,390 px phone viewport,200,yes,Accessibility Report
http://localhost:3000/portfolio,Important,P2 - fix soon,Touch targets,Touch targets smaller than 24x24 px,"Touch targets are smaller than 24x24 px, too small to tap reliably (WCAG 2.5.8).",183x20 px,24x24 px minimum (44x44 recommended),Increase padding / min-width / min-height of the element.,E-Commerce Platform,390 px phone viewport,200,yes,Accessibility Report
http://localhost:3000/portfolio,Important,P2 - fix soon,Touch targets,Touch targets smaller than 24x24 px,"Touch targets are smaller than 24x24 px, too small to tap reliably (WCAG 2.5.8).",255x19 px,24x24 px minimum (44x44 recommended),Increase padding / min-width / min-height of the element.,Healthcare Management System,390 px phone viewport,200,yes,Accessibility Report
http://localhost:3000/portfolio,Important,P2 - fix soon,Touch targets,Touch targets smaller than 24x24 px,"Touch targets are smaller than 24x24 px, too small to tap reliably (WCAG 2.5.8).",180x17 px,24x24 px minimum (44x44 recommended),Increase padding / min-width / min-height of the element.,Financial Analytics Dashboard,390 px phone viewport,200,yes,Accessibility Report
http://localhost:3000/portfolio,Important,P2 - fix soon,Touch targets,Touch targets smaller than 24x24 px,"Touch targets are smaller than 24x24 px, too small to tap reliably (WCAG 2.5.8).",95x16 px,24x24 px minimum (44x44 recommended),Increase padding / min-width / min-height of the element.,Mobile Banking App,390 px phone viewport,200,yes,Accessibility Report
http://localhost:3000/portfolio,Important,P2 - fix soon,Touch targets,Touch targets smaller than 24x24 px,"Touch targets are smaller than 24x24 px, too small to tap reliably (WCAG 2.5.8).",82x16 px,24x24 px minimum (44x44 recommended),Increase padding / min-width / min-height of the element.,Social Media App,390 px phone viewport,200,yes,Accessibility Report
http://localhost:3000/portfolio,Important,P2 - fix soon,Touch targets,Touch targets smaller than 24x24 px,"Touch targets are smaller than 24x24 px, too small to tap reliably (WCAG 2.5.8).",146x16 px,24x24 px minimum (44x44 recommended),Increase padding / min-width / min-height of the element.,Learning Management System,390 px phone viewport,200,yes,Accessibility Report
http://localhost:3000/portfolio,Important,P2 - fix soon,Touch targets,Touch targets smaller than 24x24 px,"Touch targets are smaller than 24x24 px, too small to tap reliably (WCAG 2.5.8).",147x16 px,24x24 px minimum (44x44 recommended),Increase padding / min-width / min-height of the element.,FitFlow – Studio Class Booking,390 px phone viewport,200,yes,Accessibility Report
http://localhost:3000/portfolio,Important,P2 - fix soon,Touch targets,Touch targets smaller than 24x24 px,"Touch targets are smaller than 24x24 px, too small to tap reliably (WCAG 2.5.8).",130x16 px,24x24 px minimum (44x44 recommended),Increase padding / min-width / min-height of the element.,MediSched – Patient Portal,390 px phone viewport,200,yes,Accessibility Report
http://localhost:3000/portfolio,Important,P2 - fix soon,Touch targets,Touch targets smaller than 24x24 px,"Touch targets are smaller than 24x24 px, too small to tap reliably (WCAG 2.5.8).",182x16 px,24x24 px minimum (44x44 recommended),Increase padding / min-width / min-height of the element.,LearnLoop – Interactive Quiz P,390 px phone viewport,200,yes,Accessibility Report
http://localhost:3000/portfolio,Important,P2 - fix soon,Touch targets,Touch targets smaller than 24x24 px,"Touch targets are smaller than 24x24 px, too small to tap reliably (WCAG 2.5.8).",173x16 px,24x24 px minimum (44x44 recommended),Increase padding / min-width / min-height of the element.,ClaimDesk – Insurance Claims P,390 px phone viewport,200,yes,Accessibility Report
http://localhost:3000/portfolio,Important,P2 - fix soon,Touch targets,Touch targets smaller than 24x24 px,"Touch targets are smaller than 24x24 px, too small to tap reliably (WCAG 2.5.8).",358x20 px,24x24 px minimum (44x44 recommended),Increase padding / min-width / min-height of the element.,hello@semicolon.agency,390 px phone viewport,200,yes,Accessibility Report
http://localhost:3000/portfolio,Important,P2 - fix soon,Touch targets,Touch targets smaller than 24x24 px,"Touch targets are smaller than 24x24 px, too small to tap reliably (WCAG 2.5.8).",358x20 px,24x24 px minimum (44x44 recommended),Increase padding / min-width / min-height of the element.,+91 95128 15630,390 px phone viewport,200,yes,Accessibility Report
http://localhost:3000/portfolio,Important,P2 - fix soon,Touch targets,Touch targets smaller than 24x24 px,"Touch targets are smaller than 24x24 px, too small to tap reliably (WCAG 2.5.8).",93x20 px,24x24 px minimum (44x44 recommended),Increase padding / min-width / min-height of the element.,Apply now,390 px phone viewport,200,yes,Accessibility Report
http://localhost:3000/portfolio,Important,P2 - fix soon,axe-core,color-contrast: Elements must meet minimum color contrast ratio thresholds,Ensure the contrast between foreground and background colors meets WCAG 2 AA minimum contrast ratio thresholds,"Element has insufficient color contrast of 1.75 (foreground color: #bfc4cb, background color: #ffffff, font size: 9.0pt (12px), font weight: bold). Expected contrast ratio of 4.5:1",no axe-core violation,"Element has insufficient color contrast of 1.75 (foreground color: #bfc4cb, background color: #ffffff, font size: 9.0pt (12px), font weight: bold). Expected contrast ratio of 4.5:1 - see https://dequeuniversity.com/rules/axe/4.12/color-contrast?application=axeAPI",.z-20.absolute:nth-child(7) > .relative.group > .w-20.h-24.dark\:bg-slate-800 > .text-slate-700.dark\:text-slate-300.text-xs,"impact serious; html: <span class=""text-xs font-bold text-slate-700 dark:text-slate-300"">AI Core</span>",200,yes,Accessibility Report
http://localhost:3000/portfolio,Important,P2 - fix soon,axe-core,color-contrast: Elements must meet minimum color contrast ratio thresholds,Ensure the contrast between foreground and background colors meets WCAG 2 AA minimum contrast ratio thresholds,"Element has insufficient color contrast of 4.01 (foreground color: #717d92, background color: #fbfbfb, font size: 10.5pt (14px), font weight: normal). Expected contrast ratio of 4.5:1",no axe-core violation,"Element has insufficient color contrast of 4.01 (foreground color: #717d92, background color: #fbfbfb, font size: 10.5pt (14px), font weight: normal). Expected contrast ratio of 4.5:1 - see https://dequeuniversity.com/rules/axe/4.12/color-contrast?application=axeAPI",.card-item.cursor-pointer.relative:nth-child(3) > .md\:rounded-2xl.hover\:border-blue-500\/30.duration-500 > .md\:p-6.p-4 > .font-medium.md\:text-sm.text-\[hsl\(var\(--muted-foreground\)\)\],"impact serious; html: <span class=""text-xs md:text-sm text-[hsl(var(--muted-foreground))] font-medium"">Full-cycle product development</span>",200,yes,Accessibility Report
http://localhost:3000/portfolio,Important,P2 - fix soon,axe-core,color-contrast: Elements must meet minimum color contrast ratio thresholds,Ensure the contrast between foreground and background colors meets WCAG 2 AA minimum contrast ratio thresholds,"Element has insufficient color contrast of 4.01 (foreground color: #717d92, background color: #fbfbfb, font size: 12.0pt (16px), font weight: normal). Expected contrast ratio of 4.5:1",no axe-core violation,"Element has insufficient color contrast of 4.01 (foreground color: #717d92, background color: #fbfbfb, font size: 12.0pt (16px), font weight: normal). Expected contrast ratio of 4.5:1 - see https://dequeuniversity.com/rules/axe/4.12/color-contrast?application=axeAPI",.card-item.cursor-pointer.relative:nth-child(3) > .md\:rounded-2xl.hover\:border-blue-500\/30.duration-500 > .md\:p-6.p-4 > .line-clamp-3.leading-relaxed.md\:mb-4,"impact serious; html: <p class=""text-[hsl(var(--muted-foreground))] text-sm md:text-base mb-3 md:mb-4 leading-relaxed line-clamp-3"">A secure clinic and hospital management ",200,yes,Accessibility Report
http://localhost:3000/portfolio,Important,P2 - fix soon,axe-core,color-contrast: Elements must meet minimum color contrast ratio thresholds,Ensure the contrast between foreground and background colors meets WCAG 2 AA minimum contrast ratio thresholds,"Element has insufficient color contrast of 4.01 (foreground color: #717d92, background color: #fbfbfb, font size: 7.5pt (10px), font weight: bold). Expected contrast ratio of 4.5:1",no axe-core violation,"Element has insufficient color contrast of 4.01 (foreground color: #717d92, background color: #fbfbfb, font size: 7.5pt (10px), font weight: bold). Expected contrast ratio of 4.5:1 - see https://dequeuniversity.com/rules/axe/4.12/color-contrast?application=axeAPI",.card-item.cursor-pointer.relative:nth-child(3) > .md\:rounded-2xl.hover\:border-blue-500\/30.duration-500 > .md\:p-6.p-4 > dl > .flex-col-reverse.text-center > dt,"impact serious; html: <dt class=""text-[10px] uppercase tracking-wider font-bold text-[hsl(var(--muted-foreground))]"">Duration</dt>",200,yes,Accessibility Report
http://localhost:3000/portfolio,Important,P2 - fix soon,axe-core,color-contrast: Elements must meet minimum color contrast ratio thresholds,Ensure the contrast between foreground and background colors meets WCAG 2 AA minimum contrast ratio thresholds,"Element has insufficient color contrast of 3.58 (foreground color: #2e86e5, background color: #fbfbfb, font size: 12.0pt (16px), font weight: bold). Expected contrast ratio of 4.5:1",no axe-core violation,"Element has insufficient color contrast of 3.58 (foreground color: #2e86e5, background color: #fbfbfb, font size: 12.0pt (16px), font weight: bold). Expected contrast ratio of 4.5:1 - see https://dequeuniversity.com/rules/axe/4.12/color-contrast?application=axeAPI",.card-item.cursor-pointer.relative:nth-child(3) > .md\:rounded-2xl.hover\:border-blue-500\/30.duration-500 > .md\:p-6.p-4 > dl > .flex-col-reverse.text-center > dd > .md\:text-base.text-\[hsl\(var\(--,"impact serious; html: <span class=""text-sm md:text-base font-bold text-[hsl(var(--primary))] truncate"">4 months</span>",200,yes,Accessibility Report
http://localhost:3000/portfolio,Important,P2 - fix soon,axe-core,color-contrast: Elements must meet minimum color contrast ratio thresholds,Ensure the contrast between foreground and background colors meets WCAG 2 AA minimum contrast ratio thresholds,"Element has insufficient color contrast of 1.83 (foreground color: #b8bec8, background color: #fdfdfd, font size: 10.5pt (14px), font weight: normal). Expected contrast ratio of 4.5:1",no axe-core violation,"Element has insufficient color contrast of 1.83 (foreground color: #b8bec8, background color: #fdfdfd, font size: 10.5pt (14px), font weight: normal). Expected contrast ratio of 4.5:1 - see https://dequeuniversity.com/rules/axe/4.12/color-contrast?application=axeAPI",.card-item.cursor-pointer.relative:nth-child(4) > .md\:rounded-2xl.hover\:border-blue-500\/30.duration-500 > .md\:p-6.p-4 > .font-medium.md\:text-sm.text-\[hsl\(var\(--muted-foreground\)\)\],"impact serious; html: <span class=""text-xs md:text-sm text-[hsl(var(--muted-foreground))] font-medium"">Frontend development</span>",200,yes,Accessibility Report
http://localhost:3000/portfolio,Important,P2 - fix soon,axe-core,color-contrast: Elements must meet minimum color contrast ratio thresholds,Ensure the contrast between foreground and background colors meets WCAG 2 AA minimum contrast ratio thresholds,"Element has insufficient color contrast of 2.61 (foreground color: #989fac, background color: #fdfdfd, font size: 15.0pt (20px), font weight: bold). Expected contrast ratio of 3:1",no axe-core violation,"Element has insufficient color contrast of 2.61 (foreground color: #989fac, background color: #fdfdfd, font size: 15.0pt (20px), font weight: bold). Expected contrast ratio of 3:1 - see https://dequeuniversity.com/rules/axe/4.12/color-contrast?application=axeAPI","a[href$=""financial-dashboard""]","impact serious; html: <a class=""after:absolute after:inset-0 after:z-10 after:content-['']"" href=""/portfolio/financial-dashboard"">Financial Analytics Dashboard</a>",200,yes,Accessibility Report
http://localhost:3000/portfolio,Important,P2 - fix soon,axe-core,color-contrast: Elements must meet minimum color contrast ratio thresholds,Ensure the contrast between foreground and background colors meets WCAG 2 AA minimum contrast ratio thresholds,"Element has insufficient color contrast of 1.83 (foreground color: #b8bec8, background color: #fdfdfd, font size: 12.0pt (16px), font weight: normal). Expected contrast ratio of 4.5:1",no axe-core violation,"Element has insufficient color contrast of 1.83 (foreground color: #b8bec8, background color: #fdfdfd, font size: 12.0pt (16px), font weight: normal). Expected contrast ratio of 4.5:1 - see https://dequeuniversity.com/rules/axe/4.12/color-contrast?application=axeAPI",.card-item.cursor-pointer.relative:nth-child(4) > .md\:rounded-2xl.hover\:border-blue-500\/30.duration-500 > .md\:p-6.p-4 > .line-clamp-3.leading-relaxed.md\:mb-4,"impact serious; html: <p class=""text-[hsl(var(--muted-foreground))] text-sm md:text-base mb-3 md:mb-4 leading-relaxed line-clamp-3"">A real-time analytics dashboard that tur",200,yes,Accessibility Report
http://localhost:3000/portfolio,Important,P2 - fix soon,axe-core,color-contrast: Elements must meet minimum color contrast ratio thresholds,Ensure the contrast between foreground and background colors meets WCAG 2 AA minimum contrast ratio thresholds,"Element has insufficient color contrast of 1.83 (foreground color: #b8bec8, background color: #fdfdfd, font size: 7.5pt (10px), font weight: bold). Expected contrast ratio of 4.5:1",no axe-core violation,"Element has insufficient color contrast of 1.83 (foreground color: #b8bec8, background color: #fdfdfd, font size: 7.5pt (10px), font weight: bold). Expected contrast ratio of 4.5:1 - see https://dequeuniversity.com/rules/axe/4.12/color-contrast?application=axeAPI",.card-item.cursor-pointer.relative:nth-child(4) > .md\:rounded-2xl.hover\:border-blue-500\/30.duration-500 > .md\:p-6.p-4 > dl > .flex-col-reverse.text-center > dt,"impact serious; html: <dt class=""text-[10px] uppercase tracking-wider font-bold text-[hsl(var(--muted-foreground))]"">Duration</dt>",200,yes,Accessibility Report
http://localhost:3000/portfolio,Important,P2 - fix soon,axe-core,color-contrast: Elements must meet minimum color contrast ratio thresholds,Ensure the contrast between foreground and background colors meets WCAG 2 AA minimum contrast ratio thresholds,"Element has insufficient color contrast of 1.82 (foreground color: #97c2f1, background color: #fdfdfd, font size: 12.0pt (16px), font weight: bold). Expected contrast ratio of 4.5:1",no axe-core violation,"Element has insufficient color contrast of 1.82 (foreground color: #97c2f1, background color: #fdfdfd, font size: 12.0pt (16px), font weight: bold). Expected contrast ratio of 4.5:1 - see https://dequeuniversity.com/rules/axe/4.12/color-contrast?application=axeAPI",.card-item.cursor-pointer.relative:nth-child(4) > .md\:rounded-2xl.hover\:border-blue-500\/30.duration-500 > .md\:p-6.p-4 > dl > .flex-col-reverse.text-center > dd > .md\:text-base.text-\[hsl\(var\(--,"impact serious; html: <span class=""text-sm md:text-base font-bold text-[hsl(var(--primary))] truncate"">3 months</span>",200,yes,Accessibility Report
http://localhost:3000/portfolio,Important,P2 - fix soon,axe-core,color-contrast: Elements must meet minimum color contrast ratio thresholds,Ensure the contrast between foreground and background colors meets WCAG 2 AA minimum contrast ratio thresholds,"Element has insufficient color contrast of 1.83 (foreground color: #abb7c7, background color: #ebf4fe, font size: 10.5pt (14px), font weight: normal). Expected contrast ratio of 4.5:1",no axe-core violation,"Element has insufficient color contrast of 1.83 (foreground color: #abb7c7, background color: #ebf4fe, font size: 10.5pt (14px), font weight: normal). Expected contrast ratio of 4.5:1 - see https://dequeuniversity.com/rules/axe/4.12/color-contrast?application=axeAPI","a[aria-label=""Next.js""] > .z-10.leading-snug.text-\[hsl\(var\(--foreground\)\)\]","impact serious; html: <span class=""relative z-10 text-sm font-semibold leading-snug text-[hsl(var(--foreground))]"">Next.js</span>",200,yes,Accessibility Report
http://localhost:3000/portfolio,Important,P2 - fix soon,axe-core,color-contrast: Elements must meet minimum color contrast ratio thresholds,Ensure the contrast between foreground and background colors meets WCAG 2 AA minimum contrast ratio thresholds,"Element has insufficient color contrast of 4.45 (foreground color: #006ce0, background color: #eef3f9, font size: 10.5pt (14px), font weight: normal). Expected contrast ratio of 4.5:1",no axe-core violation,"Element has insufficient color contrast of 4.45 (foreground color: #006ce0, background color: #eef3f9, font size: 10.5pt (14px), font weight: normal). Expected contrast ratio of 4.5:1 - see https://dequeuniversity.com/rules/axe/4.12/color-contrast?application=axeAPI",".gap-1\.5.inline-flex[href$=""internships""]","impact serious; html: <a class=""group inline-flex items-center gap-1.5 text-sm font-semibold text-primary"" href=""/internships"">",200,yes,Accessibility Report
http://localhost:3000/portfolio,Optimization,P3 - improve,Touch targets,Touch targets smaller than 44x44 px,Touch targets are smaller than the recommended 44x44 px.,141x36 px,44x44 px,Increase padding / min-height on the element.,"S
Semicolon",390 px phone viewport,200,yes,Accessibility Report
http://localhost:3000/portfolio,Optimization,P3 - improve,Touch targets,Touch targets smaller than 44x44 px,Touch targets are smaller than the recommended 44x44 px.,87x40 px,44x44 px,Increase padding / min-height on the element.,EN,390 px phone viewport,200,yes,Accessibility Report
http://localhost:3000/portfolio,Optimization,P3 - improve,Touch targets,Touch targets smaller than 44x44 px,Touch targets are smaller than the recommended 44x44 px.,40x40 px,44x44 px,Increase padding / min-height on the element.,Switch to dark mode,390 px phone viewport,200,yes,Accessibility Report
http://localhost:3000/portfolio,Optimization,P3 - improve,Touch targets,Touch targets smaller than 44x44 px,Touch targets are smaller than the recommended 44x44 px.,40x40 px,44x44 px,Increase padding / min-height on the element.,Open menu,390 px phone viewport,200,yes,Accessibility Report
http://localhost:3000/portfolio,Optimization,P3 - improve,Touch targets,Touch targets smaller than 44x44 px,Touch targets are smaller than the recommended 44x44 px.,57x35 px,44x44 px,Increase padding / min-height on the element.,All92,390 px phone viewport,200,yes,Accessibility Report
http://localhost:3000/portfolio,Optimization,P3 - improve,Touch targets,Touch targets smaller than 44x44 px,Touch targets are smaller than the recommended 44x44 px.,110x35 px,44x44 px,Increase padding / min-height on the element.,E-commerce11,390 px phone viewport,200,yes,Accessibility Report
http://localhost:3000/portfolio,Optimization,P3 - improve,Touch targets,Touch targets smaller than 44x44 px,Touch targets are smaller than the recommended 44x44 px.,127x35 px,44x44 px,Increase padding / min-height on the element.,Sports & Fitness9,390 px phone viewport,200,yes,Accessibility Report
http://localhost:3000/portfolio,Optimization,P3 - improve,Touch targets,Touch targets smaller than 44x44 px,Touch targets are smaller than the recommended 44x44 px.,98x35 px,44x44 px,Increase padding / min-height on the element.,Healthcare8,390 px phone viewport,200,yes,Accessibility Report
http://localhost:3000/portfolio,Optimization,P3 - improve,Touch targets,Touch targets smaller than 44x44 px,Touch targets are smaller than the recommended 44x44 px.,146x35 px,44x44 px,Increase padding / min-height on the element.,Education & EdTech7,390 px phone viewport,200,yes,Accessibility Report
http://localhost:3000/portfolio,Optimization,P3 - improve,Touch targets,Touch targets smaller than 44x44 px,Touch targets are smaller than the recommended 44x44 px.,137x35 px,44x44 px,Increase padding / min-height on the element.,Finance & FinTech8,390 px phone viewport,200,yes,Accessibility Report
http://localhost:3000/portfolio,Optimization,P3 - improve,Touch targets,Touch targets smaller than 44x44 px,Touch targets are smaller than the recommended 44x44 px.,98x35 px,44x44 px,Increase padding / min-height on the element.,Real Estate2,390 px phone viewport,200,yes,Accessibility Report
http://localhost:3000/portfolio,Optimization,P3 - improve,Touch targets,Touch targets smaller than 44x44 px,Touch targets are smaller than the recommended 44x44 px.,144x35 px,44x44 px,Increase padding / min-height on the element.,Travel & Hospitality3,390 px phone viewport,200,yes,Accessibility Report
http://localhost:3000/portfolio,Optimization,P3 - improve,Touch targets,Touch targets smaller than 44x44 px,Touch targets are smaller than the recommended 44x44 px.,143x35 px,44x44 px,Increase padding / min-height on the element.,Food & Restaurants5,390 px phone viewport,200,yes,Accessibility Report
http://localhost:3000/portfolio,Optimization,P3 - improve,Touch targets,Touch targets smaller than 44x44 px,Touch targets are smaller than the recommended 44x44 px.,136x39 px,44x44 px,Increase padding / min-height on the element.,TradeView – Retail Analytics D,390 px phone viewport,200,yes,Accessibility Report
http://localhost:3000/portfolio,Optimization,P3 - improve,Touch targets,Touch targets smaller than 44x44 px,Touch targets are smaller than the recommended 44x44 px.,243x42 px,44x44 px,Increase padding / min-height on the element.,"Frontend Development
17",390 px phone viewport,200,yes,Accessibility Report
http://localhost:3000/portfolio,Optimization,P3 - improve,Touch targets,Touch targets smaller than 44x44 px,Touch targets are smaller than the recommended 44x44 px.,243x42 px,44x44 px,Increase padding / min-height on the element.,"Backend Development
17",390 px phone viewport,200,yes,Accessibility Report
http://localhost:3000/portfolio,Optimization,P3 - improve,Touch targets,Touch targets smaller than 44x44 px,Touch targets are smaller than the recommended 44x44 px.,231x42 px,44x44 px,Increase padding / min-height on the element.,"Mobile Development
12",390 px phone viewport,200,yes,Accessibility Report
http://localhost:3000/portfolio,Optimization,P3 - improve,Touch targets,Touch targets smaller than 44x44 px,Touch targets are smaller than the recommended 44x44 px.,156x42 px,44x44 px,Increase padding / min-height on the element.,"Database
13",390 px phone viewport,200,yes,Accessibility Report
http://localhost:3000/portfolio,Optimization,P3 - improve,Touch targets,Touch targets smaller than 44x44 px,Touch targets are smaller than the recommended 44x44 px.,132x42 px,44x44 px,Increase padding / min-height on the element.,"Cloud
10",390 px phone viewport,200,yes,Accessibility Report
http://localhost:3000/portfolio,Optimization,P3 - improve,Touch targets,Touch targets smaller than 44x44 px,Touch targets are smaller than the recommended 44x44 px.,146x42 px,44x44 px,Increase padding / min-height on the element.,"DevOps
14",390 px phone viewport,200,yes,Accessibility Report
http://localhost:3000/portfolio,Optimization,P3 - improve,Touch targets,Touch targets smaller than 44x44 px,Touch targets are smaller than the recommended 44x44 px.,139x42 px,44x44 px,Increase padding / min-height on the element.,"AI / ML
15",390 px phone viewport,200,yes,Accessibility Report
http://localhost:3000/portfolio,Optimization,P3 - improve,Touch targets,Touch targets smaller than 44x44 px,Touch targets are smaller than the recommended 44x44 px.,179x42 px,44x44 px,Increase padding / min-height on the element.,"Testing & QA
16",390 px phone viewport,200,yes,Accessibility Report
http://localhost:3000/portfolio,Optimization,P3 - improve,Touch targets,Touch targets smaller than 44x44 px,Touch targets are smaller than the recommended 44x44 px.,124x42 px,44x44 px,Increase padding / min-height on the element.,"CMS
12",390 px phone viewport,200,yes,Accessibility Report
http://localhost:3000/portfolio,Optimization,P3 - improve,Touch targets,Touch targets smaller than 44x44 px,Touch targets are smaller than the recommended 44x44 px.,181x42 px,44x44 px,Increase padding / min-height on the element.,"E-Commerce
13",390 px phone viewport,200,yes,Accessibility Report
http://localhost:3000/portfolio,Optimization,P3 - improve,Touch targets,Touch targets smaller than 44x44 px,Touch targets are smaller than the recommended 44x44 px.,140x42 px,44x44 px,Increase padding / min-height on the element.,"UI / UX
14",390 px phone viewport,200,yes,Accessibility Report
http://localhost:3000/portfolio,Optimization,P3 - improve,Touch targets,Touch targets smaller than 44x44 px,Touch targets are smaller than the recommended 44x44 px.,207x42 px,44x44 px,Increase padding / min-height on the element.,"Digital Marketing
16",390 px phone viewport,200,yes,Accessibility Report
http://localhost:3000/portfolio,Optimization,P3 - improve,Touch targets,Touch targets smaller than 44x44 px,Touch targets are smaller than the recommended 44x44 px.,164x40 px,44x44 px,Increase padding / min-height on the element.,"S
Semicolon",390 px phone viewport,200,yes,Accessibility Report
http://localhost:3000/portfolio/e-commerce-platform,Important,P2 - fix soon,Touch targets,Touch targets smaller than 24x24 px,"Touch targets are smaller than 24x24 px, too small to tap reliably (WCAG 2.5.8).",57x22 px,24x24 px minimum (44x44 recommended),Increase padding / min-width / min-height of the element.,Home,390 px phone viewport,200,yes,Accessibility Report
http://localhost:3000/portfolio/e-commerce-platform,Important,P2 - fix soon,Touch targets,Touch targets smaller than 24x24 px,"Touch targets are smaller than 24x24 px, too small to tap reliably (WCAG 2.5.8).",53x22 px,24x24 px minimum (44x44 recommended),Increase padding / min-width / min-height of the element.,Projects,390 px phone viewport,200,yes,Accessibility Report
http://localhost:3000/portfolio/e-commerce-platform,Important,P2 - fix soon,Touch targets,Touch targets smaller than 24x24 px,"Touch targets are smaller than 24x24 px, too small to tap reliably (WCAG 2.5.8).",358x20 px,24x24 px minimum (44x44 recommended),Increase padding / min-width / min-height of the element.,hello@semicolon.agency,390 px phone viewport,200,yes,Accessibility Report
http://localhost:3000/portfolio/e-commerce-platform,Important,P2 - fix soon,Touch targets,Touch targets smaller than 24x24 px,"Touch targets are smaller than 24x24 px, too small to tap reliably (WCAG 2.5.8).",358x20 px,24x24 px minimum (44x44 recommended),Increase padding / min-width / min-height of the element.,+91 95128 15630,390 px phone viewport,200,yes,Accessibility Report
http://localhost:3000/portfolio/e-commerce-platform,Important,P2 - fix soon,Touch targets,Touch targets smaller than 24x24 px,"Touch targets are smaller than 24x24 px, too small to tap reliably (WCAG 2.5.8).",93x20 px,24x24 px minimum (44x44 recommended),Increase padding / min-width / min-height of the element.,Apply now,390 px phone viewport,200,yes,Accessibility Report
http://localhost:3000/portfolio/e-commerce-platform,Important,P2 - fix soon,axe-core,color-contrast: Elements must meet minimum color contrast ratio thresholds,Ensure the contrast between foreground and background colors meets WCAG 2 AA minimum contrast ratio thresholds,"Element has insufficient color contrast of 4.18 (foreground color: #006ce0, background color: #e1edf9, font size: 9.0pt (12px), font weight: normal). Expected contrast ratio of 4.5:1",no axe-core violation,"Element has insufficient color contrast of 4.18 (foreground color: #006ce0, background color: #e1edf9, font size: 9.0pt (12px), font weight: normal). Expected contrast ratio of 4.5:1 - see https://dequeuniversity.com/rules/axe/4.12/color-contrast?application=axeAPI",.bg-muted\/40.section:nth-child(4) > .container-site > .mb-10.md\:mb-14.max-w-3xl > .eyebrow.mb-4,"impact serious; html: <span class=""eyebrow mb-4"">Approach</span>",200,yes,Accessibility Report
http://localhost:3000/portfolio/e-commerce-platform,Important,P2 - fix soon,axe-core,color-contrast: Elements must meet minimum color contrast ratio thresholds,Ensure the contrast between foreground and background colors meets WCAG 2 AA minimum contrast ratio thresholds,"Element has insufficient color contrast of 4.31 (foreground color: #006ce0, background color: #e6f0fc, font size: 9.0pt (12px), font weight: normal). Expected contrast ratio of 4.5:1",no axe-core violation,"Element has insufficient color contrast of 4.31 (foreground color: #006ce0, background color: #e6f0fc, font size: 9.0pt (12px), font weight: normal). Expected contrast ratio of 4.5:1 - see https://dequeuniversity.com/rules/axe/4.12/color-contrast?application=axeAPI",.section:nth-child(5) > .container-site > .mb-10.md\:mb-14.max-w-3xl > .eyebrow.mb-4,"impact serious; html: <span class=""eyebrow mb-4"">Technology</span>",200,yes,Accessibility Report
http://localhost:3000/portfolio/e-commerce-platform,Important,P2 - fix soon,axe-core,color-contrast: Elements must meet minimum color contrast ratio thresholds,Ensure the contrast between foreground and background colors meets WCAG 2 AA minimum contrast ratio thresholds,"Element has insufficient color contrast of 4.15 (foreground color: #006ce0, background color: #e1ecf7, font size: 9.0pt (12px), font weight: normal). Expected contrast ratio of 4.5:1",no axe-core violation,"Element has insufficient color contrast of 4.15 (foreground color: #006ce0, background color: #e1ecf7, font size: 9.0pt (12px), font weight: normal). Expected contrast ratio of 4.5:1 - see https://dequeuniversity.com/rules/axe/4.12/color-contrast?application=axeAPI",.card-surface.p-5:nth-child(1) > .flex-wrap.gap-2 > li:nth-child(1) > .border-primary\/30.bg-primary\/10.py-1,"impact serious; html: <span class=""inline-flex items-center rounded-full border px-2.5 py-1 text-xs font-medium border-primary/30 bg-primary/10 text-primary"">Next.js</span>",200,yes,Accessibility Report
http://localhost:3000/portfolio/e-commerce-platform,Important,P2 - fix soon,axe-core,color-contrast: Elements must meet minimum color contrast ratio thresholds,Ensure the contrast between foreground and background colors meets WCAG 2 AA minimum contrast ratio thresholds,"Element has insufficient color contrast of 4.15 (foreground color: #006ce0, background color: #e1ecf7, font size: 9.0pt (12px), font weight: normal). Expected contrast ratio of 4.5:1",no axe-core violation,"Element has insufficient color contrast of 4.15 (foreground color: #006ce0, background color: #e1ecf7, font size: 9.0pt (12px), font weight: normal). Expected contrast ratio of 4.5:1 - see https://dequeuniversity.com/rules/axe/4.12/color-contrast?application=axeAPI",.card-surface.p-5:nth-child(1) > .flex-wrap.gap-2 > li:nth-child(2) > .border-primary\/30.bg-primary\/10.py-1,"impact serious; html: <span class=""inline-flex items-center rounded-full border px-2.5 py-1 text-xs font-medium border-primary/30 bg-primary/10 text-primary"">React</span>",200,yes,Accessibility Report
http://localhost:3000/portfolio/e-commerce-platform,Important,P2 - fix soon,axe-core,color-contrast: Elements must meet minimum color contrast ratio thresholds,Ensure the contrast between foreground and background colors meets WCAG 2 AA minimum contrast ratio thresholds,"Element has insufficient color contrast of 4.15 (foreground color: #006ce0, background color: #e1ecf7, font size: 9.0pt (12px), font weight: normal). Expected contrast ratio of 4.5:1",no axe-core violation,"Element has insufficient color contrast of 4.15 (foreground color: #006ce0, background color: #e1ecf7, font size: 9.0pt (12px), font weight: normal). Expected contrast ratio of 4.5:1 - see https://dequeuniversity.com/rules/axe/4.12/color-contrast?application=axeAPI",.card-surface.p-5:nth-child(1) > .flex-wrap.gap-2 > li:nth-child(3) > .border-primary\/30.bg-primary\/10.py-1,"impact serious; html: <span class=""inline-flex items-center rounded-full border px-2.5 py-1 text-xs font-medium border-primary/30 bg-primary/10 text-primary"">TypeScript</sp",200,yes,Accessibility Report
http://localhost:3000/portfolio/e-commerce-platform,Important,P2 - fix soon,axe-core,color-contrast: Elements must meet minimum color contrast ratio thresholds,Ensure the contrast between foreground and background colors meets WCAG 2 AA minimum contrast ratio thresholds,"Element has insufficient color contrast of 4.15 (foreground color: #006ce0, background color: #e1ecf7, font size: 9.0pt (12px), font weight: normal). Expected contrast ratio of 4.5:1",no axe-core violation,"Element has insufficient color contrast of 4.15 (foreground color: #006ce0, background color: #e1ecf7, font size: 9.0pt (12px), font weight: normal). Expected contrast ratio of 4.5:1 - see https://dequeuniversity.com/rules/axe/4.12/color-contrast?application=axeAPI",li:nth-child(4) > .border-primary\/30.bg-primary\/10.py-1,"impact serious; html: <span class=""inline-flex items-center rounded-full border px-2.5 py-1 text-xs font-medium border-primary/30 bg-primary/10 text-primary"">Tailwind CSS</",200,yes,Accessibility Report
http://localhost:3000/portfolio/e-commerce-platform,Important,P2 - fix soon,axe-core,color-contrast: Elements must meet minimum color contrast ratio thresholds,Ensure the contrast between foreground and background colors meets WCAG 2 AA minimum contrast ratio thresholds,"Element has insufficient color contrast of 4.15 (foreground color: #006ce0, background color: #e1ecf7, font size: 9.0pt (12px), font weight: normal). Expected contrast ratio of 4.5:1",no axe-core violation,"Element has insufficient color contrast of 4.15 (foreground color: #006ce0, background color: #e1ecf7, font size: 9.0pt (12px), font weight: normal). Expected contrast ratio of 4.5:1 - see https://dequeuniversity.com/rules/axe/4.12/color-contrast?application=axeAPI",.card-surface.p-5:nth-child(2) > .flex-wrap.gap-2 > li:nth-child(1) > .border-primary\/30.bg-primary\/10.py-1,"impact serious; html: <span class=""inline-flex items-center rounded-full border px-2.5 py-1 text-xs font-medium border-primary/30 bg-primary/10 text-primary"">Node.js</span>",200,yes,Accessibility Report
http://localhost:3000/portfolio/e-commerce-platform,Important,P2 - fix soon,axe-core,color-contrast: Elements must meet minimum color contrast ratio thresholds,Ensure the contrast between foreground and background colors meets WCAG 2 AA minimum contrast ratio thresholds,"Element has insufficient color contrast of 4.15 (foreground color: #006ce0, background color: #e1ecf7, font size: 9.0pt (12px), font weight: normal). Expected contrast ratio of 4.5:1",no axe-core violation,"Element has insufficient color contrast of 4.15 (foreground color: #006ce0, background color: #e1ecf7, font size: 9.0pt (12px), font weight: normal). Expected contrast ratio of 4.5:1 - see https://dequeuniversity.com/rules/axe/4.12/color-contrast?application=axeAPI",.card-surface.p-5:nth-child(2) > .flex-wrap.gap-2 > li:nth-child(2) > .border-primary\/30.bg-primary\/10.py-1,"impact serious; html: <span class=""inline-flex items-center rounded-full border px-2.5 py-1 text-xs font-medium border-primary/30 bg-primary/10 text-primary"">NestJS</span>",200,yes,Accessibility Report
http://localhost:3000/portfolio/e-commerce-platform,Important,P2 - fix soon,axe-core,color-contrast: Elements must meet minimum color contrast ratio thresholds,Ensure the contrast between foreground and background colors meets WCAG 2 AA minimum contrast ratio thresholds,"Element has insufficient color contrast of 4.15 (foreground color: #006ce0, background color: #e1ecf7, font size: 9.0pt (12px), font weight: normal). Expected contrast ratio of 4.5:1",no axe-core violation,"Element has insufficient color contrast of 4.15 (foreground color: #006ce0, background color: #e1ecf7, font size: 9.0pt (12px), font weight: normal). Expected contrast ratio of 4.5:1 - see https://dequeuniversity.com/rules/axe/4.12/color-contrast?application=axeAPI",.card-surface.p-5:nth-child(3) > .flex-wrap.gap-2 > li:nth-child(1) > .border-primary\/30.bg-primary\/10.py-1,"impact serious; html: <span class=""inline-flex items-center rounded-full border px-2.5 py-1 text-xs font-medium border-primary/30 bg-primary/10 text-primary"">PostgreSQL</sp",200,yes,Accessibility Report
http://localhost:3000/portfolio/e-commerce-platform,Important,P2 - fix soon,axe-core,color-contrast: Elements must meet minimum color contrast ratio thresholds,Ensure the contrast between foreground and background colors meets WCAG 2 AA minimum contrast ratio thresholds,"Element has insufficient color contrast of 4.15 (foreground color: #006ce0, background color: #e1ecf7, font size: 9.0pt (12px), font weight: normal). Expected contrast ratio of 4.5:1",no axe-core violation,"Element has insufficient color contrast of 4.15 (foreground color: #006ce0, background color: #e1ecf7, font size: 9.0pt (12px), font weight: normal). Expected contrast ratio of 4.5:1 - see https://dequeuniversity.com/rules/axe/4.12/color-contrast?application=axeAPI",.card-surface.p-5:nth-child(3) > .flex-wrap.gap-2 > li:nth-child(2) > .border-primary\/30.bg-primary\/10.py-1,"impact serious; html: <span class=""inline-flex items-center rounded-full border px-2.5 py-1 text-xs font-medium border-primary/30 bg-primary/10 text-primary"">Redis</span>",200,yes,Accessibility Report
http://localhost:3000/portfolio/e-commerce-platform,Important,P2 - fix soon,axe-core,color-contrast: Elements must meet minimum color contrast ratio thresholds,Ensure the contrast between foreground and background colors meets WCAG 2 AA minimum contrast ratio thresholds,"Element has insufficient color contrast of 4.15 (foreground color: #006ce0, background color: #e1ecf7, font size: 9.0pt (12px), font weight: normal). Expected contrast ratio of 4.5:1",no axe-core violation,"Element has insufficient color contrast of 4.15 (foreground color: #006ce0, background color: #e1ecf7, font size: 9.0pt (12px), font weight: normal). Expected contrast ratio of 4.5:1 - see https://dequeuniversity.com/rules/axe/4.12/color-contrast?application=axeAPI",.card-surface.p-5:nth-child(3) > .flex-wrap.gap-2 > li:nth-child(3) > .border-primary\/30.bg-primary\/10.py-1,"impact serious; html: <span class=""inline-flex items-center rounded-full border px-2.5 py-1 text-xs font-medium border-primary/30 bg-primary/10 text-primary"">Elasticsearch<",200,yes,Accessibility Report
http://localhost:3000/portfolio/e-commerce-platform,Important,P2 - fix soon,axe-core,color-contrast: Elements must meet minimum color contrast ratio thresholds,Ensure the contrast between foreground and background colors meets WCAG 2 AA minimum contrast ratio thresholds,"Element has insufficient color contrast of 4.15 (foreground color: #006ce0, background color: #e1ecf7, font size: 9.0pt (12px), font weight: normal). Expected contrast ratio of 4.5:1",no axe-core violation,"Element has insufficient color contrast of 4.15 (foreground color: #006ce0, background color: #e1ecf7, font size: 9.0pt (12px), font weight: normal). Expected contrast ratio of 4.5:1 - see https://dequeuniversity.com/rules/axe/4.12/color-contrast?application=axeAPI",.card-surface.p-5:nth-child(4) > .flex-wrap.gap-2 > li:nth-child(1) > .border-primary\/30.bg-primary\/10.py-1,"impact serious; html: <span class=""inline-flex items-center rounded-full border px-2.5 py-1 text-xs font-medium border-primary/30 bg-primary/10 text-primary"">AWS</span>",200,yes,Accessibility Report
http://localhost:3000/portfolio/e-commerce-platform,Important,P2 - fix soon,axe-core,color-contrast: Elements must meet minimum color contrast ratio thresholds,Ensure the contrast between foreground and background colors meets WCAG 2 AA minimum contrast ratio thresholds,"Element has insufficient color contrast of 4.15 (foreground color: #006ce0, background color: #e1ecf7, font size: 9.0pt (12px), font weight: normal). Expected contrast ratio of 4.5:1",no axe-core violation,"Element has insufficient color contrast of 4.15 (foreground color: #006ce0, background color: #e1ecf7, font size: 9.0pt (12px), font weight: normal). Expected contrast ratio of 4.5:1 - see https://dequeuniversity.com/rules/axe/4.12/color-contrast?application=axeAPI",.card-surface.p-5:nth-child(4) > .flex-wrap.gap-2 > li:nth-child(2) > .border-primary\/30.bg-primary\/10.py-1,"impact serious; html: <span class=""inline-flex items-center rounded-full border px-2.5 py-1 text-xs font-medium border-primary/30 bg-primary/10 text-primary"">Docker</span>",200,yes,Accessibility Report
http://localhost:3000/portfolio/e-commerce-platform,Important,P2 - fix soon,axe-core,color-contrast: Elements must meet minimum color contrast ratio thresholds,Ensure the contrast between foreground and background colors meets WCAG 2 AA minimum contrast ratio thresholds,"Element has insufficient color contrast of 4.15 (foreground color: #006ce0, background color: #e1ecf7, font size: 9.0pt (12px), font weight: normal). Expected contrast ratio of 4.5:1",no axe-core violation,"Element has insufficient color contrast of 4.15 (foreground color: #006ce0, background color: #e1ecf7, font size: 9.0pt (12px), font weight: normal). Expected contrast ratio of 4.5:1 - see https://dequeuniversity.com/rules/axe/4.12/color-contrast?application=axeAPI",.card-surface.p-5:nth-child(5) > .flex-wrap.gap-2 > li:nth-child(1) > .border-primary\/30.bg-primary\/10.py-1,"impact serious; html: <span class=""inline-flex items-center rounded-full border px-2.5 py-1 text-xs font-medium border-primary/30 bg-primary/10 text-primary"">GitHub Actions",200,yes,Accessibility Report
http://localhost:3000/portfolio/e-commerce-platform,Important,P2 - fix soon,axe-core,color-contrast: Elements must meet minimum color contrast ratio thresholds,Ensure the contrast between foreground and background colors meets WCAG 2 AA minimum contrast ratio thresholds,"Element has insufficient color contrast of 4.15 (foreground color: #006ce0, background color: #e1ecf7, font size: 9.0pt (12px), font weight: normal). Expected contrast ratio of 4.5:1",no axe-core violation,"Element has insufficient color contrast of 4.15 (foreground color: #006ce0, background color: #e1ecf7, font size: 9.0pt (12px), font weight: normal). Expected contrast ratio of 4.5:1 - see https://dequeuniversity.com/rules/axe/4.12/color-contrast?application=axeAPI",.card-surface.p-5:nth-child(5) > .flex-wrap.gap-2 > li:nth-child(2) > .border-primary\/30.bg-primary\/10.py-1,"impact serious; html: <span class=""inline-flex items-center rounded-full border px-2.5 py-1 text-xs font-medium border-primary/30 bg-primary/10 text-primary"">Stripe</span>",200,yes,Accessibility Report
http://localhost:3000/portfolio/e-commerce-platform,Important,P2 - fix soon,axe-core,color-contrast: Elements must meet minimum color contrast ratio thresholds,Ensure the contrast between foreground and background colors meets WCAG 2 AA minimum contrast ratio thresholds,"Element has insufficient color contrast of 4.18 (foreground color: #006ce0, background color: #e1edf9, font size: 9.0pt (12px), font weight: normal). Expected contrast ratio of 4.5:1",no axe-core violation,"Element has insufficient color contrast of 4.18 (foreground color: #006ce0, background color: #e1edf9, font size: 9.0pt (12px), font weight: normal). Expected contrast ratio of 4.5:1 - see https://dequeuniversity.com/rules/axe/4.12/color-contrast?application=axeAPI",.bg-muted\/40.section:nth-child(6) > .container-site > .mb-10.md\:mb-14.max-w-3xl > .eyebrow.mb-4,"impact serious; html: <span class=""eyebrow mb-4"">More work</span>",200,yes,Accessibility Report
http://localhost:3000/portfolio/e-commerce-platform,Important,P2 - fix soon,axe-core,color-contrast: Elements must meet minimum color contrast ratio thresholds,Ensure the contrast between foreground and background colors meets WCAG 2 AA minimum contrast ratio thresholds,"Element has insufficient color contrast of 4.45 (foreground color: #006ce0, background color: #eef3f9, font size: 10.5pt (14px), font weight: normal). Expected contrast ratio of 4.5:1",no axe-core violation,"Element has insufficient color contrast of 4.45 (foreground color: #006ce0, background color: #eef3f9, font size: 10.5pt (14px), font weight: normal). Expected contrast ratio of 4.5:1 - see https://dequeuniversity.com/rules/axe/4.12/color-contrast?application=axeAPI",".gap-1\.5.inline-flex[href$=""internships""]","impact serious; html: <a class=""group inline-flex items-center gap-1.5 text-sm font-semibold text-primary"" href=""/internships"">",200,yes,Accessibility Report
http://localhost:3000/portfolio/e-commerce-platform,Optimization,P3 - improve,Touch targets,Touch targets smaller than 44x44 px,Touch targets are smaller than the recommended 44x44 px.,141x36 px,44x44 px,Increase padding / min-height on the element.,"S
Semicolon",390 px phone viewport,200,yes,Accessibility Report
http://localhost:3000/portfolio/e-commerce-platform,Optimization,P3 - improve,Touch targets,Touch targets smaller than 44x44 px,Touch targets are smaller than the recommended 44x44 px.,87x40 px,44x44 px,Increase padding / min-height on the element.,EN,390 px phone viewport,200,yes,Accessibility Report
http://localhost:3000/portfolio/e-commerce-platform,Optimization,P3 - improve,Touch targets,Touch targets smaller than 44x44 px,Touch targets are smaller than the recommended 44x44 px.,40x40 px,44x44 px,Increase padding / min-height on the element.,Switch to dark mode,390 px phone viewport,200,yes,Accessibility Report
http://localhost:3000/portfolio/e-commerce-platform,Optimization,P3 - improve,Touch targets,Touch targets smaller than 44x44 px,Touch targets are smaller than the recommended 44x44 px.,40x40 px,44x44 px,Increase padding / min-height on the element.,Open menu,390 px phone viewport,200,yes,Accessibility Report
http://localhost:3000/portfolio/e-commerce-platform,Optimization,P3 - improve,Touch targets,Touch targets smaller than 44x44 px,Touch targets are smaller than the recommended 44x44 px.,164x40 px,44x44 px,Increase padding / min-height on the element.,"S
Semicolon",390 px phone viewport,200,yes,Accessibility Report
http://localhost:3000/portfolio/footrex-sports-platform,Important,P2 - fix soon,Touch targets,Touch targets smaller than 24x24 px,"Touch targets are smaller than 24x24 px, too small to tap reliably (WCAG 2.5.8).",57x22 px,24x24 px minimum (44x44 recommended),Increase padding / min-width / min-height of the element.,Home,390 px phone viewport,200,yes,Accessibility Report
http://localhost:3000/portfolio/footrex-sports-platform,Important,P2 - fix soon,Touch targets,Touch targets smaller than 24x24 px,"Touch targets are smaller than 24x24 px, too small to tap reliably (WCAG 2.5.8).",53x22 px,24x24 px minimum (44x44 recommended),Increase padding / min-width / min-height of the element.,Projects,390 px phone viewport,200,yes,Accessibility Report
http://localhost:3000/portfolio/footrex-sports-platform,Important,P2 - fix soon,Touch targets,Touch targets smaller than 24x24 px,"Touch targets are smaller than 24x24 px, too small to tap reliably (WCAG 2.5.8).",358x20 px,24x24 px minimum (44x44 recommended),Increase padding / min-width / min-height of the element.,hello@semicolon.agency,390 px phone viewport,200,yes,Accessibility Report
http://localhost:3000/portfolio/footrex-sports-platform,Important,P2 - fix soon,Touch targets,Touch targets smaller than 24x24 px,"Touch targets are smaller than 24x24 px, too small to tap reliably (WCAG 2.5.8).",358x20 px,24x24 px minimum (44x44 recommended),Increase padding / min-width / min-height of the element.,+91 95128 15630,390 px phone viewport,200,yes,Accessibility Report
http://localhost:3000/portfolio/footrex-sports-platform,Important,P2 - fix soon,Touch targets,Touch targets smaller than 24x24 px,"Touch targets are smaller than 24x24 px, too small to tap reliably (WCAG 2.5.8).",93x20 px,24x24 px minimum (44x44 recommended),Increase padding / min-width / min-height of the element.,Apply now,390 px phone viewport,200,yes,Accessibility Report
http://localhost:3000/portfolio/footrex-sports-platform,Important,P2 - fix soon,axe-core,color-contrast: Elements must meet minimum color contrast ratio thresholds,Ensure the contrast between foreground and background colors meets WCAG 2 AA minimum contrast ratio thresholds,"Element has insufficient color contrast of 4.18 (foreground color: #006ce0, background color: #e1edf9, font size: 9.0pt (12px), font weight: normal). Expected contrast ratio of 4.5:1",no axe-core violation,"Element has insufficient color contrast of 4.18 (foreground color: #006ce0, background color: #e1edf9, font size: 9.0pt (12px), font weight: normal). Expected contrast ratio of 4.5:1 - see https://dequeuniversity.com/rules/axe/4.12/color-contrast?application=axeAPI",.bg-muted\/40.section:nth-child(4) > .container-site > .mb-10.md\:mb-14.max-w-3xl > .eyebrow.mb-4,"impact serious; html: <span class=""eyebrow mb-4"">Approach</span>",200,yes,Accessibility Report
http://localhost:3000/portfolio/footrex-sports-platform,Important,P2 - fix soon,axe-core,color-contrast: Elements must meet minimum color contrast ratio thresholds,Ensure the contrast between foreground and background colors meets WCAG 2 AA minimum contrast ratio thresholds,"Element has insufficient color contrast of 4.31 (foreground color: #006ce0, background color: #e6f0fc, font size: 9.0pt (12px), font weight: normal). Expected contrast ratio of 4.5:1",no axe-core violation,"Element has insufficient color contrast of 4.31 (foreground color: #006ce0, background color: #e6f0fc, font size: 9.0pt (12px), font weight: normal). Expected contrast ratio of 4.5:1 - see https://dequeuniversity.com/rules/axe/4.12/color-contrast?application=axeAPI",.section:nth-child(5) > .container-site > .mb-10.md\:mb-14.max-w-3xl > .eyebrow.mb-4,"impact serious; html: <span class=""eyebrow mb-4"">Technology</span>",200,yes,Accessibility Report
http://localhost:3000/portfolio/footrex-sports-platform,Important,P2 - fix soon,axe-core,color-contrast: Elements must meet minimum color contrast ratio thresholds,Ensure the contrast between foreground and background colors meets WCAG 2 AA minimum contrast ratio thresholds,"Element has insufficient color contrast of 4.15 (foreground color: #006ce0, background color: #e1ecf7, font size: 9.0pt (12px), font weight: normal). Expected contrast ratio of 4.5:1",no axe-core violation,"Element has insufficient color contrast of 4.15 (foreground color: #006ce0, background color: #e1ecf7, font size: 9.0pt (12px), font weight: normal). Expected contrast ratio of 4.5:1 - see https://dequeuniversity.com/rules/axe/4.12/color-contrast?application=axeAPI",.p-5.card-surface:nth-child(1) > .flex-wrap.gap-2 > li:nth-child(1) > .border-primary\/30.bg-primary\/10.py-1,"impact serious; html: <span class=""inline-flex items-center rounded-full border px-2.5 py-1 text-xs font-medium border-primary/30 bg-primary/10 text-primary"">React.js</span",200,yes,Accessibility Report
http://localhost:3000/portfolio/footrex-sports-platform,Important,P2 - fix soon,axe-core,color-contrast: Elements must meet minimum color contrast ratio thresholds,Ensure the contrast between foreground and background colors meets WCAG 2 AA minimum contrast ratio thresholds,"Element has insufficient color contrast of 4.15 (foreground color: #006ce0, background color: #e1ecf7, font size: 9.0pt (12px), font weight: normal). Expected contrast ratio of 4.5:1",no axe-core violation,"Element has insufficient color contrast of 4.15 (foreground color: #006ce0, background color: #e1ecf7, font size: 9.0pt (12px), font weight: normal). Expected contrast ratio of 4.5:1 - see https://dequeuniversity.com/rules/axe/4.12/color-contrast?application=axeAPI",.p-5.card-surface:nth-child(1) > .flex-wrap.gap-2 > li:nth-child(2) > .border-primary\/30.bg-primary\/10.py-1,"impact serious; html: <span class=""inline-flex items-center rounded-full border px-2.5 py-1 text-xs font-medium border-primary/30 bg-primary/10 text-primary"">HTML5</span>",200,yes,Accessibility Report
http://localhost:3000/portfolio/footrex-sports-platform,Important,P2 - fix soon,axe-core,color-contrast: Elements must meet minimum color contrast ratio thresholds,Ensure the contrast between foreground and background colors meets WCAG 2 AA minimum contrast ratio thresholds,"Element has insufficient color contrast of 4.15 (foreground color: #006ce0, background color: #e1ecf7, font size: 9.0pt (12px), font weight: normal). Expected contrast ratio of 4.5:1",no axe-core violation,"Element has insufficient color contrast of 4.15 (foreground color: #006ce0, background color: #e1ecf7, font size: 9.0pt (12px), font weight: normal). Expected contrast ratio of 4.5:1 - see https://dequeuniversity.com/rules/axe/4.12/color-contrast?application=axeAPI",li:nth-child(3) > .border-primary\/30.bg-primary\/10.py-1,"impact serious; html: <span class=""inline-flex items-center rounded-full border px-2.5 py-1 text-xs font-medium border-primary/30 bg-primary/10 text-primary"">CSS3</span>",200,yes,Accessibility Report
http://localhost:3000/portfolio/footrex-sports-platform,Important,P2 - fix soon,axe-core,color-contrast: Elements must meet minimum color contrast ratio thresholds,Ensure the contrast between foreground and background colors meets WCAG 2 AA minimum contrast ratio thresholds,"Element has insufficient color contrast of 4.15 (foreground color: #006ce0, background color: #e1ecf7, font size: 9.0pt (12px), font weight: normal). Expected contrast ratio of 4.5:1",no axe-core violation,"Element has insufficient color contrast of 4.15 (foreground color: #006ce0, background color: #e1ecf7, font size: 9.0pt (12px), font weight: normal). Expected contrast ratio of 4.5:1 - see https://dequeuniversity.com/rules/axe/4.12/color-contrast?application=axeAPI",li:nth-child(4) > .border-primary\/30.bg-primary\/10.py-1,"impact serious; html: <span class=""inline-flex items-center rounded-full border px-2.5 py-1 text-xs font-medium border-primary/30 bg-primary/10 text-primary"">JavaScript</sp",200,yes,Accessibility Report
http://localhost:3000/portfolio/footrex-sports-platform,Important,P2 - fix soon,axe-core,color-contrast: Elements must meet minimum color contrast ratio thresholds,Ensure the contrast between foreground and background colors meets WCAG 2 AA minimum contrast ratio thresholds,"Element has insufficient color contrast of 4.15 (foreground color: #006ce0, background color: #e1ecf7, font size: 9.0pt (12px), font weight: normal). Expected contrast ratio of 4.5:1",no axe-core violation,"Element has insufficient color contrast of 4.15 (foreground color: #006ce0, background color: #e1ecf7, font size: 9.0pt (12px), font weight: normal). Expected contrast ratio of 4.5:1 - see https://dequeuniversity.com/rules/axe/4.12/color-contrast?application=axeAPI",.p-5.card-surface:nth-child(2) > .flex-wrap.gap-2 > li:nth-child(1) > .border-primary\/30.bg-primary\/10.py-1,"impact serious; html: <span class=""inline-flex items-center rounded-full border px-2.5 py-1 text-xs font-medium border-primary/30 bg-primary/10 text-primary"">Node.js</span>",200,yes,Accessibility Report
http://localhost:3000/portfolio/footrex-sports-platform,Important,P2 - fix soon,axe-core,color-contrast: Elements must meet minimum color contrast ratio thresholds,Ensure the contrast between foreground and background colors meets WCAG 2 AA minimum contrast ratio thresholds,"Element has insufficient color contrast of 4.15 (foreground color: #006ce0, background color: #e1ecf7, font size: 9.0pt (12px), font weight: normal). Expected contrast ratio of 4.5:1",no axe-core violation,"Element has insufficient color contrast of 4.15 (foreground color: #006ce0, background color: #e1ecf7, font size: 9.0pt (12px), font weight: normal). Expected contrast ratio of 4.5:1 - see https://dequeuniversity.com/rules/axe/4.12/color-contrast?application=axeAPI",.p-5.card-surface:nth-child(2) > .flex-wrap.gap-2 > li:nth-child(2) > .border-primary\/30.bg-primary\/10.py-1,"impact serious; html: <span class=""inline-flex items-center rounded-full border px-2.5 py-1 text-xs font-medium border-primary/30 bg-primary/10 text-primary"">Express.js</sp",200,yes,Accessibility Report
http://localhost:3000/portfolio/footrex-sports-platform,Important,P2 - fix soon,axe-core,color-contrast: Elements must meet minimum color contrast ratio thresholds,Ensure the contrast between foreground and background colors meets WCAG 2 AA minimum contrast ratio thresholds,"Element has insufficient color contrast of 4.15 (foreground color: #006ce0, background color: #e1ecf7, font size: 9.0pt (12px), font weight: normal). Expected contrast ratio of 4.5:1",no axe-core violation,"Element has insufficient color contrast of 4.15 (foreground color: #006ce0, background color: #e1ecf7, font size: 9.0pt (12px), font weight: normal). Expected contrast ratio of 4.5:1 - see https://dequeuniversity.com/rules/axe/4.12/color-contrast?application=axeAPI",.p-5.card-surface:nth-child(3) > .flex-wrap.gap-2 > li > .border-primary\/30.bg-primary\/10.py-1,"impact serious; html: <span class=""inline-flex items-center rounded-full border px-2.5 py-1 text-xs font-medium border-primary/30 bg-primary/10 text-primary"">React Native</",200,yes,Accessibility Report
http://localhost:3000/portfolio/footrex-sports-platform,Important,P2 - fix soon,axe-core,color-contrast: Elements must meet minimum color contrast ratio thresholds,Ensure the contrast between foreground and background colors meets WCAG 2 AA minimum contrast ratio thresholds,"Element has insufficient color contrast of 4.15 (foreground color: #006ce0, background color: #e1ecf7, font size: 9.0pt (12px), font weight: normal). Expected contrast ratio of 4.5:1",no axe-core violation,"Element has insufficient color contrast of 4.15 (foreground color: #006ce0, background color: #e1ecf7, font size: 9.0pt (12px), font weight: normal). Expected contrast ratio of 4.5:1 - see https://dequeuniversity.com/rules/axe/4.12/color-contrast?application=axeAPI",.p-5.card-surface:nth-child(4) > .flex-wrap.gap-2 > li > .border-primary\/30.bg-primary\/10.py-1,"impact serious; html: <span class=""inline-flex items-center rounded-full border px-2.5 py-1 text-xs font-medium border-primary/30 bg-primary/10 text-primary"">MongoDB</span>",200,yes,Accessibility Report
http://localhost:3000/portfolio/footrex-sports-platform,Important,P2 - fix soon,axe-core,color-contrast: Elements must meet minimum color contrast ratio thresholds,Ensure the contrast between foreground and background colors meets WCAG 2 AA minimum contrast ratio thresholds,"Element has insufficient color contrast of 4.15 (foreground color: #006ce0, background color: #e1ecf7, font size: 9.0pt (12px), font weight: normal). Expected contrast ratio of 4.5:1",no axe-core violation,"Element has insufficient color contrast of 4.15 (foreground color: #006ce0, background color: #e1ecf7, font size: 9.0pt (12px), font weight: normal). Expected contrast ratio of 4.5:1 - see https://dequeuniversity.com/rules/axe/4.12/color-contrast?application=axeAPI",.p-5.card-surface:nth-child(5) > .flex-wrap.gap-2 > li:nth-child(1) > .border-primary\/30.bg-primary\/10.py-1,"impact serious; html: <span class=""inline-flex items-center rounded-full border px-2.5 py-1 text-xs font-medium border-primary/30 bg-primary/10 text-primary"">Docker</span>",200,yes,Accessibility Report
http://localhost:3000/portfolio/footrex-sports-platform,Important,P2 - fix soon,axe-core,color-contrast: Elements must meet minimum color contrast ratio thresholds,Ensure the contrast between foreground and background colors meets WCAG 2 AA minimum contrast ratio thresholds,"Element has insufficient color contrast of 4.15 (foreground color: #006ce0, background color: #e1ecf7, font size: 9.0pt (12px), font weight: normal). Expected contrast ratio of 4.5:1",no axe-core violation,"Element has insufficient color contrast of 4.15 (foreground color: #006ce0, background color: #e1ecf7, font size: 9.0pt (12px), font weight: normal). Expected contrast ratio of 4.5:1 - see https://dequeuniversity.com/rules/axe/4.12/color-contrast?application=axeAPI",.p-5.card-surface:nth-child(5) > .flex-wrap.gap-2 > li:nth-child(2) > .border-primary\/30.bg-primary\/10.py-1,"impact serious; html: <span class=""inline-flex items-center rounded-full border px-2.5 py-1 text-xs font-medium border-primary/30 bg-primary/10 text-primary"">Cloud Hosting<",200,yes,Accessibility Report
http://localhost:3000/portfolio/footrex-sports-platform,Important,P2 - fix soon,axe-core,color-contrast: Elements must meet minimum color contrast ratio thresholds,Ensure the contrast between foreground and background colors meets WCAG 2 AA minimum contrast ratio thresholds,"Element has insufficient color contrast of 4.15 (foreground color: #006ce0, background color: #e1ecf7, font size: 9.0pt (12px), font weight: normal). Expected contrast ratio of 4.5:1",no axe-core violation,"Element has insufficient color contrast of 4.15 (foreground color: #006ce0, background color: #e1ecf7, font size: 9.0pt (12px), font weight: normal). Expected contrast ratio of 4.5:1 - see https://dequeuniversity.com/rules/axe/4.12/color-contrast?application=axeAPI",.p-5.card-surface:nth-child(6) > .flex-wrap.gap-2 > li:nth-child(1) > .border-primary\/30.bg-primary\/10.py-1,"impact serious; html: <span class=""inline-flex items-center rounded-full border px-2.5 py-1 text-xs font-medium border-primary/30 bg-primary/10 text-primary"">Git</span>",200,yes,Accessibility Report
http://localhost:3000/portfolio/footrex-sports-platform,Important,P2 - fix soon,axe-core,color-contrast: Elements must meet minimum color contrast ratio thresholds,Ensure the contrast between foreground and background colors meets WCAG 2 AA minimum contrast ratio thresholds,"Element has insufficient color contrast of 4.15 (foreground color: #006ce0, background color: #e1ecf7, font size: 9.0pt (12px), font weight: normal). Expected contrast ratio of 4.5:1",no axe-core violation,"Element has insufficient color contrast of 4.15 (foreground color: #006ce0, background color: #e1ecf7, font size: 9.0pt (12px), font weight: normal). Expected contrast ratio of 4.5:1 - see https://dequeuniversity.com/rules/axe/4.12/color-contrast?application=axeAPI",.p-5.card-surface:nth-child(6) > .flex-wrap.gap-2 > li:nth-child(2) > .border-primary\/30.bg-primary\/10.py-1,"impact serious; html: <span class=""inline-flex items-center rounded-full border px-2.5 py-1 text-xs font-medium border-primary/30 bg-primary/10 text-primary"">CI/CD</span>",200,yes,Accessibility Report
http://localhost:3000/portfolio/footrex-sports-platform,Important,P2 - fix soon,axe-core,color-contrast: Elements must meet minimum color contrast ratio thresholds,Ensure the contrast between foreground and background colors meets WCAG 2 AA minimum contrast ratio thresholds,"Element has insufficient color contrast of 4.18 (foreground color: #006ce0, background color: #e1edf9, font size: 9.0pt (12px), font weight: normal). Expected contrast ratio of 4.5:1",no axe-core violation,"Element has insufficient color contrast of 4.18 (foreground color: #006ce0, background color: #e1edf9, font size: 9.0pt (12px), font weight: normal). Expected contrast ratio of 4.5:1 - see https://dequeuniversity.com/rules/axe/4.12/color-contrast?application=axeAPI",.bg-muted\/40.section:nth-child(8) > .container-site > .mb-10.md\:mb-14.max-w-3xl > .eyebrow.mb-4,"impact serious; html: <span class=""eyebrow mb-4"">More work</span>",200,yes,Accessibility Report
http://localhost:3000/portfolio/footrex-sports-platform,Important,P2 - fix soon,axe-core,color-contrast: Elements must meet minimum color contrast ratio thresholds,Ensure the contrast between foreground and background colors meets WCAG 2 AA minimum contrast ratio thresholds,"Element has insufficient color contrast of 4.45 (foreground color: #006ce0, background color: #eef3f9, font size: 10.5pt (14px), font weight: normal). Expected contrast ratio of 4.5:1",no axe-core violation,"Element has insufficient color contrast of 4.45 (foreground color: #006ce0, background color: #eef3f9, font size: 10.5pt (14px), font weight: normal). Expected contrast ratio of 4.5:1 - see https://dequeuniversity.com/rules/axe/4.12/color-contrast?application=axeAPI",".gap-1\.5.inline-flex[href$=""internships""]","impact serious; html: <a class=""group inline-flex items-center gap-1.5 text-sm font-semibold text-primary"" href=""/internships"">",200,yes,Accessibility Report
http://localhost:3000/portfolio/footrex-sports-platform,Optimization,P3 - improve,Touch targets,Touch targets smaller than 44x44 px,Touch targets are smaller than the recommended 44x44 px.,141x36 px,44x44 px,Increase padding / min-height on the element.,"S
Semicolon",390 px phone viewport,200,yes,Accessibility Report
http://localhost:3000/portfolio/footrex-sports-platform,Optimization,P3 - improve,Touch targets,Touch targets smaller than 44x44 px,Touch targets are smaller than the recommended 44x44 px.,87x40 px,44x44 px,Increase padding / min-height on the element.,EN,390 px phone viewport,200,yes,Accessibility Report
http://localhost:3000/portfolio/footrex-sports-platform,Optimization,P3 - improve,Touch targets,Touch targets smaller than 44x44 px,Touch targets are smaller than the recommended 44x44 px.,40x40 px,44x44 px,Increase padding / min-height on the element.,Switch to dark mode,390 px phone viewport,200,yes,Accessibility Report
http://localhost:3000/portfolio/footrex-sports-platform,Optimization,P3 - improve,Touch targets,Touch targets smaller than 44x44 px,Touch targets are smaller than the recommended 44x44 px.,40x40 px,44x44 px,Increase padding / min-height on the element.,Open menu,390 px phone viewport,200,yes,Accessibility Report
http://localhost:3000/portfolio/footrex-sports-platform,Optimization,P3 - improve,Touch targets,Touch targets smaller than 44x44 px,Touch targets are smaller than the recommended 44x44 px.,164x40 px,44x44 px,Increase padding / min-height on the element.,"S
Semicolon",390 px phone viewport,200,yes,Accessibility Report
http://localhost:3000/privacy-policy,Important,P2 - fix soon,Touch targets,Touch targets smaller than 24x24 px,"Touch targets are smaller than 24x24 px, too small to tap reliably (WCAG 2.5.8).",148x20 px,24x24 px minimum (44x44 recommended),Increase padding / min-width / min-height of the element.,Contact Support →,390 px phone viewport,200,yes,Accessibility Report
http://localhost:3000/privacy-policy,Important,P2 - fix soon,Touch targets,Touch targets smaller than 24x24 px,"Touch targets are smaller than 24x24 px, too small to tap reliably (WCAG 2.5.8).",358x20 px,24x24 px minimum (44x44 recommended),Increase padding / min-width / min-height of the element.,hello@semicolon.agency,390 px phone viewport,200,yes,Accessibility Report
http://localhost:3000/privacy-policy,Important,P2 - fix soon,Touch targets,Touch targets smaller than 24x24 px,"Touch targets are smaller than 24x24 px, too small to tap reliably (WCAG 2.5.8).",358x20 px,24x24 px minimum (44x44 recommended),Increase padding / min-width / min-height of the element.,+91 95128 15630,390 px phone viewport,200,yes,Accessibility Report
http://localhost:3000/privacy-policy,Important,P2 - fix soon,Touch targets,Touch targets smaller than 24x24 px,"Touch targets are smaller than 24x24 px, too small to tap reliably (WCAG 2.5.8).",93x20 px,24x24 px minimum (44x44 recommended),Increase padding / min-width / min-height of the element.,Apply now,390 px phone viewport,200,yes,Accessibility Report
http://localhost:3000/privacy-policy,Important,P2 - fix soon,axe-core,color-contrast: Elements must meet minimum color contrast ratio thresholds,Ensure the contrast between foreground and background colors meets WCAG 2 AA minimum contrast ratio thresholds,"Element has insufficient color contrast of 4.31 (foreground color: #006ce0, background color: #e6f0fc, font size: 10.5pt (14px), font weight: normal). Expected contrast ratio of 4.5:1",no axe-core violation,"Element has insufficient color contrast of 4.31 (foreground color: #006ce0, background color: #e6f0fc, font size: 10.5pt (14px), font weight: normal). Expected contrast ratio of 4.5:1 - see https://dequeuniversity.com/rules/axe/4.12/color-contrast?application=axeAPI",.mb-6.py-1.bg-\[hsl\(var\(--primary\)\/0\.1\)\],"impact serious; html: <div class=""inline-flex items-center gap-2 px-3 py-1 rounded-full bg-[hsl(var(--primary)/0.1)] text-[hsl(var(--primary))] text-sm font-medium mb-6"">",200,yes,Accessibility Report
http://localhost:3000/privacy-policy,Important,P2 - fix soon,axe-core,color-contrast: Elements must meet minimum color contrast ratio thresholds,Ensure the contrast between foreground and background colors meets WCAG 2 AA minimum contrast ratio thresholds,"Element has insufficient color contrast of 4.45 (foreground color: #006ce0, background color: #eef3f9, font size: 10.5pt (14px), font weight: normal). Expected contrast ratio of 4.5:1",no axe-core violation,"Element has insufficient color contrast of 4.45 (foreground color: #006ce0, background color: #eef3f9, font size: 10.5pt (14px), font weight: normal). Expected contrast ratio of 4.5:1 - see https://dequeuniversity.com/rules/axe/4.12/color-contrast?application=axeAPI",".gap-1\.5.inline-flex[href$=""internships""]","impact serious; html: <a class=""group inline-flex items-center gap-1.5 text-sm font-semibold text-primary"" href=""/internships"">",200,yes,Accessibility Report
http://localhost:3000/privacy-policy,Optimization,P3 - improve,Touch targets,Touch targets smaller than 44x44 px,Touch targets are smaller than the recommended 44x44 px.,141x36 px,44x44 px,Increase padding / min-height on the element.,"S
Semicolon",390 px phone viewport,200,yes,Accessibility Report
http://localhost:3000/privacy-policy,Optimization,P3 - improve,Touch targets,Touch targets smaller than 44x44 px,Touch targets are smaller than the recommended 44x44 px.,87x40 px,44x44 px,Increase padding / min-height on the element.,EN,390 px phone viewport,200,yes,Accessibility Report
http://localhost:3000/privacy-policy,Optimization,P3 - improve,Touch targets,Touch targets smaller than 44x44 px,Touch targets are smaller than the recommended 44x44 px.,40x40 px,44x44 px,Increase padding / min-height on the element.,Switch to dark mode,390 px phone viewport,200,yes,Accessibility Report
http://localhost:3000/privacy-policy,Optimization,P3 - improve,Touch targets,Touch targets smaller than 44x44 px,Touch targets are smaller than the recommended 44x44 px.,40x40 px,44x44 px,Increase padding / min-height on the element.,Open menu,390 px phone viewport,200,yes,Accessibility Report
http://localhost:3000/privacy-policy,Optimization,P3 - improve,Touch targets,Touch targets smaller than 44x44 px,Touch targets are smaller than the recommended 44x44 px.,164x40 px,44x44 px,Increase padding / min-height on the element.,"S
Semicolon",390 px phone viewport,200,yes,Accessibility Report
http://localhost:3000/refund-cancellation-policy,Important,P2 - fix soon,Touch targets,Touch targets smaller than 24x24 px,"Touch targets are smaller than 24x24 px, too small to tap reliably (WCAG 2.5.8).",148x20 px,24x24 px minimum (44x44 recommended),Increase padding / min-width / min-height of the element.,Contact Support →,390 px phone viewport,200,yes,Accessibility Report
http://localhost:3000/refund-cancellation-policy,Important,P2 - fix soon,Touch targets,Touch targets smaller than 24x24 px,"Touch targets are smaller than 24x24 px, too small to tap reliably (WCAG 2.5.8).",358x20 px,24x24 px minimum (44x44 recommended),Increase padding / min-width / min-height of the element.,hello@semicolon.agency,390 px phone viewport,200,yes,Accessibility Report
http://localhost:3000/refund-cancellation-policy,Important,P2 - fix soon,Touch targets,Touch targets smaller than 24x24 px,"Touch targets are smaller than 24x24 px, too small to tap reliably (WCAG 2.5.8).",358x20 px,24x24 px minimum (44x44 recommended),Increase padding / min-width / min-height of the element.,+91 95128 15630,390 px phone viewport,200,yes,Accessibility Report
http://localhost:3000/refund-cancellation-policy,Important,P2 - fix soon,Touch targets,Touch targets smaller than 24x24 px,"Touch targets are smaller than 24x24 px, too small to tap reliably (WCAG 2.5.8).",93x20 px,24x24 px minimum (44x44 recommended),Increase padding / min-width / min-height of the element.,Apply now,390 px phone viewport,200,yes,Accessibility Report
http://localhost:3000/refund-cancellation-policy,Important,P2 - fix soon,axe-core,color-contrast: Elements must meet minimum color contrast ratio thresholds,Ensure the contrast between foreground and background colors meets WCAG 2 AA minimum contrast ratio thresholds,"Element has insufficient color contrast of 4.31 (foreground color: #006ce0, background color: #e6f0fc, font size: 10.5pt (14px), font weight: normal). Expected contrast ratio of 4.5:1",no axe-core violation,"Element has insufficient color contrast of 4.31 (foreground color: #006ce0, background color: #e6f0fc, font size: 10.5pt (14px), font weight: normal). Expected contrast ratio of 4.5:1 - see https://dequeuniversity.com/rules/axe/4.12/color-contrast?application=axeAPI",.mb-6.py-1.bg-\[hsl\(var\(--primary\)\/0\.1\)\],"impact serious; html: <div class=""inline-flex items-center gap-2 px-3 py-1 rounded-full bg-[hsl(var(--primary)/0.1)] text-[hsl(var(--primary))] text-sm font-medium mb-6"">La",200,yes,Accessibility Report
http://localhost:3000/refund-cancellation-policy,Important,P2 - fix soon,axe-core,color-contrast: Elements must meet minimum color contrast ratio thresholds,Ensure the contrast between foreground and background colors meets WCAG 2 AA minimum contrast ratio thresholds,"Element has insufficient color contrast of 4.45 (foreground color: #006ce0, background color: #eef3f9, font size: 10.5pt (14px), font weight: normal). Expected contrast ratio of 4.5:1",no axe-core violation,"Element has insufficient color contrast of 4.45 (foreground color: #006ce0, background color: #eef3f9, font size: 10.5pt (14px), font weight: normal). Expected contrast ratio of 4.5:1 - see https://dequeuniversity.com/rules/axe/4.12/color-contrast?application=axeAPI",".gap-1\.5.inline-flex[href$=""internships""]","impact serious; html: <a class=""group inline-flex items-center gap-1.5 text-sm font-semibold text-primary"" href=""/internships"">",200,yes,Accessibility Report
http://localhost:3000/refund-cancellation-policy,Optimization,P3 - improve,Touch targets,Touch targets smaller than 44x44 px,Touch targets are smaller than the recommended 44x44 px.,141x36 px,44x44 px,Increase padding / min-height on the element.,"S
Semicolon",390 px phone viewport,200,yes,Accessibility Report
http://localhost:3000/refund-cancellation-policy,Optimization,P3 - improve,Touch targets,Touch targets smaller than 44x44 px,Touch targets are smaller than the recommended 44x44 px.,87x40 px,44x44 px,Increase padding / min-height on the element.,EN,390 px phone viewport,200,yes,Accessibility Report
http://localhost:3000/refund-cancellation-policy,Optimization,P3 - improve,Touch targets,Touch targets smaller than 44x44 px,Touch targets are smaller than the recommended 44x44 px.,40x40 px,44x44 px,Increase padding / min-height on the element.,Switch to dark mode,390 px phone viewport,200,yes,Accessibility Report
http://localhost:3000/refund-cancellation-policy,Optimization,P3 - improve,Touch targets,Touch targets smaller than 44x44 px,Touch targets are smaller than the recommended 44x44 px.,40x40 px,44x44 px,Increase padding / min-height on the element.,Open menu,390 px phone viewport,200,yes,Accessibility Report
http://localhost:3000/refund-cancellation-policy,Optimization,P3 - improve,Touch targets,Touch targets smaller than 44x44 px,Touch targets are smaller than the recommended 44x44 px.,164x40 px,44x44 px,Increase padding / min-height on the element.,"S
Semicolon",390 px phone viewport,200,yes,Accessibility Report
http://localhost:3000/reviews,Important,P2 - fix soon,Touch targets,Touch targets smaller than 24x24 px,"Touch targets are smaller than 24x24 px, too small to tap reliably (WCAG 2.5.8).",57x22 px,24x24 px minimum (44x44 recommended),Increase padding / min-width / min-height of the element.,Home,390 px phone viewport,200,yes,Accessibility Report
http://localhost:3000/reviews,Important,P2 - fix soon,Touch targets,Touch targets smaller than 24x24 px,"Touch targets are smaller than 24x24 px, too small to tap reliably (WCAG 2.5.8).",39x22 px,24x24 px minimum (44x44 recommended),Increase padding / min-width / min-height of the element.,About,390 px phone viewport,200,yes,Accessibility Report
http://localhost:3000/reviews,Important,P2 - fix soon,Touch targets,Touch targets smaller than 24x24 px,"Touch targets are smaller than 24x24 px, too small to tap reliably (WCAG 2.5.8).",287x23 px,24x24 px minimum (44x44 recommended),Increase padding / min-width / min-height of the element.,Learning Management System,390 px phone viewport,200,yes,Accessibility Report
http://localhost:3000/reviews,Important,P2 - fix soon,Touch targets,Touch targets smaller than 24x24 px,"Touch targets are smaller than 24x24 px, too small to tap reliably (WCAG 2.5.8).",255x23 px,24x24 px minimum (44x44 recommended),Increase padding / min-width / min-height of the element.,MediSched – Patient Portal,390 px phone viewport,200,yes,Accessibility Report
http://localhost:3000/reviews,Important,P2 - fix soon,Touch targets,Touch targets smaller than 24x24 px,"Touch targets are smaller than 24x24 px, too small to tap reliably (WCAG 2.5.8).",358x20 px,24x24 px minimum (44x44 recommended),Increase padding / min-width / min-height of the element.,hello@semicolon.agency,390 px phone viewport,200,yes,Accessibility Report
http://localhost:3000/reviews,Important,P2 - fix soon,Touch targets,Touch targets smaller than 24x24 px,"Touch targets are smaller than 24x24 px, too small to tap reliably (WCAG 2.5.8).",358x20 px,24x24 px minimum (44x44 recommended),Increase padding / min-width / min-height of the element.,+91 95128 15630,390 px phone viewport,200,yes,Accessibility Report
http://localhost:3000/reviews,Important,P2 - fix soon,Touch targets,Touch targets smaller than 24x24 px,"Touch targets are smaller than 24x24 px, too small to tap reliably (WCAG 2.5.8).",93x20 px,24x24 px minimum (44x44 recommended),Increase padding / min-width / min-height of the element.,Apply now,390 px phone viewport,200,yes,Accessibility Report
http://localhost:3000/reviews,Important,P2 - fix soon,axe-core,color-contrast: Elements must meet minimum color contrast ratio thresholds,Ensure the contrast between foreground and background colors meets WCAG 2 AA minimum contrast ratio thresholds,"Element has insufficient color contrast of 4.19 (foreground color: #006ce0, background color: #e2edf9, font size: 9.0pt (12px), font weight: normal). Expected contrast ratio of 4.5:1",no axe-core violation,"Element has insufficient color contrast of 4.19 (foreground color: #006ce0, background color: #e2edf9, font size: 9.0pt (12px), font weight: normal). Expected contrast ratio of 4.5:1 - see https://dequeuniversity.com/rules/axe/4.12/color-contrast?application=axeAPI",.max-w-3xl > .eyebrow.mb-4,"impact serious; html: <span class=""eyebrow mb-4"">More feedback</span>",200,yes,Accessibility Report
http://localhost:3000/reviews,Important,P2 - fix soon,axe-core,color-contrast: Elements must meet minimum color contrast ratio thresholds,Ensure the contrast between foreground and background colors meets WCAG 2 AA minimum contrast ratio thresholds,"Element has insufficient color contrast of 4.31 (foreground color: #006ce0, background color: #e6f0fc, font size: 9.0pt (12px), font weight: normal). Expected contrast ratio of 4.5:1",no axe-core violation,"Element has insufficient color contrast of 4.31 (foreground color: #006ce0, background color: #e6f0fc, font size: 9.0pt (12px), font weight: normal). Expected contrast ratio of 4.5:1 - see https://dequeuniversity.com/rules/axe/4.12/color-contrast?application=axeAPI",.md\:mb-12.mb-6.max-w-2xl > .eyebrow.mb-4,"impact serious; html: <span class=""eyebrow mb-4"">Case studies</span>",200,yes,Accessibility Report
http://localhost:3000/reviews,Important,P2 - fix soon,axe-core,color-contrast: Elements must meet minimum color contrast ratio thresholds,Ensure the contrast between foreground and background colors meets WCAG 2 AA minimum contrast ratio thresholds,"Element has insufficient color contrast of 4.45 (foreground color: #006ce0, background color: #eef3f9, font size: 10.5pt (14px), font weight: normal). Expected contrast ratio of 4.5:1",no axe-core violation,"Element has insufficient color contrast of 4.45 (foreground color: #006ce0, background color: #eef3f9, font size: 10.5pt (14px), font weight: normal). Expected contrast ratio of 4.5:1 - see https://dequeuniversity.com/rules/axe/4.12/color-contrast?application=axeAPI",".gap-1\.5.inline-flex[href$=""internships""]","impact serious; html: <a class=""group inline-flex items-center gap-1.5 text-sm font-semibold text-primary"" href=""/internships"">",200,yes,Accessibility Report
http://localhost:3000/reviews,Optimization,P3 - improve,Touch targets,Touch targets smaller than 44x44 px,Touch targets are smaller than the recommended 44x44 px.,141x36 px,44x44 px,Increase padding / min-height on the element.,"S
Semicolon",390 px phone viewport,200,yes,Accessibility Report
http://localhost:3000/reviews,Optimization,P3 - improve,Touch targets,Touch targets smaller than 44x44 px,Touch targets are smaller than the recommended 44x44 px.,87x40 px,44x44 px,Increase padding / min-height on the element.,EN,390 px phone viewport,200,yes,Accessibility Report
http://localhost:3000/reviews,Optimization,P3 - improve,Touch targets,Touch targets smaller than 44x44 px,Touch targets are smaller than the recommended 44x44 px.,40x40 px,44x44 px,Increase padding / min-height on the element.,Switch to dark mode,390 px phone viewport,200,yes,Accessibility Report
http://localhost:3000/reviews,Optimization,P3 - improve,Touch targets,Touch targets smaller than 44x44 px,Touch targets are smaller than the recommended 44x44 px.,40x40 px,44x44 px,Increase padding / min-height on the element.,Open menu,390 px phone viewport,200,yes,Accessibility Report
http://localhost:3000/reviews,Optimization,P3 - improve,Touch targets,Touch targets smaller than 44x44 px,Touch targets are smaller than the recommended 44x44 px.,164x40 px,44x44 px,Increase padding / min-height on the element.,"S
Semicolon",390 px phone viewport,200,yes,Accessibility Report
http://localhost:3000/services,Important,P2 - fix soon,Static,aria-labelledby points to a missing id,An ARIA reference points to an id that doesn't exist.,"aria-labelledby=""svc-Software""",aria-labelledby / aria-describedby / aria-controls reference existing ids,Fix the id or the reference.,section.card-surface.flex.flex-col 'Software Development Software Consulting',,200,yes,Accessibility Report
http://localhost:3000/services,Important,P2 - fix soon,Static,aria-labelledby points to a missing id,An ARIA reference points to an id that doesn't exist.,"aria-labelledby=""Development""",aria-labelledby / aria-describedby / aria-controls reference existing ids,Fix the id or the reference.,section.card-surface.flex.flex-col 'Software Development Software Consulting',,200,yes,Accessibility Report
http://localhost:3000/services,Important,P2 - fix soon,Static,aria-labelledby points to a missing id,An ARIA reference points to an id that doesn't exist.,"aria-labelledby=""svc-Web""",aria-labelledby / aria-describedby / aria-controls reference existing ids,Fix the id or the reference.,section.card-surface.flex.flex-col 'Web Development CMS Development Ecommerc',,200,yes,Accessibility Report
http://localhost:3000/services,Important,P2 - fix soon,Static,aria-labelledby points to a missing id,An ARIA reference points to an id that doesn't exist.,"aria-labelledby=""Development""",aria-labelledby / aria-describedby / aria-controls reference existing ids,Fix the id or the reference.,section.card-surface.flex.flex-col 'Web Development CMS Development Ecommerc',,200,yes,Accessibility Report
http://localhost:3000/services,Important,P2 - fix soon,Static,aria-labelledby points to a missing id,An ARIA reference points to an id that doesn't exist.,"aria-labelledby=""svc-Mobile""",aria-labelledby / aria-describedby / aria-controls reference existing ids,Fix the id or the reference.,section.card-surface.flex.flex-col 'Mobile App Development Native App Develo',,200,yes,Accessibility Report
http://localhost:3000/services,Important,P2 - fix soon,Static,aria-labelledby points to a missing id,An ARIA reference points to an id that doesn't exist.,"aria-labelledby=""App""",aria-labelledby / aria-describedby / aria-controls reference existing ids,Fix the id or the reference.,section.card-surface.flex.flex-col 'Mobile App Development Native App Develo',,200,yes,Accessibility Report
http://localhost:3000/services,Important,P2 - fix soon,Static,aria-labelledby points to a missing id,An ARIA reference points to an id that doesn't exist.,"aria-labelledby=""Development""",aria-labelledby / aria-describedby / aria-controls reference existing ids,Fix the id or the reference.,section.card-surface.flex.flex-col 'Mobile App Development Native App Develo',,200,yes,Accessibility Report
http://localhost:3000/services,Important,P2 - fix soon,Static,aria-labelledby points to a missing id,An ARIA reference points to an id that doesn't exist.,"aria-labelledby=""svc-Digital""",aria-labelledby / aria-describedby / aria-controls reference existing ids,Fix the id or the reference.,section.card-surface.flex.flex-col 'Digital Marketing Digital Marketing Stra',,200,yes,Accessibility Report
http://localhost:3000/services,Important,P2 - fix soon,Static,aria-labelledby points to a missing id,An ARIA reference points to an id that doesn't exist.,"aria-labelledby=""Marketing""",aria-labelledby / aria-describedby / aria-controls reference existing ids,Fix the id or the reference.,section.card-surface.flex.flex-col 'Digital Marketing Digital Marketing Stra',,200,yes,Accessibility Report
http://localhost:3000/services,Important,P2 - fix soon,Static,aria-labelledby points to a missing id,An ARIA reference points to an id that doesn't exist.,"aria-labelledby=""svc-Creative""",aria-labelledby / aria-describedby / aria-controls reference existing ids,Fix the id or the reference.,section.card-surface.flex.flex-col 'Creative & Content Copywriting & Blog Wr',,200,yes,Accessibility Report
http://localhost:3000/services,Important,P2 - fix soon,Static,aria-labelledby points to a missing id,An ARIA reference points to an id that doesn't exist.,"aria-labelledby=""&""",aria-labelledby / aria-describedby / aria-controls reference existing ids,Fix the id or the reference.,section.card-surface.flex.flex-col 'Creative & Content Copywriting & Blog Wr',,200,yes,Accessibility Report
http://localhost:3000/services,Important,P2 - fix soon,Static,aria-labelledby points to a missing id,An ARIA reference points to an id that doesn't exist.,"aria-labelledby=""Content""",aria-labelledby / aria-describedby / aria-controls reference existing ids,Fix the id or the reference.,section.card-surface.flex.flex-col 'Creative & Content Copywriting & Blog Wr',,200,yes,Accessibility Report
http://localhost:3000/services,Important,P2 - fix soon,Static,aria-labelledby points to a missing id,An ARIA reference points to an id that doesn't exist.,"aria-labelledby=""svc-AI""",aria-labelledby / aria-describedby / aria-controls reference existing ids,Fix the id or the reference.,section.card-surface.flex.flex-col 'AI & Emerging Tech AI App Development ML',,200,yes,Accessibility Report
http://localhost:3000/services,Important,P2 - fix soon,Static,aria-labelledby points to a missing id,An ARIA reference points to an id that doesn't exist.,"aria-labelledby=""&""",aria-labelledby / aria-describedby / aria-controls reference existing ids,Fix the id or the reference.,section.card-surface.flex.flex-col 'AI & Emerging Tech AI App Development ML',,200,yes,Accessibility Report
http://localhost:3000/services,Important,P2 - fix soon,Static,aria-labelledby points to a missing id,An ARIA reference points to an id that doesn't exist.,"aria-labelledby=""Emerging""",aria-labelledby / aria-describedby / aria-controls reference existing ids,Fix the id or the reference.,section.card-surface.flex.flex-col 'AI & Emerging Tech AI App Development ML',,200,yes,Accessibility Report
http://localhost:3000/services,Important,P2 - fix soon,Static,aria-labelledby points to a missing id,An ARIA reference points to an id that doesn't exist.,"aria-labelledby=""Tech""",aria-labelledby / aria-describedby / aria-controls reference existing ids,Fix the id or the reference.,section.card-surface.flex.flex-col 'AI & Emerging Tech AI App Development ML',,200,yes,Accessibility Report
http://localhost:3000/services,Important,P2 - fix soon,Static,aria-labelledby points to a missing id,An ARIA reference points to an id that doesn't exist.,"aria-labelledby=""svc-Testing""",aria-labelledby / aria-describedby / aria-controls reference existing ids,Fix the id or the reference.,section.card-surface.flex.flex-col 'Testing & QA Mobile App Testing ECommerc',,200,yes,Accessibility Report
http://localhost:3000/services,Important,P2 - fix soon,Static,aria-labelledby points to a missing id,An ARIA reference points to an id that doesn't exist.,"aria-labelledby=""&""",aria-labelledby / aria-describedby / aria-controls reference existing ids,Fix the id or the reference.,section.card-surface.flex.flex-col 'Testing & QA Mobile App Testing ECommerc',,200,yes,Accessibility Report
http://localhost:3000/services,Important,P2 - fix soon,Static,aria-labelledby points to a missing id,An ARIA reference points to an id that doesn't exist.,"aria-labelledby=""QA""",aria-labelledby / aria-describedby / aria-controls reference existing ids,Fix the id or the reference.,section.card-surface.flex.flex-col 'Testing & QA Mobile App Testing ECommerc',,200,yes,Accessibility Report
http://localhost:3000/services,Important,P2 - fix soon,Touch targets,Touch targets smaller than 24x24 px,"Touch targets are smaller than 24x24 px, too small to tap reliably (WCAG 2.5.8).",57x22 px,24x24 px minimum (44x44 recommended),Increase padding / min-width / min-height of the element.,Home,390 px phone viewport,200,yes,Accessibility Report
http://localhost:3000/services,Important,P2 - fix soon,Touch targets,Touch targets smaller than 24x24 px,"Touch targets are smaller than 24x24 px, too small to tap reliably (WCAG 2.5.8).",358x20 px,24x24 px minimum (44x44 recommended),Increase padding / min-width / min-height of the element.,hello@semicolon.agency,390 px phone viewport,200,yes,Accessibility Report
http://localhost:3000/services,Important,P2 - fix soon,Touch targets,Touch targets smaller than 24x24 px,"Touch targets are smaller than 24x24 px, too small to tap reliably (WCAG 2.5.8).",358x20 px,24x24 px minimum (44x44 recommended),Increase padding / min-width / min-height of the element.,+91 95128 15630,390 px phone viewport,200,yes,Accessibility Report
http://localhost:3000/services,Important,P2 - fix soon,Touch targets,Touch targets smaller than 24x24 px,"Touch targets are smaller than 24x24 px, too small to tap reliably (WCAG 2.5.8).",93x20 px,24x24 px minimum (44x44 recommended),Increase padding / min-width / min-height of the element.,Apply now,390 px phone viewport,200,yes,Accessibility Report
http://localhost:3000/services,Important,P2 - fix soon,axe-core,color-contrast: Elements must meet minimum color contrast ratio thresholds,Ensure the contrast between foreground and background colors meets WCAG 2 AA minimum contrast ratio thresholds,"Element has insufficient color contrast of 4.18 (foreground color: #006ce0, background color: #e1edf9, font size: 9.0pt (12px), font weight: normal). Expected contrast ratio of 4.5:1",no axe-core violation,"Element has insufficient color contrast of 4.18 (foreground color: #006ce0, background color: #e1edf9, font size: 9.0pt (12px), font weight: normal). Expected contrast ratio of 4.5:1 - see https://dequeuniversity.com/rules/axe/4.12/color-contrast?application=axeAPI",.eyebrow.mb-4,"impact serious; html: <span class=""eyebrow mb-4"">What we do</span>",200,yes,Accessibility Report
http://localhost:3000/services,Important,P2 - fix soon,axe-core,color-contrast: Elements must meet minimum color contrast ratio thresholds,Ensure the contrast between foreground and background colors meets WCAG 2 AA minimum contrast ratio thresholds,"Element has insufficient color contrast of 4.45 (foreground color: #006ce0, background color: #eef3f9, font size: 10.5pt (14px), font weight: normal). Expected contrast ratio of 4.5:1",no axe-core violation,"Element has insufficient color contrast of 4.45 (foreground color: #006ce0, background color: #eef3f9, font size: 10.5pt (14px), font weight: normal). Expected contrast ratio of 4.5:1 - see https://dequeuniversity.com/rules/axe/4.12/color-contrast?application=axeAPI",".gap-1\.5.inline-flex[href$=""internships""]","impact serious; html: <a class=""group inline-flex items-center gap-1.5 text-sm font-semibold text-primary"" href=""/internships"">",200,yes,Accessibility Report
http://localhost:3000/services,Optimization,P3 - improve,Touch targets,Touch targets smaller than 44x44 px,Touch targets are smaller than the recommended 44x44 px.,141x36 px,44x44 px,Increase padding / min-height on the element.,"S
Semicolon",390 px phone viewport,200,yes,Accessibility Report
http://localhost:3000/services,Optimization,P3 - improve,Touch targets,Touch targets smaller than 44x44 px,Touch targets are smaller than the recommended 44x44 px.,87x40 px,44x44 px,Increase padding / min-height on the element.,EN,390 px phone viewport,200,yes,Accessibility Report
http://localhost:3000/services,Optimization,P3 - improve,Touch targets,Touch targets smaller than 44x44 px,Touch targets are smaller than the recommended 44x44 px.,40x40 px,44x44 px,Increase padding / min-height on the element.,Switch to dark mode,390 px phone viewport,200,yes,Accessibility Report
http://localhost:3000/services,Optimization,P3 - improve,Touch targets,Touch targets smaller than 44x44 px,Touch targets are smaller than the recommended 44x44 px.,40x40 px,44x44 px,Increase padding / min-height on the element.,Open menu,390 px phone viewport,200,yes,Accessibility Report
http://localhost:3000/services,Optimization,P3 - improve,Touch targets,Touch targets smaller than 44x44 px,Touch targets are smaller than the recommended 44x44 px.,308x36 px,44x44 px,Increase padding / min-height on the element.,Software Consulting,390 px phone viewport,200,yes,Accessibility Report
http://localhost:3000/services,Optimization,P3 - improve,Touch targets,Touch targets smaller than 44x44 px,Touch targets are smaller than the recommended 44x44 px.,308x36 px,44x44 px,Increase padding / min-height on the element.,Custom Software Development,390 px phone viewport,200,yes,Accessibility Report
http://localhost:3000/services,Optimization,P3 - improve,Touch targets,Touch targets smaller than 44x44 px,Touch targets are smaller than the recommended 44x44 px.,308x36 px,44x44 px,Increase padding / min-height on the element.,Enterprise Software Solutions,390 px phone viewport,200,yes,Accessibility Report
http://localhost:3000/services,Optimization,P3 - improve,Touch targets,Touch targets smaller than 44x44 px,Touch targets are smaller than the recommended 44x44 px.,308x36 px,44x44 px,Increase padding / min-height on the element.,Software Maintenance and Suppo,390 px phone viewport,200,yes,Accessibility Report
http://localhost:3000/services,Optimization,P3 - improve,Touch targets,Touch targets smaller than 44x44 px,Touch targets are smaller than the recommended 44x44 px.,308x36 px,44x44 px,Increase padding / min-height on the element.,Product Development,390 px phone viewport,200,yes,Accessibility Report
http://localhost:3000/services,Optimization,P3 - improve,Touch targets,Touch targets smaller than 44x44 px,Touch targets are smaller than the recommended 44x44 px.,308x36 px,44x44 px,Increase padding / min-height on the element.,Product Re-Engineering,390 px phone viewport,200,yes,Accessibility Report
http://localhost:3000/services,Optimization,P3 - improve,Touch targets,Touch targets smaller than 44x44 px,Touch targets are smaller than the recommended 44x44 px.,308x36 px,44x44 px,Increase padding / min-height on the element.,Web App Development,390 px phone viewport,200,yes,Accessibility Report
http://localhost:3000/services,Optimization,P3 - improve,Touch targets,Touch targets smaller than 44x44 px,Touch targets are smaller than the recommended 44x44 px.,308x36 px,44x44 px,Increase padding / min-height on the element.,CMS Development,390 px phone viewport,200,yes,Accessibility Report
http://localhost:3000/services,Optimization,P3 - improve,Touch targets,Touch targets smaller than 44x44 px,Touch targets are smaller than the recommended 44x44 px.,308x36 px,44x44 px,Increase padding / min-height on the element.,Ecommerce Development,390 px phone viewport,200,yes,Accessibility Report
http://localhost:3000/services,Optimization,P3 - improve,Touch targets,Touch targets smaller than 44x44 px,Touch targets are smaller than the recommended 44x44 px.,308x36 px,44x44 px,Increase padding / min-height on the element.,API Development,390 px phone viewport,200,yes,Accessibility Report
http://localhost:3000/services,Optimization,P3 - improve,Touch targets,Touch targets smaller than 44x44 px,Touch targets are smaller than the recommended 44x44 px.,308x36 px,44x44 px,Increase padding / min-height on the element.,Native App Development,390 px phone viewport,200,yes,Accessibility Report
http://localhost:3000/services,Optimization,P3 - improve,Touch targets,Touch targets smaller than 44x44 px,Touch targets are smaller than the recommended 44x44 px.,308x36 px,44x44 px,Increase padding / min-height on the element.,Cross Platform App Development,390 px phone viewport,200,yes,Accessibility Report
http://localhost:3000/services,Optimization,P3 - improve,Touch targets,Touch targets smaller than 44x44 px,Touch targets are smaller than the recommended 44x44 px.,308x36 px,44x44 px,Increase padding / min-height on the element.,Hybrid App Development,390 px phone viewport,200,yes,Accessibility Report
http://localhost:3000/services,Optimization,P3 - improve,Touch targets,Touch targets smaller than 44x44 px,Touch targets are smaller than the recommended 44x44 px.,308x36 px,44x44 px,Increase padding / min-height on the element.,Progressive Web App Developmen,390 px phone viewport,200,yes,Accessibility Report
http://localhost:3000/services,Optimization,P3 - improve,Touch targets,Touch targets smaller than 44x44 px,Touch targets are smaller than the recommended 44x44 px.,308x36 px,44x44 px,Increase padding / min-height on the element.,Mobile Game Development,390 px phone viewport,200,yes,Accessibility Report
http://localhost:3000/services,Optimization,P3 - improve,Touch targets,Touch targets smaller than 44x44 px,Touch targets are smaller than the recommended 44x44 px.,308x36 px,44x44 px,Increase padding / min-height on the element.,Digital Marketing Strategy,390 px phone viewport,200,yes,Accessibility Report
http://localhost:3000/services,Optimization,P3 - improve,Touch targets,Touch targets smaller than 44x44 px,Touch targets are smaller than the recommended 44x44 px.,308x36 px,44x44 px,Increase padding / min-height on the element.,SEO (Search Engine Optimizatio,390 px phone viewport,200,yes,Accessibility Report
http://localhost:3000/services,Optimization,P3 - improve,Touch targets,Touch targets smaller than 44x44 px,Touch targets are smaller than the recommended 44x44 px.,308x36 px,44x44 px,Increase padding / min-height on the element.,SEM / PPC Advertising,390 px phone viewport,200,yes,Accessibility Report
http://localhost:3000/services,Optimization,P3 - improve,Touch targets,Touch targets smaller than 44x44 px,Touch targets are smaller than the recommended 44x44 px.,308x36 px,44x44 px,Increase padding / min-height on the element.,SMM (Social Media Marketing),390 px phone viewport,200,yes,Accessibility Report
http://localhost:3000/services,Optimization,P3 - improve,Touch targets,Touch targets smaller than 44x44 px,Touch targets are smaller than the recommended 44x44 px.,308x36 px,44x44 px,Increase padding / min-height on the element.,Content Marketing,390 px phone viewport,200,yes,Accessibility Report
http://localhost:3000/services,Optimization,P3 - improve,Touch targets,Touch targets smaller than 44x44 px,Touch targets are smaller than the recommended 44x44 px.,308x36 px,44x44 px,Increase padding / min-height on the element.,Email Marketing,390 px phone viewport,200,yes,Accessibility Report
http://localhost:3000/services,Optimization,P3 - improve,Touch targets,Touch targets smaller than 44x44 px,Touch targets are smaller than the recommended 44x44 px.,308x36 px,44x44 px,Increase padding / min-height on the element.,CRO (Conversion Rate Optimizat,390 px phone viewport,200,yes,Accessibility Report
http://localhost:3000/services,Optimization,P3 - improve,Touch targets,Touch targets smaller than 44x44 px,Touch targets are smaller than the recommended 44x44 px.,308x36 px,44x44 px,Increase padding / min-height on the element.,Analytics & Reporting,390 px phone viewport,200,yes,Accessibility Report
http://localhost:3000/services,Optimization,P3 - improve,Touch targets,Touch targets smaller than 44x44 px,Touch targets are smaller than the recommended 44x44 px.,308x36 px,44x44 px,Increase padding / min-height on the element.,Copywriting & Blog Writing,390 px phone viewport,200,yes,Accessibility Report
http://localhost:3000/services,Optimization,P3 - improve,Touch targets,Touch targets smaller than 44x44 px,Touch targets are smaller than the recommended 44x44 px.,308x36 px,44x44 px,Increase padding / min-height on the element.,Social Media Content Creation,390 px phone viewport,200,yes,Accessibility Report
http://localhost:3000/services,Optimization,P3 - improve,Touch targets,Touch targets smaller than 44x44 px,Touch targets are smaller than the recommended 44x44 px.,308x36 px,44x44 px,Increase padding / min-height on the element.,Creative Graphic Design,390 px phone viewport,200,yes,Accessibility Report
http://localhost:3000/services,Optimization,P3 - improve,Touch targets,Touch targets smaller than 44x44 px,Touch targets are smaller than the recommended 44x44 px.,308x36 px,44x44 px,Increase padding / min-height on the element.,Ad Creative Design,390 px phone viewport,200,yes,Accessibility Report
http://localhost:3000/services,Optimization,P3 - improve,Touch targets,Touch targets smaller than 44x44 px,Touch targets are smaller than the recommended 44x44 px.,308x36 px,44x44 px,Increase padding / min-height on the element.,Branding & Logo Design,390 px phone viewport,200,yes,Accessibility Report
http://localhost:3000/services,Optimization,P3 - improve,Touch targets,Touch targets smaller than 44x44 px,Touch targets are smaller than the recommended 44x44 px.,308x36 px,44x44 px,Increase padding / min-height on the element.,Infographics & Visual Content,390 px phone viewport,200,yes,Accessibility Report
http://localhost:3000/services,Optimization,P3 - improve,Touch targets,Touch targets smaller than 44x44 px,Touch targets are smaller than the recommended 44x44 px.,308x36 px,44x44 px,Increase padding / min-height on the element.,Landing Page Design,390 px phone viewport,200,yes,Accessibility Report
http://localhost:3000/services,Optimization,P3 - improve,Touch targets,Touch targets smaller than 44x44 px,Touch targets are smaller than the recommended 44x44 px.,308x36 px,44x44 px,Increase padding / min-height on the element.,AI App Development,390 px phone viewport,200,yes,Accessibility Report
http://localhost:3000/services,Optimization,P3 - improve,Touch targets,Touch targets smaller than 44x44 px,Touch targets are smaller than the recommended 44x44 px.,308x36 px,44x44 px,Increase padding / min-height on the element.,ML Development,390 px phone viewport,200,yes,Accessibility Report
http://localhost:3000/services,Optimization,P3 - improve,Touch targets,Touch targets smaller than 44x44 px,Touch targets are smaller than the recommended 44x44 px.,308x36 px,44x44 px,Increase padding / min-height on the element.,IoT Development,390 px phone viewport,200,yes,Accessibility Report
http://localhost:3000/services,Optimization,P3 - improve,Touch targets,Touch targets smaller than 44x44 px,Touch targets are smaller than the recommended 44x44 px.,308x36 px,44x44 px,Increase padding / min-height on the element.,Blockchain Development,390 px phone viewport,200,yes,Accessibility Report
http://localhost:3000/services,Optimization,P3 - improve,Touch targets,Touch targets smaller than 44x44 px,Touch targets are smaller than the recommended 44x44 px.,308x36 px,44x44 px,Increase padding / min-height on the element.,Chatbot Development,390 px phone viewport,200,yes,Accessibility Report
http://localhost:3000/services,Optimization,P3 - improve,Touch targets,Touch targets smaller than 44x44 px,Touch targets are smaller than the recommended 44x44 px.,308x36 px,44x44 px,Increase padding / min-height on the element.,Mobile App Testing,390 px phone viewport,200,yes,Accessibility Report
http://localhost:3000/services,Optimization,P3 - improve,Touch targets,Touch targets smaller than 44x44 px,Touch targets are smaller than the recommended 44x44 px.,308x36 px,44x44 px,Increase padding / min-height on the element.,ECommerce Testing,390 px phone viewport,200,yes,Accessibility Report
http://localhost:3000/services,Optimization,P3 - improve,Touch targets,Touch targets smaller than 44x44 px,Touch targets are smaller than the recommended 44x44 px.,308x36 px,44x44 px,Increase padding / min-height on the element.,Web App Testing,390 px phone viewport,200,yes,Accessibility Report
http://localhost:3000/services,Optimization,P3 - improve,Touch targets,Touch targets smaller than 44x44 px,Touch targets are smaller than the recommended 44x44 px.,164x40 px,44x44 px,Increase padding / min-height on the element.,"S
Semicolon",390 px phone viewport,200,yes,Accessibility Report
http://localhost:3000/sitemap,Important,P2 - fix soon,Touch targets,Touch targets smaller than 24x24 px,"Touch targets are smaller than 24x24 px, too small to tap reliably (WCAG 2.5.8).",358x20 px,24x24 px minimum (44x44 recommended),Increase padding / min-width / min-height of the element.,hello@semicolon.agency,390 px phone viewport,200,yes,Accessibility Report
http://localhost:3000/sitemap,Important,P2 - fix soon,Touch targets,Touch targets smaller than 24x24 px,"Touch targets are smaller than 24x24 px, too small to tap reliably (WCAG 2.5.8).",358x20 px,24x24 px minimum (44x44 recommended),Increase padding / min-width / min-height of the element.,+91 95128 15630,390 px phone viewport,200,yes,Accessibility Report
http://localhost:3000/sitemap,Important,P2 - fix soon,Touch targets,Touch targets smaller than 24x24 px,"Touch targets are smaller than 24x24 px, too small to tap reliably (WCAG 2.5.8).",93x20 px,24x24 px minimum (44x44 recommended),Increase padding / min-width / min-height of the element.,Apply now,390 px phone viewport,200,yes,Accessibility Report
http://localhost:3000/sitemap,Important,P2 - fix soon,axe-core,color-contrast: Elements must meet minimum color contrast ratio thresholds,Ensure the contrast between foreground and background colors meets WCAG 2 AA minimum contrast ratio thresholds,"Element has insufficient color contrast of 3.85 (foreground color: #0084d1, background color: #fafafa, font size: 9.0pt (12px), font weight: bold). Expected contrast ratio of 4.5:1",no axe-core violation,"Element has insufficient color contrast of 3.85 (foreground color: #0084d1, background color: #fafafa, font size: 9.0pt (12px), font weight: bold). Expected contrast ratio of 4.5:1 - see https://dequeuniversity.com/rules/axe/4.12/color-contrast?application=axeAPI",.text-sky-600.dark\:text-sky-400.py-1,"impact serious; html: <span class=""ml-auto rounded-full bg-card px-3 py-1 text-xs font-bold text-sky-600 dark:text-sky-400"">9<!-- --> pages</span>",200,yes,Accessibility Report
http://localhost:3000/sitemap,Important,P2 - fix soon,axe-core,color-contrast: Elements must meet minimum color contrast ratio thresholds,Ensure the contrast between foreground and background colors meets WCAG 2 AA minimum contrast ratio thresholds,"Element has insufficient color contrast of 4.45 (foreground color: #006ce0, background color: #eef3f9, font size: 10.5pt (14px), font weight: normal). Expected contrast ratio of 4.5:1",no axe-core violation,"Element has insufficient color contrast of 4.45 (foreground color: #006ce0, background color: #eef3f9, font size: 10.5pt (14px), font weight: normal). Expected contrast ratio of 4.5:1 - see https://dequeuniversity.com/rules/axe/4.12/color-contrast?application=axeAPI",".gap-1\.5.text-primary[href$=""internships""]","impact serious; html: <a class=""group inline-flex items-center gap-1.5 text-sm font-semibold text-primary"" href=""/internships"">",200,yes,Accessibility Report
http://localhost:3000/sitemap,Optimization,P3 - improve,Touch targets,Touch targets smaller than 44x44 px,Touch targets are smaller than the recommended 44x44 px.,141x36 px,44x44 px,Increase padding / min-height on the element.,"S
Semicolon",390 px phone viewport,200,yes,Accessibility Report
http://localhost:3000/sitemap,Optimization,P3 - improve,Touch targets,Touch targets smaller than 44x44 px,Touch targets are smaller than the recommended 44x44 px.,87x40 px,44x44 px,Increase padding / min-height on the element.,EN,390 px phone viewport,200,yes,Accessibility Report
http://localhost:3000/sitemap,Optimization,P3 - improve,Touch targets,Touch targets smaller than 44x44 px,Touch targets are smaller than the recommended 44x44 px.,40x40 px,44x44 px,Increase padding / min-height on the element.,Switch to dark mode,390 px phone viewport,200,yes,Accessibility Report
http://localhost:3000/sitemap,Optimization,P3 - improve,Touch targets,Touch targets smaller than 44x44 px,Touch targets are smaller than the recommended 44x44 px.,40x40 px,44x44 px,Increase padding / min-height on the element.,Open menu,390 px phone viewport,200,yes,Accessibility Report
http://localhost:3000/sitemap,Optimization,P3 - improve,Touch targets,Touch targets smaller than 44x44 px,Touch targets are smaller than the recommended 44x44 px.,132x38 px,44x44 px,Increase padding / min-height on the element.,Main Pages,390 px phone viewport,200,yes,Accessibility Report
http://localhost:3000/sitemap,Optimization,P3 - improve,Touch targets,Touch targets smaller than 44x44 px,Touch targets are smaller than the recommended 44x44 px.,118x38 px,44x44 px,Increase padding / min-height on the element.,Company,390 px phone viewport,200,yes,Accessibility Report
http://localhost:3000/sitemap,Optimization,P3 - improve,Touch targets,Touch targets smaller than 44x44 px,Touch targets are smaller than the recommended 44x44 px.,113x38 px,44x44 px,Increase padding / min-height on the element.,Services,390 px phone viewport,200,yes,Accessibility Report
http://localhost:3000/sitemap,Optimization,P3 - improve,Touch targets,Touch targets smaller than 44x44 px,Touch targets are smaller than the recommended 44x44 px.,144x38 px,44x44 px,Increase padding / min-height on the element.,Technologies,390 px phone viewport,200,yes,Accessibility Report
http://localhost:3000/sitemap,Optimization,P3 - improve,Touch targets,Touch targets smaller than 44x44 px,Touch targets are smaller than the recommended 44x44 px.,121x38 px,44x44 px,Increase padding / min-height on the element.,Industries,390 px phone viewport,200,yes,Accessibility Report
http://localhost:3000/sitemap,Optimization,P3 - improve,Touch targets,Touch targets smaller than 44x44 px,Touch targets are smaller than the recommended 44x44 px.,111x38 px,44x44 px,Increase padding / min-height on the element.,Portfolio,390 px phone viewport,200,yes,Accessibility Report
http://localhost:3000/sitemap,Optimization,P3 - improve,Touch targets,Touch targets smaller than 44x44 px,Touch targets are smaller than the recommended 44x44 px.,84x38 px,44x44 px,Increase padding / min-height on the element.,Blog,390 px phone viewport,200,yes,Accessibility Report
http://localhost:3000/sitemap,Optimization,P3 - improve,Touch targets,Touch targets smaller than 44x44 px,Touch targets are smaller than the recommended 44x44 px.,161x38 px,44x44 px,Increase padding / min-height on the element.,Legal & Support,390 px phone viewport,200,yes,Accessibility Report
http://localhost:3000/sitemap,Optimization,P3 - improve,Touch targets,Touch targets smaller than 44x44 px,Touch targets are smaller than the recommended 44x44 px.,316x32 px,44x44 px,Increase padding / min-height on the element.,Home,390 px phone viewport,200,yes,Accessibility Report
http://localhost:3000/sitemap,Optimization,P3 - improve,Touch targets,Touch targets smaller than 44x44 px,Touch targets are smaller than the recommended 44x44 px.,316x32 px,44x44 px,Increase padding / min-height on the element.,Services,390 px phone viewport,200,yes,Accessibility Report
http://localhost:3000/sitemap,Optimization,P3 - improve,Touch targets,Touch targets smaller than 44x44 px,Touch targets are smaller than the recommended 44x44 px.,316x32 px,44x44 px,Increase padding / min-height on the element.,Technologies,390 px phone viewport,200,yes,Accessibility Report
http://localhost:3000/sitemap,Optimization,P3 - improve,Touch targets,Touch targets smaller than 44x44 px,Touch targets are smaller than the recommended 44x44 px.,316x32 px,44x44 px,Increase padding / min-height on the element.,Industries,390 px phone viewport,200,yes,Accessibility Report
http://localhost:3000/sitemap,Optimization,P3 - improve,Touch targets,Touch targets smaller than 44x44 px,Touch targets are smaller than the recommended 44x44 px.,316x32 px,44x44 px,Increase padding / min-height on the element.,Portfolio,390 px phone viewport,200,yes,Accessibility Report
http://localhost:3000/sitemap,Optimization,P3 - improve,Touch targets,Touch targets smaller than 44x44 px,Touch targets are smaller than the recommended 44x44 px.,316x32 px,44x44 px,Increase padding / min-height on the element.,Blog,390 px phone viewport,200,yes,Accessibility Report
http://localhost:3000/sitemap,Optimization,P3 - improve,Touch targets,Touch targets smaller than 44x44 px,Touch targets are smaller than the recommended 44x44 px.,316x32 px,44x44 px,Increase padding / min-height on the element.,Careers,390 px phone viewport,200,yes,Accessibility Report
http://localhost:3000/sitemap,Optimization,P3 - improve,Touch targets,Touch targets smaller than 44x44 px,Touch targets are smaller than the recommended 44x44 px.,316x32 px,44x44 px,Increase padding / min-height on the element.,Internships,390 px phone viewport,200,yes,Accessibility Report
http://localhost:3000/sitemap,Optimization,P3 - improve,Touch targets,Touch targets smaller than 44x44 px,Touch targets are smaller than the recommended 44x44 px.,316x32 px,44x44 px,Increase padding / min-height on the element.,Contact Us,390 px phone viewport,200,yes,Accessibility Report
http://localhost:3000/sitemap,Optimization,P3 - improve,Touch targets,Touch targets smaller than 44x44 px,Touch targets are smaller than the recommended 44x44 px.,316x32 px,44x44 px,Increase padding / min-height on the element.,About Us,390 px phone viewport,200,yes,Accessibility Report
http://localhost:3000/sitemap,Optimization,P3 - improve,Touch targets,Touch targets smaller than 44x44 px,Touch targets are smaller than the recommended 44x44 px.,316x32 px,44x44 px,Increase padding / min-height on the element.,Why Choose Us,390 px phone viewport,200,yes,Accessibility Report
http://localhost:3000/sitemap,Optimization,P3 - improve,Touch targets,Touch targets smaller than 44x44 px,Touch targets are smaller than the recommended 44x44 px.,316x32 px,44x44 px,Increase padding / min-height on the element.,Our Team,390 px phone viewport,200,yes,Accessibility Report
http://localhost:3000/sitemap,Optimization,P3 - improve,Touch targets,Touch targets smaller than 44x44 px,Touch targets are smaller than the recommended 44x44 px.,316x32 px,44x44 px,Increase padding / min-height on the element.,Mission & Vision,390 px phone viewport,200,yes,Accessibility Report
http://localhost:3000/sitemap,Optimization,P3 - improve,Touch targets,Touch targets smaller than 44x44 px,Touch targets are smaller than the recommended 44x44 px.,316x32 px,44x44 px,Increase padding / min-height on the element.,Our Values,390 px phone viewport,200,yes,Accessibility Report
http://localhost:3000/sitemap,Optimization,P3 - improve,Touch targets,Touch targets smaller than 44x44 px,Touch targets are smaller than the recommended 44x44 px.,316x32 px,44x44 px,Increase padding / min-height on the element.,How We Work,390 px phone viewport,200,yes,Accessibility Report
http://localhost:3000/sitemap,Optimization,P3 - improve,Touch targets,Touch targets smaller than 44x44 px,Touch targets are smaller than the recommended 44x44 px.,316x32 px,44x44 px,Increase padding / min-height on the element.,Tools & Methodology,390 px phone viewport,200,yes,Accessibility Report
http://localhost:3000/sitemap,Optimization,P3 - improve,Touch targets,Touch targets smaller than 44x44 px,Touch targets are smaller than the recommended 44x44 px.,316x32 px,44x44 px,Increase padding / min-height on the element.,Our Process,390 px phone viewport,200,yes,Accessibility Report
http://localhost:3000/sitemap,Optimization,P3 - improve,Touch targets,Touch targets smaller than 44x44 px,Touch targets are smaller than the recommended 44x44 px.,316x32 px,44x44 px,Increase padding / min-height on the element.,Infrastructure,390 px phone viewport,200,yes,Accessibility Report
http://localhost:3000/sitemap,Optimization,P3 - improve,Touch targets,Touch targets smaller than 44x44 px,Touch targets are smaller than the recommended 44x44 px.,316x32 px,44x44 px,Increase padding / min-height on the element.,Engagement Model,390 px phone viewport,200,yes,Accessibility Report
http://localhost:3000/sitemap,Optimization,P3 - improve,Touch targets,Touch targets smaller than 44x44 px,Touch targets are smaller than the recommended 44x44 px.,316x32 px,44x44 px,Increase padding / min-height on the element.,We Work With,390 px phone viewport,200,yes,Accessibility Report
http://localhost:3000/sitemap,Optimization,P3 - improve,Touch targets,Touch targets smaller than 44x44 px,Touch targets are smaller than the recommended 44x44 px.,316x32 px,44x44 px,Increase padding / min-height on the element.,Reviews & Testimonials,390 px phone viewport,200,yes,Accessibility Report
http://localhost:3000/sitemap,Optimization,P3 - improve,Touch targets,Touch targets smaller than 44x44 px,Touch targets are smaller than the recommended 44x44 px.,316x32 px,44x44 px,Increase padding / min-height on the element.,Software Services,390 px phone viewport,200,yes,Accessibility Report
http://localhost:3000/sitemap,Optimization,P3 - improve,Touch targets,Touch targets smaller than 44x44 px,Touch targets are smaller than the recommended 44x44 px.,316x32 px,44x44 px,Increase padding / min-height on the element.,Digital Services,390 px phone viewport,200,yes,Accessibility Report
http://localhost:3000/sitemap,Optimization,P3 - improve,Touch targets,Touch targets smaller than 44x44 px,Touch targets are smaller than the recommended 44x44 px.,316x32 px,44x44 px,Increase padding / min-height on the element.,Intelligent & Data Services,390 px phone viewport,200,yes,Accessibility Report
http://localhost:3000/sitemap,Optimization,P3 - improve,Touch targets,Touch targets smaller than 44x44 px,Touch targets are smaller than the recommended 44x44 px.,316x32 px,44x44 px,Increase padding / min-height on the element.,Software Consulting,390 px phone viewport,200,yes,Accessibility Report
http://localhost:3000/sitemap,Optimization,P3 - improve,Touch targets,Touch targets smaller than 44x44 px,Touch targets are smaller than the recommended 44x44 px.,316x32 px,44x44 px,Increase padding / min-height on the element.,Custom Software Development,390 px phone viewport,200,yes,Accessibility Report
http://localhost:3000/sitemap,Optimization,P3 - improve,Touch targets,Touch targets smaller than 44x44 px,Touch targets are smaller than the recommended 44x44 px.,316x32 px,44x44 px,Increase padding / min-height on the element.,Enterprise Software Solutions,390 px phone viewport,200,yes,Accessibility Report
http://localhost:3000/sitemap,Optimization,P3 - improve,Touch targets,Touch targets smaller than 44x44 px,Touch targets are smaller than the recommended 44x44 px.,316x32 px,44x44 px,Increase padding / min-height on the element.,Software Maintenance and Suppo,390 px phone viewport,200,yes,Accessibility Report
http://localhost:3000/sitemap,Optimization,P3 - improve,Touch targets,Touch targets smaller than 44x44 px,Touch targets are smaller than the recommended 44x44 px.,316x32 px,44x44 px,Increase padding / min-height on the element.,Product Development,390 px phone viewport,200,yes,Accessibility Report
http://localhost:3000/sitemap,Optimization,P3 - improve,Touch targets,Touch targets smaller than 44x44 px,Touch targets are smaller than the recommended 44x44 px.,316x32 px,44x44 px,Increase padding / min-height on the element.,Product Re-Engineering,390 px phone viewport,200,yes,Accessibility Report
http://localhost:3000/sitemap,Optimization,P3 - improve,Touch targets,Touch targets smaller than 44x44 px,Touch targets are smaller than the recommended 44x44 px.,316x32 px,44x44 px,Increase padding / min-height on the element.,Web App Development,390 px phone viewport,200,yes,Accessibility Report
http://localhost:3000/sitemap,Optimization,P3 - improve,Touch targets,Touch targets smaller than 44x44 px,Touch targets are smaller than the recommended 44x44 px.,316x32 px,44x44 px,Increase padding / min-height on the element.,CMS Development,390 px phone viewport,200,yes,Accessibility Report
http://localhost:3000/sitemap,Optimization,P3 - improve,Touch targets,Touch targets smaller than 44x44 px,Touch targets are smaller than the recommended 44x44 px.,316x32 px,44x44 px,Increase padding / min-height on the element.,Ecommerce Development,390 px phone viewport,200,yes,Accessibility Report
http://localhost:3000/sitemap,Optimization,P3 - improve,Touch targets,Touch targets smaller than 44x44 px,Touch targets are smaller than the recommended 44x44 px.,316x32 px,44x44 px,Increase padding / min-height on the element.,API Development,390 px phone viewport,200,yes,Accessibility Report
http://localhost:3000/sitemap,Optimization,P3 - improve,Touch targets,Touch targets smaller than 44x44 px,Touch targets are smaller than the recommended 44x44 px.,316x32 px,44x44 px,Increase padding / min-height on the element.,Native App Development,390 px phone viewport,200,yes,Accessibility Report
http://localhost:3000/sitemap,Optimization,P3 - improve,Touch targets,Touch targets smaller than 44x44 px,Touch targets are smaller than the recommended 44x44 px.,316x32 px,44x44 px,Increase padding / min-height on the element.,Cross Platform App Development,390 px phone viewport,200,yes,Accessibility Report
http://localhost:3000/sitemap,Optimization,P3 - improve,Touch targets,Touch targets smaller than 44x44 px,Touch targets are smaller than the recommended 44x44 px.,316x32 px,44x44 px,Increase padding / min-height on the element.,Hybrid App Development,390 px phone viewport,200,yes,Accessibility Report
http://localhost:3000/sitemap,Optimization,P3 - improve,Touch targets,Touch targets smaller than 44x44 px,Touch targets are smaller than the recommended 44x44 px.,316x32 px,44x44 px,Increase padding / min-height on the element.,Progressive Web App Developmen,390 px phone viewport,200,yes,Accessibility Report
http://localhost:3000/sitemap,Optimization,P3 - improve,Touch targets,Touch targets smaller than 44x44 px,Touch targets are smaller than the recommended 44x44 px.,436 more occurrences not listed,44x44 px,Increase padding / min-height on the element.,,486 occurrences in total,200,yes,Accessibility Report
http://localhost:3000/software-services,Important,P2 - fix soon,Touch targets,Touch targets smaller than 24x24 px,"Touch targets are smaller than 24x24 px, too small to tap reliably (WCAG 2.5.8).",57x22 px,24x24 px minimum (44x44 recommended),Increase padding / min-width / min-height of the element.,Home,390 px phone viewport,200,yes,Accessibility Report
http://localhost:3000/software-services,Important,P2 - fix soon,Touch targets,Touch targets smaller than 24x24 px,"Touch targets are smaller than 24x24 px, too small to tap reliably (WCAG 2.5.8).",57x22 px,24x24 px minimum (44x44 recommended),Increase padding / min-width / min-height of the element.,Services,390 px phone viewport,200,yes,Accessibility Report
http://localhost:3000/software-services,Important,P2 - fix soon,Touch targets,Touch targets smaller than 24x24 px,"Touch targets are smaller than 24x24 px, too small to tap reliably (WCAG 2.5.8).",358x20 px,24x24 px minimum (44x44 recommended),Increase padding / min-width / min-height of the element.,hello@semicolon.agency,390 px phone viewport,200,yes,Accessibility Report
http://localhost:3000/software-services,Important,P2 - fix soon,Touch targets,Touch targets smaller than 24x24 px,"Touch targets are smaller than 24x24 px, too small to tap reliably (WCAG 2.5.8).",358x20 px,24x24 px minimum (44x44 recommended),Increase padding / min-width / min-height of the element.,+91 95128 15630,390 px phone viewport,200,yes,Accessibility Report
http://localhost:3000/software-services,Important,P2 - fix soon,Touch targets,Touch targets smaller than 24x24 px,"Touch targets are smaller than 24x24 px, too small to tap reliably (WCAG 2.5.8).",93x20 px,24x24 px minimum (44x44 recommended),Increase padding / min-width / min-height of the element.,Apply now,390 px phone viewport,200,yes,Accessibility Report
http://localhost:3000/software-services,Important,P2 - fix soon,axe-core,color-contrast: Elements must meet minimum color contrast ratio thresholds,Ensure the contrast between foreground and background colors meets WCAG 2 AA minimum contrast ratio thresholds,"Element has insufficient color contrast of 1.43 (foreground color: #c1cddc, background color: #e9f3fe, font size: 10.5pt (14px), font weight: normal). Expected contrast ratio of 4.5:1",no axe-core violation,"Element has insufficient color contrast of 1.43 (foreground color: #c1cddc, background color: #e9f3fe, font size: 10.5pt (14px), font weight: normal). Expected contrast ratio of 4.5:1 - see https://dequeuniversity.com/rules/axe/4.12/color-contrast?application=axeAPI",.w-full.h-full:nth-child(4) > .card-interactive.p-5.text-center > .z-10.leading-snug.text-\[hsl\(var\(--foreground\)\)\],"impact serious; html: <span class=""relative z-10 text-sm font-semibold leading-snug text-[hsl(var(--foreground))]"">Next.js</span>",200,yes,Accessibility Report
http://localhost:3000/software-services,Important,P2 - fix soon,axe-core,color-contrast: Elements must meet minimum color contrast ratio thresholds,Ensure the contrast between foreground and background colors meets WCAG 2 AA minimum contrast ratio thresholds,"Element has insufficient color contrast of 4.45 (foreground color: #006ce0, background color: #eef3f9, font size: 10.5pt (14px), font weight: normal). Expected contrast ratio of 4.5:1",no axe-core violation,"Element has insufficient color contrast of 4.45 (foreground color: #006ce0, background color: #eef3f9, font size: 10.5pt (14px), font weight: normal). Expected contrast ratio of 4.5:1 - see https://dequeuniversity.com/rules/axe/4.12/color-contrast?application=axeAPI",".gap-1\.5.inline-flex[href$=""internships""]","impact serious; html: <a class=""group inline-flex items-center gap-1.5 text-sm font-semibold text-primary"" href=""/internships"">",200,yes,Accessibility Report
http://localhost:3000/software-services,Optimization,P3 - improve,Static,Form without aria-live / role=alert region for error messages,Form errors aren't announced to screen-reader users.,(none),An aria-live / role=alert region for form messages,"Render error/success messages inside an aria-live=""polite"" region.",form.flex.flex-1.flex-col 'Full Name * Work Email * Phone (Optional',,200,yes,Accessibility Report
http://localhost:3000/software-services,Optimization,P3 - improve,Touch targets,Touch targets smaller than 44x44 px,Touch targets are smaller than the recommended 44x44 px.,141x36 px,44x44 px,Increase padding / min-height on the element.,"S
Semicolon",390 px phone viewport,200,yes,Accessibility Report
http://localhost:3000/software-services,Optimization,P3 - improve,Touch targets,Touch targets smaller than 44x44 px,Touch targets are smaller than the recommended 44x44 px.,87x40 px,44x44 px,Increase padding / min-height on the element.,EN,390 px phone viewport,200,yes,Accessibility Report
http://localhost:3000/software-services,Optimization,P3 - improve,Touch targets,Touch targets smaller than 44x44 px,Touch targets are smaller than the recommended 44x44 px.,40x40 px,44x44 px,Increase padding / min-height on the element.,Switch to dark mode,390 px phone viewport,200,yes,Accessibility Report
http://localhost:3000/software-services,Optimization,P3 - improve,Touch targets,Touch targets smaller than 44x44 px,Touch targets are smaller than the recommended 44x44 px.,40x40 px,44x44 px,Increase padding / min-height on the element.,Open menu,390 px phone viewport,200,yes,Accessibility Report
http://localhost:3000/software-services,Optimization,P3 - improve,Touch targets,Touch targets smaller than 44x44 px,Touch targets are smaller than the recommended 44x44 px.,149x42 px,44x44 px,Increase padding / min-height on the element.,"Front End
5",390 px phone viewport,200,yes,Accessibility Report
http://localhost:3000/software-services,Optimization,P3 - improve,Touch targets,Touch targets smaller than 44x44 px,Touch targets are smaller than the recommended 44x44 px.,145x42 px,44x44 px,Increase padding / min-height on the element.,"Backend
7",390 px phone viewport,200,yes,Accessibility Report
http://localhost:3000/software-services,Optimization,P3 - improve,Touch targets,Touch targets smaller than 44x44 px,Touch targets are smaller than the recommended 44x44 px.,133x42 px,44x44 px,Increase padding / min-height on the element.,"Mobile
6",390 px phone viewport,200,yes,Accessibility Report
http://localhost:3000/software-services,Optimization,P3 - improve,Touch targets,Touch targets smaller than 44x44 px,Touch targets are smaller than the recommended 44x44 px.,186x42 px,44x44 px,Increase padding / min-height on the element.,"Cloud/DevOps
6",390 px phone viewport,200,yes,Accessibility Report
http://localhost:3000/software-services,Optimization,P3 - improve,Touch targets,Touch targets smaller than 44x44 px,Touch targets are smaller than the recommended 44x44 px.,168x42 px,44x44 px,Increase padding / min-height on the element.,"Ecommerce
6",390 px phone viewport,200,yes,Accessibility Report
http://localhost:3000/software-services,Optimization,P3 - improve,Touch targets,Touch targets smaller than 44x44 px,Touch targets are smaller than the recommended 44x44 px.,119x42 px,44x44 px,Increase padding / min-height on the element.,"CMS
5",390 px phone viewport,200,yes,Accessibility Report
http://localhost:3000/software-services,Optimization,P3 - improve,Touch targets,Touch targets smaller than 44x44 px,Touch targets are smaller than the recommended 44x44 px.,174x42 px,44x44 px,Increase padding / min-height on the element.,"Data-Driven
12",390 px phone viewport,200,yes,Accessibility Report
http://localhost:3000/software-services,Optimization,P3 - improve,Touch targets,Touch targets smaller than 44x44 px,Touch targets are smaller than the recommended 44x44 px.,306x40 px,44x44 px,Increase padding / min-height on the element.,INPUT,390 px phone viewport,200,yes,Accessibility Report
http://localhost:3000/software-services,Optimization,P3 - improve,Touch targets,Touch targets smaller than 44x44 px,Touch targets are smaller than the recommended 44x44 px.,306x40 px,44x44 px,Increase padding / min-height on the element.,INPUT,390 px phone viewport,200,yes,Accessibility Report
http://localhost:3000/software-services,Optimization,P3 - improve,Touch targets,Touch targets smaller than 44x44 px,Touch targets are smaller than the recommended 44x44 px.,306x40 px,44x44 px,Increase padding / min-height on the element.,INPUT,390 px phone viewport,200,yes,Accessibility Report
http://localhost:3000/software-services,Optimization,P3 - improve,Touch targets,Touch targets smaller than 44x44 px,Touch targets are smaller than the recommended 44x44 px.,306x40 px,44x44 px,Increase padding / min-height on the element.,INPUT,390 px phone viewport,200,yes,Accessibility Report
http://localhost:3000/software-services,Optimization,P3 - improve,Touch targets,Touch targets smaller than 44x44 px,Touch targets are smaller than the recommended 44x44 px.,164x40 px,44x44 px,Increase padding / min-height on the element.,"S
Semicolon",390 px phone viewport,200,yes,Accessibility Report
http://localhost:3000/software-services/api-development,Important,P2 - fix soon,Static,Form field without a label,"A form field has no label, so screen-reader users don't know what to type (placeholder isn't a label).",no <label>,<label for> / wrapping <label> / aria-label on every field,Add a visible <label> linked to the field id.,select,,200,yes,Accessibility Report
http://localhost:3000/software-services/api-development,Important,P2 - fix soon,Static,aria-controls points to a missing id,An ARIA reference points to an id that doesn't exist.,"aria-controls=""radix-_R_1ktqla2lubsnqtb_""",aria-labelledby / aria-describedby / aria-controls reference existing ids,Fix the id or the reference.,button#embedded-contact-service.group.flex.items-center [type=button] 'Service Type',,200,yes,Accessibility Report
http://localhost:3000/software-services/api-development,Important,P2 - fix soon,Touch targets,Touch targets smaller than 24x24 px,"Touch targets are smaller than 24x24 px, too small to tap reliably (WCAG 2.5.8).",57x22 px,24x24 px minimum (44x44 recommended),Increase padding / min-width / min-height of the element.,Home,390 px phone viewport,200,yes,Accessibility Report
http://localhost:3000/software-services/api-development,Important,P2 - fix soon,Touch targets,Touch targets smaller than 24x24 px,"Touch targets are smaller than 24x24 px, too small to tap reliably (WCAG 2.5.8).",57x22 px,24x24 px minimum (44x44 recommended),Increase padding / min-width / min-height of the element.,Services,390 px phone viewport,200,yes,Accessibility Report
http://localhost:3000/software-services/api-development,Important,P2 - fix soon,Touch targets,Touch targets smaller than 24x24 px,"Touch targets are smaller than 24x24 px, too small to tap reliably (WCAG 2.5.8).",120x22 px,24x24 px minimum (44x44 recommended),Increase padding / min-width / min-height of the element.,Software Services,390 px phone viewport,200,yes,Accessibility Report
http://localhost:3000/software-services/api-development,Important,P2 - fix soon,Touch targets,Touch targets smaller than 24x24 px,"Touch targets are smaller than 24x24 px, too small to tap reliably (WCAG 2.5.8).",1x1 px,24x24 px minimum (44x44 recommended),Increase padding / min-width / min-height of the element.,"Web Development
Mobile App Dev",390 px phone viewport,200,yes,Accessibility Report
http://localhost:3000/software-services/api-development,Important,P2 - fix soon,Touch targets,Touch targets smaller than 24x24 px,"Touch targets are smaller than 24x24 px, too small to tap reliably (WCAG 2.5.8).",32x8 px,24x24 px minimum (44x44 recommended),Increase padding / min-width / min-height of the element.,Go to step 1,390 px phone viewport,200,yes,Accessibility Report
http://localhost:3000/software-services/api-development,Important,P2 - fix soon,Touch targets,Touch targets smaller than 24x24 px,"Touch targets are smaller than 24x24 px, too small to tap reliably (WCAG 2.5.8).",8x8 px,24x24 px minimum (44x44 recommended),Increase padding / min-width / min-height of the element.,Go to step 2,390 px phone viewport,200,yes,Accessibility Report
http://localhost:3000/software-services/api-development,Important,P2 - fix soon,Touch targets,Touch targets smaller than 24x24 px,"Touch targets are smaller than 24x24 px, too small to tap reliably (WCAG 2.5.8).",8x8 px,24x24 px minimum (44x44 recommended),Increase padding / min-width / min-height of the element.,Go to step 3,390 px phone viewport,200,yes,Accessibility Report
http://localhost:3000/software-services/api-development,Important,P2 - fix soon,Touch targets,Touch targets smaller than 24x24 px,"Touch targets are smaller than 24x24 px, too small to tap reliably (WCAG 2.5.8).",8x8 px,24x24 px minimum (44x44 recommended),Increase padding / min-width / min-height of the element.,Go to step 4,390 px phone viewport,200,yes,Accessibility Report
http://localhost:3000/software-services/api-development,Important,P2 - fix soon,Touch targets,Touch targets smaller than 24x24 px,"Touch targets are smaller than 24x24 px, too small to tap reliably (WCAG 2.5.8).",8x8 px,24x24 px minimum (44x44 recommended),Increase padding / min-width / min-height of the element.,Go to step 5,390 px phone viewport,200,yes,Accessibility Report
http://localhost:3000/software-services/api-development,Important,P2 - fix soon,Touch targets,Touch targets smaller than 24x24 px,"Touch targets are smaller than 24x24 px, too small to tap reliably (WCAG 2.5.8).",105x20 px,24x24 px minimum (44x44 recommended),Increase padding / min-width / min-height of the element.,+91 95128 15630,390 px phone viewport,200,yes,Accessibility Report
http://localhost:3000/software-services/api-development,Important,P2 - fix soon,Touch targets,Touch targets smaller than 24x24 px,"Touch targets are smaller than 24x24 px, too small to tap reliably (WCAG 2.5.8).",358x20 px,24x24 px minimum (44x44 recommended),Increase padding / min-width / min-height of the element.,hello@semicolon.agency,390 px phone viewport,200,yes,Accessibility Report
http://localhost:3000/software-services/api-development,Important,P2 - fix soon,Touch targets,Touch targets smaller than 24x24 px,"Touch targets are smaller than 24x24 px, too small to tap reliably (WCAG 2.5.8).",358x20 px,24x24 px minimum (44x44 recommended),Increase padding / min-width / min-height of the element.,+91 95128 15630,390 px phone viewport,200,yes,Accessibility Report
http://localhost:3000/software-services/api-development,Important,P2 - fix soon,Touch targets,Touch targets smaller than 24x24 px,"Touch targets are smaller than 24x24 px, too small to tap reliably (WCAG 2.5.8).",93x20 px,24x24 px minimum (44x44 recommended),Increase padding / min-width / min-height of the element.,Apply now,390 px phone viewport,200,yes,Accessibility Report
http://localhost:3000/software-services/api-development,Important,P2 - fix soon,axe-core,color-contrast: Elements must meet minimum color contrast ratio thresholds,Ensure the contrast between foreground and background colors meets WCAG 2 AA minimum contrast ratio thresholds,"Element has insufficient color contrast of 4.31 (foreground color: #006ce0, background color: #e6f0fc, font size: 9.0pt (12px), font weight: normal). Expected contrast ratio of 4.5:1",no axe-core violation,"Element has insufficient color contrast of 4.31 (foreground color: #006ce0, background color: #e6f0fc, font size: 9.0pt (12px), font weight: normal). Expected contrast ratio of 4.5:1 - see https://dequeuniversity.com/rules/axe/4.12/color-contrast?application=axeAPI",.w-fit,"impact serious; html: <span class=""eyebrow mb-4 w-fit self-center lg:self-start"">Start Building</span>",200,yes,Accessibility Report
http://localhost:3000/software-services/api-development,Important,P2 - fix soon,axe-core,color-contrast: Elements must meet minimum color contrast ratio thresholds,Ensure the contrast between foreground and background colors meets WCAG 2 AA minimum contrast ratio thresholds,"Element has insufficient color contrast of 4.45 (foreground color: #006ce0, background color: #eef3f9, font size: 10.5pt (14px), font weight: normal). Expected contrast ratio of 4.5:1",no axe-core violation,"Element has insufficient color contrast of 4.45 (foreground color: #006ce0, background color: #eef3f9, font size: 10.5pt (14px), font weight: normal). Expected contrast ratio of 4.5:1 - see https://dequeuniversity.com/rules/axe/4.12/color-contrast?application=axeAPI",".gap-1\.5.inline-flex[href$=""internships""]","impact serious; html: <a class=""group inline-flex items-center gap-1.5 text-sm font-semibold text-primary"" href=""/internships"">",200,yes,Accessibility Report
http://localhost:3000/software-services/api-development,Optimization,P3 - improve,Static,Form without aria-live / role=alert region for error messages,Form errors aren't announced to screen-reader users.,(none),An aria-live / role=alert region for form messages,"Render error/success messages inside an aria-live=""polite"" region.",form.space-y-4 'Full Name * Email Address * Phone * Serv',,200,yes,Accessibility Report
http://localhost:3000/software-services/api-development,Optimization,P3 - improve,Touch targets,Touch targets smaller than 44x44 px,Touch targets are smaller than the recommended 44x44 px.,141x36 px,44x44 px,Increase padding / min-height on the element.,"S
Semicolon",390 px phone viewport,200,yes,Accessibility Report
http://localhost:3000/software-services/api-development,Optimization,P3 - improve,Touch targets,Touch targets smaller than 44x44 px,Touch targets are smaller than the recommended 44x44 px.,87x40 px,44x44 px,Increase padding / min-height on the element.,EN,390 px phone viewport,200,yes,Accessibility Report
http://localhost:3000/software-services/api-development,Optimization,P3 - improve,Touch targets,Touch targets smaller than 44x44 px,Touch targets are smaller than the recommended 44x44 px.,40x40 px,44x44 px,Increase padding / min-height on the element.,Switch to dark mode,390 px phone viewport,200,yes,Accessibility Report
http://localhost:3000/software-services/api-development,Optimization,P3 - improve,Touch targets,Touch targets smaller than 44x44 px,Touch targets are smaller than the recommended 44x44 px.,40x40 px,44x44 px,Increase padding / min-height on the element.,Open menu,390 px phone viewport,200,yes,Accessibility Report
http://localhost:3000/software-services/api-development,Optimization,P3 - improve,Touch targets,Touch targets smaller than 44x44 px,Touch targets are smaller than the recommended 44x44 px.,306x40 px,44x44 px,Increase padding / min-height on the element.,INPUT,390 px phone viewport,200,yes,Accessibility Report
http://localhost:3000/software-services/api-development,Optimization,P3 - improve,Touch targets,Touch targets smaller than 44x44 px,Touch targets are smaller than the recommended 44x44 px.,306x40 px,44x44 px,Increase padding / min-height on the element.,INPUT,390 px phone viewport,200,yes,Accessibility Report
http://localhost:3000/software-services/api-development,Optimization,P3 - improve,Touch targets,Touch targets smaller than 44x44 px,Touch targets are smaller than the recommended 44x44 px.,306x40 px,44x44 px,Increase padding / min-height on the element.,INPUT,390 px phone viewport,200,yes,Accessibility Report
http://localhost:3000/software-services/api-development,Optimization,P3 - improve,Touch targets,Touch targets smaller than 44x44 px,Touch targets are smaller than the recommended 44x44 px.,306x40 px,44x44 px,Increase padding / min-height on the element.,INPUT,390 px phone viewport,200,yes,Accessibility Report
http://localhost:3000/software-services/api-development,Optimization,P3 - improve,Touch targets,Touch targets smaller than 44x44 px,Touch targets are smaller than the recommended 44x44 px.,164x40 px,44x44 px,Increase padding / min-height on the element.,"S
Semicolon",390 px phone viewport,200,yes,Accessibility Report
http://localhost:3000/software-services/cms-development,Important,P2 - fix soon,Static,Form field without a label,"A form field has no label, so screen-reader users don't know what to type (placeholder isn't a label).",no <label>,<label for> / wrapping <label> / aria-label on every field,Add a visible <label> linked to the field id.,select,,200,yes,Accessibility Report
http://localhost:3000/software-services/cms-development,Important,P2 - fix soon,Static,aria-controls points to a missing id,An ARIA reference points to an id that doesn't exist.,"aria-controls=""radix-_R_1ktqla2lubsnqtb_""",aria-labelledby / aria-describedby / aria-controls reference existing ids,Fix the id or the reference.,button#embedded-contact-service.group.flex.items-center [type=button] 'Service Type',,200,yes,Accessibility Report
http://localhost:3000/software-services/cms-development,Important,P2 - fix soon,Touch targets,Touch targets smaller than 24x24 px,"Touch targets are smaller than 24x24 px, too small to tap reliably (WCAG 2.5.8).",57x22 px,24x24 px minimum (44x44 recommended),Increase padding / min-width / min-height of the element.,Home,390 px phone viewport,200,yes,Accessibility Report
http://localhost:3000/software-services/cms-development,Important,P2 - fix soon,Touch targets,Touch targets smaller than 24x24 px,"Touch targets are smaller than 24x24 px, too small to tap reliably (WCAG 2.5.8).",57x22 px,24x24 px minimum (44x44 recommended),Increase padding / min-width / min-height of the element.,Services,390 px phone viewport,200,yes,Accessibility Report
http://localhost:3000/software-services/cms-development,Important,P2 - fix soon,Touch targets,Touch targets smaller than 24x24 px,"Touch targets are smaller than 24x24 px, too small to tap reliably (WCAG 2.5.8).",120x22 px,24x24 px minimum (44x44 recommended),Increase padding / min-width / min-height of the element.,Software Services,390 px phone viewport,200,yes,Accessibility Report
http://localhost:3000/software-services/cms-development,Important,P2 - fix soon,Touch targets,Touch targets smaller than 24x24 px,"Touch targets are smaller than 24x24 px, too small to tap reliably (WCAG 2.5.8).",1x1 px,24x24 px minimum (44x44 recommended),Increase padding / min-width / min-height of the element.,"Web Development
Mobile App Dev",390 px phone viewport,200,yes,Accessibility Report
http://localhost:3000/software-services/cms-development,Important,P2 - fix soon,Touch targets,Touch targets smaller than 24x24 px,"Touch targets are smaller than 24x24 px, too small to tap reliably (WCAG 2.5.8).",32x8 px,24x24 px minimum (44x44 recommended),Increase padding / min-width / min-height of the element.,Go to step 1,390 px phone viewport,200,yes,Accessibility Report
http://localhost:3000/software-services/cms-development,Important,P2 - fix soon,Touch targets,Touch targets smaller than 24x24 px,"Touch targets are smaller than 24x24 px, too small to tap reliably (WCAG 2.5.8).",8x8 px,24x24 px minimum (44x44 recommended),Increase padding / min-width / min-height of the element.,Go to step 2,390 px phone viewport,200,yes,Accessibility Report
http://localhost:3000/software-services/cms-development,Important,P2 - fix soon,Touch targets,Touch targets smaller than 24x24 px,"Touch targets are smaller than 24x24 px, too small to tap reliably (WCAG 2.5.8).",8x8 px,24x24 px minimum (44x44 recommended),Increase padding / min-width / min-height of the element.,Go to step 3,390 px phone viewport,200,yes,Accessibility Report
http://localhost:3000/software-services/cms-development,Important,P2 - fix soon,Touch targets,Touch targets smaller than 24x24 px,"Touch targets are smaller than 24x24 px, too small to tap reliably (WCAG 2.5.8).",8x8 px,24x24 px minimum (44x44 recommended),Increase padding / min-width / min-height of the element.,Go to step 4,390 px phone viewport,200,yes,Accessibility Report
http://localhost:3000/software-services/cms-development,Important,P2 - fix soon,Touch targets,Touch targets smaller than 24x24 px,"Touch targets are smaller than 24x24 px, too small to tap reliably (WCAG 2.5.8).",8x8 px,24x24 px minimum (44x44 recommended),Increase padding / min-width / min-height of the element.,Go to step 5,390 px phone viewport,200,yes,Accessibility Report
http://localhost:3000/software-services/cms-development,Important,P2 - fix soon,Touch targets,Touch targets smaller than 24x24 px,"Touch targets are smaller than 24x24 px, too small to tap reliably (WCAG 2.5.8).",105x20 px,24x24 px minimum (44x44 recommended),Increase padding / min-width / min-height of the element.,+91 95128 15630,390 px phone viewport,200,yes,Accessibility Report
http://localhost:3000/software-services/cms-development,Important,P2 - fix soon,Touch targets,Touch targets smaller than 24x24 px,"Touch targets are smaller than 24x24 px, too small to tap reliably (WCAG 2.5.8).",358x20 px,24x24 px minimum (44x44 recommended),Increase padding / min-width / min-height of the element.,hello@semicolon.agency,390 px phone viewport,200,yes,Accessibility Report
http://localhost:3000/software-services/cms-development,Important,P2 - fix soon,Touch targets,Touch targets smaller than 24x24 px,"Touch targets are smaller than 24x24 px, too small to tap reliably (WCAG 2.5.8).",358x20 px,24x24 px minimum (44x44 recommended),Increase padding / min-width / min-height of the element.,+91 95128 15630,390 px phone viewport,200,yes,Accessibility Report
http://localhost:3000/software-services/cms-development,Important,P2 - fix soon,Touch targets,Touch targets smaller than 24x24 px,"Touch targets are smaller than 24x24 px, too small to tap reliably (WCAG 2.5.8).",93x20 px,24x24 px minimum (44x44 recommended),Increase padding / min-width / min-height of the element.,Apply now,390 px phone viewport,200,yes,Accessibility Report
http://localhost:3000/software-services/cms-development,Important,P2 - fix soon,axe-core,color-contrast: Elements must meet minimum color contrast ratio thresholds,Ensure the contrast between foreground and background colors meets WCAG 2 AA minimum contrast ratio thresholds,"Element has insufficient color contrast of 4.31 (foreground color: #006ce0, background color: #e6f0fc, font size: 9.0pt (12px), font weight: normal). Expected contrast ratio of 4.5:1",no axe-core violation,"Element has insufficient color contrast of 4.31 (foreground color: #006ce0, background color: #e6f0fc, font size: 9.0pt (12px), font weight: normal). Expected contrast ratio of 4.5:1 - see https://dequeuniversity.com/rules/axe/4.12/color-contrast?application=axeAPI",.w-fit,"impact serious; html: <span class=""eyebrow mb-4 w-fit self-center lg:self-start"">Start Building</span>",200,yes,Accessibility Report
http://localhost:3000/software-services/cms-development,Important,P2 - fix soon,axe-core,color-contrast: Elements must meet minimum color contrast ratio thresholds,Ensure the contrast between foreground and background colors meets WCAG 2 AA minimum contrast ratio thresholds,"Element has insufficient color contrast of 4.45 (foreground color: #006ce0, background color: #eef3f9, font size: 10.5pt (14px), font weight: normal). Expected contrast ratio of 4.5:1",no axe-core violation,"Element has insufficient color contrast of 4.45 (foreground color: #006ce0, background color: #eef3f9, font size: 10.5pt (14px), font weight: normal). Expected contrast ratio of 4.5:1 - see https://dequeuniversity.com/rules/axe/4.12/color-contrast?application=axeAPI",".gap-1\.5.inline-flex[href$=""internships""]","impact serious; html: <a class=""group inline-flex items-center gap-1.5 text-sm font-semibold text-primary"" href=""/internships"">",200,yes,Accessibility Report
http://localhost:3000/software-services/cms-development,Optimization,P3 - improve,Static,Form without aria-live / role=alert region for error messages,Form errors aren't announced to screen-reader users.,(none),An aria-live / role=alert region for form messages,"Render error/success messages inside an aria-live=""polite"" region.",form.space-y-4 'Full Name * Email Address * Phone * Serv',,200,yes,Accessibility Report
http://localhost:3000/software-services/cms-development,Optimization,P3 - improve,Touch targets,Touch targets smaller than 44x44 px,Touch targets are smaller than the recommended 44x44 px.,141x36 px,44x44 px,Increase padding / min-height on the element.,"S
Semicolon",390 px phone viewport,200,yes,Accessibility Report
http://localhost:3000/software-services/cms-development,Optimization,P3 - improve,Touch targets,Touch targets smaller than 44x44 px,Touch targets are smaller than the recommended 44x44 px.,87x40 px,44x44 px,Increase padding / min-height on the element.,EN,390 px phone viewport,200,yes,Accessibility Report
http://localhost:3000/software-services/cms-development,Optimization,P3 - improve,Touch targets,Touch targets smaller than 44x44 px,Touch targets are smaller than the recommended 44x44 px.,40x40 px,44x44 px,Increase padding / min-height on the element.,Switch to dark mode,390 px phone viewport,200,yes,Accessibility Report
http://localhost:3000/software-services/cms-development,Optimization,P3 - improve,Touch targets,Touch targets smaller than 44x44 px,Touch targets are smaller than the recommended 44x44 px.,40x40 px,44x44 px,Increase padding / min-height on the element.,Open menu,390 px phone viewport,200,yes,Accessibility Report
http://localhost:3000/software-services/cms-development,Optimization,P3 - improve,Touch targets,Touch targets smaller than 44x44 px,Touch targets are smaller than the recommended 44x44 px.,306x40 px,44x44 px,Increase padding / min-height on the element.,INPUT,390 px phone viewport,200,yes,Accessibility Report
http://localhost:3000/software-services/cms-development,Optimization,P3 - improve,Touch targets,Touch targets smaller than 44x44 px,Touch targets are smaller than the recommended 44x44 px.,306x40 px,44x44 px,Increase padding / min-height on the element.,INPUT,390 px phone viewport,200,yes,Accessibility Report
http://localhost:3000/software-services/cms-development,Optimization,P3 - improve,Touch targets,Touch targets smaller than 44x44 px,Touch targets are smaller than the recommended 44x44 px.,306x40 px,44x44 px,Increase padding / min-height on the element.,INPUT,390 px phone viewport,200,yes,Accessibility Report
http://localhost:3000/software-services/cms-development,Optimization,P3 - improve,Touch targets,Touch targets smaller than 44x44 px,Touch targets are smaller than the recommended 44x44 px.,306x40 px,44x44 px,Increase padding / min-height on the element.,INPUT,390 px phone viewport,200,yes,Accessibility Report
http://localhost:3000/software-services/cms-development,Optimization,P3 - improve,Touch targets,Touch targets smaller than 44x44 px,Touch targets are smaller than the recommended 44x44 px.,164x40 px,44x44 px,Increase padding / min-height on the element.,"S
Semicolon",390 px phone viewport,200,yes,Accessibility Report
http://localhost:3000/software-services/cross-platform-app-development,Important,P2 - fix soon,Static,Form field without a label,"A form field has no label, so screen-reader users don't know what to type (placeholder isn't a label).",no <label>,<label for> / wrapping <label> / aria-label on every field,Add a visible <label> linked to the field id.,select,,200,yes,Accessibility Report
http://localhost:3000/software-services/cross-platform-app-development,Important,P2 - fix soon,Static,aria-controls points to a missing id,An ARIA reference points to an id that doesn't exist.,"aria-controls=""radix-_R_1ktqla2lubsnqtb_""",aria-labelledby / aria-describedby / aria-controls reference existing ids,Fix the id or the reference.,button#embedded-contact-service.group.flex.items-center [type=button] 'Service Type',,200,yes,Accessibility Report
http://localhost:3000/software-services/cross-platform-app-development,Optimization,P3 - improve,Static,Form without aria-live / role=alert region for error messages,Form errors aren't announced to screen-reader users.,(none),An aria-live / role=alert region for form messages,"Render error/success messages inside an aria-live=""polite"" region.",form.space-y-4 'Full Name * Email Address * Phone * Serv',,200,yes,Accessibility Report
http://localhost:3000/software-services/custom-software-development,Important,P2 - fix soon,Static,Form field without a label,"A form field has no label, so screen-reader users don't know what to type (placeholder isn't a label).",no <label>,<label for> / wrapping <label> / aria-label on every field,Add a visible <label> linked to the field id.,select,,200,yes,Accessibility Report
http://localhost:3000/software-services/custom-software-development,Important,P2 - fix soon,Static,aria-controls points to a missing id,An ARIA reference points to an id that doesn't exist.,"aria-controls=""radix-_R_1ktqla2lubsnqtb_""",aria-labelledby / aria-describedby / aria-controls reference existing ids,Fix the id or the reference.,button#embedded-contact-service.group.flex.items-center [type=button] 'Service Type',,200,yes,Accessibility Report
http://localhost:3000/software-services/custom-software-development,Optimization,P3 - improve,Static,Form without aria-live / role=alert region for error messages,Form errors aren't announced to screen-reader users.,(none),An aria-live / role=alert region for form messages,"Render error/success messages inside an aria-live=""polite"" region.",form.space-y-4 'Full Name * Email Address * Phone * Serv',,200,yes,Accessibility Report
http://localhost:3000/software-services/ecommerce-development,Important,P2 - fix soon,Static,Form field without a label,"A form field has no label, so screen-reader users don't know what to type (placeholder isn't a label).",no <label>,<label for> / wrapping <label> / aria-label on every field,Add a visible <label> linked to the field id.,select,,200,yes,Accessibility Report
http://localhost:3000/software-services/ecommerce-development,Important,P2 - fix soon,Static,aria-controls points to a missing id,An ARIA reference points to an id that doesn't exist.,"aria-controls=""radix-_R_1ktqla2lubsnqtb_""",aria-labelledby / aria-describedby / aria-controls reference existing ids,Fix the id or the reference.,button#embedded-contact-service.group.flex.items-center [type=button] 'Service Type',,200,yes,Accessibility Report
http://localhost:3000/software-services/ecommerce-development,Optimization,P3 - improve,Static,Form without aria-live / role=alert region for error messages,Form errors aren't announced to screen-reader users.,(none),An aria-live / role=alert region for form messages,"Render error/success messages inside an aria-live=""polite"" region.",form.space-y-4 'Full Name * Email Address * Phone * Serv',,200,yes,Accessibility Report
http://localhost:3000/software-services/ecommerce-testing,Important,P2 - fix soon,Static,Form field without a label,"A form field has no label, so screen-reader users don't know what to type (placeholder isn't a label).",no <label>,<label for> / wrapping <label> / aria-label on every field,Add a visible <label> linked to the field id.,select,,200,yes,Accessibility Report
http://localhost:3000/software-services/ecommerce-testing,Important,P2 - fix soon,Static,aria-controls points to a missing id,An ARIA reference points to an id that doesn't exist.,"aria-controls=""radix-_R_1ktqla2lubsnqtb_""",aria-labelledby / aria-describedby / aria-controls reference existing ids,Fix the id or the reference.,button#embedded-contact-service.group.flex.items-center [type=button] 'Service Type',,200,yes,Accessibility Report
http://localhost:3000/software-services/ecommerce-testing,Optimization,P3 - improve,Static,Form without aria-live / role=alert region for error messages,Form errors aren't announced to screen-reader users.,(none),An aria-live / role=alert region for form messages,"Render error/success messages inside an aria-live=""polite"" region.",form.space-y-4 'Full Name * Email Address * Phone * Serv',,200,yes,Accessibility Report
http://localhost:3000/software-services/enterprise-software,Important,P2 - fix soon,Static,Form field without a label,"A form field has no label, so screen-reader users don't know what to type (placeholder isn't a label).",no <label>,<label for> / wrapping <label> / aria-label on every field,Add a visible <label> linked to the field id.,select,,200,yes,Accessibility Report
http://localhost:3000/software-services/enterprise-software,Important,P2 - fix soon,Static,aria-controls points to a missing id,An ARIA reference points to an id that doesn't exist.,"aria-controls=""radix-_R_1ktqla2lubsnqtb_""",aria-labelledby / aria-describedby / aria-controls reference existing ids,Fix the id or the reference.,button#embedded-contact-service.group.flex.items-center [type=button] 'Service Type',,200,yes,Accessibility Report
http://localhost:3000/software-services/enterprise-software,Optimization,P3 - improve,Static,Form without aria-live / role=alert region for error messages,Form errors aren't announced to screen-reader users.,(none),An aria-live / role=alert region for form messages,"Render error/success messages inside an aria-live=""polite"" region.",form.space-y-4 'Full Name * Email Address * Phone * Serv',,200,yes,Accessibility Report
http://localhost:3000/software-services/hybrid-app-development,Important,P2 - fix soon,Static,Form field without a label,"A form field has no label, so screen-reader users don't know what to type (placeholder isn't a label).",no <label>,<label for> / wrapping <label> / aria-label on every field,Add a visible <label> linked to the field id.,select,,200,yes,Accessibility Report
http://localhost:3000/software-services/hybrid-app-development,Important,P2 - fix soon,Static,aria-controls points to a missing id,An ARIA reference points to an id that doesn't exist.,"aria-controls=""radix-_R_1ktqla2lubsnqtb_""",aria-labelledby / aria-describedby / aria-controls reference existing ids,Fix the id or the reference.,button#embedded-contact-service.group.flex.items-center [type=button] 'Service Type',,200,yes,Accessibility Report
http://localhost:3000/software-services/hybrid-app-development,Optimization,P3 - improve,Static,Form without aria-live / role=alert region for error messages,Form errors aren't announced to screen-reader users.,(none),An aria-live / role=alert region for form messages,"Render error/success messages inside an aria-live=""polite"" region.",form.space-y-4 'Full Name * Email Address * Phone * Serv',,200,yes,Accessibility Report
http://localhost:3000/software-services/mobile-app-testing,Important,P2 - fix soon,Static,Form field without a label,"A form field has no label, so screen-reader users don't know what to type (placeholder isn't a label).",no <label>,<label for> / wrapping <label> / aria-label on every field,Add a visible <label> linked to the field id.,select,,200,yes,Accessibility Report
http://localhost:3000/software-services/mobile-app-testing,Important,P2 - fix soon,Static,aria-controls points to a missing id,An ARIA reference points to an id that doesn't exist.,"aria-controls=""radix-_R_1ktqla2lubsnqtb_""",aria-labelledby / aria-describedby / aria-controls reference existing ids,Fix the id or the reference.,button#embedded-contact-service.group.flex.items-center [type=button] 'Service Type',,200,yes,Accessibility Report
http://localhost:3000/software-services/mobile-app-testing,Optimization,P3 - improve,Static,Form without aria-live / role=alert region for error messages,Form errors aren't announced to screen-reader users.,(none),An aria-live / role=alert region for form messages,"Render error/success messages inside an aria-live=""polite"" region.",form.space-y-4 'Full Name * Email Address * Phone * Serv',,200,yes,Accessibility Report
http://localhost:3000/software-services/mobile-game-development,Important,P2 - fix soon,Static,Form field without a label,"A form field has no label, so screen-reader users don't know what to type (placeholder isn't a label).",no <label>,<label for> / wrapping <label> / aria-label on every field,Add a visible <label> linked to the field id.,select,,200,yes,Accessibility Report
http://localhost:3000/software-services/mobile-game-development,Important,P2 - fix soon,Static,aria-controls points to a missing id,An ARIA reference points to an id that doesn't exist.,"aria-controls=""radix-_R_1ktqla2lubsnqtb_""",aria-labelledby / aria-describedby / aria-controls reference existing ids,Fix the id or the reference.,button#embedded-contact-service.group.flex.items-center [type=button] 'Service Type',,200,yes,Accessibility Report
http://localhost:3000/software-services/mobile-game-development,Optimization,P3 - improve,Static,Form without aria-live / role=alert region for error messages,Form errors aren't announced to screen-reader users.,(none),An aria-live / role=alert region for form messages,"Render error/success messages inside an aria-live=""polite"" region.",form.space-y-4 'Full Name * Email Address * Phone * Serv',,200,yes,Accessibility Report
http://localhost:3000/software-services/native-app-development,Important,P2 - fix soon,Static,Form field without a label,"A form field has no label, so screen-reader users don't know what to type (placeholder isn't a label).",no <label>,<label for> / wrapping <label> / aria-label on every field,Add a visible <label> linked to the field id.,select,,200,yes,Accessibility Report
http://localhost:3000/software-services/native-app-development,Important,P2 - fix soon,Static,aria-controls points to a missing id,An ARIA reference points to an id that doesn't exist.,"aria-controls=""radix-_R_1ktqla2lubsnqtb_""",aria-labelledby / aria-describedby / aria-controls reference existing ids,Fix the id or the reference.,button#embedded-contact-service.group.flex.items-center [type=button] 'Service Type',,200,yes,Accessibility Report
http://localhost:3000/software-services/native-app-development,Optimization,P3 - improve,Static,Form without aria-live / role=alert region for error messages,Form errors aren't announced to screen-reader users.,(none),An aria-live / role=alert region for form messages,"Render error/success messages inside an aria-live=""polite"" region.",form.space-y-4 'Full Name * Email Address * Phone * Serv',,200,yes,Accessibility Report
http://localhost:3000/software-services/native-cross-platform-apps,Important,P2 - fix soon,Static,Form field without a label,"A form field has no label, so screen-reader users don't know what to type (placeholder isn't a label).",no <label>,<label for> / wrapping <label> / aria-label on every field,Add a visible <label> linked to the field id.,select,,200,yes,Accessibility Report
http://localhost:3000/software-services/native-cross-platform-apps,Important,P2 - fix soon,Static,aria-controls points to a missing id,An ARIA reference points to an id that doesn't exist.,"aria-controls=""radix-_R_1ktqla2lubsnqtb_""",aria-labelledby / aria-describedby / aria-controls reference existing ids,Fix the id or the reference.,button#embedded-contact-service.group.flex.items-center [type=button] 'Service Type',,200,yes,Accessibility Report
http://localhost:3000/software-services/native-cross-platform-apps,Optimization,P3 - improve,Static,Form without aria-live / role=alert region for error messages,Form errors aren't announced to screen-reader users.,(none),An aria-live / role=alert region for form messages,"Render error/success messages inside an aria-live=""polite"" region.",form.space-y-4 'Full Name * Email Address * Phone * Serv',,200,yes,Accessibility Report
http://localhost:3000/software-services/product-development,Important,P2 - fix soon,Static,Form field without a label,"A form field has no label, so screen-reader users don't know what to type (placeholder isn't a label).",no <label>,<label for> / wrapping <label> / aria-label on every field,Add a visible <label> linked to the field id.,select,,200,yes,Accessibility Report
http://localhost:3000/software-services/product-development,Important,P2 - fix soon,Static,aria-controls points to a missing id,An ARIA reference points to an id that doesn't exist.,"aria-controls=""radix-_R_1ktqla2lubsnqtb_""",aria-labelledby / aria-describedby / aria-controls reference existing ids,Fix the id or the reference.,button#embedded-contact-service.group.flex.items-center [type=button] 'Service Type',,200,yes,Accessibility Report
http://localhost:3000/software-services/product-development,Optimization,P3 - improve,Static,Form without aria-live / role=alert region for error messages,Form errors aren't announced to screen-reader users.,(none),An aria-live / role=alert region for form messages,"Render error/success messages inside an aria-live=""polite"" region.",form.space-y-4 'Full Name * Email Address * Phone * Serv',,200,yes,Accessibility Report
http://localhost:3000/software-services/product-re-engineering,Important,P2 - fix soon,Static,Form field without a label,"A form field has no label, so screen-reader users don't know what to type (placeholder isn't a label).",no <label>,<label for> / wrapping <label> / aria-label on every field,Add a visible <label> linked to the field id.,select,,200,yes,Accessibility Report
http://localhost:3000/software-services/product-re-engineering,Important,P2 - fix soon,Static,aria-controls points to a missing id,An ARIA reference points to an id that doesn't exist.,"aria-controls=""radix-_R_1ktqla2lubsnqtb_""",aria-labelledby / aria-describedby / aria-controls reference existing ids,Fix the id or the reference.,button#embedded-contact-service.group.flex.items-center [type=button] 'Service Type',,200,yes,Accessibility Report
http://localhost:3000/software-services/product-re-engineering,Optimization,P3 - improve,Static,Form without aria-live / role=alert region for error messages,Form errors aren't announced to screen-reader users.,(none),An aria-live / role=alert region for form messages,"Render error/success messages inside an aria-live=""polite"" region.",form.space-y-4 'Full Name * Email Address * Phone * Serv',,200,yes,Accessibility Report
http://localhost:3000/software-services/pwa-development,Important,P2 - fix soon,Static,Form field without a label,"A form field has no label, so screen-reader users don't know what to type (placeholder isn't a label).",no <label>,<label for> / wrapping <label> / aria-label on every field,Add a visible <label> linked to the field id.,select,,200,yes,Accessibility Report
http://localhost:3000/software-services/pwa-development,Important,P2 - fix soon,Static,aria-controls points to a missing id,An ARIA reference points to an id that doesn't exist.,"aria-controls=""radix-_R_1ktqla2lubsnqtb_""",aria-labelledby / aria-describedby / aria-controls reference existing ids,Fix the id or the reference.,button#embedded-contact-service.group.flex.items-center [type=button] 'Service Type',,200,yes,Accessibility Report
http://localhost:3000/software-services/pwa-development,Optimization,P3 - improve,Static,Form without aria-live / role=alert region for error messages,Form errors aren't announced to screen-reader users.,(none),An aria-live / role=alert region for form messages,"Render error/success messages inside an aria-live=""polite"" region.",form.space-y-4 'Full Name * Email Address * Phone * Serv',,200,yes,Accessibility Report
http://localhost:3000/software-services/software-consulting,Important,P2 - fix soon,Static,Form field without a label,"A form field has no label, so screen-reader users don't know what to type (placeholder isn't a label).",no <label>,<label for> / wrapping <label> / aria-label on every field,Add a visible <label> linked to the field id.,select,,200,yes,Accessibility Report
http://localhost:3000/software-services/software-consulting,Important,P2 - fix soon,Static,aria-controls points to a missing id,An ARIA reference points to an id that doesn't exist.,"aria-controls=""radix-_R_1ktqla2lubsnqtb_""",aria-labelledby / aria-describedby / aria-controls reference existing ids,Fix the id or the reference.,button#embedded-contact-service.group.flex.items-center [type=button] 'Service Type',,200,yes,Accessibility Report
http://localhost:3000/software-services/software-consulting,Optimization,P3 - improve,Static,Form without aria-live / role=alert region for error messages,Form errors aren't announced to screen-reader users.,(none),An aria-live / role=alert region for form messages,"Render error/success messages inside an aria-live=""polite"" region.",form.space-y-4 'Full Name * Email Address * Phone * Serv',,200,yes,Accessibility Report
http://localhost:3000/software-services/software-maintenance,Important,P2 - fix soon,Static,Form field without a label,"A form field has no label, so screen-reader users don't know what to type (placeholder isn't a label).",no <label>,<label for> / wrapping <label> / aria-label on every field,Add a visible <label> linked to the field id.,select,,200,yes,Accessibility Report
http://localhost:3000/software-services/software-maintenance,Important,P2 - fix soon,Static,aria-controls points to a missing id,An ARIA reference points to an id that doesn't exist.,"aria-controls=""radix-_R_1ktqla2lubsnqtb_""",aria-labelledby / aria-describedby / aria-controls reference existing ids,Fix the id or the reference.,button#embedded-contact-service.group.flex.items-center [type=button] 'Service Type',,200,yes,Accessibility Report
http://localhost:3000/software-services/software-maintenance,Optimization,P3 - improve,Static,Form without aria-live / role=alert region for error messages,Form errors aren't announced to screen-reader users.,(none),An aria-live / role=alert region for form messages,"Render error/success messages inside an aria-live=""polite"" region.",form.space-y-4 'Full Name * Email Address * Phone * Serv',,200,yes,Accessibility Report
http://localhost:3000/software-services/web-app-development,Important,P2 - fix soon,Static,Form field without a label,"A form field has no label, so screen-reader users don't know what to type (placeholder isn't a label).",no <label>,<label for> / wrapping <label> / aria-label on every field,Add a visible <label> linked to the field id.,select,,200,yes,Accessibility Report
http://localhost:3000/software-services/web-app-development,Important,P2 - fix soon,Static,aria-controls points to a missing id,An ARIA reference points to an id that doesn't exist.,"aria-controls=""radix-_R_1ktqla2lubsnqtb_""",aria-labelledby / aria-describedby / aria-controls reference existing ids,Fix the id or the reference.,button#embedded-contact-service.group.flex.items-center [type=button] 'Service Type',,200,yes,Accessibility Report
http://localhost:3000/software-services/web-app-development,Optimization,P3 - improve,Static,Form without aria-live / role=alert region for error messages,Form errors aren't announced to screen-reader users.,(none),An aria-live / role=alert region for form messages,"Render error/success messages inside an aria-live=""polite"" region.",form.space-y-4 'Full Name * Email Address * Phone * Serv',,200,yes,Accessibility Report
http://localhost:3000/software-services/web-app-testing,Important,P2 - fix soon,Static,Form field without a label,"A form field has no label, so screen-reader users don't know what to type (placeholder isn't a label).",no <label>,<label for> / wrapping <label> / aria-label on every field,Add a visible <label> linked to the field id.,select,,200,yes,Accessibility Report
http://localhost:3000/software-services/web-app-testing,Important,P2 - fix soon,Static,aria-controls points to a missing id,An ARIA reference points to an id that doesn't exist.,"aria-controls=""radix-_R_1ktqla2lubsnqtb_""",aria-labelledby / aria-describedby / aria-controls reference existing ids,Fix the id or the reference.,button#embedded-contact-service.group.flex.items-center [type=button] 'Service Type',,200,yes,Accessibility Report
http://localhost:3000/software-services/web-app-testing,Optimization,P3 - improve,Static,Form without aria-live / role=alert region for error messages,Form errors aren't announced to screen-reader users.,(none),An aria-live / role=alert region for form messages,"Render error/success messages inside an aria-live=""polite"" region.",form.space-y-4 'Full Name * Email Address * Phone * Serv',,200,yes,Accessibility Report
http://localhost:3000/technologies,Important,P2 - fix soon,Touch targets,Touch targets smaller than 24x24 px,"Touch targets are smaller than 24x24 px, too small to tap reliably (WCAG 2.5.8).",57x22 px,24x24 px minimum (44x44 recommended),Increase padding / min-width / min-height of the element.,Home,390 px phone viewport,200,yes,Accessibility Report
http://localhost:3000/technologies,Important,P2 - fix soon,Touch targets,Touch targets smaller than 24x24 px,"Touch targets are smaller than 24x24 px, too small to tap reliably (WCAG 2.5.8).",358x20 px,24x24 px minimum (44x44 recommended),Increase padding / min-width / min-height of the element.,hello@semicolon.agency,390 px phone viewport,200,yes,Accessibility Report
http://localhost:3000/technologies,Important,P2 - fix soon,Touch targets,Touch targets smaller than 24x24 px,"Touch targets are smaller than 24x24 px, too small to tap reliably (WCAG 2.5.8).",358x20 px,24x24 px minimum (44x44 recommended),Increase padding / min-width / min-height of the element.,+91 95128 15630,390 px phone viewport,200,yes,Accessibility Report
http://localhost:3000/technologies,Important,P2 - fix soon,Touch targets,Touch targets smaller than 24x24 px,"Touch targets are smaller than 24x24 px, too small to tap reliably (WCAG 2.5.8).",93x20 px,24x24 px minimum (44x44 recommended),Increase padding / min-width / min-height of the element.,Apply now,390 px phone viewport,200,yes,Accessibility Report
http://localhost:3000/technologies,Important,P2 - fix soon,axe-core,color-contrast: Elements must meet minimum color contrast ratio thresholds,Ensure the contrast between foreground and background colors meets WCAG 2 AA minimum contrast ratio thresholds,"Element has insufficient color contrast of 4.45 (foreground color: #006ce0, background color: #eef3f9, font size: 10.5pt (14px), font weight: normal). Expected contrast ratio of 4.5:1",no axe-core violation,"Element has insufficient color contrast of 4.45 (foreground color: #006ce0, background color: #eef3f9, font size: 10.5pt (14px), font weight: normal). Expected contrast ratio of 4.5:1 - see https://dequeuniversity.com/rules/axe/4.12/color-contrast?application=axeAPI",".gap-1\.5.text-primary[href$=""internships""]","impact serious; html: <a class=""group inline-flex items-center gap-1.5 text-sm font-semibold text-primary"" href=""/internships"">",200,yes,Accessibility Report
http://localhost:3000/technologies,Optimization,P3 - improve,Touch targets,Touch targets smaller than 44x44 px,Touch targets are smaller than the recommended 44x44 px.,141x36 px,44x44 px,Increase padding / min-height on the element.,"S
Semicolon",390 px phone viewport,200,yes,Accessibility Report
http://localhost:3000/technologies,Optimization,P3 - improve,Touch targets,Touch targets smaller than 44x44 px,Touch targets are smaller than the recommended 44x44 px.,87x40 px,44x44 px,Increase padding / min-height on the element.,EN,390 px phone viewport,200,yes,Accessibility Report
http://localhost:3000/technologies,Optimization,P3 - improve,Touch targets,Touch targets smaller than 44x44 px,Touch targets are smaller than the recommended 44x44 px.,40x40 px,44x44 px,Increase padding / min-height on the element.,Switch to dark mode,390 px phone viewport,200,yes,Accessibility Report
http://localhost:3000/technologies,Optimization,P3 - improve,Touch targets,Touch targets smaller than 44x44 px,Touch targets are smaller than the recommended 44x44 px.,40x40 px,44x44 px,Increase padding / min-height on the element.,Open menu,390 px phone viewport,200,yes,Accessibility Report
http://localhost:3000/technologies,Optimization,P3 - improve,Touch targets,Touch targets smaller than 44x44 px,Touch targets are smaller than the recommended 44x44 px.,210x38 px,44x44 px,Increase padding / min-height on the element.,Frontend Development,390 px phone viewport,200,yes,Accessibility Report
http://localhost:3000/technologies,Optimization,P3 - improve,Touch targets,Touch targets smaller than 44x44 px,Touch targets are smaller than the recommended 44x44 px.,208x38 px,44x44 px,Increase padding / min-height on the element.,Backend Development,390 px phone viewport,200,yes,Accessibility Report
http://localhost:3000/technologies,Optimization,P3 - improve,Touch targets,Touch targets smaller than 44x44 px,Touch targets are smaller than the recommended 44x44 px.,195x38 px,44x44 px,Increase padding / min-height on the element.,Mobile Development,390 px phone viewport,200,yes,Accessibility Report
http://localhost:3000/technologies,Optimization,P3 - improve,Touch targets,Touch targets smaller than 44x44 px,Touch targets are smaller than the recommended 44x44 px.,121x38 px,44x44 px,Increase padding / min-height on the element.,Database,390 px phone viewport,200,yes,Accessibility Report
http://localhost:3000/technologies,Optimization,P3 - improve,Touch targets,Touch targets smaller than 44x44 px,Touch targets are smaller than the recommended 44x44 px.,97x38 px,44x44 px,Increase padding / min-height on the element.,Cloud,390 px phone viewport,200,yes,Accessibility Report
http://localhost:3000/technologies,Optimization,P3 - improve,Touch targets,Touch targets smaller than 44x44 px,Touch targets are smaller than the recommended 44x44 px.,111x38 px,44x44 px,Increase padding / min-height on the element.,DevOps,390 px phone viewport,200,yes,Accessibility Report
http://localhost:3000/technologies,Optimization,P3 - improve,Touch targets,Touch targets smaller than 44x44 px,Touch targets are smaller than the recommended 44x44 px.,105x38 px,44x44 px,Increase padding / min-height on the element.,AI / ML,390 px phone viewport,200,yes,Accessibility Report
http://localhost:3000/technologies,Optimization,P3 - improve,Touch targets,Touch targets smaller than 44x44 px,Touch targets are smaller than the recommended 44x44 px.,143x38 px,44x44 px,Increase padding / min-height on the element.,Testing & QA,390 px phone viewport,200,yes,Accessibility Report
http://localhost:3000/technologies,Optimization,P3 - improve,Touch targets,Touch targets smaller than 44x44 px,Touch targets are smaller than the recommended 44x44 px.,90x38 px,44x44 px,Increase padding / min-height on the element.,CMS,390 px phone viewport,200,yes,Accessibility Report
http://localhost:3000/technologies,Optimization,P3 - improve,Touch targets,Touch targets smaller than 44x44 px,Touch targets are smaller than the recommended 44x44 px.,146x38 px,44x44 px,Increase padding / min-height on the element.,E-Commerce,390 px phone viewport,200,yes,Accessibility Report
http://localhost:3000/technologies,Optimization,P3 - improve,Touch targets,Touch targets smaller than 44x44 px,Touch targets are smaller than the recommended 44x44 px.,105x38 px,44x44 px,Increase padding / min-height on the element.,UI / UX,390 px phone viewport,200,yes,Accessibility Report
http://localhost:3000/technologies,Optimization,P3 - improve,Touch targets,Touch targets smaller than 44x44 px,Touch targets are smaller than the recommended 44x44 px.,171x38 px,44x44 px,Increase padding / min-height on the element.,Digital Marketing,390 px phone viewport,200,yes,Accessibility Report
http://localhost:3000/technologies,Optimization,P3 - improve,Touch targets,Touch targets smaller than 44x44 px,Touch targets are smaller than the recommended 44x44 px.,164x40 px,44x44 px,Increase padding / min-height on the element.,"S
Semicolon",390 px phone viewport,200,yes,Accessibility Report
http://localhost:3000/technologies/accessibility-audit,Important,P2 - fix soon,Static,Form field without a label,"A form field has no label, so screen-reader users don't know what to type (placeholder isn't a label).",no <label>,<label for> / wrapping <label> / aria-label on every field,Add a visible <label> linked to the field id.,select,,200,yes,Accessibility Report
http://localhost:3000/technologies/accessibility-audit,Important,P2 - fix soon,Static,aria-controls points to a missing id,An ARIA reference points to an id that doesn't exist.,"aria-controls=""radix-_R_1ktqla4lubsnqtb_""",aria-labelledby / aria-describedby / aria-controls reference existing ids,Fix the id or the reference.,button#embedded-contact-service.group.flex.items-center [type=button] 'Service Type',,200,yes,Accessibility Report
http://localhost:3000/technologies/accessibility-audit,Optimization,P3 - improve,Static,Form without aria-live / role=alert region for error messages,Form errors aren't announced to screen-reader users.,(none),An aria-live / role=alert region for form messages,"Render error/success messages inside an aria-live=""polite"" region.",form.space-y-4 'Full Name * Email Address * Phone * Serv',,200,yes,Accessibility Report
http://localhost:3000/technologies/adobe-xd-design,Important,P2 - fix soon,Static,Form field without a label,"A form field has no label, so screen-reader users don't know what to type (placeholder isn't a label).",no <label>,<label for> / wrapping <label> / aria-label on every field,Add a visible <label> linked to the field id.,select,,200,yes,Accessibility Report
http://localhost:3000/technologies/adobe-xd-design,Important,P2 - fix soon,Static,aria-controls points to a missing id,An ARIA reference points to an id that doesn't exist.,"aria-controls=""radix-_R_1ktqla4lubsnqtb_""",aria-labelledby / aria-describedby / aria-controls reference existing ids,Fix the id or the reference.,button#embedded-contact-service.group.flex.items-center [type=button] 'Service Type',,200,yes,Accessibility Report
http://localhost:3000/technologies/adobe-xd-design,Optimization,P3 - improve,Static,Form without aria-live / role=alert region for error messages,Form errors aren't announced to screen-reader users.,(none),An aria-live / role=alert region for form messages,"Render error/success messages inside an aria-live=""polite"" region.",form.space-y-4 'Full Name * Email Address * Phone * Serv',,200,yes,Accessibility Report
http://localhost:3000/technologies/affiliate-marketing,Important,P2 - fix soon,Static,Form field without a label,"A form field has no label, so screen-reader users don't know what to type (placeholder isn't a label).",no <label>,<label for> / wrapping <label> / aria-label on every field,Add a visible <label> linked to the field id.,select,,200,yes,Accessibility Report
http://localhost:3000/technologies/affiliate-marketing,Important,P2 - fix soon,Static,aria-controls points to a missing id,An ARIA reference points to an id that doesn't exist.,"aria-controls=""radix-_R_1ktqla4lubsnqtb_""",aria-labelledby / aria-describedby / aria-controls reference existing ids,Fix the id or the reference.,button#embedded-contact-service.group.flex.items-center [type=button] 'Service Type',,200,yes,Accessibility Report
http://localhost:3000/technologies/affiliate-marketing,Optimization,P3 - improve,Static,Form without aria-live / role=alert region for error messages,Form errors aren't announced to screen-reader users.,(none),An aria-live / role=alert region for form messages,"Render error/success messages inside an aria-live=""polite"" region.",form.space-y-4 'Full Name * Email Address * Phone * Serv',,200,yes,Accessibility Report
http://localhost:3000/technologies/ai-agents-development,Important,P2 - fix soon,Static,Form field without a label,"A form field has no label, so screen-reader users don't know what to type (placeholder isn't a label).",no <label>,<label for> / wrapping <label> / aria-label on every field,Add a visible <label> linked to the field id.,select,,200,yes,Accessibility Report
http://localhost:3000/technologies/ai-agents-development,Important,P2 - fix soon,Static,aria-controls points to a missing id,An ARIA reference points to an id that doesn't exist.,"aria-controls=""radix-_R_1ktqla4lubsnqtb_""",aria-labelledby / aria-describedby / aria-controls reference existing ids,Fix the id or the reference.,button#embedded-contact-service.group.flex.items-center [type=button] 'Service Type',,200,yes,Accessibility Report
http://localhost:3000/technologies/ai-agents-development,Optimization,P3 - improve,Static,Form without aria-live / role=alert region for error messages,Form errors aren't announced to screen-reader users.,(none),An aria-live / role=alert region for form messages,"Render error/success messages inside an aria-live=""polite"" region.",form.space-y-4 'Full Name * Email Address * Phone * Serv',,200,yes,Accessibility Report
http://localhost:3000/technologies/ai-development,Important,P2 - fix soon,Static,Form field without a label,"A form field has no label, so screen-reader users don't know what to type (placeholder isn't a label).",no <label>,<label for> / wrapping <label> / aria-label on every field,Add a visible <label> linked to the field id.,select,,200,yes,Accessibility Report
http://localhost:3000/technologies/ai-development,Important,P2 - fix soon,Static,aria-controls points to a missing id,An ARIA reference points to an id that doesn't exist.,"aria-controls=""radix-_R_1ktqla4lubsnqtb_""",aria-labelledby / aria-describedby / aria-controls reference existing ids,Fix the id or the reference.,button#embedded-contact-service.group.flex.items-center [type=button] 'Service Type',,200,yes,Accessibility Report
http://localhost:3000/technologies/ai-development,Optimization,P3 - improve,Static,Form without aria-live / role=alert region for error messages,Form errors aren't announced to screen-reader users.,(none),An aria-live / role=alert region for form messages,"Render error/success messages inside an aria-live=""polite"" region.",form.space-y-4 'Full Name * Email Address * Phone * Serv',,200,yes,Accessibility Report
http://localhost:3000/technologies/analytics-reporting,Important,P2 - fix soon,Static,Form field without a label,"A form field has no label, so screen-reader users don't know what to type (placeholder isn't a label).",no <label>,<label for> / wrapping <label> / aria-label on every field,Add a visible <label> linked to the field id.,select,,200,yes,Accessibility Report
http://localhost:3000/technologies/analytics-reporting,Important,P2 - fix soon,Static,aria-controls points to a missing id,An ARIA reference points to an id that doesn't exist.,"aria-controls=""radix-_R_1ktqla4lubsnqtb_""",aria-labelledby / aria-describedby / aria-controls reference existing ids,Fix the id or the reference.,button#embedded-contact-service.group.flex.items-center [type=button] 'Service Type',,200,yes,Accessibility Report
http://localhost:3000/technologies/analytics-reporting,Optimization,P3 - improve,Static,Form without aria-live / role=alert region for error messages,Form errors aren't announced to screen-reader users.,(none),An aria-live / role=alert region for form messages,"Render error/success messages inside an aria-live=""polite"" region.",form.space-y-4 'Full Name * Email Address * Phone * Serv',,200,yes,Accessibility Report
http://localhost:3000/technologies/android-app-development,Important,P2 - fix soon,Static,Form field without a label,"A form field has no label, so screen-reader users don't know what to type (placeholder isn't a label).",no <label>,<label for> / wrapping <label> / aria-label on every field,Add a visible <label> linked to the field id.,select,,200,yes,Accessibility Report
http://localhost:3000/technologies/android-app-development,Important,P2 - fix soon,Static,aria-controls points to a missing id,An ARIA reference points to an id that doesn't exist.,"aria-controls=""radix-_R_1ktqla4lubsnqtb_""",aria-labelledby / aria-describedby / aria-controls reference existing ids,Fix the id or the reference.,button#embedded-contact-service.group.flex.items-center [type=button] 'Service Type',,200,yes,Accessibility Report
http://localhost:3000/technologies/android-app-development,Optimization,P3 - improve,Static,Form without aria-live / role=alert region for error messages,Form errors aren't announced to screen-reader users.,(none),An aria-live / role=alert region for form messages,"Render error/success messages inside an aria-live=""polite"" region.",form.space-y-4 'Full Name * Email Address * Phone * Serv',,200,yes,Accessibility Report
http://localhost:3000/technologies/angularjs-development,Important,P2 - fix soon,Static,Form field without a label,"A form field has no label, so screen-reader users don't know what to type (placeholder isn't a label).",no <label>,<label for> / wrapping <label> / aria-label on every field,Add a visible <label> linked to the field id.,select,,200,yes,Accessibility Report
http://localhost:3000/technologies/angularjs-development,Important,P2 - fix soon,Static,aria-controls points to a missing id,An ARIA reference points to an id that doesn't exist.,"aria-controls=""radix-_R_1ktqla4lubsnqtb_""",aria-labelledby / aria-describedby / aria-controls reference existing ids,Fix the id or the reference.,button#embedded-contact-service.group.flex.items-center [type=button] 'Service Type',,200,yes,Accessibility Report
http://localhost:3000/technologies/angularjs-development,Optimization,P3 - improve,Static,Form without aria-live / role=alert region for error messages,Form errors aren't announced to screen-reader users.,(none),An aria-live / role=alert region for form messages,"Render error/success messages inside an aria-live=""polite"" region.",form.space-y-4 'Full Name * Email Address * Phone * Serv',,200,yes,Accessibility Report
http://localhost:3000/technologies/ansible-development,Important,P2 - fix soon,Static,Form field without a label,"A form field has no label, so screen-reader users don't know what to type (placeholder isn't a label).",no <label>,<label for> / wrapping <label> / aria-label on every field,Add a visible <label> linked to the field id.,select,,200,yes,Accessibility Report
http://localhost:3000/technologies/ansible-development,Important,P2 - fix soon,Static,aria-controls points to a missing id,An ARIA reference points to an id that doesn't exist.,"aria-controls=""radix-_R_1ktqla4lubsnqtb_""",aria-labelledby / aria-describedby / aria-controls reference existing ids,Fix the id or the reference.,button#embedded-contact-service.group.flex.items-center [type=button] 'Service Type',,200,yes,Accessibility Report
http://localhost:3000/technologies/ansible-development,Optimization,P3 - improve,Static,Form without aria-live / role=alert region for error messages,Form errors aren't announced to screen-reader users.,(none),An aria-live / role=alert region for form messages,"Render error/success messages inside an aria-live=""polite"" region.",form.space-y-4 'Full Name * Email Address * Phone * Serv',,200,yes,Accessibility Report
http://localhost:3000/technologies/ant-design-development,Important,P2 - fix soon,Static,Form field without a label,"A form field has no label, so screen-reader users don't know what to type (placeholder isn't a label).",no <label>,<label for> / wrapping <label> / aria-label on every field,Add a visible <label> linked to the field id.,select,,200,yes,Accessibility Report
http://localhost:3000/technologies/ant-design-development,Important,P2 - fix soon,Static,aria-controls points to a missing id,An ARIA reference points to an id that doesn't exist.,"aria-controls=""radix-_R_1ktqla4lubsnqtb_""",aria-labelledby / aria-describedby / aria-controls reference existing ids,Fix the id or the reference.,button#embedded-contact-service.group.flex.items-center [type=button] 'Service Type',,200,yes,Accessibility Report
http://localhost:3000/technologies/ant-design-development,Optimization,P3 - improve,Static,Form without aria-live / role=alert region for error messages,Form errors aren't announced to screen-reader users.,(none),An aria-live / role=alert region for form messages,"Render error/success messages inside an aria-live=""polite"" region.",form.space-y-4 'Full Name * Email Address * Phone * Serv',,200,yes,Accessibility Report
http://localhost:3000/technologies/apache-development,Important,P2 - fix soon,Static,Form field without a label,"A form field has no label, so screen-reader users don't know what to type (placeholder isn't a label).",no <label>,<label for> / wrapping <label> / aria-label on every field,Add a visible <label> linked to the field id.,select,,200,yes,Accessibility Report
http://localhost:3000/technologies/apache-development,Important,P2 - fix soon,Static,aria-controls points to a missing id,An ARIA reference points to an id that doesn't exist.,"aria-controls=""radix-_R_1ktqla4lubsnqtb_""",aria-labelledby / aria-describedby / aria-controls reference existing ids,Fix the id or the reference.,button#embedded-contact-service.group.flex.items-center [type=button] 'Service Type',,200,yes,Accessibility Report
http://localhost:3000/technologies/apache-development,Optimization,P3 - improve,Static,Form without aria-live / role=alert region for error messages,Form errors aren't announced to screen-reader users.,(none),An aria-live / role=alert region for form messages,"Render error/success messages inside an aria-live=""polite"" region.",form.space-y-4 'Full Name * Email Address * Phone * Serv',,200,yes,Accessibility Report
http://localhost:3000/technologies/api-testing,Important,P2 - fix soon,Static,Form field without a label,"A form field has no label, so screen-reader users don't know what to type (placeholder isn't a label).",no <label>,<label for> / wrapping <label> / aria-label on every field,Add a visible <label> linked to the field id.,select,,200,yes,Accessibility Report
http://localhost:3000/technologies/api-testing,Important,P2 - fix soon,Static,aria-controls points to a missing id,An ARIA reference points to an id that doesn't exist.,"aria-controls=""radix-_R_1ktqla4lubsnqtb_""",aria-labelledby / aria-describedby / aria-controls reference existing ids,Fix the id or the reference.,button#embedded-contact-service.group.flex.items-center [type=button] 'Service Type',,200,yes,Accessibility Report
http://localhost:3000/technologies/api-testing,Optimization,P3 - improve,Static,Form without aria-live / role=alert region for error messages,Form errors aren't announced to screen-reader users.,(none),An aria-live / role=alert region for form messages,"Render error/success messages inside an aria-live=""polite"" region.",form.space-y-4 'Full Name * Email Address * Phone * Serv',,200,yes,Accessibility Report
http://localhost:3000/technologies/app-store-optimization,Important,P2 - fix soon,Static,Form field without a label,"A form field has no label, so screen-reader users don't know what to type (placeholder isn't a label).",no <label>,<label for> / wrapping <label> / aria-label on every field,Add a visible <label> linked to the field id.,select,,200,yes,Accessibility Report
http://localhost:3000/technologies/app-store-optimization,Important,P2 - fix soon,Static,aria-controls points to a missing id,An ARIA reference points to an id that doesn't exist.,"aria-controls=""radix-_R_1ktqla4lubsnqtb_""",aria-labelledby / aria-describedby / aria-controls reference existing ids,Fix the id or the reference.,button#embedded-contact-service.group.flex.items-center [type=button] 'Service Type',,200,yes,Accessibility Report
http://localhost:3000/technologies/app-store-optimization,Optimization,P3 - improve,Static,Form without aria-live / role=alert region for error messages,Form errors aren't announced to screen-reader users.,(none),An aria-live / role=alert region for form messages,"Render error/success messages inside an aria-live=""polite"" region.",form.space-y-4 'Full Name * Email Address * Phone * Serv',,200,yes,Accessibility Report
http://localhost:3000/technologies/aspnet-core-development,Important,P2 - fix soon,Static,Form field without a label,"A form field has no label, so screen-reader users don't know what to type (placeholder isn't a label).",no <label>,<label for> / wrapping <label> / aria-label on every field,Add a visible <label> linked to the field id.,select,,200,yes,Accessibility Report
http://localhost:3000/technologies/aspnet-core-development,Important,P2 - fix soon,Static,aria-controls points to a missing id,An ARIA reference points to an id that doesn't exist.,"aria-controls=""radix-_R_1ktqla4lubsnqtb_""",aria-labelledby / aria-describedby / aria-controls reference existing ids,Fix the id or the reference.,button#embedded-contact-service.group.flex.items-center [type=button] 'Service Type',,200,yes,Accessibility Report
http://localhost:3000/technologies/aspnet-core-development,Optimization,P3 - improve,Static,Form without aria-live / role=alert region for error messages,Form errors aren't announced to screen-reader users.,(none),An aria-live / role=alert region for form messages,"Render error/success messages inside an aria-live=""polite"" region.",form.space-y-4 'Full Name * Email Address * Phone * Serv',,200,yes,Accessibility Report
http://localhost:3000/technologies/automation-testing,Important,P2 - fix soon,Static,Form field without a label,"A form field has no label, so screen-reader users don't know what to type (placeholder isn't a label).",no <label>,<label for> / wrapping <label> / aria-label on every field,Add a visible <label> linked to the field id.,select,,200,yes,Accessibility Report
http://localhost:3000/technologies/automation-testing,Important,P2 - fix soon,Static,aria-controls points to a missing id,An ARIA reference points to an id that doesn't exist.,"aria-controls=""radix-_R_1ktqla4lubsnqtb_""",aria-labelledby / aria-describedby / aria-controls reference existing ids,Fix the id or the reference.,button#embedded-contact-service.group.flex.items-center [type=button] 'Service Type',,200,yes,Accessibility Report
http://localhost:3000/technologies/automation-testing,Optimization,P3 - improve,Static,Form without aria-live / role=alert region for error messages,Form errors aren't announced to screen-reader users.,(none),An aria-live / role=alert region for form messages,"Render error/success messages inside an aria-live=""polite"" region.",form.space-y-4 'Full Name * Email Address * Phone * Serv',,200,yes,Accessibility Report
http://localhost:3000/technologies/aws-development,Important,P2 - fix soon,Static,Form field without a label,"A form field has no label, so screen-reader users don't know what to type (placeholder isn't a label).",no <label>,<label for> / wrapping <label> / aria-label on every field,Add a visible <label> linked to the field id.,select,,200,yes,Accessibility Report
http://localhost:3000/technologies/aws-development,Important,P2 - fix soon,Static,aria-controls points to a missing id,An ARIA reference points to an id that doesn't exist.,"aria-controls=""radix-_R_1ktqla4lubsnqtb_""",aria-labelledby / aria-describedby / aria-controls reference existing ids,Fix the id or the reference.,button#embedded-contact-service.group.flex.items-center [type=button] 'Service Type',,200,yes,Accessibility Report
http://localhost:3000/technologies/aws-development,Optimization,P3 - improve,Static,Form without aria-live / role=alert region for error messages,Form errors aren't announced to screen-reader users.,(none),An aria-live / role=alert region for form messages,"Render error/success messages inside an aria-live=""polite"" region.",form.space-y-4 'Full Name * Email Address * Phone * Serv',,200,yes,Accessibility Report
http://localhost:3000/technologies/aws-devops-development,Important,P2 - fix soon,Static,Form field without a label,"A form field has no label, so screen-reader users don't know what to type (placeholder isn't a label).",no <label>,<label for> / wrapping <label> / aria-label on every field,Add a visible <label> linked to the field id.,select,,200,yes,Accessibility Report
http://localhost:3000/technologies/aws-devops-development,Important,P2 - fix soon,Static,aria-controls points to a missing id,An ARIA reference points to an id that doesn't exist.,"aria-controls=""radix-_R_1ktqla4lubsnqtb_""",aria-labelledby / aria-describedby / aria-controls reference existing ids,Fix the id or the reference.,button#embedded-contact-service.group.flex.items-center [type=button] 'Service Type',,200,yes,Accessibility Report
http://localhost:3000/technologies/aws-devops-development,Optimization,P3 - improve,Static,Form without aria-live / role=alert region for error messages,Form errors aren't announced to screen-reader users.,(none),An aria-live / role=alert region for form messages,"Render error/success messages inside an aria-live=""polite"" region.",form.space-y-4 'Full Name * Email Address * Phone * Serv',,200,yes,Accessibility Report
http://localhost:3000/technologies/azure-development,Important,P2 - fix soon,Static,Form field without a label,"A form field has no label, so screen-reader users don't know what to type (placeholder isn't a label).",no <label>,<label for> / wrapping <label> / aria-label on every field,Add a visible <label> linked to the field id.,select,,200,yes,Accessibility Report
http://localhost:3000/technologies/azure-development,Important,P2 - fix soon,Static,aria-controls points to a missing id,An ARIA reference points to an id that doesn't exist.,"aria-controls=""radix-_R_1ktqla4lubsnqtb_""",aria-labelledby / aria-describedby / aria-controls reference existing ids,Fix the id or the reference.,button#embedded-contact-service.group.flex.items-center [type=button] 'Service Type',,200,yes,Accessibility Report
http://localhost:3000/technologies/azure-development,Optimization,P3 - improve,Static,Form without aria-live / role=alert region for error messages,Form errors aren't announced to screen-reader users.,(none),An aria-live / role=alert region for form messages,"Render error/success messages inside an aria-live=""polite"" region.",form.space-y-4 'Full Name * Email Address * Phone * Serv',,200,yes,Accessibility Report
http://localhost:3000/technologies/azure-devops-development,Important,P2 - fix soon,Static,Form field without a label,"A form field has no label, so screen-reader users don't know what to type (placeholder isn't a label).",no <label>,<label for> / wrapping <label> / aria-label on every field,Add a visible <label> linked to the field id.,select,,200,yes,Accessibility Report
http://localhost:3000/technologies/azure-devops-development,Important,P2 - fix soon,Static,aria-controls points to a missing id,An ARIA reference points to an id that doesn't exist.,"aria-controls=""radix-_R_1ktqla4lubsnqtb_""",aria-labelledby / aria-describedby / aria-controls reference existing ids,Fix the id or the reference.,button#embedded-contact-service.group.flex.items-center [type=button] 'Service Type',,200,yes,Accessibility Report
http://localhost:3000/technologies/azure-devops-development,Optimization,P3 - improve,Static,Form without aria-live / role=alert region for error messages,Form errors aren't announced to screen-reader users.,(none),An aria-live / role=alert region for form messages,"Render error/success messages inside an aria-live=""polite"" region.",form.space-y-4 'Full Name * Email Address * Phone * Serv',,200,yes,Accessibility Report
http://localhost:3000/technologies/bigcommerce-development,Important,P2 - fix soon,Static,Form field without a label,"A form field has no label, so screen-reader users don't know what to type (placeholder isn't a label).",no <label>,<label for> / wrapping <label> / aria-label on every field,Add a visible <label> linked to the field id.,select,,200,yes,Accessibility Report
http://localhost:3000/technologies/bigcommerce-development,Important,P2 - fix soon,Static,aria-controls points to a missing id,An ARIA reference points to an id that doesn't exist.,"aria-controls=""radix-_R_1ktqla4lubsnqtb_""",aria-labelledby / aria-describedby / aria-controls reference existing ids,Fix the id or the reference.,button#embedded-contact-service.group.flex.items-center [type=button] 'Service Type',,200,yes,Accessibility Report
http://localhost:3000/technologies/bigcommerce-development,Optimization,P3 - improve,Static,Form without aria-live / role=alert region for error messages,Form errors aren't announced to screen-reader users.,(none),An aria-live / role=alert region for form messages,"Render error/success messages inside an aria-live=""polite"" region.",form.space-y-4 'Full Name * Email Address * Phone * Serv',,200,yes,Accessibility Report
http://localhost:3000/technologies/bitbucket-development,Important,P2 - fix soon,Static,Form field without a label,"A form field has no label, so screen-reader users don't know what to type (placeholder isn't a label).",no <label>,<label for> / wrapping <label> / aria-label on every field,Add a visible <label> linked to the field id.,select,,200,yes,Accessibility Report
http://localhost:3000/technologies/bitbucket-development,Important,P2 - fix soon,Static,aria-controls points to a missing id,An ARIA reference points to an id that doesn't exist.,"aria-controls=""radix-_R_1ktqla4lubsnqtb_""",aria-labelledby / aria-describedby / aria-controls reference existing ids,Fix the id or the reference.,button#embedded-contact-service.group.flex.items-center [type=button] 'Service Type',,200,yes,Accessibility Report
http://localhost:3000/technologies/bitbucket-development,Optimization,P3 - improve,Static,Form without aria-live / role=alert region for error messages,Form errors aren't announced to screen-reader users.,(none),An aria-live / role=alert region for form messages,"Render error/success messages inside an aria-live=""polite"" region.",form.space-y-4 'Full Name * Email Address * Phone * Serv',,200,yes,Accessibility Report
http://localhost:3000/technologies/bootstrap-development,Important,P2 - fix soon,Static,Form field without a label,"A form field has no label, so screen-reader users don't know what to type (placeholder isn't a label).",no <label>,<label for> / wrapping <label> / aria-label on every field,Add a visible <label> linked to the field id.,select,,200,yes,Accessibility Report
http://localhost:3000/technologies/bootstrap-development,Important,P2 - fix soon,Static,aria-controls points to a missing id,An ARIA reference points to an id that doesn't exist.,"aria-controls=""radix-_R_1ktqla4lubsnqtb_""",aria-labelledby / aria-describedby / aria-controls reference existing ids,Fix the id or the reference.,button#embedded-contact-service.group.flex.items-center [type=button] 'Service Type',,200,yes,Accessibility Report
http://localhost:3000/technologies/bootstrap-development,Optimization,P3 - improve,Static,Form without aria-live / role=alert region for error messages,Form errors aren't announced to screen-reader users.,(none),An aria-live / role=alert region for form messages,"Render error/success messages inside an aria-live=""polite"" region.",form.space-y-4 'Full Name * Email Address * Phone * Serv',,200,yes,Accessibility Report
http://localhost:3000/technologies/cassandra-development,Important,P2 - fix soon,Static,Form field without a label,"A form field has no label, so screen-reader users don't know what to type (placeholder isn't a label).",no <label>,<label for> / wrapping <label> / aria-label on every field,Add a visible <label> linked to the field id.,select,,200,yes,Accessibility Report
http://localhost:3000/technologies/cassandra-development,Important,P2 - fix soon,Static,aria-controls points to a missing id,An ARIA reference points to an id that doesn't exist.,"aria-controls=""radix-_R_1ktqla4lubsnqtb_""",aria-labelledby / aria-describedby / aria-controls reference existing ids,Fix the id or the reference.,button#embedded-contact-service.group.flex.items-center [type=button] 'Service Type',,200,yes,Accessibility Report
http://localhost:3000/technologies/cassandra-development,Optimization,P3 - improve,Static,Form without aria-live / role=alert region for error messages,Form errors aren't announced to screen-reader users.,(none),An aria-live / role=alert region for form messages,"Render error/success messages inside an aria-live=""polite"" region.",form.space-y-4 'Full Name * Email Address * Phone * Serv',,200,yes,Accessibility Report
http://localhost:3000/technologies/ci-cd-development,Important,P2 - fix soon,Static,Form field without a label,"A form field has no label, so screen-reader users don't know what to type (placeholder isn't a label).",no <label>,<label for> / wrapping <label> / aria-label on every field,Add a visible <label> linked to the field id.,select,,200,yes,Accessibility Report
http://localhost:3000/technologies/ci-cd-development,Important,P2 - fix soon,Static,aria-controls points to a missing id,An ARIA reference points to an id that doesn't exist.,"aria-controls=""radix-_R_1ktqla4lubsnqtb_""",aria-labelledby / aria-describedby / aria-controls reference existing ids,Fix the id or the reference.,button#embedded-contact-service.group.flex.items-center [type=button] 'Service Type',,200,yes,Accessibility Report
http://localhost:3000/technologies/ci-cd-development,Optimization,P3 - improve,Static,Form without aria-live / role=alert region for error messages,Form errors aren't announced to screen-reader users.,(none),An aria-live / role=alert region for form messages,"Render error/success messages inside an aria-live=""polite"" region.",form.space-y-4 'Full Name * Email Address * Phone * Serv',,200,yes,Accessibility Report
http://localhost:3000/technologies/claude-development,Important,P2 - fix soon,Static,Form field without a label,"A form field has no label, so screen-reader users don't know what to type (placeholder isn't a label).",no <label>,<label for> / wrapping <label> / aria-label on every field,Add a visible <label> linked to the field id.,select,,200,yes,Accessibility Report
http://localhost:3000/technologies/claude-development,Important,P2 - fix soon,Static,aria-controls points to a missing id,An ARIA reference points to an id that doesn't exist.,"aria-controls=""radix-_R_1ktqla4lubsnqtb_""",aria-labelledby / aria-describedby / aria-controls reference existing ids,Fix the id or the reference.,button#embedded-contact-service.group.flex.items-center [type=button] 'Service Type',,200,yes,Accessibility Report
http://localhost:3000/technologies/claude-development,Optimization,P3 - improve,Static,Form without aria-live / role=alert region for error messages,Form errors aren't announced to screen-reader users.,(none),An aria-live / role=alert region for form messages,"Render error/success messages inside an aria-live=""polite"" region.",form.space-y-4 'Full Name * Email Address * Phone * Serv',,200,yes,Accessibility Report
http://localhost:3000/technologies/cloudflare-development,Important,P2 - fix soon,Static,Form field without a label,"A form field has no label, so screen-reader users don't know what to type (placeholder isn't a label).",no <label>,<label for> / wrapping <label> / aria-label on every field,Add a visible <label> linked to the field id.,select,,200,yes,Accessibility Report
http://localhost:3000/technologies/cloudflare-development,Important,P2 - fix soon,Static,aria-controls points to a missing id,An ARIA reference points to an id that doesn't exist.,"aria-controls=""radix-_R_1ktqla4lubsnqtb_""",aria-labelledby / aria-describedby / aria-controls reference existing ids,Fix the id or the reference.,button#embedded-contact-service.group.flex.items-center [type=button] 'Service Type',,200,yes,Accessibility Report
http://localhost:3000/technologies/cloudflare-development,Optimization,P3 - improve,Static,Form without aria-live / role=alert region for error messages,Form errors aren't announced to screen-reader users.,(none),An aria-live / role=alert region for form messages,"Render error/success messages inside an aria-live=""polite"" region.",form.space-y-4 'Full Name * Email Address * Phone * Serv',,200,yes,Accessibility Report
http://localhost:3000/technologies/computer-vision-development,Important,P2 - fix soon,Static,Form field without a label,"A form field has no label, so screen-reader users don't know what to type (placeholder isn't a label).",no <label>,<label for> / wrapping <label> / aria-label on every field,Add a visible <label> linked to the field id.,select,,200,yes,Accessibility Report
http://localhost:3000/technologies/computer-vision-development,Important,P2 - fix soon,Static,aria-controls points to a missing id,An ARIA reference points to an id that doesn't exist.,"aria-controls=""radix-_R_1ktqla4lubsnqtb_""",aria-labelledby / aria-describedby / aria-controls reference existing ids,Fix the id or the reference.,button#embedded-contact-service.group.flex.items-center [type=button] 'Service Type',,200,yes,Accessibility Report
http://localhost:3000/technologies/computer-vision-development,Optimization,P3 - improve,Static,Form without aria-live / role=alert region for error messages,Form errors aren't announced to screen-reader users.,(none),An aria-live / role=alert region for form messages,"Render error/success messages inside an aria-live=""polite"" region.",form.space-y-4 'Full Name * Email Address * Phone * Serv',,200,yes,Accessibility Report
http://localhost:3000/technologies/content-marketing,Important,P2 - fix soon,Static,Form field without a label,"A form field has no label, so screen-reader users don't know what to type (placeholder isn't a label).",no <label>,<label for> / wrapping <label> / aria-label on every field,Add a visible <label> linked to the field id.,select,,200,yes,Accessibility Report
http://localhost:3000/technologies/content-marketing,Important,P2 - fix soon,Static,aria-controls points to a missing id,An ARIA reference points to an id that doesn't exist.,"aria-controls=""radix-_R_1ktqla4lubsnqtb_""",aria-labelledby / aria-describedby / aria-controls reference existing ids,Fix the id or the reference.,button#embedded-contact-service.group.flex.items-center [type=button] 'Service Type',,200,yes,Accessibility Report
http://localhost:3000/technologies/content-marketing,Optimization,P3 - improve,Static,Form without aria-live / role=alert region for error messages,Form errors aren't announced to screen-reader users.,(none),An aria-live / role=alert region for form messages,"Render error/success messages inside an aria-live=""polite"" region.",form.space-y-4 'Full Name * Email Address * Phone * Serv',,200,yes,Accessibility Report
http://localhost:3000/technologies/content-marketing-services,Important,P2 - fix soon,Static,Form field without a label,"A form field has no label, so screen-reader users don't know what to type (placeholder isn't a label).",no <label>,<label for> / wrapping <label> / aria-label on every field,Add a visible <label> linked to the field id.,select,,200,yes,Accessibility Report
http://localhost:3000/technologies/content-marketing-services,Important,P2 - fix soon,Static,aria-controls points to a missing id,An ARIA reference points to an id that doesn't exist.,"aria-controls=""radix-_R_1ktqla4lubsnqtb_""",aria-labelledby / aria-describedby / aria-controls reference existing ids,Fix the id or the reference.,button#embedded-contact-service.group.flex.items-center [type=button] 'Service Type',,200,yes,Accessibility Report
http://localhost:3000/technologies/content-marketing-services,Optimization,P3 - improve,Static,Form without aria-live / role=alert region for error messages,Form errors aren't announced to screen-reader users.,(none),An aria-live / role=alert region for form messages,"Render error/success messages inside an aria-live=""polite"" region.",form.space-y-4 'Full Name * Email Address * Phone * Serv',,200,yes,Accessibility Report
http://localhost:3000/technologies/contentful-development,Important,P2 - fix soon,Static,Form field without a label,"A form field has no label, so screen-reader users don't know what to type (placeholder isn't a label).",no <label>,<label for> / wrapping <label> / aria-label on every field,Add a visible <label> linked to the field id.,select,,200,yes,Accessibility Report
http://localhost:3000/technologies/contentful-development,Important,P2 - fix soon,Static,aria-controls points to a missing id,An ARIA reference points to an id that doesn't exist.,"aria-controls=""radix-_R_1ktqla4lubsnqtb_""",aria-labelledby / aria-describedby / aria-controls reference existing ids,Fix the id or the reference.,button#embedded-contact-service.group.flex.items-center [type=button] 'Service Type',,200,yes,Accessibility Report
http://localhost:3000/technologies/contentful-development,Optimization,P3 - improve,Static,Form without aria-live / role=alert region for error messages,Form errors aren't announced to screen-reader users.,(none),An aria-live / role=alert region for form messages,"Render error/success messages inside an aria-live=""polite"" region.",form.space-y-4 'Full Name * Email Address * Phone * Serv',,200,yes,Accessibility Report
http://localhost:3000/technologies/conversion-rate-optimization-cro,Important,P2 - fix soon,Static,Form field without a label,"A form field has no label, so screen-reader users don't know what to type (placeholder isn't a label).",no <label>,<label for> / wrapping <label> / aria-label on every field,Add a visible <label> linked to the field id.,select,,200,yes,Accessibility Report
http://localhost:3000/technologies/conversion-rate-optimization-cro,Important,P2 - fix soon,Static,aria-controls points to a missing id,An ARIA reference points to an id that doesn't exist.,"aria-controls=""radix-_R_1ktqla4lubsnqtb_""",aria-labelledby / aria-describedby / aria-controls reference existing ids,Fix the id or the reference.,button#embedded-contact-service.group.flex.items-center [type=button] 'Service Type',,200,yes,Accessibility Report
http://localhost:3000/technologies/conversion-rate-optimization-cro,Optimization,P3 - improve,Static,Form without aria-live / role=alert region for error messages,Form errors aren't announced to screen-reader users.,(none),An aria-live / role=alert region for form messages,"Render error/success messages inside an aria-live=""polite"" region.",form.space-y-4 'Full Name * Email Address * Phone * Serv',,200,yes,Accessibility Report
http://localhost:3000/technologies/cro-services,Important,P2 - fix soon,Static,Form field without a label,"A form field has no label, so screen-reader users don't know what to type (placeholder isn't a label).",no <label>,<label for> / wrapping <label> / aria-label on every field,Add a visible <label> linked to the field id.,select,,200,yes,Accessibility Report
http://localhost:3000/technologies/cro-services,Important,P2 - fix soon,Static,aria-controls points to a missing id,An ARIA reference points to an id that doesn't exist.,"aria-controls=""radix-_R_1ktqla4lubsnqtb_""",aria-labelledby / aria-describedby / aria-controls reference existing ids,Fix the id or the reference.,button#embedded-contact-service.group.flex.items-center [type=button] 'Service Type',,200,yes,Accessibility Report
http://localhost:3000/technologies/cro-services,Optimization,P3 - improve,Static,Form without aria-live / role=alert region for error messages,Form errors aren't announced to screen-reader users.,(none),An aria-live / role=alert region for form messages,"Render error/success messages inside an aria-live=""polite"" region.",form.space-y-4 'Full Name * Email Address * Phone * Serv',,200,yes,Accessibility Report
http://localhost:3000/technologies/css3-development,Important,P2 - fix soon,Static,Form field without a label,"A form field has no label, so screen-reader users don't know what to type (placeholder isn't a label).",no <label>,<label for> / wrapping <label> / aria-label on every field,Add a visible <label> linked to the field id.,select,,200,yes,Accessibility Report
http://localhost:3000/technologies/css3-development,Important,P2 - fix soon,Static,aria-controls points to a missing id,An ARIA reference points to an id that doesn't exist.,"aria-controls=""radix-_R_1ktqla4lubsnqtb_""",aria-labelledby / aria-describedby / aria-controls reference existing ids,Fix the id or the reference.,button#embedded-contact-service.group.flex.items-center [type=button] 'Service Type',,200,yes,Accessibility Report
http://localhost:3000/technologies/css3-development,Optimization,P3 - improve,Static,Form without aria-live / role=alert region for error messages,Form errors aren't announced to screen-reader users.,(none),An aria-live / role=alert region for form messages,"Render error/success messages inside an aria-live=""polite"" region.",form.space-y-4 'Full Name * Email Address * Phone * Serv',,200,yes,Accessibility Report
http://localhost:3000/technologies/custom-ecommerce-development,Important,P2 - fix soon,Static,Form field without a label,"A form field has no label, so screen-reader users don't know what to type (placeholder isn't a label).",no <label>,<label for> / wrapping <label> / aria-label on every field,Add a visible <label> linked to the field id.,select,,200,yes,Accessibility Report
http://localhost:3000/technologies/custom-ecommerce-development,Important,P2 - fix soon,Static,aria-controls points to a missing id,An ARIA reference points to an id that doesn't exist.,"aria-controls=""radix-_R_1ktqla4lubsnqtb_""",aria-labelledby / aria-describedby / aria-controls reference existing ids,Fix the id or the reference.,button#embedded-contact-service.group.flex.items-center [type=button] 'Service Type',,200,yes,Accessibility Report
http://localhost:3000/technologies/custom-ecommerce-development,Optimization,P3 - improve,Static,Form without aria-live / role=alert region for error messages,Form errors aren't announced to screen-reader users.,(none),An aria-live / role=alert region for form messages,"Render error/success messages inside an aria-live=""polite"" region.",form.space-y-4 'Full Name * Email Address * Phone * Serv',,200,yes,Accessibility Report
http://localhost:3000/technologies/cypress-testing,Important,P2 - fix soon,Static,Form field without a label,"A form field has no label, so screen-reader users don't know what to type (placeholder isn't a label).",no <label>,<label for> / wrapping <label> / aria-label on every field,Add a visible <label> linked to the field id.,select,,200,yes,Accessibility Report
http://localhost:3000/technologies/cypress-testing,Important,P2 - fix soon,Static,aria-controls points to a missing id,An ARIA reference points to an id that doesn't exist.,"aria-controls=""radix-_R_1ktqla4lubsnqtb_""",aria-labelledby / aria-describedby / aria-controls reference existing ids,Fix the id or the reference.,button#embedded-contact-service.group.flex.items-center [type=button] 'Service Type',,200,yes,Accessibility Report
http://localhost:3000/technologies/cypress-testing,Optimization,P3 - improve,Static,Form without aria-live / role=alert region for error messages,Form errors aren't announced to screen-reader users.,(none),An aria-live / role=alert region for form messages,"Render error/success messages inside an aria-live=""polite"" region.",form.space-y-4 'Full Name * Email Address * Phone * Serv',,200,yes,Accessibility Report
http://localhost:3000/technologies/deep-learning-development,Important,P2 - fix soon,Static,Form field without a label,"A form field has no label, so screen-reader users don't know what to type (placeholder isn't a label).",no <label>,<label for> / wrapping <label> / aria-label on every field,Add a visible <label> linked to the field id.,select,,200,yes,Accessibility Report
http://localhost:3000/technologies/deep-learning-development,Important,P2 - fix soon,Static,aria-controls points to a missing id,An ARIA reference points to an id that doesn't exist.,"aria-controls=""radix-_R_1ktqla4lubsnqtb_""",aria-labelledby / aria-describedby / aria-controls reference existing ids,Fix the id or the reference.,button#embedded-contact-service.group.flex.items-center [type=button] 'Service Type',,200,yes,Accessibility Report
http://localhost:3000/technologies/deep-learning-development,Optimization,P3 - improve,Static,Form without aria-live / role=alert region for error messages,Form errors aren't announced to screen-reader users.,(none),An aria-live / role=alert region for form messages,"Render error/success messages inside an aria-live=""polite"" region.",form.space-y-4 'Full Name * Email Address * Phone * Serv',,200,yes,Accessibility Report
http://localhost:3000/technologies/design-system-development,Important,P2 - fix soon,Static,Form field without a label,"A form field has no label, so screen-reader users don't know what to type (placeholder isn't a label).",no <label>,<label for> / wrapping <label> / aria-label on every field,Add a visible <label> linked to the field id.,select,,200,yes,Accessibility Report
http://localhost:3000/technologies/design-system-development,Important,P2 - fix soon,Static,aria-controls points to a missing id,An ARIA reference points to an id that doesn't exist.,"aria-controls=""radix-_R_1ktqla4lubsnqtb_""",aria-labelledby / aria-describedby / aria-controls reference existing ids,Fix the id or the reference.,button#embedded-contact-service.group.flex.items-center [type=button] 'Service Type',,200,yes,Accessibility Report
http://localhost:3000/technologies/design-system-development,Optimization,P3 - improve,Static,Form without aria-live / role=alert region for error messages,Form errors aren't announced to screen-reader users.,(none),An aria-live / role=alert region for form messages,"Render error/success messages inside an aria-live=""polite"" region.",form.space-y-4 'Full Name * Email Address * Phone * Serv',,200,yes,Accessibility Report
http://localhost:3000/technologies/design-systems,Important,P2 - fix soon,Static,Form field without a label,"A form field has no label, so screen-reader users don't know what to type (placeholder isn't a label).",no <label>,<label for> / wrapping <label> / aria-label on every field,Add a visible <label> linked to the field id.,select,,200,yes,Accessibility Report
http://localhost:3000/technologies/design-systems,Important,P2 - fix soon,Static,aria-controls points to a missing id,An ARIA reference points to an id that doesn't exist.,"aria-controls=""radix-_R_1ktqla4lubsnqtb_""",aria-labelledby / aria-describedby / aria-controls reference existing ids,Fix the id or the reference.,button#embedded-contact-service.group.flex.items-center [type=button] 'Service Type',,200,yes,Accessibility Report
http://localhost:3000/technologies/design-systems,Optimization,P3 - improve,Static,Form without aria-live / role=alert region for error messages,Form errors aren't announced to screen-reader users.,(none),An aria-live / role=alert region for form messages,"Render error/success messages inside an aria-live=""polite"" region.",form.space-y-4 'Full Name * Email Address * Phone * Serv',,200,yes,Accessibility Report
http://localhost:3000/technologies/digitalocean-development,Important,P2 - fix soon,Static,Form field without a label,"A form field has no label, so screen-reader users don't know what to type (placeholder isn't a label).",no <label>,<label for> / wrapping <label> / aria-label on every field,Add a visible <label> linked to the field id.,select,,200,yes,Accessibility Report
http://localhost:3000/technologies/digitalocean-development,Important,P2 - fix soon,Static,aria-controls points to a missing id,An ARIA reference points to an id that doesn't exist.,"aria-controls=""radix-_R_1ktqla4lubsnqtb_""",aria-labelledby / aria-describedby / aria-controls reference existing ids,Fix the id or the reference.,button#embedded-contact-service.group.flex.items-center [type=button] 'Service Type',,200,yes,Accessibility Report
http://localhost:3000/technologies/digitalocean-development,Optimization,P3 - improve,Static,Form without aria-live / role=alert region for error messages,Form errors aren't announced to screen-reader users.,(none),An aria-live / role=alert region for form messages,"Render error/success messages inside an aria-live=""polite"" region.",form.space-y-4 'Full Name * Email Address * Phone * Serv',,200,yes,Accessibility Report
http://localhost:3000/technologies/django-development,Important,P2 - fix soon,Static,Form field without a label,"A form field has no label, so screen-reader users don't know what to type (placeholder isn't a label).",no <label>,<label for> / wrapping <label> / aria-label on every field,Add a visible <label> linked to the field id.,select,,200,yes,Accessibility Report
http://localhost:3000/technologies/django-development,Important,P2 - fix soon,Static,aria-controls points to a missing id,An ARIA reference points to an id that doesn't exist.,"aria-controls=""radix-_R_1ktqla4lubsnqtb_""",aria-labelledby / aria-describedby / aria-controls reference existing ids,Fix the id or the reference.,button#embedded-contact-service.group.flex.items-center [type=button] 'Service Type',,200,yes,Accessibility Report
http://localhost:3000/technologies/django-development,Optimization,P3 - improve,Static,Form without aria-live / role=alert region for error messages,Form errors aren't announced to screen-reader users.,(none),An aria-live / role=alert region for form messages,"Render error/success messages inside an aria-live=""polite"" region.",form.space-y-4 'Full Name * Email Address * Phone * Serv',,200,yes,Accessibility Report
http://localhost:3000/technologies/docker-development,Important,P2 - fix soon,Static,Form field without a label,"A form field has no label, so screen-reader users don't know what to type (placeholder isn't a label).",no <label>,<label for> / wrapping <label> / aria-label on every field,Add a visible <label> linked to the field id.,select,,200,yes,Accessibility Report
http://localhost:3000/technologies/docker-development,Important,P2 - fix soon,Static,aria-controls points to a missing id,An ARIA reference points to an id that doesn't exist.,"aria-controls=""radix-_R_1ktqla4lubsnqtb_""",aria-labelledby / aria-describedby / aria-controls reference existing ids,Fix the id or the reference.,button#embedded-contact-service.group.flex.items-center [type=button] 'Service Type',,200,yes,Accessibility Report
http://localhost:3000/technologies/docker-development,Optimization,P3 - improve,Static,Form without aria-live / role=alert region for error messages,Form errors aren't announced to screen-reader users.,(none),An aria-live / role=alert region for form messages,"Render error/success messages inside an aria-live=""polite"" region.",form.space-y-4 'Full Name * Email Address * Phone * Serv',,200,yes,Accessibility Report
http://localhost:3000/technologies/dotnet-maui-development,Important,P2 - fix soon,Static,Form field without a label,"A form field has no label, so screen-reader users don't know what to type (placeholder isn't a label).",no <label>,<label for> / wrapping <label> / aria-label on every field,Add a visible <label> linked to the field id.,select,,200,yes,Accessibility Report
http://localhost:3000/technologies/dotnet-maui-development,Important,P2 - fix soon,Static,aria-controls points to a missing id,An ARIA reference points to an id that doesn't exist.,"aria-controls=""radix-_R_1ktqla4lubsnqtb_""",aria-labelledby / aria-describedby / aria-controls reference existing ids,Fix the id or the reference.,button#embedded-contact-service.group.flex.items-center [type=button] 'Service Type',,200,yes,Accessibility Report
http://localhost:3000/technologies/dotnet-maui-development,Optimization,P3 - improve,Static,Form without aria-live / role=alert region for error messages,Form errors aren't announced to screen-reader users.,(none),An aria-live / role=alert region for form messages,"Render error/success messages inside an aria-live=""polite"" region.",form.space-y-4 'Full Name * Email Address * Phone * Serv',,200,yes,Accessibility Report
http://localhost:3000/technologies/drupal-development,Important,P2 - fix soon,Static,Form field without a label,"A form field has no label, so screen-reader users don't know what to type (placeholder isn't a label).",no <label>,<label for> / wrapping <label> / aria-label on every field,Add a visible <label> linked to the field id.,select,,200,yes,Accessibility Report
http://localhost:3000/technologies/drupal-development,Important,P2 - fix soon,Static,aria-controls points to a missing id,An ARIA reference points to an id that doesn't exist.,"aria-controls=""radix-_R_1ktqla4lubsnqtb_""",aria-labelledby / aria-describedby / aria-controls reference existing ids,Fix the id or the reference.,button#embedded-contact-service.group.flex.items-center [type=button] 'Service Type',,200,yes,Accessibility Report
http://localhost:3000/technologies/drupal-development,Optimization,P3 - improve,Static,Form without aria-live / role=alert region for error messages,Form errors aren't announced to screen-reader users.,(none),An aria-live / role=alert region for form messages,"Render error/success messages inside an aria-live=""polite"" region.",form.space-y-4 'Full Name * Email Address * Phone * Serv',,200,yes,Accessibility Report
http://localhost:3000/technologies/dynamodb-development,Important,P2 - fix soon,Static,Form field without a label,"A form field has no label, so screen-reader users don't know what to type (placeholder isn't a label).",no <label>,<label for> / wrapping <label> / aria-label on every field,Add a visible <label> linked to the field id.,select,,200,yes,Accessibility Report
http://localhost:3000/technologies/dynamodb-development,Important,P2 - fix soon,Static,aria-controls points to a missing id,An ARIA reference points to an id that doesn't exist.,"aria-controls=""radix-_R_1ktqla4lubsnqtb_""",aria-labelledby / aria-describedby / aria-controls reference existing ids,Fix the id or the reference.,button#embedded-contact-service.group.flex.items-center [type=button] 'Service Type',,200,yes,Accessibility Report
http://localhost:3000/technologies/dynamodb-development,Optimization,P3 - improve,Static,Form without aria-live / role=alert region for error messages,Form errors aren't announced to screen-reader users.,(none),An aria-live / role=alert region for form messages,"Render error/success messages inside an aria-live=""polite"" region.",form.space-y-4 'Full Name * Email Address * Phone * Serv',,200,yes,Accessibility Report
http://localhost:3000/technologies/e-commerce-marketing,Important,P2 - fix soon,Static,Form field without a label,"A form field has no label, so screen-reader users don't know what to type (placeholder isn't a label).",no <label>,<label for> / wrapping <label> / aria-label on every field,Add a visible <label> linked to the field id.,select,,200,yes,Accessibility Report
http://localhost:3000/technologies/e-commerce-marketing,Important,P2 - fix soon,Static,aria-controls points to a missing id,An ARIA reference points to an id that doesn't exist.,"aria-controls=""radix-_R_1ktqla4lubsnqtb_""",aria-labelledby / aria-describedby / aria-controls reference existing ids,Fix the id or the reference.,button#embedded-contact-service.group.flex.items-center [type=button] 'Service Type',,200,yes,Accessibility Report
http://localhost:3000/technologies/e-commerce-marketing,Optimization,P3 - improve,Static,Form without aria-live / role=alert region for error messages,Form errors aren't announced to screen-reader users.,(none),An aria-live / role=alert region for form messages,"Render error/success messages inside an aria-live=""polite"" region.",form.space-y-4 'Full Name * Email Address * Phone * Serv',,200,yes,Accessibility Report
http://localhost:3000/technologies/e2e-testing,Important,P2 - fix soon,Static,Form field without a label,"A form field has no label, so screen-reader users don't know what to type (placeholder isn't a label).",no <label>,<label for> / wrapping <label> / aria-label on every field,Add a visible <label> linked to the field id.,select,,200,yes,Accessibility Report
http://localhost:3000/technologies/e2e-testing,Important,P2 - fix soon,Static,aria-controls points to a missing id,An ARIA reference points to an id that doesn't exist.,"aria-controls=""radix-_R_1ktqla4lubsnqtb_""",aria-labelledby / aria-describedby / aria-controls reference existing ids,Fix the id or the reference.,button#embedded-contact-service.group.flex.items-center [type=button] 'Service Type',,200,yes,Accessibility Report
http://localhost:3000/technologies/e2e-testing,Optimization,P3 - improve,Static,Form without aria-live / role=alert region for error messages,Form errors aren't announced to screen-reader users.,(none),An aria-live / role=alert region for form messages,"Render error/success messages inside an aria-live=""polite"" region.",form.space-y-4 'Full Name * Email Address * Phone * Serv',,200,yes,Accessibility Report
http://localhost:3000/technologies/elasticsearch-development,Important,P2 - fix soon,Static,Form field without a label,"A form field has no label, so screen-reader users don't know what to type (placeholder isn't a label).",no <label>,<label for> / wrapping <label> / aria-label on every field,Add a visible <label> linked to the field id.,select,,200,yes,Accessibility Report
http://localhost:3000/technologies/elasticsearch-development,Important,P2 - fix soon,Static,aria-controls points to a missing id,An ARIA reference points to an id that doesn't exist.,"aria-controls=""radix-_R_1ktqla4lubsnqtb_""",aria-labelledby / aria-describedby / aria-controls reference existing ids,Fix the id or the reference.,button#embedded-contact-service.group.flex.items-center [type=button] 'Service Type',,200,yes,Accessibility Report
http://localhost:3000/technologies/elasticsearch-development,Optimization,P3 - improve,Static,Form without aria-live / role=alert region for error messages,Form errors aren't announced to screen-reader users.,(none),An aria-live / role=alert region for form messages,"Render error/success messages inside an aria-live=""polite"" region.",form.space-y-4 'Full Name * Email Address * Phone * Serv',,200,yes,Accessibility Report
http://localhost:3000/technologies/email-marketing,Important,P2 - fix soon,Static,Form field without a label,"A form field has no label, so screen-reader users don't know what to type (placeholder isn't a label).",no <label>,<label for> / wrapping <label> / aria-label on every field,Add a visible <label> linked to the field id.,select,,200,yes,Accessibility Report
http://localhost:3000/technologies/email-marketing,Important,P2 - fix soon,Static,aria-controls points to a missing id,An ARIA reference points to an id that doesn't exist.,"aria-controls=""radix-_R_1ktqla4lubsnqtb_""",aria-labelledby / aria-describedby / aria-controls reference existing ids,Fix the id or the reference.,button#embedded-contact-service.group.flex.items-center [type=button] 'Service Type',,200,yes,Accessibility Report
http://localhost:3000/technologies/email-marketing,Optimization,P3 - improve,Static,Form without aria-live / role=alert region for error messages,Form errors aren't announced to screen-reader users.,(none),An aria-live / role=alert region for form messages,"Render error/success messages inside an aria-live=""polite"" region.",form.space-y-4 'Full Name * Email Address * Phone * Serv',,200,yes,Accessibility Report
http://localhost:3000/technologies/email-marketing-services,Important,P2 - fix soon,Static,Form field without a label,"A form field has no label, so screen-reader users don't know what to type (placeholder isn't a label).",no <label>,<label for> / wrapping <label> / aria-label on every field,Add a visible <label> linked to the field id.,select,,200,yes,Accessibility Report
http://localhost:3000/technologies/email-marketing-services,Important,P2 - fix soon,Static,aria-controls points to a missing id,An ARIA reference points to an id that doesn't exist.,"aria-controls=""radix-_R_1ktqla4lubsnqtb_""",aria-labelledby / aria-describedby / aria-controls reference existing ids,Fix the id or the reference.,button#embedded-contact-service.group.flex.items-center [type=button] 'Service Type',,200,yes,Accessibility Report
http://localhost:3000/technologies/email-marketing-services,Optimization,P3 - improve,Static,Form without aria-live / role=alert region for error messages,Form errors aren't announced to screen-reader users.,(none),An aria-live / role=alert region for form messages,"Render error/success messages inside an aria-live=""polite"" region.",form.space-y-4 'Full Name * Email Address * Phone * Serv',,200,yes,Accessibility Report
http://localhost:3000/technologies/expo-development,Important,P2 - fix soon,Static,Form field without a label,"A form field has no label, so screen-reader users don't know what to type (placeholder isn't a label).",no <label>,<label for> / wrapping <label> / aria-label on every field,Add a visible <label> linked to the field id.,select,,200,yes,Accessibility Report
http://localhost:3000/technologies/expo-development,Important,P2 - fix soon,Static,aria-controls points to a missing id,An ARIA reference points to an id that doesn't exist.,"aria-controls=""radix-_R_1ktqla4lubsnqtb_""",aria-labelledby / aria-describedby / aria-controls reference existing ids,Fix the id or the reference.,button#embedded-contact-service.group.flex.items-center [type=button] 'Service Type',,200,yes,Accessibility Report
http://localhost:3000/technologies/expo-development,Optimization,P3 - improve,Static,Form without aria-live / role=alert region for error messages,Form errors aren't announced to screen-reader users.,(none),An aria-live / role=alert region for form messages,"Render error/success messages inside an aria-live=""polite"" region.",form.space-y-4 'Full Name * Email Address * Phone * Serv',,200,yes,Accessibility Report
http://localhost:3000/technologies/expressjs-development,Important,P2 - fix soon,Static,Form field without a label,"A form field has no label, so screen-reader users don't know what to type (placeholder isn't a label).",no <label>,<label for> / wrapping <label> / aria-label on every field,Add a visible <label> linked to the field id.,select,,200,yes,Accessibility Report
http://localhost:3000/technologies/expressjs-development,Important,P2 - fix soon,Static,aria-controls points to a missing id,An ARIA reference points to an id that doesn't exist.,"aria-controls=""radix-_R_1ktqla4lubsnqtb_""",aria-labelledby / aria-describedby / aria-controls reference existing ids,Fix the id or the reference.,button#embedded-contact-service.group.flex.items-center [type=button] 'Service Type',,200,yes,Accessibility Report
http://localhost:3000/technologies/expressjs-development,Optimization,P3 - improve,Static,Form without aria-live / role=alert region for error messages,Form errors aren't announced to screen-reader users.,(none),An aria-live / role=alert region for form messages,"Render error/success messages inside an aria-live=""polite"" region.",form.space-y-4 'Full Name * Email Address * Phone * Serv',,200,yes,Accessibility Report
http://localhost:3000/technologies/fastapi-development,Important,P2 - fix soon,Static,Form field without a label,"A form field has no label, so screen-reader users don't know what to type (placeholder isn't a label).",no <label>,<label for> / wrapping <label> / aria-label on every field,Add a visible <label> linked to the field id.,select,,200,yes,Accessibility Report
http://localhost:3000/technologies/fastapi-development,Important,P2 - fix soon,Static,aria-controls points to a missing id,An ARIA reference points to an id that doesn't exist.,"aria-controls=""radix-_R_1ktqla4lubsnqtb_""",aria-labelledby / aria-describedby / aria-controls reference existing ids,Fix the id or the reference.,button#embedded-contact-service.group.flex.items-center [type=button] 'Service Type',,200,yes,Accessibility Report
http://localhost:3000/technologies/fastapi-development,Optimization,P3 - improve,Static,Form without aria-live / role=alert region for error messages,Form errors aren't announced to screen-reader users.,(none),An aria-live / role=alert region for form messages,"Render error/success messages inside an aria-live=""polite"" region.",form.space-y-4 'Full Name * Email Address * Phone * Serv',,200,yes,Accessibility Report
http://localhost:3000/technologies/figma-design,Important,P2 - fix soon,Static,Form field without a label,"A form field has no label, so screen-reader users don't know what to type (placeholder isn't a label).",no <label>,<label for> / wrapping <label> / aria-label on every field,Add a visible <label> linked to the field id.,select,,200,yes,Accessibility Report
http://localhost:3000/technologies/figma-design,Important,P2 - fix soon,Static,aria-controls points to a missing id,An ARIA reference points to an id that doesn't exist.,"aria-controls=""radix-_R_1ktqla4lubsnqtb_""",aria-labelledby / aria-describedby / aria-controls reference existing ids,Fix the id or the reference.,button#embedded-contact-service.group.flex.items-center [type=button] 'Service Type',,200,yes,Accessibility Report
http://localhost:3000/technologies/figma-design,Optimization,P3 - improve,Static,Form without aria-live / role=alert region for error messages,Form errors aren't announced to screen-reader users.,(none),An aria-live / role=alert region for form messages,"Render error/success messages inside an aria-live=""polite"" region.",form.space-y-4 'Full Name * Email Address * Phone * Serv',,200,yes,Accessibility Report
http://localhost:3000/technologies/firebase-cloud-development,Important,P2 - fix soon,Static,Form field without a label,"A form field has no label, so screen-reader users don't know what to type (placeholder isn't a label).",no <label>,<label for> / wrapping <label> / aria-label on every field,Add a visible <label> linked to the field id.,select,,200,yes,Accessibility Report
http://localhost:3000/technologies/firebase-cloud-development,Important,P2 - fix soon,Static,aria-controls points to a missing id,An ARIA reference points to an id that doesn't exist.,"aria-controls=""radix-_R_1ktqla4lubsnqtb_""",aria-labelledby / aria-describedby / aria-controls reference existing ids,Fix the id or the reference.,button#embedded-contact-service.group.flex.items-center [type=button] 'Service Type',,200,yes,Accessibility Report
http://localhost:3000/technologies/firebase-cloud-development,Optimization,P3 - improve,Static,Form without aria-live / role=alert region for error messages,Form errors aren't announced to screen-reader users.,(none),An aria-live / role=alert region for form messages,"Render error/success messages inside an aria-live=""polite"" region.",form.space-y-4 'Full Name * Email Address * Phone * Serv',,200,yes,Accessibility Report
http://localhost:3000/technologies/firebase-development,Important,P2 - fix soon,Static,Form field without a label,"A form field has no label, so screen-reader users don't know what to type (placeholder isn't a label).",no <label>,<label for> / wrapping <label> / aria-label on every field,Add a visible <label> linked to the field id.,select,,200,yes,Accessibility Report
http://localhost:3000/technologies/firebase-development,Important,P2 - fix soon,Static,aria-controls points to a missing id,An ARIA reference points to an id that doesn't exist.,"aria-controls=""radix-_R_1ktqla4lubsnqtb_""",aria-labelledby / aria-describedby / aria-controls reference existing ids,Fix the id or the reference.,button#embedded-contact-service.group.flex.items-center [type=button] 'Service Type',,200,yes,Accessibility Report
http://localhost:3000/technologies/firebase-development,Optimization,P3 - improve,Static,Form without aria-live / role=alert region for error messages,Form errors aren't announced to screen-reader users.,(none),An aria-live / role=alert region for form messages,"Render error/success messages inside an aria-live=""polite"" region.",form.space-y-4 'Full Name * Email Address * Phone * Serv',,200,yes,Accessibility Report
http://localhost:3000/technologies/flask-development,Important,P2 - fix soon,Static,Form field without a label,"A form field has no label, so screen-reader users don't know what to type (placeholder isn't a label).",no <label>,<label for> / wrapping <label> / aria-label on every field,Add a visible <label> linked to the field id.,select,,200,yes,Accessibility Report
http://localhost:3000/technologies/flask-development,Important,P2 - fix soon,Static,aria-controls points to a missing id,An ARIA reference points to an id that doesn't exist.,"aria-controls=""radix-_R_1ktqla4lubsnqtb_""",aria-labelledby / aria-describedby / aria-controls reference existing ids,Fix the id or the reference.,button#embedded-contact-service.group.flex.items-center [type=button] 'Service Type',,200,yes,Accessibility Report
http://localhost:3000/technologies/flask-development,Optimization,P3 - improve,Static,Form without aria-live / role=alert region for error messages,Form errors aren't announced to screen-reader users.,(none),An aria-live / role=alert region for form messages,"Render error/success messages inside an aria-live=""polite"" region.",form.space-y-4 'Full Name * Email Address * Phone * Serv',,200,yes,Accessibility Report
http://localhost:3000/technologies/flutter-development,Important,P2 - fix soon,Static,Form field without a label,"A form field has no label, so screen-reader users don't know what to type (placeholder isn't a label).",no <label>,<label for> / wrapping <label> / aria-label on every field,Add a visible <label> linked to the field id.,select,,200,yes,Accessibility Report
http://localhost:3000/technologies/flutter-development,Important,P2 - fix soon,Static,aria-controls points to a missing id,An ARIA reference points to an id that doesn't exist.,"aria-controls=""radix-_R_1ktqla4lubsnqtb_""",aria-labelledby / aria-describedby / aria-controls reference existing ids,Fix the id or the reference.,button#embedded-contact-service.group.flex.items-center [type=button] 'Service Type',,200,yes,Accessibility Report
http://localhost:3000/technologies/flutter-development,Optimization,P3 - improve,Static,Form without aria-live / role=alert region for error messages,Form errors aren't announced to screen-reader users.,(none),An aria-live / role=alert region for form messages,"Render error/success messages inside an aria-live=""polite"" region.",form.space-y-4 'Full Name * Email Address * Phone * Serv',,200,yes,Accessibility Report
http://localhost:3000/technologies/framer-development,Important,P2 - fix soon,Static,Form field without a label,"A form field has no label, so screen-reader users don't know what to type (placeholder isn't a label).",no <label>,<label for> / wrapping <label> / aria-label on every field,Add a visible <label> linked to the field id.,select,,200,yes,Accessibility Report
http://localhost:3000/technologies/framer-development,Important,P2 - fix soon,Static,aria-controls points to a missing id,An ARIA reference points to an id that doesn't exist.,"aria-controls=""radix-_R_1ktqla4lubsnqtb_""",aria-labelledby / aria-describedby / aria-controls reference existing ids,Fix the id or the reference.,button#embedded-contact-service.group.flex.items-center [type=button] 'Service Type',,200,yes,Accessibility Report
http://localhost:3000/technologies/framer-development,Optimization,P3 - improve,Static,Form without aria-live / role=alert region for error messages,Form errors aren't announced to screen-reader users.,(none),An aria-live / role=alert region for form messages,"Render error/success messages inside an aria-live=""polite"" region.",form.space-y-4 'Full Name * Email Address * Phone * Serv',,200,yes,Accessibility Report
http://localhost:3000/technologies/gemini-development,Important,P2 - fix soon,Static,Form field without a label,"A form field has no label, so screen-reader users don't know what to type (placeholder isn't a label).",no <label>,<label for> / wrapping <label> / aria-label on every field,Add a visible <label> linked to the field id.,select,,200,yes,Accessibility Report
http://localhost:3000/technologies/gemini-development,Important,P2 - fix soon,Static,aria-controls points to a missing id,An ARIA reference points to an id that doesn't exist.,"aria-controls=""radix-_R_1ktqla4lubsnqtb_""",aria-labelledby / aria-describedby / aria-controls reference existing ids,Fix the id or the reference.,button#embedded-contact-service.group.flex.items-center [type=button] 'Service Type',,200,yes,Accessibility Report
http://localhost:3000/technologies/gemini-development,Optimization,P3 - improve,Static,Form without aria-live / role=alert region for error messages,Form errors aren't announced to screen-reader users.,(none),An aria-live / role=alert region for form messages,"Render error/success messages inside an aria-live=""polite"" region.",form.space-y-4 'Full Name * Email Address * Phone * Serv',,200,yes,Accessibility Report
http://localhost:3000/technologies/generative-ai-development,Important,P2 - fix soon,Static,Form field without a label,"A form field has no label, so screen-reader users don't know what to type (placeholder isn't a label).",no <label>,<label for> / wrapping <label> / aria-label on every field,Add a visible <label> linked to the field id.,select,,200,yes,Accessibility Report
http://localhost:3000/technologies/generative-ai-development,Important,P2 - fix soon,Static,aria-controls points to a missing id,An ARIA reference points to an id that doesn't exist.,"aria-controls=""radix-_R_1ktqla4lubsnqtb_""",aria-labelledby / aria-describedby / aria-controls reference existing ids,Fix the id or the reference.,button#embedded-contact-service.group.flex.items-center [type=button] 'Service Type',,200,yes,Accessibility Report
http://localhost:3000/technologies/generative-ai-development,Optimization,P3 - improve,Static,Form without aria-live / role=alert region for error messages,Form errors aren't announced to screen-reader users.,(none),An aria-live / role=alert region for form messages,"Render error/success messages inside an aria-live=""polite"" region.",form.space-y-4 'Full Name * Email Address * Phone * Serv',,200,yes,Accessibility Report
http://localhost:3000/technologies/github-actions-development,Important,P2 - fix soon,Static,Form field without a label,"A form field has no label, so screen-reader users don't know what to type (placeholder isn't a label).",no <label>,<label for> / wrapping <label> / aria-label on every field,Add a visible <label> linked to the field id.,select,,200,yes,Accessibility Report
http://localhost:3000/technologies/github-actions-development,Important,P2 - fix soon,Static,aria-controls points to a missing id,An ARIA reference points to an id that doesn't exist.,"aria-controls=""radix-_R_1ktqla4lubsnqtb_""",aria-labelledby / aria-describedby / aria-controls reference existing ids,Fix the id or the reference.,button#embedded-contact-service.group.flex.items-center [type=button] 'Service Type',,200,yes,Accessibility Report
http://localhost:3000/technologies/github-actions-development,Optimization,P3 - improve,Static,Form without aria-live / role=alert region for error messages,Form errors aren't announced to screen-reader users.,(none),An aria-live / role=alert region for form messages,"Render error/success messages inside an aria-live=""polite"" region.",form.space-y-4 'Full Name * Email Address * Phone * Serv',,200,yes,Accessibility Report
http://localhost:3000/technologies/gitlab-ci-development,Important,P2 - fix soon,Static,Form field without a label,"A form field has no label, so screen-reader users don't know what to type (placeholder isn't a label).",no <label>,<label for> / wrapping <label> / aria-label on every field,Add a visible <label> linked to the field id.,select,,200,yes,Accessibility Report
http://localhost:3000/technologies/gitlab-ci-development,Important,P2 - fix soon,Static,aria-controls points to a missing id,An ARIA reference points to an id that doesn't exist.,"aria-controls=""radix-_R_1ktqla4lubsnqtb_""",aria-labelledby / aria-describedby / aria-controls reference existing ids,Fix the id or the reference.,button#embedded-contact-service.group.flex.items-center [type=button] 'Service Type',,200,yes,Accessibility Report
http://localhost:3000/technologies/gitlab-ci-development,Optimization,P3 - improve,Static,Form without aria-live / role=alert region for error messages,Form errors aren't announced to screen-reader users.,(none),An aria-live / role=alert region for form messages,"Render error/success messages inside an aria-live=""polite"" region.",form.space-y-4 'Full Name * Email Address * Phone * Serv',,200,yes,Accessibility Report
http://localhost:3000/technologies/gitlab-development,Important,P2 - fix soon,Static,Form field without a label,"A form field has no label, so screen-reader users don't know what to type (placeholder isn't a label).",no <label>,<label for> / wrapping <label> / aria-label on every field,Add a visible <label> linked to the field id.,select,,200,yes,Accessibility Report
http://localhost:3000/technologies/gitlab-development,Important,P2 - fix soon,Static,aria-controls points to a missing id,An ARIA reference points to an id that doesn't exist.,"aria-controls=""radix-_R_1ktqla4lubsnqtb_""",aria-labelledby / aria-describedby / aria-controls reference existing ids,Fix the id or the reference.,button#embedded-contact-service.group.flex.items-center [type=button] 'Service Type',,200,yes,Accessibility Report
http://localhost:3000/technologies/gitlab-development,Optimization,P3 - improve,Static,Form without aria-live / role=alert region for error messages,Form errors aren't announced to screen-reader users.,(none),An aria-live / role=alert region for form messages,"Render error/success messages inside an aria-live=""polite"" region.",form.space-y-4 'Full Name * Email Address * Phone * Serv',,200,yes,Accessibility Report
http://localhost:3000/technologies/golang-development,Important,P2 - fix soon,Static,Form field without a label,"A form field has no label, so screen-reader users don't know what to type (placeholder isn't a label).",no <label>,<label for> / wrapping <label> / aria-label on every field,Add a visible <label> linked to the field id.,select,,200,yes,Accessibility Report
http://localhost:3000/technologies/golang-development,Important,P2 - fix soon,Static,aria-controls points to a missing id,An ARIA reference points to an id that doesn't exist.,"aria-controls=""radix-_R_1ktqla4lubsnqtb_""",aria-labelledby / aria-describedby / aria-controls reference existing ids,Fix the id or the reference.,button#embedded-contact-service.group.flex.items-center [type=button] 'Service Type',,200,yes,Accessibility Report
http://localhost:3000/technologies/golang-development,Optimization,P3 - improve,Static,Form without aria-live / role=alert region for error messages,Form errors aren't announced to screen-reader users.,(none),An aria-live / role=alert region for form messages,"Render error/success messages inside an aria-live=""polite"" region.",form.space-y-4 'Full Name * Email Address * Phone * Serv',,200,yes,Accessibility Report
http://localhost:3000/technologies/google-ads-management,Important,P2 - fix soon,Static,Form field without a label,"A form field has no label, so screen-reader users don't know what to type (placeholder isn't a label).",no <label>,<label for> / wrapping <label> / aria-label on every field,Add a visible <label> linked to the field id.,select,,200,yes,Accessibility Report
http://localhost:3000/technologies/google-ads-management,Important,P2 - fix soon,Static,aria-controls points to a missing id,An ARIA reference points to an id that doesn't exist.,"aria-controls=""radix-_R_1ktqla4lubsnqtb_""",aria-labelledby / aria-describedby / aria-controls reference existing ids,Fix the id or the reference.,button#embedded-contact-service.group.flex.items-center [type=button] 'Service Type',,200,yes,Accessibility Report
http://localhost:3000/technologies/google-ads-management,Optimization,P3 - improve,Static,Form without aria-live / role=alert region for error messages,Form errors aren't announced to screen-reader users.,(none),An aria-live / role=alert region for form messages,"Render error/success messages inside an aria-live=""polite"" region.",form.space-y-4 'Full Name * Email Address * Phone * Serv',,200,yes,Accessibility Report
http://localhost:3000/technologies/google-analytics-setup,Important,P2 - fix soon,Static,Form field without a label,"A form field has no label, so screen-reader users don't know what to type (placeholder isn't a label).",no <label>,<label for> / wrapping <label> / aria-label on every field,Add a visible <label> linked to the field id.,select,,200,yes,Accessibility Report
http://localhost:3000/technologies/google-analytics-setup,Important,P2 - fix soon,Static,aria-controls points to a missing id,An ARIA reference points to an id that doesn't exist.,"aria-controls=""radix-_R_1ktqla4lubsnqtb_""",aria-labelledby / aria-describedby / aria-controls reference existing ids,Fix the id or the reference.,button#embedded-contact-service.group.flex.items-center [type=button] 'Service Type',,200,yes,Accessibility Report
http://localhost:3000/technologies/google-analytics-setup,Optimization,P3 - improve,Static,Form without aria-live / role=alert region for error messages,Form errors aren't announced to screen-reader users.,(none),An aria-live / role=alert region for form messages,"Render error/success messages inside an aria-live=""polite"" region.",form.space-y-4 'Full Name * Email Address * Phone * Serv',,200,yes,Accessibility Report
http://localhost:3000/technologies/google-cloud-computing,Important,P2 - fix soon,Static,Form field without a label,"A form field has no label, so screen-reader users don't know what to type (placeholder isn't a label).",no <label>,<label for> / wrapping <label> / aria-label on every field,Add a visible <label> linked to the field id.,select,,200,yes,Accessibility Report
http://localhost:3000/technologies/google-cloud-computing,Important,P2 - fix soon,Static,aria-controls points to a missing id,An ARIA reference points to an id that doesn't exist.,"aria-controls=""radix-_R_1ktqla4lubsnqtb_""",aria-labelledby / aria-describedby / aria-controls reference existing ids,Fix the id or the reference.,button#embedded-contact-service.group.flex.items-center [type=button] 'Service Type',,200,yes,Accessibility Report
http://localhost:3000/technologies/google-cloud-computing,Optimization,P3 - improve,Static,Form without aria-live / role=alert region for error messages,Form errors aren't announced to screen-reader users.,(none),An aria-live / role=alert region for form messages,"Render error/success messages inside an aria-live=""polite"" region.",form.space-y-4 'Full Name * Email Address * Phone * Serv',,200,yes,Accessibility Report
http://localhost:3000/technologies/google-cloud-development,Important,P2 - fix soon,Static,Form field without a label,"A form field has no label, so screen-reader users don't know what to type (placeholder isn't a label).",no <label>,<label for> / wrapping <label> / aria-label on every field,Add a visible <label> linked to the field id.,select,,200,yes,Accessibility Report
http://localhost:3000/technologies/google-cloud-development,Important,P2 - fix soon,Static,aria-controls points to a missing id,An ARIA reference points to an id that doesn't exist.,"aria-controls=""radix-_R_1ktqla4lubsnqtb_""",aria-labelledby / aria-describedby / aria-controls reference existing ids,Fix the id or the reference.,button#embedded-contact-service.group.flex.items-center [type=button] 'Service Type',,200,yes,Accessibility Report
http://localhost:3000/technologies/google-cloud-development,Optimization,P3 - improve,Static,Form without aria-live / role=alert region for error messages,Form errors aren't announced to screen-reader users.,(none),An aria-live / role=alert region for form messages,"Render error/success messages inside an aria-live=""polite"" region.",form.space-y-4 'Full Name * Email Address * Phone * Serv',,200,yes,Accessibility Report
http://localhost:3000/technologies/google-search-console-optimization,Important,P2 - fix soon,Static,Form field without a label,"A form field has no label, so screen-reader users don't know what to type (placeholder isn't a label).",no <label>,<label for> / wrapping <label> / aria-label on every field,Add a visible <label> linked to the field id.,select,,200,yes,Accessibility Report
http://localhost:3000/technologies/google-search-console-optimization,Important,P2 - fix soon,Static,aria-controls points to a missing id,An ARIA reference points to an id that doesn't exist.,"aria-controls=""radix-_R_1ktqla4lubsnqtb_""",aria-labelledby / aria-describedby / aria-controls reference existing ids,Fix the id or the reference.,button#embedded-contact-service.group.flex.items-center [type=button] 'Service Type',,200,yes,Accessibility Report
http://localhost:3000/technologies/google-search-console-optimization,Optimization,P3 - improve,Static,Form without aria-live / role=alert region for error messages,Form errors aren't announced to screen-reader users.,(none),An aria-live / role=alert region for form messages,"Render error/success messages inside an aria-live=""polite"" region.",form.space-y-4 'Full Name * Email Address * Phone * Serv',,200,yes,Accessibility Report
http://localhost:3000/technologies/grafana-development,Important,P2 - fix soon,Static,Form field without a label,"A form field has no label, so screen-reader users don't know what to type (placeholder isn't a label).",no <label>,<label for> / wrapping <label> / aria-label on every field,Add a visible <label> linked to the field id.,select,,200,yes,Accessibility Report
http://localhost:3000/technologies/grafana-development,Important,P2 - fix soon,Static,aria-controls points to a missing id,An ARIA reference points to an id that doesn't exist.,"aria-controls=""radix-_R_1ktqla4lubsnqtb_""",aria-labelledby / aria-describedby / aria-controls reference existing ids,Fix the id or the reference.,button#embedded-contact-service.group.flex.items-center [type=button] 'Service Type',,200,yes,Accessibility Report
http://localhost:3000/technologies/grafana-development,Optimization,P3 - improve,Static,Form without aria-live / role=alert region for error messages,Form errors aren't announced to screen-reader users.,(none),An aria-live / role=alert region for form messages,"Render error/success messages inside an aria-live=""polite"" region.",form.space-y-4 'Full Name * Email Address * Phone * Serv',,200,yes,Accessibility Report
http://localhost:3000/technologies/graphql-development,Important,P2 - fix soon,Static,Form field without a label,"A form field has no label, so screen-reader users don't know what to type (placeholder isn't a label).",no <label>,<label for> / wrapping <label> / aria-label on every field,Add a visible <label> linked to the field id.,select,,200,yes,Accessibility Report
http://localhost:3000/technologies/graphql-development,Important,P2 - fix soon,Static,aria-controls points to a missing id,An ARIA reference points to an id that doesn't exist.,"aria-controls=""radix-_R_1ktqla4lubsnqtb_""",aria-labelledby / aria-describedby / aria-controls reference existing ids,Fix the id or the reference.,button#embedded-contact-service.group.flex.items-center [type=button] 'Service Type',,200,yes,Accessibility Report
http://localhost:3000/technologies/graphql-development,Optimization,P3 - improve,Static,Form without aria-live / role=alert region for error messages,Form errors aren't announced to screen-reader users.,(none),An aria-live / role=alert region for form messages,"Render error/success messages inside an aria-live=""polite"" region.",form.space-y-4 'Full Name * Email Address * Phone * Serv',,200,yes,Accessibility Report
http://localhost:3000/technologies/html5-development,Important,P2 - fix soon,Static,Form field without a label,"A form field has no label, so screen-reader users don't know what to type (placeholder isn't a label).",no <label>,<label for> / wrapping <label> / aria-label on every field,Add a visible <label> linked to the field id.,select,,200,yes,Accessibility Report
http://localhost:3000/technologies/html5-development,Important,P2 - fix soon,Static,aria-controls points to a missing id,An ARIA reference points to an id that doesn't exist.,"aria-controls=""radix-_R_1ktqla4lubsnqtb_""",aria-labelledby / aria-describedby / aria-controls reference existing ids,Fix the id or the reference.,button#embedded-contact-service.group.flex.items-center [type=button] 'Service Type',,200,yes,Accessibility Report
http://localhost:3000/technologies/html5-development,Optimization,P3 - improve,Static,Form without aria-live / role=alert region for error messages,Form errors aren't announced to screen-reader users.,(none),An aria-live / role=alert region for form messages,"Render error/success messages inside an aria-live=""polite"" region.",form.space-y-4 'Full Name * Email Address * Phone * Serv',,200,yes,Accessibility Report
http://localhost:3000/technologies/hugging-face-development,Important,P2 - fix soon,Static,Form field without a label,"A form field has no label, so screen-reader users don't know what to type (placeholder isn't a label).",no <label>,<label for> / wrapping <label> / aria-label on every field,Add a visible <label> linked to the field id.,select,,200,yes,Accessibility Report
http://localhost:3000/technologies/hugging-face-development,Important,P2 - fix soon,Static,aria-controls points to a missing id,An ARIA reference points to an id that doesn't exist.,"aria-controls=""radix-_R_1ktqla4lubsnqtb_""",aria-labelledby / aria-describedby / aria-controls reference existing ids,Fix the id or the reference.,button#embedded-contact-service.group.flex.items-center [type=button] 'Service Type',,200,yes,Accessibility Report
http://localhost:3000/technologies/hugging-face-development,Important,P2 - fix soon,Touch targets,Touch targets smaller than 24x24 px,"Touch targets are smaller than 24x24 px, too small to tap reliably (WCAG 2.5.8).",57x22 px,24x24 px minimum (44x44 recommended),Increase padding / min-width / min-height of the element.,Home,390 px phone viewport,200,yes,Accessibility Report
http://localhost:3000/technologies/hugging-face-development,Important,P2 - fix soon,Touch targets,Touch targets smaller than 24x24 px,"Touch targets are smaller than 24x24 px, too small to tap reliably (WCAG 2.5.8).",88x22 px,24x24 px minimum (44x44 recommended),Increase padding / min-width / min-height of the element.,Technologies,390 px phone viewport,200,yes,Accessibility Report
http://localhost:3000/technologies/hugging-face-development,Important,P2 - fix soon,Touch targets,Touch targets smaller than 24x24 px,"Touch targets are smaller than 24x24 px, too small to tap reliably (WCAG 2.5.8).",1x1 px,24x24 px minimum (44x44 recommended),Increase padding / min-width / min-height of the element.,"Web Development
Mobile App Dev",390 px phone viewport,200,yes,Accessibility Report
http://localhost:3000/technologies/hugging-face-development,Important,P2 - fix soon,Touch targets,Touch targets smaller than 24x24 px,"Touch targets are smaller than 24x24 px, too small to tap reliably (WCAG 2.5.8).",32x8 px,24x24 px minimum (44x44 recommended),Increase padding / min-width / min-height of the element.,Go to step 1,390 px phone viewport,200,yes,Accessibility Report
http://localhost:3000/technologies/hugging-face-development,Important,P2 - fix soon,Touch targets,Touch targets smaller than 24x24 px,"Touch targets are smaller than 24x24 px, too small to tap reliably (WCAG 2.5.8).",8x8 px,24x24 px minimum (44x44 recommended),Increase padding / min-width / min-height of the element.,Go to step 2,390 px phone viewport,200,yes,Accessibility Report
http://localhost:3000/technologies/hugging-face-development,Important,P2 - fix soon,Touch targets,Touch targets smaller than 24x24 px,"Touch targets are smaller than 24x24 px, too small to tap reliably (WCAG 2.5.8).",8x8 px,24x24 px minimum (44x44 recommended),Increase padding / min-width / min-height of the element.,Go to step 3,390 px phone viewport,200,yes,Accessibility Report
http://localhost:3000/technologies/hugging-face-development,Important,P2 - fix soon,Touch targets,Touch targets smaller than 24x24 px,"Touch targets are smaller than 24x24 px, too small to tap reliably (WCAG 2.5.8).",8x8 px,24x24 px minimum (44x44 recommended),Increase padding / min-width / min-height of the element.,Go to step 4,390 px phone viewport,200,yes,Accessibility Report
http://localhost:3000/technologies/hugging-face-development,Important,P2 - fix soon,Touch targets,Touch targets smaller than 24x24 px,"Touch targets are smaller than 24x24 px, too small to tap reliably (WCAG 2.5.8).",8x8 px,24x24 px minimum (44x44 recommended),Increase padding / min-width / min-height of the element.,Go to step 5,390 px phone viewport,200,yes,Accessibility Report
http://localhost:3000/technologies/hugging-face-development,Important,P2 - fix soon,Touch targets,Touch targets smaller than 24x24 px,"Touch targets are smaller than 24x24 px, too small to tap reliably (WCAG 2.5.8).",8x8 px,24x24 px minimum (44x44 recommended),Increase padding / min-width / min-height of the element.,Go to step 6,390 px phone viewport,200,yes,Accessibility Report
http://localhost:3000/technologies/hugging-face-development,Important,P2 - fix soon,Touch targets,Touch targets smaller than 24x24 px,"Touch targets are smaller than 24x24 px, too small to tap reliably (WCAG 2.5.8).",105x20 px,24x24 px minimum (44x44 recommended),Increase padding / min-width / min-height of the element.,+91 95128 15630,390 px phone viewport,200,yes,Accessibility Report
http://localhost:3000/technologies/hugging-face-development,Important,P2 - fix soon,Touch targets,Touch targets smaller than 24x24 px,"Touch targets are smaller than 24x24 px, too small to tap reliably (WCAG 2.5.8).",358x20 px,24x24 px minimum (44x44 recommended),Increase padding / min-width / min-height of the element.,hello@semicolon.agency,390 px phone viewport,200,yes,Accessibility Report
http://localhost:3000/technologies/hugging-face-development,Important,P2 - fix soon,Touch targets,Touch targets smaller than 24x24 px,"Touch targets are smaller than 24x24 px, too small to tap reliably (WCAG 2.5.8).",358x20 px,24x24 px minimum (44x44 recommended),Increase padding / min-width / min-height of the element.,+91 95128 15630,390 px phone viewport,200,yes,Accessibility Report
http://localhost:3000/technologies/hugging-face-development,Important,P2 - fix soon,Touch targets,Touch targets smaller than 24x24 px,"Touch targets are smaller than 24x24 px, too small to tap reliably (WCAG 2.5.8).",93x20 px,24x24 px minimum (44x44 recommended),Increase padding / min-width / min-height of the element.,Apply now,390 px phone viewport,200,yes,Accessibility Report
http://localhost:3000/technologies/hugging-face-development,Important,P2 - fix soon,axe-core,color-contrast: Elements must meet minimum color contrast ratio thresholds,Ensure the contrast between foreground and background colors meets WCAG 2 AA minimum contrast ratio thresholds,"Element has insufficient color contrast of 4.22 (foreground color: #006ce0, background color: #e2eefa, font size: 9.0pt (12px), font weight: normal). Expected contrast ratio of 4.5:1",no axe-core violation,"Element has insufficient color contrast of 4.22 (foreground color: #006ce0, background color: #e2eefa, font size: 9.0pt (12px), font weight: normal). Expected contrast ratio of 4.5:1 - see https://dequeuniversity.com/rules/axe/4.12/color-contrast?application=axeAPI",.lg\:grid-cols-2 > .lg\:text-left.text-center > .eyebrow.mb-4,"impact serious; html: <span class=""eyebrow mb-4"">Technology</span>",200,yes,Accessibility Report
http://localhost:3000/technologies/hugging-face-development,Important,P2 - fix soon,axe-core,color-contrast: Elements must meet minimum color contrast ratio thresholds,Ensure the contrast between foreground and background colors meets WCAG 2 AA minimum contrast ratio thresholds,"Element has insufficient color contrast of 4.22 (foreground color: #006ce0, background color: #e2eefa, font size: 9.0pt (12px), font weight: normal). Expected contrast ratio of 4.5:1",no axe-core violation,"Element has insufficient color contrast of 4.22 (foreground color: #006ce0, background color: #e2eefa, font size: 9.0pt (12px), font weight: normal). Expected contrast ratio of 4.5:1 - see https://dequeuniversity.com/rules/axe/4.12/color-contrast?application=axeAPI",.mb-10.max-w-3xl.md\:mb-14 > .eyebrow.mb-4,"impact serious; html: <span class=""eyebrow mb-4"">",200,yes,Accessibility Report
http://localhost:3000/technologies/hugging-face-development,Important,P2 - fix soon,axe-core,color-contrast: Elements must meet minimum color contrast ratio thresholds,Ensure the contrast between foreground and background colors meets WCAG 2 AA minimum contrast ratio thresholds,"Element has insufficient color contrast of 4.45 (foreground color: #bb4d00, background color: #faf0e1, font size: 9.0pt (12px), font weight: normal). Expected contrast ratio of 4.5:1",no axe-core violation,"Element has insufficient color contrast of 4.45 (foreground color: #bb4d00, background color: #faf0e1, font size: 9.0pt (12px), font weight: normal). Expected contrast ratio of 4.5:1 - see https://dequeuniversity.com/rules/axe/4.12/color-contrast?application=axeAPI",.text-amber-700,"impact serious; html: <p class=""mt-2 inline-block rounded-full px-3 py-1 text-xs font-semibold text-amber-700 dark:text-amber-300 bg-amber-500/10"">Ideal for: <!-- -->Evolvi",200,yes,Accessibility Report
http://localhost:3000/technologies/hugging-face-development,Important,P2 - fix soon,axe-core,color-contrast: Elements must meet minimum color contrast ratio thresholds,Ensure the contrast between foreground and background colors meets WCAG 2 AA minimum contrast ratio thresholds,"Element has insufficient color contrast of 4.22 (foreground color: #006ce0, background color: #e2eefa, font size: 9.0pt (12px), font weight: normal). Expected contrast ratio of 4.5:1",no axe-core violation,"Element has insufficient color contrast of 4.22 (foreground color: #006ce0, background color: #e2eefa, font size: 9.0pt (12px), font weight: normal). Expected contrast ratio of 4.5:1 - see https://dequeuniversity.com/rules/axe/4.12/color-contrast?application=axeAPI",.section-sm > .container-site > .mb-10.max-w-3xl.mx-auto > .eyebrow.mb-4,"impact serious; html: <span class=""eyebrow mb-4"">Explore more</span>",200,yes,Accessibility Report
http://localhost:3000/technologies/hugging-face-development,Important,P2 - fix soon,axe-core,color-contrast: Elements must meet minimum color contrast ratio thresholds,Ensure the contrast between foreground and background colors meets WCAG 2 AA minimum contrast ratio thresholds,"Element has insufficient color contrast of 4.31 (foreground color: #006ce0, background color: #e6f0fc, font size: 9.0pt (12px), font weight: normal). Expected contrast ratio of 4.5:1",no axe-core violation,"Element has insufficient color contrast of 4.31 (foreground color: #006ce0, background color: #e6f0fc, font size: 9.0pt (12px), font weight: normal). Expected contrast ratio of 4.5:1 - see https://dequeuniversity.com/rules/axe/4.12/color-contrast?application=axeAPI",.w-fit,"impact serious; html: <span class=""eyebrow mb-4 w-fit self-center lg:self-start"">Get in Touch</span>",200,yes,Accessibility Report
http://localhost:3000/technologies/hugging-face-development,Important,P2 - fix soon,axe-core,color-contrast: Elements must meet minimum color contrast ratio thresholds,Ensure the contrast between foreground and background colors meets WCAG 2 AA minimum contrast ratio thresholds,"Element has insufficient color contrast of 4.45 (foreground color: #006ce0, background color: #eef3f9, font size: 10.5pt (14px), font weight: normal). Expected contrast ratio of 4.5:1",no axe-core violation,"Element has insufficient color contrast of 4.45 (foreground color: #006ce0, background color: #eef3f9, font size: 10.5pt (14px), font weight: normal). Expected contrast ratio of 4.5:1 - see https://dequeuniversity.com/rules/axe/4.12/color-contrast?application=axeAPI",".gap-1\.5.inline-flex[href$=""internships""]","impact serious; html: <a class=""group inline-flex items-center gap-1.5 text-sm font-semibold text-primary"" href=""/internships"">",200,yes,Accessibility Report
http://localhost:3000/technologies/hugging-face-development,Important,P2 - fix soon,axe-core,scrollable-region-focusable: Scrollable region must have keyboard access,Ensure elements that have scrollable content are accessible by keyboard in Safari,"Element should have focusable content
  Element should be focusable",no axe-core violation,"Element should have focusable content
  Element should be focusable - see https://dequeuniversity.com/rules/axe/4.12/scrollable-region-focusable?application=axeAPI",pre,"impact serious; html: <pre class=""max-h-96 overflow-auto p-4 text-[13px] leading-relaxed text-slate-100 sm:p-5"">",200,yes,Accessibility Report
http://localhost:3000/technologies/hugging-face-development,Optimization,P3 - improve,Static,Form without aria-live / role=alert region for error messages,Form errors aren't announced to screen-reader users.,(none),An aria-live / role=alert region for form messages,"Render error/success messages inside an aria-live=""polite"" region.",form.space-y-4 'Full Name * Email Address * Phone * Serv',,200,yes,Accessibility Report
http://localhost:3000/technologies/hugging-face-development,Optimization,P3 - improve,Touch targets,Touch targets smaller than 44x44 px,Touch targets are smaller than the recommended 44x44 px.,141x36 px,44x44 px,Increase padding / min-height on the element.,"S
Semicolon",390 px phone viewport,200,yes,Accessibility Report
http://localhost:3000/technologies/hugging-face-development,Optimization,P3 - improve,Touch targets,Touch targets smaller than 44x44 px,Touch targets are smaller than the recommended 44x44 px.,87x40 px,44x44 px,Increase padding / min-height on the element.,EN,390 px phone viewport,200,yes,Accessibility Report
http://localhost:3000/technologies/hugging-face-development,Optimization,P3 - improve,Touch targets,Touch targets smaller than 44x44 px,Touch targets are smaller than the recommended 44x44 px.,40x40 px,44x44 px,Increase padding / min-height on the element.,Switch to dark mode,390 px phone viewport,200,yes,Accessibility Report
http://localhost:3000/technologies/hugging-face-development,Optimization,P3 - improve,Touch targets,Touch targets smaller than 44x44 px,Touch targets are smaller than the recommended 44x44 px.,40x40 px,44x44 px,Increase padding / min-height on the element.,Open menu,390 px phone viewport,200,yes,Accessibility Report
http://localhost:3000/technologies/hugging-face-development,Optimization,P3 - improve,Touch targets,Touch targets smaller than 44x44 px,Touch targets are smaller than the recommended 44x44 px.,40x40 px,44x44 px,Increase padding / min-height on the element.,Previous version,390 px phone viewport,200,yes,Accessibility Report
http://localhost:3000/technologies/hugging-face-development,Optimization,P3 - improve,Touch targets,Touch targets smaller than 44x44 px,Touch targets are smaller than the recommended 44x44 px.,40x40 px,44x44 px,Increase padding / min-height on the element.,Next version,390 px phone viewport,200,yes,Accessibility Report
http://localhost:3000/technologies/hugging-face-development,Optimization,P3 - improve,Touch targets,Touch targets smaller than 44x44 px,Touch targets are smaller than the recommended 44x44 px.,63x24 px,44x44 px,Increase padding / min-height on the element.,Copy,390 px phone viewport,200,yes,Accessibility Report
http://localhost:3000/technologies/hugging-face-development,Optimization,P3 - improve,Touch targets,Touch targets smaller than 44x44 px,Touch targets are smaller than the recommended 44x44 px.,276x24 px,44x44 px,Increase padding / min-height on the element.,Compare all engagement models,390 px phone viewport,200,yes,Accessibility Report
http://localhost:3000/technologies/hugging-face-development,Optimization,P3 - improve,Touch targets,Touch targets smaller than 44x44 px,Touch targets are smaller than the recommended 44x44 px.,316x38 px,44x44 px,Increase padding / min-height on the element.,Web App Development,390 px phone viewport,200,yes,Accessibility Report
http://localhost:3000/technologies/hugging-face-development,Optimization,P3 - improve,Touch targets,Touch targets smaller than 44x44 px,Touch targets are smaller than the recommended 44x44 px.,316x38 px,44x44 px,Increase padding / min-height on the element.,Progressive Web Apps,390 px phone viewport,200,yes,Accessibility Report
http://localhost:3000/technologies/hugging-face-development,Optimization,P3 - improve,Touch targets,Touch targets smaller than 44x44 px,Touch targets are smaller than the recommended 44x44 px.,316x38 px,44x44 px,Increase padding / min-height on the element.,Custom Software,390 px phone viewport,200,yes,Accessibility Report
http://localhost:3000/technologies/hugging-face-development,Optimization,P3 - improve,Touch targets,Touch targets smaller than 44x44 px,Touch targets are smaller than the recommended 44x44 px.,316x38 px,44x44 px,Increase padding / min-height on the element.,Product Development,390 px phone viewport,200,yes,Accessibility Report
http://localhost:3000/technologies/hugging-face-development,Optimization,P3 - improve,Touch targets,Touch targets smaller than 44x44 px,Touch targets are smaller than the recommended 44x44 px.,316x38 px,44x44 px,Increase padding / min-height on the element.,Retail & E-Commerce,390 px phone viewport,200,yes,Accessibility Report
http://localhost:3000/technologies/hugging-face-development,Optimization,P3 - improve,Touch targets,Touch targets smaller than 44x44 px,Touch targets are smaller than the recommended 44x44 px.,316x38 px,44x44 px,Increase padding / min-height on the element.,SaaS & Startups,390 px phone viewport,200,yes,Accessibility Report
http://localhost:3000/technologies/hugging-face-development,Optimization,P3 - improve,Touch targets,Touch targets smaller than 44x44 px,Touch targets are smaller than the recommended 44x44 px.,316x38 px,44x44 px,Increase padding / min-height on the element.,Education,390 px phone viewport,200,yes,Accessibility Report
http://localhost:3000/technologies/hugging-face-development,Optimization,P3 - improve,Touch targets,Touch targets smaller than 44x44 px,Touch targets are smaller than the recommended 44x44 px.,316x38 px,44x44 px,Increase padding / min-height on the element.,Media & Entertainment,390 px phone viewport,200,yes,Accessibility Report
http://localhost:3000/technologies/hugging-face-development,Optimization,P3 - improve,Touch targets,Touch targets smaller than 44x44 px,Touch targets are smaller than the recommended 44x44 px.,306x40 px,44x44 px,Increase padding / min-height on the element.,INPUT,390 px phone viewport,200,yes,Accessibility Report
http://localhost:3000/technologies/hugging-face-development,Optimization,P3 - improve,Touch targets,Touch targets smaller than 44x44 px,Touch targets are smaller than the recommended 44x44 px.,306x40 px,44x44 px,Increase padding / min-height on the element.,INPUT,390 px phone viewport,200,yes,Accessibility Report
http://localhost:3000/technologies/hugging-face-development,Optimization,P3 - improve,Touch targets,Touch targets smaller than 44x44 px,Touch targets are smaller than the recommended 44x44 px.,306x40 px,44x44 px,Increase padding / min-height on the element.,INPUT,390 px phone viewport,200,yes,Accessibility Report
http://localhost:3000/technologies/hugging-face-development,Optimization,P3 - improve,Touch targets,Touch targets smaller than 44x44 px,Touch targets are smaller than the recommended 44x44 px.,306x40 px,44x44 px,Increase padding / min-height on the element.,INPUT,390 px phone viewport,200,yes,Accessibility Report
http://localhost:3000/technologies/hugging-face-development,Optimization,P3 - improve,Touch targets,Touch targets smaller than 44x44 px,Touch targets are smaller than the recommended 44x44 px.,164x40 px,44x44 px,Increase padding / min-height on the element.,"S
Semicolon",390 px phone viewport,200,yes,Accessibility Report
http://localhost:3000/technologies/hugging-face-development,Optimization,P3 - improve,axe-core,landmark-unique: Landmarks should have a unique role or role/label/title (i.e. accessible name) combination,Ensure landmarks are unique,"The landmark must have a unique aria-label, aria-labelledby, or title to make landmarks distinguishable",no axe-core violation,"The landmark must have a unique aria-label, aria-labelledby, or title to make landmarks distinguishable - see https://dequeuniversity.com/rules/axe/4.12/landmark-unique?application=axeAPI",".card-surface.sm\:p-6[aria-label=""Industries""]","impact moderate; html: <nav aria-label=""Industries"" class=""card-surface flex flex-col p-5 sm:p-6"">",200,yes,Accessibility Report
http://localhost:3000/technologies/hybrid-cloud-computing,Important,P2 - fix soon,Static,Form field without a label,"A form field has no label, so screen-reader users don't know what to type (placeholder isn't a label).",no <label>,<label for> / wrapping <label> / aria-label on every field,Add a visible <label> linked to the field id.,select,,200,yes,Accessibility Report
http://localhost:3000/technologies/hybrid-cloud-computing,Important,P2 - fix soon,Static,aria-controls points to a missing id,An ARIA reference points to an id that doesn't exist.,"aria-controls=""radix-_R_1ktqla4lubsnqtb_""",aria-labelledby / aria-describedby / aria-controls reference existing ids,Fix the id or the reference.,button#embedded-contact-service.group.flex.items-center [type=button] 'Service Type',,200,yes,Accessibility Report
http://localhost:3000/technologies/hybrid-cloud-computing,Optimization,P3 - improve,Static,Form without aria-live / role=alert region for error messages,Form errors aren't announced to screen-reader users.,(none),An aria-live / role=alert region for form messages,"Render error/success messages inside an aria-live=""polite"" region.",form.space-y-4 'Full Name * Email Address * Phone * Serv',,200,yes,Accessibility Report
http://localhost:3000/technologies/ibm-cloud-development,Important,P2 - fix soon,Static,Form field without a label,"A form field has no label, so screen-reader users don't know what to type (placeholder isn't a label).",no <label>,<label for> / wrapping <label> / aria-label on every field,Add a visible <label> linked to the field id.,select,,200,yes,Accessibility Report
http://localhost:3000/technologies/ibm-cloud-development,Important,P2 - fix soon,Static,aria-controls points to a missing id,An ARIA reference points to an id that doesn't exist.,"aria-controls=""radix-_R_1ktqla4lubsnqtb_""",aria-labelledby / aria-describedby / aria-controls reference existing ids,Fix the id or the reference.,button#embedded-contact-service.group.flex.items-center [type=button] 'Service Type',,200,yes,Accessibility Report
http://localhost:3000/technologies/ibm-cloud-development,Optimization,P3 - improve,Static,Form without aria-live / role=alert region for error messages,Form errors aren't announced to screen-reader users.,(none),An aria-live / role=alert region for form messages,"Render error/success messages inside an aria-live=""polite"" region.",form.space-y-4 'Full Name * Email Address * Phone * Serv',,200,yes,Accessibility Report
http://localhost:3000/technologies/influencer-marketing,Important,P2 - fix soon,Static,Form field without a label,"A form field has no label, so screen-reader users don't know what to type (placeholder isn't a label).",no <label>,<label for> / wrapping <label> / aria-label on every field,Add a visible <label> linked to the field id.,select,,200,yes,Accessibility Report
http://localhost:3000/technologies/influencer-marketing,Important,P2 - fix soon,Static,aria-controls points to a missing id,An ARIA reference points to an id that doesn't exist.,"aria-controls=""radix-_R_1ktqla4lubsnqtb_""",aria-labelledby / aria-describedby / aria-controls reference existing ids,Fix the id or the reference.,button#embedded-contact-service.group.flex.items-center [type=button] 'Service Type',,200,yes,Accessibility Report
http://localhost:3000/technologies/influencer-marketing,Optimization,P3 - improve,Static,Form without aria-live / role=alert region for error messages,Form errors aren't announced to screen-reader users.,(none),An aria-live / role=alert region for form messages,"Render error/success messages inside an aria-live=""polite"" region.",form.space-y-4 'Full Name * Email Address * Phone * Serv',,200,yes,Accessibility Report
http://localhost:3000/technologies/integration-testing,Important,P2 - fix soon,Static,Form field without a label,"A form field has no label, so screen-reader users don't know what to type (placeholder isn't a label).",no <label>,<label for> / wrapping <label> / aria-label on every field,Add a visible <label> linked to the field id.,select,,200,yes,Accessibility Report
http://localhost:3000/technologies/integration-testing,Important,P2 - fix soon,Static,aria-controls points to a missing id,An ARIA reference points to an id that doesn't exist.,"aria-controls=""radix-_R_1ktqla4lubsnqtb_""",aria-labelledby / aria-describedby / aria-controls reference existing ids,Fix the id or the reference.,button#embedded-contact-service.group.flex.items-center [type=button] 'Service Type',,200,yes,Accessibility Report
http://localhost:3000/technologies/integration-testing,Optimization,P3 - improve,Static,Form without aria-live / role=alert region for error messages,Form errors aren't announced to screen-reader users.,(none),An aria-live / role=alert region for form messages,"Render error/success messages inside an aria-live=""polite"" region.",form.space-y-4 'Full Name * Email Address * Phone * Serv',,200,yes,Accessibility Report
http://localhost:3000/technologies/interaction-design,Important,P2 - fix soon,Static,Form field without a label,"A form field has no label, so screen-reader users don't know what to type (placeholder isn't a label).",no <label>,<label for> / wrapping <label> / aria-label on every field,Add a visible <label> linked to the field id.,select,,200,yes,Accessibility Report
http://localhost:3000/technologies/interaction-design,Important,P2 - fix soon,Static,aria-controls points to a missing id,An ARIA reference points to an id that doesn't exist.,"aria-controls=""radix-_R_1ktqla4lubsnqtb_""",aria-labelledby / aria-describedby / aria-controls reference existing ids,Fix the id or the reference.,button#embedded-contact-service.group.flex.items-center [type=button] 'Service Type',,200,yes,Accessibility Report
http://localhost:3000/technologies/interaction-design,Optimization,P3 - improve,Static,Form without aria-live / role=alert region for error messages,Form errors aren't announced to screen-reader users.,(none),An aria-live / role=alert region for form messages,"Render error/success messages inside an aria-live=""polite"" region.",form.space-y-4 'Full Name * Email Address * Phone * Serv',,200,yes,Accessibility Report
http://localhost:3000/technologies/inventory-management-development,Important,P2 - fix soon,Static,Form field without a label,"A form field has no label, so screen-reader users don't know what to type (placeholder isn't a label).",no <label>,<label for> / wrapping <label> / aria-label on every field,Add a visible <label> linked to the field id.,select,,200,yes,Accessibility Report
http://localhost:3000/technologies/inventory-management-development,Important,P2 - fix soon,Static,aria-controls points to a missing id,An ARIA reference points to an id that doesn't exist.,"aria-controls=""radix-_R_1ktqla4lubsnqtb_""",aria-labelledby / aria-describedby / aria-controls reference existing ids,Fix the id or the reference.,button#embedded-contact-service.group.flex.items-center [type=button] 'Service Type',,200,yes,Accessibility Report
http://localhost:3000/technologies/inventory-management-development,Optimization,P3 - improve,Static,Form without aria-live / role=alert region for error messages,Form errors aren't announced to screen-reader users.,(none),An aria-live / role=alert region for form messages,"Render error/success messages inside an aria-live=""polite"" region.",form.space-y-4 'Full Name * Email Address * Phone * Serv',,200,yes,Accessibility Report
http://localhost:3000/technologies/ionic-development,Important,P2 - fix soon,Static,Form field without a label,"A form field has no label, so screen-reader users don't know what to type (placeholder isn't a label).",no <label>,<label for> / wrapping <label> / aria-label on every field,Add a visible <label> linked to the field id.,select,,200,yes,Accessibility Report
http://localhost:3000/technologies/ionic-development,Important,P2 - fix soon,Static,aria-controls points to a missing id,An ARIA reference points to an id that doesn't exist.,"aria-controls=""radix-_R_1ktqla4lubsnqtb_""",aria-labelledby / aria-describedby / aria-controls reference existing ids,Fix the id or the reference.,button#embedded-contact-service.group.flex.items-center [type=button] 'Service Type',,200,yes,Accessibility Report
http://localhost:3000/technologies/ionic-development,Optimization,P3 - improve,Static,Form without aria-live / role=alert region for error messages,Form errors aren't announced to screen-reader users.,(none),An aria-live / role=alert region for form messages,"Render error/success messages inside an aria-live=""polite"" region.",form.space-y-4 'Full Name * Email Address * Phone * Serv',,200,yes,Accessibility Report
http://localhost:3000/technologies/ios-app-development,Important,P2 - fix soon,Static,Form field without a label,"A form field has no label, so screen-reader users don't know what to type (placeholder isn't a label).",no <label>,<label for> / wrapping <label> / aria-label on every field,Add a visible <label> linked to the field id.,select,,200,yes,Accessibility Report
http://localhost:3000/technologies/ios-app-development,Important,P2 - fix soon,Static,aria-controls points to a missing id,An ARIA reference points to an id that doesn't exist.,"aria-controls=""radix-_R_1ktqla4lubsnqtb_""",aria-labelledby / aria-describedby / aria-controls reference existing ids,Fix the id or the reference.,button#embedded-contact-service.group.flex.items-center [type=button] 'Service Type',,200,yes,Accessibility Report
http://localhost:3000/technologies/ios-app-development,Optimization,P3 - improve,Static,Form without aria-live / role=alert region for error messages,Form errors aren't announced to screen-reader users.,(none),An aria-live / role=alert region for form messages,"Render error/success messages inside an aria-live=""polite"" region.",form.space-y-4 'Full Name * Email Address * Phone * Serv',,200,yes,Accessibility Report
http://localhost:3000/technologies/java-development,Important,P2 - fix soon,Static,Form field without a label,"A form field has no label, so screen-reader users don't know what to type (placeholder isn't a label).",no <label>,<label for> / wrapping <label> / aria-label on every field,Add a visible <label> linked to the field id.,select,,200,yes,Accessibility Report
http://localhost:3000/technologies/java-development,Important,P2 - fix soon,Static,aria-controls points to a missing id,An ARIA reference points to an id that doesn't exist.,"aria-controls=""radix-_R_1ktqla4lubsnqtb_""",aria-labelledby / aria-describedby / aria-controls reference existing ids,Fix the id or the reference.,button#embedded-contact-service.group.flex.items-center [type=button] 'Service Type',,200,yes,Accessibility Report
http://localhost:3000/technologies/java-development,Optimization,P3 - improve,Static,Form without aria-live / role=alert region for error messages,Form errors aren't announced to screen-reader users.,(none),An aria-live / role=alert region for form messages,"Render error/success messages inside an aria-live=""polite"" region.",form.space-y-4 'Full Name * Email Address * Phone * Serv',,200,yes,Accessibility Report
http://localhost:3000/technologies/java-mobile-development,Important,P2 - fix soon,Static,Form field without a label,"A form field has no label, so screen-reader users don't know what to type (placeholder isn't a label).",no <label>,<label for> / wrapping <label> / aria-label on every field,Add a visible <label> linked to the field id.,select,,200,yes,Accessibility Report
http://localhost:3000/technologies/java-mobile-development,Important,P2 - fix soon,Static,aria-controls points to a missing id,An ARIA reference points to an id that doesn't exist.,"aria-controls=""radix-_R_1ktqla4lubsnqtb_""",aria-labelledby / aria-describedby / aria-controls reference existing ids,Fix the id or the reference.,button#embedded-contact-service.group.flex.items-center [type=button] 'Service Type',,200,yes,Accessibility Report
http://localhost:3000/technologies/java-mobile-development,Optimization,P3 - improve,Static,Form without aria-live / role=alert region for error messages,Form errors aren't announced to screen-reader users.,(none),An aria-live / role=alert region for form messages,"Render error/success messages inside an aria-live=""polite"" region.",form.space-y-4 'Full Name * Email Address * Phone * Serv',,200,yes,Accessibility Report
http://localhost:3000/technologies/javascript-development,Important,P2 - fix soon,Static,Form field without a label,"A form field has no label, so screen-reader users don't know what to type (placeholder isn't a label).",no <label>,<label for> / wrapping <label> / aria-label on every field,Add a visible <label> linked to the field id.,select,,200,yes,Accessibility Report
http://localhost:3000/technologies/javascript-development,Important,P2 - fix soon,Static,aria-controls points to a missing id,An ARIA reference points to an id that doesn't exist.,"aria-controls=""radix-_R_1ktqla4lubsnqtb_""",aria-labelledby / aria-describedby / aria-controls reference existing ids,Fix the id or the reference.,button#embedded-contact-service.group.flex.items-center [type=button] 'Service Type',,200,yes,Accessibility Report
http://localhost:3000/technologies/javascript-development,Optimization,P3 - improve,Static,Form without aria-live / role=alert region for error messages,Form errors aren't announced to screen-reader users.,(none),An aria-live / role=alert region for form messages,"Render error/success messages inside an aria-live=""polite"" region.",form.space-y-4 'Full Name * Email Address * Phone * Serv',,200,yes,Accessibility Report
http://localhost:3000/technologies/jenkins-development,Important,P2 - fix soon,Static,Form field without a label,"A form field has no label, so screen-reader users don't know what to type (placeholder isn't a label).",no <label>,<label for> / wrapping <label> / aria-label on every field,Add a visible <label> linked to the field id.,select,,200,yes,Accessibility Report
http://localhost:3000/technologies/jenkins-development,Important,P2 - fix soon,Static,aria-controls points to a missing id,An ARIA reference points to an id that doesn't exist.,"aria-controls=""radix-_R_1ktqla4lubsnqtb_""",aria-labelledby / aria-describedby / aria-controls reference existing ids,Fix the id or the reference.,button#embedded-contact-service.group.flex.items-center [type=button] 'Service Type',,200,yes,Accessibility Report
http://localhost:3000/technologies/jenkins-development,Optimization,P3 - improve,Static,Form without aria-live / role=alert region for error messages,Form errors aren't announced to screen-reader users.,(none),An aria-live / role=alert region for form messages,"Render error/success messages inside an aria-live=""polite"" region.",form.space-y-4 'Full Name * Email Address * Phone * Serv',,200,yes,Accessibility Report
http://localhost:3000/technologies/jest-testing,Important,P2 - fix soon,Static,Form field without a label,"A form field has no label, so screen-reader users don't know what to type (placeholder isn't a label).",no <label>,<label for> / wrapping <label> / aria-label on every field,Add a visible <label> linked to the field id.,select,,200,yes,Accessibility Report
http://localhost:3000/technologies/jest-testing,Important,P2 - fix soon,Static,aria-controls points to a missing id,An ARIA reference points to an id that doesn't exist.,"aria-controls=""radix-_R_1ktqla4lubsnqtb_""",aria-labelledby / aria-describedby / aria-controls reference existing ids,Fix the id or the reference.,button#embedded-contact-service.group.flex.items-center [type=button] 'Service Type',,200,yes,Accessibility Report
http://localhost:3000/technologies/jest-testing,Optimization,P3 - improve,Static,Form without aria-live / role=alert region for error messages,Form errors aren't announced to screen-reader users.,(none),An aria-live / role=alert region for form messages,"Render error/success messages inside an aria-live=""polite"" region.",form.space-y-4 'Full Name * Email Address * Phone * Serv',,200,yes,Accessibility Report
http://localhost:3000/technologies/joomla-development,Important,P2 - fix soon,Static,Form field without a label,"A form field has no label, so screen-reader users don't know what to type (placeholder isn't a label).",no <label>,<label for> / wrapping <label> / aria-label on every field,Add a visible <label> linked to the field id.,select,,200,yes,Accessibility Report
http://localhost:3000/technologies/joomla-development,Important,P2 - fix soon,Static,aria-controls points to a missing id,An ARIA reference points to an id that doesn't exist.,"aria-controls=""radix-_R_1ktqla4lubsnqtb_""",aria-labelledby / aria-describedby / aria-controls reference existing ids,Fix the id or the reference.,button#embedded-contact-service.group.flex.items-center [type=button] 'Service Type',,200,yes,Accessibility Report
http://localhost:3000/technologies/joomla-development,Optimization,P3 - improve,Static,Form without aria-live / role=alert region for error messages,Form errors aren't announced to screen-reader users.,(none),An aria-live / role=alert region for form messages,"Render error/success messages inside an aria-live=""polite"" region.",form.space-y-4 'Full Name * Email Address * Phone * Serv',,200,yes,Accessibility Report
http://localhost:3000/technologies/jquery-development,Important,P2 - fix soon,Static,Form field without a label,"A form field has no label, so screen-reader users don't know what to type (placeholder isn't a label).",no <label>,<label for> / wrapping <label> / aria-label on every field,Add a visible <label> linked to the field id.,select,,200,yes,Accessibility Report
http://localhost:3000/technologies/jquery-development,Important,P2 - fix soon,Static,aria-controls points to a missing id,An ARIA reference points to an id that doesn't exist.,"aria-controls=""radix-_R_1ktqla4lubsnqtb_""",aria-labelledby / aria-describedby / aria-controls reference existing ids,Fix the id or the reference.,button#embedded-contact-service.group.flex.items-center [type=button] 'Service Type',,200,yes,Accessibility Report
http://localhost:3000/technologies/jquery-development,Optimization,P3 - improve,Static,Form without aria-live / role=alert region for error messages,Form errors aren't announced to screen-reader users.,(none),An aria-live / role=alert region for form messages,"Render error/success messages inside an aria-live=""polite"" region.",form.space-y-4 'Full Name * Email Address * Phone * Serv',,200,yes,Accessibility Report
http://localhost:3000/technologies/kotlin-development,Important,P2 - fix soon,Static,Form field without a label,"A form field has no label, so screen-reader users don't know what to type (placeholder isn't a label).",no <label>,<label for> / wrapping <label> / aria-label on every field,Add a visible <label> linked to the field id.,select,,200,yes,Accessibility Report
http://localhost:3000/technologies/kotlin-development,Important,P2 - fix soon,Static,aria-controls points to a missing id,An ARIA reference points to an id that doesn't exist.,"aria-controls=""radix-_R_1ktqla4lubsnqtb_""",aria-labelledby / aria-describedby / aria-controls reference existing ids,Fix the id or the reference.,button#embedded-contact-service.group.flex.items-center [type=button] 'Service Type',,200,yes,Accessibility Report
http://localhost:3000/technologies/kotlin-development,Optimization,P3 - improve,Static,Form without aria-live / role=alert region for error messages,Form errors aren't announced to screen-reader users.,(none),An aria-live / role=alert region for form messages,"Render error/success messages inside an aria-live=""polite"" region.",form.space-y-4 'Full Name * Email Address * Phone * Serv',,200,yes,Accessibility Report
http://localhost:3000/technologies/kubernetes-development,Important,P2 - fix soon,Static,Form field without a label,"A form field has no label, so screen-reader users don't know what to type (placeholder isn't a label).",no <label>,<label for> / wrapping <label> / aria-label on every field,Add a visible <label> linked to the field id.,select,,200,yes,Accessibility Report
http://localhost:3000/technologies/kubernetes-development,Important,P2 - fix soon,Static,aria-controls points to a missing id,An ARIA reference points to an id that doesn't exist.,"aria-controls=""radix-_R_1ktqla4lubsnqtb_""",aria-labelledby / aria-describedby / aria-controls reference existing ids,Fix the id or the reference.,button#embedded-contact-service.group.flex.items-center [type=button] 'Service Type',,200,yes,Accessibility Report
http://localhost:3000/technologies/kubernetes-development,Optimization,P3 - improve,Static,Form without aria-live / role=alert region for error messages,Form errors aren't announced to screen-reader users.,(none),An aria-live / role=alert region for form messages,"Render error/success messages inside an aria-live=""polite"" region.",form.space-y-4 'Full Name * Email Address * Phone * Serv',,200,yes,Accessibility Report
http://localhost:3000/technologies/langchain-development,Important,P2 - fix soon,Static,Form field without a label,"A form field has no label, so screen-reader users don't know what to type (placeholder isn't a label).",no <label>,<label for> / wrapping <label> / aria-label on every field,Add a visible <label> linked to the field id.,select,,200,yes,Accessibility Report
http://localhost:3000/technologies/langchain-development,Important,P2 - fix soon,Static,aria-controls points to a missing id,An ARIA reference points to an id that doesn't exist.,"aria-controls=""radix-_R_1ktqla4lubsnqtb_""",aria-labelledby / aria-describedby / aria-controls reference existing ids,Fix the id or the reference.,button#embedded-contact-service.group.flex.items-center [type=button] 'Service Type',,200,yes,Accessibility Report
http://localhost:3000/technologies/langchain-development,Important,P2 - fix soon,Touch targets,Touch targets smaller than 24x24 px,"Touch targets are smaller than 24x24 px, too small to tap reliably (WCAG 2.5.8).",57x22 px,24x24 px minimum (44x44 recommended),Increase padding / min-width / min-height of the element.,Home,390 px phone viewport,200,yes,Accessibility Report
http://localhost:3000/technologies/langchain-development,Important,P2 - fix soon,Touch targets,Touch targets smaller than 24x24 px,"Touch targets are smaller than 24x24 px, too small to tap reliably (WCAG 2.5.8).",88x22 px,24x24 px minimum (44x44 recommended),Increase padding / min-width / min-height of the element.,Technologies,390 px phone viewport,200,yes,Accessibility Report
http://localhost:3000/technologies/langchain-development,Important,P2 - fix soon,Touch targets,Touch targets smaller than 24x24 px,"Touch targets are smaller than 24x24 px, too small to tap reliably (WCAG 2.5.8).",1x1 px,24x24 px minimum (44x44 recommended),Increase padding / min-width / min-height of the element.,"Web Development
Mobile App Dev",390 px phone viewport,200,yes,Accessibility Report
http://localhost:3000/technologies/langchain-development,Important,P2 - fix soon,Touch targets,Touch targets smaller than 24x24 px,"Touch targets are smaller than 24x24 px, too small to tap reliably (WCAG 2.5.8).",32x8 px,24x24 px minimum (44x44 recommended),Increase padding / min-width / min-height of the element.,Go to step 1,390 px phone viewport,200,yes,Accessibility Report
http://localhost:3000/technologies/langchain-development,Important,P2 - fix soon,Touch targets,Touch targets smaller than 24x24 px,"Touch targets are smaller than 24x24 px, too small to tap reliably (WCAG 2.5.8).",8x8 px,24x24 px minimum (44x44 recommended),Increase padding / min-width / min-height of the element.,Go to step 2,390 px phone viewport,200,yes,Accessibility Report
http://localhost:3000/technologies/langchain-development,Important,P2 - fix soon,Touch targets,Touch targets smaller than 24x24 px,"Touch targets are smaller than 24x24 px, too small to tap reliably (WCAG 2.5.8).",8x8 px,24x24 px minimum (44x44 recommended),Increase padding / min-width / min-height of the element.,Go to step 3,390 px phone viewport,200,yes,Accessibility Report
http://localhost:3000/technologies/langchain-development,Important,P2 - fix soon,Touch targets,Touch targets smaller than 24x24 px,"Touch targets are smaller than 24x24 px, too small to tap reliably (WCAG 2.5.8).",8x8 px,24x24 px minimum (44x44 recommended),Increase padding / min-width / min-height of the element.,Go to step 4,390 px phone viewport,200,yes,Accessibility Report
http://localhost:3000/technologies/langchain-development,Important,P2 - fix soon,Touch targets,Touch targets smaller than 24x24 px,"Touch targets are smaller than 24x24 px, too small to tap reliably (WCAG 2.5.8).",8x8 px,24x24 px minimum (44x44 recommended),Increase padding / min-width / min-height of the element.,Go to step 5,390 px phone viewport,200,yes,Accessibility Report
http://localhost:3000/technologies/langchain-development,Important,P2 - fix soon,Touch targets,Touch targets smaller than 24x24 px,"Touch targets are smaller than 24x24 px, too small to tap reliably (WCAG 2.5.8).",8x8 px,24x24 px minimum (44x44 recommended),Increase padding / min-width / min-height of the element.,Go to step 6,390 px phone viewport,200,yes,Accessibility Report
http://localhost:3000/technologies/langchain-development,Important,P2 - fix soon,Touch targets,Touch targets smaller than 24x24 px,"Touch targets are smaller than 24x24 px, too small to tap reliably (WCAG 2.5.8).",105x20 px,24x24 px minimum (44x44 recommended),Increase padding / min-width / min-height of the element.,+91 95128 15630,390 px phone viewport,200,yes,Accessibility Report
http://localhost:3000/technologies/langchain-development,Important,P2 - fix soon,Touch targets,Touch targets smaller than 24x24 px,"Touch targets are smaller than 24x24 px, too small to tap reliably (WCAG 2.5.8).",358x20 px,24x24 px minimum (44x44 recommended),Increase padding / min-width / min-height of the element.,hello@semicolon.agency,390 px phone viewport,200,yes,Accessibility Report
http://localhost:3000/technologies/langchain-development,Important,P2 - fix soon,Touch targets,Touch targets smaller than 24x24 px,"Touch targets are smaller than 24x24 px, too small to tap reliably (WCAG 2.5.8).",358x20 px,24x24 px minimum (44x44 recommended),Increase padding / min-width / min-height of the element.,+91 95128 15630,390 px phone viewport,200,yes,Accessibility Report
http://localhost:3000/technologies/langchain-development,Important,P2 - fix soon,Touch targets,Touch targets smaller than 24x24 px,"Touch targets are smaller than 24x24 px, too small to tap reliably (WCAG 2.5.8).",93x20 px,24x24 px minimum (44x44 recommended),Increase padding / min-width / min-height of the element.,Apply now,390 px phone viewport,200,yes,Accessibility Report
http://localhost:3000/technologies/langchain-development,Important,P2 - fix soon,axe-core,color-contrast: Elements must meet minimum color contrast ratio thresholds,Ensure the contrast between foreground and background colors meets WCAG 2 AA minimum contrast ratio thresholds,"Element has insufficient color contrast of 4.22 (foreground color: #006ce0, background color: #e2eefa, font size: 9.0pt (12px), font weight: normal). Expected contrast ratio of 4.5:1",no axe-core violation,"Element has insufficient color contrast of 4.22 (foreground color: #006ce0, background color: #e2eefa, font size: 9.0pt (12px), font weight: normal). Expected contrast ratio of 4.5:1 - see https://dequeuniversity.com/rules/axe/4.12/color-contrast?application=axeAPI",.lg\:grid-cols-2 > .lg\:text-left.text-center > .eyebrow.mb-4,"impact serious; html: <span class=""eyebrow mb-4"">AI / ML</span>",200,yes,Accessibility Report
http://localhost:3000/technologies/langchain-development,Important,P2 - fix soon,axe-core,color-contrast: Elements must meet minimum color contrast ratio thresholds,Ensure the contrast between foreground and background colors meets WCAG 2 AA minimum contrast ratio thresholds,"Element has insufficient color contrast of 4.22 (foreground color: #006ce0, background color: #e2eefa, font size: 9.0pt (12px), font weight: normal). Expected contrast ratio of 4.5:1",no axe-core violation,"Element has insufficient color contrast of 4.22 (foreground color: #006ce0, background color: #e2eefa, font size: 9.0pt (12px), font weight: normal). Expected contrast ratio of 4.5:1 - see https://dequeuniversity.com/rules/axe/4.12/color-contrast?application=axeAPI",.container-site.relative > .mb-10.max-w-3xl.md\:mb-14 > .eyebrow.mb-4,"impact serious; html: <span class=""eyebrow mb-4"">",200,yes,Accessibility Report
http://localhost:3000/technologies/langchain-development,Important,P2 - fix soon,axe-core,color-contrast: Elements must meet minimum color contrast ratio thresholds,Ensure the contrast between foreground and background colors meets WCAG 2 AA minimum contrast ratio thresholds,"Element has insufficient color contrast of 4.48 (foreground color: #007a55, background color: #d5f1e7, font size: 7.5pt (10px), font weight: bold). Expected contrast ratio of 4.5:1",no axe-core violation,"Element has insufficient color contrast of 4.48 (foreground color: #007a55, background color: #d5f1e7, font size: 7.5pt (10px), font weight: bold). Expected contrast ratio of 4.5:1 - see https://dequeuniversity.com/rules/axe/4.12/color-contrast?application=axeAPI",.text-emerald-700,"impact serious; html: <span class=""rounded-full bg-emerald-500/15 px-2 py-0.5 text-[10px] font-bold uppercase tracking-wide text-emerald-700 dark:text-emerald-300"">Recent</",200,yes,Accessibility Report
http://localhost:3000/technologies/langchain-development,Important,P2 - fix soon,axe-core,color-contrast: Elements must meet minimum color contrast ratio thresholds,Ensure the contrast between foreground and background colors meets WCAG 2 AA minimum contrast ratio thresholds,"Element has insufficient color contrast of 4.45 (foreground color: #bb4d00, background color: #faf0e1, font size: 9.0pt (12px), font weight: normal). Expected contrast ratio of 4.5:1",no axe-core violation,"Element has insufficient color contrast of 4.45 (foreground color: #bb4d00, background color: #faf0e1, font size: 9.0pt (12px), font weight: normal). Expected contrast ratio of 4.5:1 - see https://dequeuniversity.com/rules/axe/4.12/color-contrast?application=axeAPI",.text-amber-700,"impact serious; html: <p class=""mt-2 inline-block rounded-full px-3 py-1 text-xs font-semibold text-amber-700 dark:text-amber-300 bg-amber-500/10"">Ideal for: <!-- -->Evolvi",200,yes,Accessibility Report
http://localhost:3000/technologies/langchain-development,Important,P2 - fix soon,axe-core,color-contrast: Elements must meet minimum color contrast ratio thresholds,Ensure the contrast between foreground and background colors meets WCAG 2 AA minimum contrast ratio thresholds,"Element has insufficient color contrast of 4.22 (foreground color: #006ce0, background color: #e2eefa, font size: 9.0pt (12px), font weight: normal). Expected contrast ratio of 4.5:1",no axe-core violation,"Element has insufficient color contrast of 4.22 (foreground color: #006ce0, background color: #e2eefa, font size: 9.0pt (12px), font weight: normal). Expected contrast ratio of 4.5:1 - see https://dequeuniversity.com/rules/axe/4.12/color-contrast?application=axeAPI",.bg-\[hsl\(var\(--muted\)\/0\.3\)\].section > .container-site > .mb-10.md\:mb-14.max-w-3xl > .eyebrow.mb-4,"impact serious; html: <span class=""eyebrow mb-4"">Portfolio</span>",200,yes,Accessibility Report
http://localhost:3000/technologies/langchain-development,Important,P2 - fix soon,axe-core,color-contrast: Elements must meet minimum color contrast ratio thresholds,Ensure the contrast between foreground and background colors meets WCAG 2 AA minimum contrast ratio thresholds,"Element has insufficient color contrast of 4.22 (foreground color: #006ce0, background color: #e2eefa, font size: 9.0pt (12px), font weight: normal). Expected contrast ratio of 4.5:1",no axe-core violation,"Element has insufficient color contrast of 4.22 (foreground color: #006ce0, background color: #e2eefa, font size: 9.0pt (12px), font weight: normal). Expected contrast ratio of 4.5:1 - see https://dequeuniversity.com/rules/axe/4.12/color-contrast?application=axeAPI",.section-sm > .container-site > .mb-10.max-w-3xl.mx-auto > .eyebrow.mb-4,"impact serious; html: <span class=""eyebrow mb-4"">Explore more</span>",200,yes,Accessibility Report
http://localhost:3000/technologies/langchain-development,Important,P2 - fix soon,axe-core,color-contrast: Elements must meet minimum color contrast ratio thresholds,Ensure the contrast between foreground and background colors meets WCAG 2 AA minimum contrast ratio thresholds,"Element has insufficient color contrast of 4.31 (foreground color: #006ce0, background color: #e6f0fc, font size: 9.0pt (12px), font weight: normal). Expected contrast ratio of 4.5:1",no axe-core violation,"Element has insufficient color contrast of 4.31 (foreground color: #006ce0, background color: #e6f0fc, font size: 9.0pt (12px), font weight: normal). Expected contrast ratio of 4.5:1 - see https://dequeuniversity.com/rules/axe/4.12/color-contrast?application=axeAPI",.w-fit,"impact serious; html: <span class=""eyebrow mb-4 w-fit self-center lg:self-start"">Get in Touch</span>",200,yes,Accessibility Report
http://localhost:3000/technologies/langchain-development,Important,P2 - fix soon,axe-core,color-contrast: Elements must meet minimum color contrast ratio thresholds,Ensure the contrast between foreground and background colors meets WCAG 2 AA minimum contrast ratio thresholds,"Element has insufficient color contrast of 4.45 (foreground color: #006ce0, background color: #eef3f9, font size: 10.5pt (14px), font weight: normal). Expected contrast ratio of 4.5:1",no axe-core violation,"Element has insufficient color contrast of 4.45 (foreground color: #006ce0, background color: #eef3f9, font size: 10.5pt (14px), font weight: normal). Expected contrast ratio of 4.5:1 - see https://dequeuniversity.com/rules/axe/4.12/color-contrast?application=axeAPI",".gap-1\.5.inline-flex[href$=""internships""]","impact serious; html: <a class=""group inline-flex items-center gap-1.5 text-sm font-semibold text-primary"" href=""/internships"">",200,yes,Accessibility Report
http://localhost:3000/technologies/langchain-development,Optimization,P3 - improve,Static,Form without aria-live / role=alert region for error messages,Form errors aren't announced to screen-reader users.,(none),An aria-live / role=alert region for form messages,"Render error/success messages inside an aria-live=""polite"" region.",form.space-y-4 'Full Name * Email Address * Phone * Serv',,200,yes,Accessibility Report
http://localhost:3000/technologies/langchain-development,Optimization,P3 - improve,Touch targets,Touch targets smaller than 44x44 px,Touch targets are smaller than the recommended 44x44 px.,141x36 px,44x44 px,Increase padding / min-height on the element.,"S
Semicolon",390 px phone viewport,200,yes,Accessibility Report
http://localhost:3000/technologies/langchain-development,Optimization,P3 - improve,Touch targets,Touch targets smaller than 44x44 px,Touch targets are smaller than the recommended 44x44 px.,87x40 px,44x44 px,Increase padding / min-height on the element.,EN,390 px phone viewport,200,yes,Accessibility Report
http://localhost:3000/technologies/langchain-development,Optimization,P3 - improve,Touch targets,Touch targets smaller than 44x44 px,Touch targets are smaller than the recommended 44x44 px.,40x40 px,44x44 px,Increase padding / min-height on the element.,Switch to dark mode,390 px phone viewport,200,yes,Accessibility Report
http://localhost:3000/technologies/langchain-development,Optimization,P3 - improve,Touch targets,Touch targets smaller than 44x44 px,Touch targets are smaller than the recommended 44x44 px.,40x40 px,44x44 px,Increase padding / min-height on the element.,Open menu,390 px phone viewport,200,yes,Accessibility Report
http://localhost:3000/technologies/langchain-development,Optimization,P3 - improve,Touch targets,Touch targets smaller than 44x44 px,Touch targets are smaller than the recommended 44x44 px.,40x40 px,44x44 px,Increase padding / min-height on the element.,Previous version,390 px phone viewport,200,yes,Accessibility Report
http://localhost:3000/technologies/langchain-development,Optimization,P3 - improve,Touch targets,Touch targets smaller than 44x44 px,Touch targets are smaller than the recommended 44x44 px.,40x40 px,44x44 px,Increase padding / min-height on the element.,Next version,390 px phone viewport,200,yes,Accessibility Report
http://localhost:3000/technologies/langchain-development,Optimization,P3 - improve,Touch targets,Touch targets smaller than 44x44 px,Touch targets are smaller than the recommended 44x44 px.,63x24 px,44x44 px,Increase padding / min-height on the element.,Copy,390 px phone viewport,200,yes,Accessibility Report
http://localhost:3000/technologies/langchain-development,Optimization,P3 - improve,Touch targets,Touch targets smaller than 44x44 px,Touch targets are smaller than the recommended 44x44 px.,276x24 px,44x44 px,Increase padding / min-height on the element.,Compare all engagement models,390 px phone viewport,200,yes,Accessibility Report
http://localhost:3000/technologies/langchain-development,Optimization,P3 - improve,Touch targets,Touch targets smaller than 44x44 px,Touch targets are smaller than the recommended 44x44 px.,316x38 px,44x44 px,Increase padding / min-height on the element.,AI App Development,390 px phone viewport,200,yes,Accessibility Report
http://localhost:3000/technologies/langchain-development,Optimization,P3 - improve,Touch targets,Touch targets smaller than 44x44 px,Touch targets are smaller than the recommended 44x44 px.,316x38 px,44x44 px,Increase padding / min-height on the element.,ML Development,390 px phone viewport,200,yes,Accessibility Report
http://localhost:3000/technologies/langchain-development,Optimization,P3 - improve,Touch targets,Touch targets smaller than 44x44 px,Touch targets are smaller than the recommended 44x44 px.,316x38 px,44x44 px,Increase padding / min-height on the element.,Chatbot Development,390 px phone viewport,200,yes,Accessibility Report
http://localhost:3000/technologies/langchain-development,Optimization,P3 - improve,Touch targets,Touch targets smaller than 44x44 px,Touch targets are smaller than the recommended 44x44 px.,316x38 px,44x44 px,Increase padding / min-height on the element.,IoT Development,390 px phone viewport,200,yes,Accessibility Report
http://localhost:3000/technologies/langchain-development,Optimization,P3 - improve,Touch targets,Touch targets smaller than 44x44 px,Touch targets are smaller than the recommended 44x44 px.,316x38 px,44x44 px,Increase padding / min-height on the element.,Healthcare,390 px phone viewport,200,yes,Accessibility Report
http://localhost:3000/technologies/langchain-development,Optimization,P3 - improve,Touch targets,Touch targets smaller than 44x44 px,Touch targets are smaller than the recommended 44x44 px.,316x38 px,44x44 px,Increase padding / min-height on the element.,AI & Data-Driven Businesses,390 px phone viewport,200,yes,Accessibility Report
http://localhost:3000/technologies/langchain-development,Optimization,P3 - improve,Touch targets,Touch targets smaller than 44x44 px,Touch targets are smaller than the recommended 44x44 px.,316x38 px,44x44 px,Increase padding / min-height on the element.,Manufacturing,390 px phone viewport,200,yes,Accessibility Report
http://localhost:3000/technologies/langchain-development,Optimization,P3 - improve,Touch targets,Touch targets smaller than 44x44 px,Touch targets are smaller than the recommended 44x44 px.,316x38 px,44x44 px,Increase padding / min-height on the element.,Pharmaceutical,390 px phone viewport,200,yes,Accessibility Report
http://localhost:3000/technologies/langchain-development,Optimization,P3 - improve,Touch targets,Touch targets smaller than 44x44 px,Touch targets are smaller than the recommended 44x44 px.,156x38 px,44x44 px,Increase padding / min-height on the element.,Artificial Intelligence,390 px phone viewport,200,yes,Accessibility Report
http://localhost:3000/technologies/langchain-development,Optimization,P3 - improve,Touch targets,Touch targets smaller than 44x44 px,Touch targets are smaller than the recommended 44x44 px.,156x38 px,44x44 px,Increase padding / min-height on the element.,Machine Learning,390 px phone viewport,200,yes,Accessibility Report
http://localhost:3000/technologies/langchain-development,Optimization,P3 - improve,Touch targets,Touch targets smaller than 44x44 px,Touch targets are smaller than the recommended 44x44 px.,156x38 px,44x44 px,Increase padding / min-height on the element.,Deep Learning,390 px phone viewport,200,yes,Accessibility Report
http://localhost:3000/technologies/langchain-development,Optimization,P3 - improve,Touch targets,Touch targets smaller than 44x44 px,Touch targets are smaller than the recommended 44x44 px.,156x38 px,44x44 px,Increase padding / min-height on the element.,Generative AI,390 px phone viewport,200,yes,Accessibility Report
http://localhost:3000/technologies/langchain-development,Optimization,P3 - improve,Touch targets,Touch targets smaller than 44x44 px,Touch targets are smaller than the recommended 44x44 px.,156x38 px,44x44 px,Increase padding / min-height on the element.,OpenAI,390 px phone viewport,200,yes,Accessibility Report
http://localhost:3000/technologies/langchain-development,Optimization,P3 - improve,Touch targets,Touch targets smaller than 44x44 px,Touch targets are smaller than the recommended 44x44 px.,156x38 px,44x44 px,Increase padding / min-height on the element.,Gemini,390 px phone viewport,200,yes,Accessibility Report
http://localhost:3000/technologies/langchain-development,Optimization,P3 - improve,Touch targets,Touch targets smaller than 44x44 px,Touch targets are smaller than the recommended 44x44 px.,156x38 px,44x44 px,Increase padding / min-height on the element.,Claude,390 px phone viewport,200,yes,Accessibility Report
http://localhost:3000/technologies/langchain-development,Optimization,P3 - improve,Touch targets,Touch targets smaller than 44x44 px,Touch targets are smaller than the recommended 44x44 px.,156x38 px,44x44 px,Increase padding / min-height on the element.,TensorFlow,390 px phone viewport,200,yes,Accessibility Report
http://localhost:3000/technologies/langchain-development,Optimization,P3 - improve,Touch targets,Touch targets smaller than 44x44 px,Touch targets are smaller than the recommended 44x44 px.,306x40 px,44x44 px,Increase padding / min-height on the element.,INPUT,390 px phone viewport,200,yes,Accessibility Report
http://localhost:3000/technologies/langchain-development,Optimization,P3 - improve,Touch targets,Touch targets smaller than 44x44 px,Touch targets are smaller than the recommended 44x44 px.,306x40 px,44x44 px,Increase padding / min-height on the element.,INPUT,390 px phone viewport,200,yes,Accessibility Report
http://localhost:3000/technologies/langchain-development,Optimization,P3 - improve,Touch targets,Touch targets smaller than 44x44 px,Touch targets are smaller than the recommended 44x44 px.,306x40 px,44x44 px,Increase padding / min-height on the element.,INPUT,390 px phone viewport,200,yes,Accessibility Report
http://localhost:3000/technologies/langchain-development,Optimization,P3 - improve,Touch targets,Touch targets smaller than 44x44 px,Touch targets are smaller than the recommended 44x44 px.,306x40 px,44x44 px,Increase padding / min-height on the element.,INPUT,390 px phone viewport,200,yes,Accessibility Report
http://localhost:3000/technologies/langchain-development,Optimization,P3 - improve,Touch targets,Touch targets smaller than 44x44 px,Touch targets are smaller than the recommended 44x44 px.,164x40 px,44x44 px,Increase padding / min-height on the element.,"S
Semicolon",390 px phone viewport,200,yes,Accessibility Report
http://localhost:3000/technologies/langchain-development,Optimization,P3 - improve,axe-core,landmark-unique: Landmarks should have a unique role or role/label/title (i.e. accessible name) combination,Ensure landmarks are unique,"The landmark must have a unique aria-label, aria-labelledby, or title to make landmarks distinguishable",no axe-core violation,"The landmark must have a unique aria-label, aria-labelledby, or title to make landmarks distinguishable - see https://dequeuniversity.com/rules/axe/4.12/landmark-unique?application=axeAPI",".card-surface.sm\:p-6[aria-label=""Industries""]","impact moderate; html: <nav aria-label=""Industries"" class=""card-surface flex flex-col p-5 sm:p-6"">",200,yes,Accessibility Report
http://localhost:3000/technologies/laravel-development,Important,P2 - fix soon,Static,Form field without a label,"A form field has no label, so screen-reader users don't know what to type (placeholder isn't a label).",no <label>,<label for> / wrapping <label> / aria-label on every field,Add a visible <label> linked to the field id.,select,,200,yes,Accessibility Report
http://localhost:3000/technologies/laravel-development,Important,P2 - fix soon,Static,aria-controls points to a missing id,An ARIA reference points to an id that doesn't exist.,"aria-controls=""radix-_R_1ktqla4lubsnqtb_""",aria-labelledby / aria-describedby / aria-controls reference existing ids,Fix the id or the reference.,button#embedded-contact-service.group.flex.items-center [type=button] 'Service Type',,200,yes,Accessibility Report
http://localhost:3000/technologies/laravel-development,Optimization,P3 - improve,Static,Form without aria-live / role=alert region for error messages,Form errors aren't announced to screen-reader users.,(none),An aria-live / role=alert region for form messages,"Render error/success messages inside an aria-live=""polite"" region.",form.space-y-4 'Full Name * Email Address * Phone * Serv',,200,yes,Accessibility Report
http://localhost:3000/technologies/linux-development,Important,P2 - fix soon,Static,Form field without a label,"A form field has no label, so screen-reader users don't know what to type (placeholder isn't a label).",no <label>,<label for> / wrapping <label> / aria-label on every field,Add a visible <label> linked to the field id.,select,,200,yes,Accessibility Report
http://localhost:3000/technologies/linux-development,Important,P2 - fix soon,Static,aria-controls points to a missing id,An ARIA reference points to an id that doesn't exist.,"aria-controls=""radix-_R_1ktqla4lubsnqtb_""",aria-labelledby / aria-describedby / aria-controls reference existing ids,Fix the id or the reference.,button#embedded-contact-service.group.flex.items-center [type=button] 'Service Type',,200,yes,Accessibility Report
http://localhost:3000/technologies/linux-development,Optimization,P3 - improve,Static,Form without aria-live / role=alert region for error messages,Form errors aren't announced to screen-reader users.,(none),An aria-live / role=alert region for form messages,"Render error/success messages inside an aria-live=""polite"" region.",form.space-y-4 'Full Name * Email Address * Phone * Serv',,200,yes,Accessibility Report
http://localhost:3000/technologies/local-seo-services,Important,P2 - fix soon,Static,Form field without a label,"A form field has no label, so screen-reader users don't know what to type (placeholder isn't a label).",no <label>,<label for> / wrapping <label> / aria-label on every field,Add a visible <label> linked to the field id.,select,,200,yes,Accessibility Report
http://localhost:3000/technologies/local-seo-services,Important,P2 - fix soon,Static,aria-controls points to a missing id,An ARIA reference points to an id that doesn't exist.,"aria-controls=""radix-_R_1ktqla4lubsnqtb_""",aria-labelledby / aria-describedby / aria-controls reference existing ids,Fix the id or the reference.,button#embedded-contact-service.group.flex.items-center [type=button] 'Service Type',,200,yes,Accessibility Report
http://localhost:3000/technologies/local-seo-services,Optimization,P3 - improve,Static,Form without aria-live / role=alert region for error messages,Form errors aren't announced to screen-reader users.,(none),An aria-live / role=alert region for form messages,"Render error/success messages inside an aria-live=""polite"" region.",form.space-y-4 'Full Name * Email Address * Phone * Serv',,200,yes,Accessibility Report
http://localhost:3000/technologies/machine-learning-development,Important,P2 - fix soon,Static,Form field without a label,"A form field has no label, so screen-reader users don't know what to type (placeholder isn't a label).",no <label>,<label for> / wrapping <label> / aria-label on every field,Add a visible <label> linked to the field id.,select,,200,yes,Accessibility Report
http://localhost:3000/technologies/machine-learning-development,Important,P2 - fix soon,Static,aria-controls points to a missing id,An ARIA reference points to an id that doesn't exist.,"aria-controls=""radix-_R_1ktqla4lubsnqtb_""",aria-labelledby / aria-describedby / aria-controls reference existing ids,Fix the id or the reference.,button#embedded-contact-service.group.flex.items-center [type=button] 'Service Type',,200,yes,Accessibility Report
http://localhost:3000/technologies/machine-learning-development,Optimization,P3 - improve,Static,Form without aria-live / role=alert region for error messages,Form errors aren't announced to screen-reader users.,(none),An aria-live / role=alert region for form messages,"Render error/success messages inside an aria-live=""polite"" region.",form.space-y-4 'Full Name * Email Address * Phone * Serv',,200,yes,Accessibility Report
http://localhost:3000/technologies/magento-cms-development,Important,P2 - fix soon,Static,Form field without a label,"A form field has no label, so screen-reader users don't know what to type (placeholder isn't a label).",no <label>,<label for> / wrapping <label> / aria-label on every field,Add a visible <label> linked to the field id.,select,,200,yes,Accessibility Report
http://localhost:3000/technologies/magento-cms-development,Important,P2 - fix soon,Static,aria-controls points to a missing id,An ARIA reference points to an id that doesn't exist.,"aria-controls=""radix-_R_1ktqla4lubsnqtb_""",aria-labelledby / aria-describedby / aria-controls reference existing ids,Fix the id or the reference.,button#embedded-contact-service.group.flex.items-center [type=button] 'Service Type',,200,yes,Accessibility Report
http://localhost:3000/technologies/magento-cms-development,Optimization,P3 - improve,Static,Form without aria-live / role=alert region for error messages,Form errors aren't announced to screen-reader users.,(none),An aria-live / role=alert region for form messages,"Render error/success messages inside an aria-live=""polite"" region.",form.space-y-4 'Full Name * Email Address * Phone * Serv',,200,yes,Accessibility Report
http://localhost:3000/technologies/magento-development,Important,P2 - fix soon,Static,Form field without a label,"A form field has no label, so screen-reader users don't know what to type (placeholder isn't a label).",no <label>,<label for> / wrapping <label> / aria-label on every field,Add a visible <label> linked to the field id.,select,,200,yes,Accessibility Report
http://localhost:3000/technologies/magento-development,Important,P2 - fix soon,Static,aria-controls points to a missing id,An ARIA reference points to an id that doesn't exist.,"aria-controls=""radix-_R_1ktqla4lubsnqtb_""",aria-labelledby / aria-describedby / aria-controls reference existing ids,Fix the id or the reference.,button#embedded-contact-service.group.flex.items-center [type=button] 'Service Type',,200,yes,Accessibility Report
http://localhost:3000/technologies/magento-development,Optimization,P3 - improve,Static,Form without aria-live / role=alert region for error messages,Form errors aren't announced to screen-reader users.,(none),An aria-live / role=alert region for form messages,"Render error/success messages inside an aria-live=""polite"" region.",form.space-y-4 'Full Name * Email Address * Phone * Serv',,200,yes,Accessibility Report
http://localhost:3000/technologies/manual-testing,Important,P2 - fix soon,Static,Form field without a label,"A form field has no label, so screen-reader users don't know what to type (placeholder isn't a label).",no <label>,<label for> / wrapping <label> / aria-label on every field,Add a visible <label> linked to the field id.,select,,200,yes,Accessibility Report
http://localhost:3000/technologies/manual-testing,Important,P2 - fix soon,Static,aria-controls points to a missing id,An ARIA reference points to an id that doesn't exist.,"aria-controls=""radix-_R_1ktqla4lubsnqtb_""",aria-labelledby / aria-describedby / aria-controls reference existing ids,Fix the id or the reference.,button#embedded-contact-service.group.flex.items-center [type=button] 'Service Type',,200,yes,Accessibility Report
http://localhost:3000/technologies/manual-testing,Optimization,P3 - improve,Static,Form without aria-live / role=alert region for error messages,Form errors aren't announced to screen-reader users.,(none),An aria-live / role=alert region for form messages,"Render error/success messages inside an aria-live=""polite"" region.",form.space-y-4 'Full Name * Email Address * Phone * Serv',,200,yes,Accessibility Report
http://localhost:3000/technologies/mariadb-development,Important,P2 - fix soon,Static,Form field without a label,"A form field has no label, so screen-reader users don't know what to type (placeholder isn't a label).",no <label>,<label for> / wrapping <label> / aria-label on every field,Add a visible <label> linked to the field id.,select,,200,yes,Accessibility Report
http://localhost:3000/technologies/mariadb-development,Important,P2 - fix soon,Static,aria-controls points to a missing id,An ARIA reference points to an id that doesn't exist.,"aria-controls=""radix-_R_1ktqla4lubsnqtb_""",aria-labelledby / aria-describedby / aria-controls reference existing ids,Fix the id or the reference.,button#embedded-contact-service.group.flex.items-center [type=button] 'Service Type',,200,yes,Accessibility Report
http://localhost:3000/technologies/mariadb-development,Optimization,P3 - improve,Static,Form without aria-live / role=alert region for error messages,Form errors aren't announced to screen-reader users.,(none),An aria-live / role=alert region for form messages,"Render error/success messages inside an aria-live=""polite"" region.",form.space-y-4 'Full Name * Email Address * Phone * Serv',,200,yes,Accessibility Report
http://localhost:3000/technologies/marketing-automation,Important,P2 - fix soon,Static,Form field without a label,"A form field has no label, so screen-reader users don't know what to type (placeholder isn't a label).",no <label>,<label for> / wrapping <label> / aria-label on every field,Add a visible <label> linked to the field id.,select,,200,yes,Accessibility Report
http://localhost:3000/technologies/marketing-automation,Important,P2 - fix soon,Static,aria-controls points to a missing id,An ARIA reference points to an id that doesn't exist.,"aria-controls=""radix-_R_1ktqla4lubsnqtb_""",aria-labelledby / aria-describedby / aria-controls reference existing ids,Fix the id or the reference.,button#embedded-contact-service.group.flex.items-center [type=button] 'Service Type',,200,yes,Accessibility Report
http://localhost:3000/technologies/marketing-automation,Optimization,P3 - improve,Static,Form without aria-live / role=alert region for error messages,Form errors aren't announced to screen-reader users.,(none),An aria-live / role=alert region for form messages,"Render error/success messages inside an aria-live=""polite"" region.",form.space-y-4 'Full Name * Email Address * Phone * Serv',,200,yes,Accessibility Report
http://localhost:3000/technologies/material-ui-development,Important,P2 - fix soon,Static,Form field without a label,"A form field has no label, so screen-reader users don't know what to type (placeholder isn't a label).",no <label>,<label for> / wrapping <label> / aria-label on every field,Add a visible <label> linked to the field id.,select,,200,yes,Accessibility Report
http://localhost:3000/technologies/material-ui-development,Important,P2 - fix soon,Static,aria-controls points to a missing id,An ARIA reference points to an id that doesn't exist.,"aria-controls=""radix-_R_1ktqla4lubsnqtb_""",aria-labelledby / aria-describedby / aria-controls reference existing ids,Fix the id or the reference.,button#embedded-contact-service.group.flex.items-center [type=button] 'Service Type',,200,yes,Accessibility Report
http://localhost:3000/technologies/material-ui-development,Optimization,P3 - improve,Static,Form without aria-live / role=alert region for error messages,Form errors aren't announced to screen-reader users.,(none),An aria-live / role=alert region for form messages,"Render error/success messages inside an aria-live=""polite"" region.",form.space-y-4 'Full Name * Email Address * Phone * Serv',,200,yes,Accessibility Report
http://localhost:3000/technologies/mobile-app-marketing,Important,P2 - fix soon,Static,Form field without a label,"A form field has no label, so screen-reader users don't know what to type (placeholder isn't a label).",no <label>,<label for> / wrapping <label> / aria-label on every field,Add a visible <label> linked to the field id.,select,,200,yes,Accessibility Report
http://localhost:3000/technologies/mobile-app-marketing,Important,P2 - fix soon,Static,aria-controls points to a missing id,An ARIA reference points to an id that doesn't exist.,"aria-controls=""radix-_R_1ktqla4lubsnqtb_""",aria-labelledby / aria-describedby / aria-controls reference existing ids,Fix the id or the reference.,button#embedded-contact-service.group.flex.items-center [type=button] 'Service Type',,200,yes,Accessibility Report
http://localhost:3000/technologies/mobile-app-marketing,Optimization,P3 - improve,Static,Form without aria-live / role=alert region for error messages,Form errors aren't announced to screen-reader users.,(none),An aria-live / role=alert region for form messages,"Render error/success messages inside an aria-live=""polite"" region.",form.space-y-4 'Full Name * Email Address * Phone * Serv',,200,yes,Accessibility Report
http://localhost:3000/technologies/mongodb-development,Important,P2 - fix soon,Static,Form field without a label,"A form field has no label, so screen-reader users don't know what to type (placeholder isn't a label).",no <label>,<label for> / wrapping <label> / aria-label on every field,Add a visible <label> linked to the field id.,select,,200,yes,Accessibility Report
http://localhost:3000/technologies/mongodb-development,Important,P2 - fix soon,Static,aria-controls points to a missing id,An ARIA reference points to an id that doesn't exist.,"aria-controls=""radix-_R_1ktqla4lubsnqtb_""",aria-labelledby / aria-describedby / aria-controls reference existing ids,Fix the id or the reference.,button#embedded-contact-service.group.flex.items-center [type=button] 'Service Type',,200,yes,Accessibility Report
http://localhost:3000/technologies/mongodb-development,Optimization,P3 - improve,Static,Form without aria-live / role=alert region for error messages,Form errors aren't announced to screen-reader users.,(none),An aria-live / role=alert region for form messages,"Render error/success messages inside an aria-live=""polite"" region.",form.space-y-4 'Full Name * Email Address * Phone * Serv',,200,yes,Accessibility Report
http://localhost:3000/technologies/mysql-development,Important,P2 - fix soon,Static,Form field without a label,"A form field has no label, so screen-reader users don't know what to type (placeholder isn't a label).",no <label>,<label for> / wrapping <label> / aria-label on every field,Add a visible <label> linked to the field id.,select,,200,yes,Accessibility Report
http://localhost:3000/technologies/mysql-development,Important,P2 - fix soon,Static,aria-controls points to a missing id,An ARIA reference points to an id that doesn't exist.,"aria-controls=""radix-_R_1ktqla4lubsnqtb_""",aria-labelledby / aria-describedby / aria-controls reference existing ids,Fix the id or the reference.,button#embedded-contact-service.group.flex.items-center [type=button] 'Service Type',,200,yes,Accessibility Report
http://localhost:3000/technologies/mysql-development,Optimization,P3 - improve,Static,Form without aria-live / role=alert region for error messages,Form errors aren't announced to screen-reader users.,(none),An aria-live / role=alert region for form messages,"Render error/success messages inside an aria-live=""polite"" region.",form.space-y-4 'Full Name * Email Address * Phone * Serv',,200,yes,Accessibility Report
http://localhost:3000/technologies/nestjs-development,Important,P2 - fix soon,Static,Form field without a label,"A form field has no label, so screen-reader users don't know what to type (placeholder isn't a label).",no <label>,<label for> / wrapping <label> / aria-label on every field,Add a visible <label> linked to the field id.,select,,200,yes,Accessibility Report
http://localhost:3000/technologies/nestjs-development,Important,P2 - fix soon,Static,aria-controls points to a missing id,An ARIA reference points to an id that doesn't exist.,"aria-controls=""radix-_R_1ktqla4lubsnqtb_""",aria-labelledby / aria-describedby / aria-controls reference existing ids,Fix the id or the reference.,button#embedded-contact-service.group.flex.items-center [type=button] 'Service Type',,200,yes,Accessibility Report
http://localhost:3000/technologies/nestjs-development,Optimization,P3 - improve,Static,Form without aria-live / role=alert region for error messages,Form errors aren't announced to screen-reader users.,(none),An aria-live / role=alert region for form messages,"Render error/success messages inside an aria-live=""polite"" region.",form.space-y-4 'Full Name * Email Address * Phone * Serv',,200,yes,Accessibility Report
http://localhost:3000/technologies/net-development,Important,P2 - fix soon,Static,Form field without a label,"A form field has no label, so screen-reader users don't know what to type (placeholder isn't a label).",no <label>,<label for> / wrapping <label> / aria-label on every field,Add a visible <label> linked to the field id.,select,,200,yes,Accessibility Report
http://localhost:3000/technologies/net-development,Important,P2 - fix soon,Static,aria-controls points to a missing id,An ARIA reference points to an id that doesn't exist.,"aria-controls=""radix-_R_1ktqla4lubsnqtb_""",aria-labelledby / aria-describedby / aria-controls reference existing ids,Fix the id or the reference.,button#embedded-contact-service.group.flex.items-center [type=button] 'Service Type',,200,yes,Accessibility Report
http://localhost:3000/technologies/net-development,Optimization,P3 - improve,Static,Form without aria-live / role=alert region for error messages,Form errors aren't announced to screen-reader users.,(none),An aria-live / role=alert region for form messages,"Render error/success messages inside an aria-live=""polite"" region.",form.space-y-4 'Full Name * Email Address * Phone * Serv',,200,yes,Accessibility Report
http://localhost:3000/technologies/netlify-development,Important,P2 - fix soon,Static,Form field without a label,"A form field has no label, so screen-reader users don't know what to type (placeholder isn't a label).",no <label>,<label for> / wrapping <label> / aria-label on every field,Add a visible <label> linked to the field id.,select,,200,yes,Accessibility Report
http://localhost:3000/technologies/netlify-development,Important,P2 - fix soon,Static,aria-controls points to a missing id,An ARIA reference points to an id that doesn't exist.,"aria-controls=""radix-_R_1ktqla4lubsnqtb_""",aria-labelledby / aria-describedby / aria-controls reference existing ids,Fix the id or the reference.,button#embedded-contact-service.group.flex.items-center [type=button] 'Service Type',,200,yes,Accessibility Report
http://localhost:3000/technologies/netlify-development,Optimization,P3 - improve,Static,Form without aria-live / role=alert region for error messages,Form errors aren't announced to screen-reader users.,(none),An aria-live / role=alert region for form messages,"Render error/success messages inside an aria-live=""polite"" region.",form.space-y-4 'Full Name * Email Address * Phone * Serv',,200,yes,Accessibility Report
http://localhost:3000/technologies/nextjs-development,Important,P2 - fix soon,Static,Form field without a label,"A form field has no label, so screen-reader users don't know what to type (placeholder isn't a label).",no <label>,<label for> / wrapping <label> / aria-label on every field,Add a visible <label> linked to the field id.,select,,200,yes,Accessibility Report
http://localhost:3000/technologies/nextjs-development,Important,P2 - fix soon,Static,aria-controls points to a missing id,An ARIA reference points to an id that doesn't exist.,"aria-controls=""radix-_R_1ktqla4lubsnqtb_""",aria-labelledby / aria-describedby / aria-controls reference existing ids,Fix the id or the reference.,button#embedded-contact-service.group.flex.items-center [type=button] 'Service Type',,200,yes,Accessibility Report
http://localhost:3000/technologies/nextjs-development,Optimization,P3 - improve,Static,Form without aria-live / role=alert region for error messages,Form errors aren't announced to screen-reader users.,(none),An aria-live / role=alert region for form messages,"Render error/success messages inside an aria-live=""polite"" region.",form.space-y-4 'Full Name * Email Address * Phone * Serv',,200,yes,Accessibility Report
http://localhost:3000/technologies/nginx-development,Important,P2 - fix soon,Static,Form field without a label,"A form field has no label, so screen-reader users don't know what to type (placeholder isn't a label).",no <label>,<label for> / wrapping <label> / aria-label on every field,Add a visible <label> linked to the field id.,select,,200,yes,Accessibility Report
http://localhost:3000/technologies/nginx-development,Important,P2 - fix soon,Static,aria-controls points to a missing id,An ARIA reference points to an id that doesn't exist.,"aria-controls=""radix-_R_1ktqla4lubsnqtb_""",aria-labelledby / aria-describedby / aria-controls reference existing ids,Fix the id or the reference.,button#embedded-contact-service.group.flex.items-center [type=button] 'Service Type',,200,yes,Accessibility Report
http://localhost:3000/technologies/nginx-development,Optimization,P3 - improve,Static,Form without aria-live / role=alert region for error messages,Form errors aren't announced to screen-reader users.,(none),An aria-live / role=alert region for form messages,"Render error/success messages inside an aria-live=""polite"" region.",form.space-y-4 'Full Name * Email Address * Phone * Serv',,200,yes,Accessibility Report
http://localhost:3000/technologies/nlp-development,Important,P2 - fix soon,Static,Form field without a label,"A form field has no label, so screen-reader users don't know what to type (placeholder isn't a label).",no <label>,<label for> / wrapping <label> / aria-label on every field,Add a visible <label> linked to the field id.,select,,200,yes,Accessibility Report
http://localhost:3000/technologies/nlp-development,Important,P2 - fix soon,Static,aria-controls points to a missing id,An ARIA reference points to an id that doesn't exist.,"aria-controls=""radix-_R_1ktqla4lubsnqtb_""",aria-labelledby / aria-describedby / aria-controls reference existing ids,Fix the id or the reference.,button#embedded-contact-service.group.flex.items-center [type=button] 'Service Type',,200,yes,Accessibility Report
http://localhost:3000/technologies/nlp-development,Optimization,P3 - improve,Static,Form without aria-live / role=alert region for error messages,Form errors aren't announced to screen-reader users.,(none),An aria-live / role=alert region for form messages,"Render error/success messages inside an aria-live=""polite"" region.",form.space-y-4 'Full Name * Email Address * Phone * Serv',,200,yes,Accessibility Report
http://localhost:3000/technologies/nodejs-development,Important,P2 - fix soon,Static,Form field without a label,"A form field has no label, so screen-reader users don't know what to type (placeholder isn't a label).",no <label>,<label for> / wrapping <label> / aria-label on every field,Add a visible <label> linked to the field id.,select,,200,yes,Accessibility Report
http://localhost:3000/technologies/nodejs-development,Important,P2 - fix soon,Static,aria-controls points to a missing id,An ARIA reference points to an id that doesn't exist.,"aria-controls=""radix-_R_1ktqla4lubsnqtb_""",aria-labelledby / aria-describedby / aria-controls reference existing ids,Fix the id or the reference.,button#embedded-contact-service.group.flex.items-center [type=button] 'Service Type',,200,yes,Accessibility Report
http://localhost:3000/technologies/nodejs-development,Optimization,P3 - improve,Static,Form without aria-live / role=alert region for error messages,Form errors aren't announced to screen-reader users.,(none),An aria-live / role=alert region for form messages,"Render error/success messages inside an aria-live=""polite"" region.",form.space-y-4 'Full Name * Email Address * Phone * Serv',,200,yes,Accessibility Report
http://localhost:3000/technologies/nopcommerce-development,Important,P2 - fix soon,Static,Form field without a label,"A form field has no label, so screen-reader users don't know what to type (placeholder isn't a label).",no <label>,<label for> / wrapping <label> / aria-label on every field,Add a visible <label> linked to the field id.,select,,200,yes,Accessibility Report
http://localhost:3000/technologies/nopcommerce-development,Important,P2 - fix soon,Static,aria-controls points to a missing id,An ARIA reference points to an id that doesn't exist.,"aria-controls=""radix-_R_1ktqla4lubsnqtb_""",aria-labelledby / aria-describedby / aria-controls reference existing ids,Fix the id or the reference.,button#embedded-contact-service.group.flex.items-center [type=button] 'Service Type',,200,yes,Accessibility Report
http://localhost:3000/technologies/nopcommerce-development,Optimization,P3 - improve,Static,Form without aria-live / role=alert region for error messages,Form errors aren't announced to screen-reader users.,(none),An aria-live / role=alert region for form messages,"Render error/success messages inside an aria-live=""polite"" region.",form.space-y-4 'Full Name * Email Address * Phone * Serv',,200,yes,Accessibility Report
http://localhost:3000/technologies/nuxtjs-development,Important,P2 - fix soon,Static,Form field without a label,"A form field has no label, so screen-reader users don't know what to type (placeholder isn't a label).",no <label>,<label for> / wrapping <label> / aria-label on every field,Add a visible <label> linked to the field id.,select,,200,yes,Accessibility Report
http://localhost:3000/technologies/nuxtjs-development,Important,P2 - fix soon,Static,aria-controls points to a missing id,An ARIA reference points to an id that doesn't exist.,"aria-controls=""radix-_R_1ktqla4lubsnqtb_""",aria-labelledby / aria-describedby / aria-controls reference existing ids,Fix the id or the reference.,button#embedded-contact-service.group.flex.items-center [type=button] 'Service Type',,200,yes,Accessibility Report
http://localhost:3000/technologies/nuxtjs-development,Optimization,P3 - improve,Static,Form without aria-live / role=alert region for error messages,Form errors aren't announced to screen-reader users.,(none),An aria-live / role=alert region for form messages,"Render error/success messages inside an aria-live=""polite"" region.",form.space-y-4 'Full Name * Email Address * Phone * Serv',,200,yes,Accessibility Report
http://localhost:3000/technologies/online-reputation-management,Important,P2 - fix soon,Static,Form field without a label,"A form field has no label, so screen-reader users don't know what to type (placeholder isn't a label).",no <label>,<label for> / wrapping <label> / aria-label on every field,Add a visible <label> linked to the field id.,select,,200,yes,Accessibility Report
http://localhost:3000/technologies/online-reputation-management,Important,P2 - fix soon,Static,aria-controls points to a missing id,An ARIA reference points to an id that doesn't exist.,"aria-controls=""radix-_R_1ktqla4lubsnqtb_""",aria-labelledby / aria-describedby / aria-controls reference existing ids,Fix the id or the reference.,button#embedded-contact-service.group.flex.items-center [type=button] 'Service Type',,200,yes,Accessibility Report
http://localhost:3000/technologies/online-reputation-management,Optimization,P3 - improve,Static,Form without aria-live / role=alert region for error messages,Form errors aren't announced to screen-reader users.,(none),An aria-live / role=alert region for form messages,"Render error/success messages inside an aria-live=""polite"" region.",form.space-y-4 'Full Name * Email Address * Phone * Serv',,200,yes,Accessibility Report
http://localhost:3000/technologies/online-reputation-management-orm,Important,P2 - fix soon,Static,Form field without a label,"A form field has no label, so screen-reader users don't know what to type (placeholder isn't a label).",no <label>,<label for> / wrapping <label> / aria-label on every field,Add a visible <label> linked to the field id.,select,,200,yes,Accessibility Report
http://localhost:3000/technologies/online-reputation-management-orm,Important,P2 - fix soon,Static,aria-controls points to a missing id,An ARIA reference points to an id that doesn't exist.,"aria-controls=""radix-_R_1ktqla4lubsnqtb_""",aria-labelledby / aria-describedby / aria-controls reference existing ids,Fix the id or the reference.,button#embedded-contact-service.group.flex.items-center [type=button] 'Service Type',,200,yes,Accessibility Report
http://localhost:3000/technologies/online-reputation-management-orm,Optimization,P3 - improve,Static,Form without aria-live / role=alert region for error messages,Form errors aren't announced to screen-reader users.,(none),An aria-live / role=alert region for form messages,"Render error/success messages inside an aria-live=""polite"" region.",form.space-y-4 'Full Name * Email Address * Phone * Serv',,200,yes,Accessibility Report
http://localhost:3000/technologies/open-cart-development,Important,P2 - fix soon,Static,Form field without a label,"A form field has no label, so screen-reader users don't know what to type (placeholder isn't a label).",no <label>,<label for> / wrapping <label> / aria-label on every field,Add a visible <label> linked to the field id.,select,,200,yes,Accessibility Report
http://localhost:3000/technologies/open-cart-development,Important,P2 - fix soon,Static,aria-controls points to a missing id,An ARIA reference points to an id that doesn't exist.,"aria-controls=""radix-_R_1ktqla4lubsnqtb_""",aria-labelledby / aria-describedby / aria-controls reference existing ids,Fix the id or the reference.,button#embedded-contact-service.group.flex.items-center [type=button] 'Service Type',,200,yes,Accessibility Report
http://localhost:3000/technologies/open-cart-development,Optimization,P3 - improve,Static,Form without aria-live / role=alert region for error messages,Form errors aren't announced to screen-reader users.,(none),An aria-live / role=alert region for form messages,"Render error/success messages inside an aria-live=""polite"" region.",form.space-y-4 'Full Name * Email Address * Phone * Serv',,200,yes,Accessibility Report
http://localhost:3000/technologies/openai-development,Important,P2 - fix soon,Static,Form field without a label,"A form field has no label, so screen-reader users don't know what to type (placeholder isn't a label).",no <label>,<label for> / wrapping <label> / aria-label on every field,Add a visible <label> linked to the field id.,select,,200,yes,Accessibility Report
http://localhost:3000/technologies/openai-development,Important,P2 - fix soon,Static,aria-controls points to a missing id,An ARIA reference points to an id that doesn't exist.,"aria-controls=""radix-_R_1ktqla4lubsnqtb_""",aria-labelledby / aria-describedby / aria-controls reference existing ids,Fix the id or the reference.,button#embedded-contact-service.group.flex.items-center [type=button] 'Service Type',,200,yes,Accessibility Report
http://localhost:3000/technologies/openai-development,Optimization,P3 - improve,Static,Form without aria-live / role=alert region for error messages,Form errors aren't announced to screen-reader users.,(none),An aria-live / role=alert region for form messages,"Render error/success messages inside an aria-live=""polite"" region.",form.space-y-4 'Full Name * Email Address * Phone * Serv',,200,yes,Accessibility Report
http://localhost:3000/technologies/opencv-development,Important,P2 - fix soon,Static,Form field without a label,"A form field has no label, so screen-reader users don't know what to type (placeholder isn't a label).",no <label>,<label for> / wrapping <label> / aria-label on every field,Add a visible <label> linked to the field id.,select,,200,yes,Accessibility Report
http://localhost:3000/technologies/opencv-development,Important,P2 - fix soon,Static,aria-controls points to a missing id,An ARIA reference points to an id that doesn't exist.,"aria-controls=""radix-_R_1ktqla4lubsnqtb_""",aria-labelledby / aria-describedby / aria-controls reference existing ids,Fix the id or the reference.,button#embedded-contact-service.group.flex.items-center [type=button] 'Service Type',,200,yes,Accessibility Report
http://localhost:3000/technologies/opencv-development,Optimization,P3 - improve,Static,Form without aria-live / role=alert region for error messages,Form errors aren't announced to screen-reader users.,(none),An aria-live / role=alert region for form messages,"Render error/success messages inside an aria-live=""polite"" region.",form.space-y-4 'Full Name * Email Address * Phone * Serv',,200,yes,Accessibility Report
http://localhost:3000/technologies/oracle-cloud-development,Important,P2 - fix soon,Static,Form field without a label,"A form field has no label, so screen-reader users don't know what to type (placeholder isn't a label).",no <label>,<label for> / wrapping <label> / aria-label on every field,Add a visible <label> linked to the field id.,select,,200,yes,Accessibility Report
http://localhost:3000/technologies/oracle-cloud-development,Important,P2 - fix soon,Static,aria-controls points to a missing id,An ARIA reference points to an id that doesn't exist.,"aria-controls=""radix-_R_1ktqla4lubsnqtb_""",aria-labelledby / aria-describedby / aria-controls reference existing ids,Fix the id or the reference.,button#embedded-contact-service.group.flex.items-center [type=button] 'Service Type',,200,yes,Accessibility Report
http://localhost:3000/technologies/oracle-cloud-development,Optimization,P3 - improve,Static,Form without aria-live / role=alert region for error messages,Form errors aren't announced to screen-reader users.,(none),An aria-live / role=alert region for form messages,"Render error/success messages inside an aria-live=""polite"" region.",form.space-y-4 'Full Name * Email Address * Phone * Serv',,200,yes,Accessibility Report
http://localhost:3000/technologies/oracle-development,Important,P2 - fix soon,Static,Form field without a label,"A form field has no label, so screen-reader users don't know what to type (placeholder isn't a label).",no <label>,<label for> / wrapping <label> / aria-label on every field,Add a visible <label> linked to the field id.,select,,200,yes,Accessibility Report
http://localhost:3000/technologies/oracle-development,Important,P2 - fix soon,Static,aria-controls points to a missing id,An ARIA reference points to an id that doesn't exist.,"aria-controls=""radix-_R_1ktqla4lubsnqtb_""",aria-labelledby / aria-describedby / aria-controls reference existing ids,Fix the id or the reference.,button#embedded-contact-service.group.flex.items-center [type=button] 'Service Type',,200,yes,Accessibility Report
http://localhost:3000/technologies/oracle-development,Optimization,P3 - improve,Static,Form without aria-live / role=alert region for error messages,Form errors aren't announced to screen-reader users.,(none),An aria-live / role=alert region for form messages,"Render error/success messages inside an aria-live=""polite"" region.",form.space-y-4 'Full Name * Email Address * Phone * Serv',,200,yes,Accessibility Report
http://localhost:3000/technologies/order-management-development,Important,P2 - fix soon,Static,Form field without a label,"A form field has no label, so screen-reader users don't know what to type (placeholder isn't a label).",no <label>,<label for> / wrapping <label> / aria-label on every field,Add a visible <label> linked to the field id.,select,,200,yes,Accessibility Report
http://localhost:3000/technologies/order-management-development,Important,P2 - fix soon,Static,aria-controls points to a missing id,An ARIA reference points to an id that doesn't exist.,"aria-controls=""radix-_R_1ktqla4lubsnqtb_""",aria-labelledby / aria-describedby / aria-controls reference existing ids,Fix the id or the reference.,button#embedded-contact-service.group.flex.items-center [type=button] 'Service Type',,200,yes,Accessibility Report
http://localhost:3000/technologies/order-management-development,Optimization,P3 - improve,Static,Form without aria-live / role=alert region for error messages,Form errors aren't announced to screen-reader users.,(none),An aria-live / role=alert region for form messages,"Render error/success messages inside an aria-live=""polite"" region.",form.space-y-4 'Full Name * Email Address * Phone * Serv',,200,yes,Accessibility Report
http://localhost:3000/technologies/pandas-development,Important,P2 - fix soon,Static,Form field without a label,"A form field has no label, so screen-reader users don't know what to type (placeholder isn't a label).",no <label>,<label for> / wrapping <label> / aria-label on every field,Add a visible <label> linked to the field id.,select,,200,yes,Accessibility Report
http://localhost:3000/technologies/pandas-development,Important,P2 - fix soon,Static,aria-controls points to a missing id,An ARIA reference points to an id that doesn't exist.,"aria-controls=""radix-_R_1ktqla4lubsnqtb_""",aria-labelledby / aria-describedby / aria-controls reference existing ids,Fix the id or the reference.,button#embedded-contact-service.group.flex.items-center [type=button] 'Service Type',,200,yes,Accessibility Report
http://localhost:3000/technologies/pandas-development,Optimization,P3 - improve,Static,Form without aria-live / role=alert region for error messages,Form errors aren't announced to screen-reader users.,(none),An aria-live / role=alert region for form messages,"Render error/success messages inside an aria-live=""polite"" region.",form.space-y-4 'Full Name * Email Address * Phone * Serv',,200,yes,Accessibility Report
http://localhost:3000/technologies/pay-per-click-advertising-ppc,Important,P2 - fix soon,Static,Form field without a label,"A form field has no label, so screen-reader users don't know what to type (placeholder isn't a label).",no <label>,<label for> / wrapping <label> / aria-label on every field,Add a visible <label> linked to the field id.,select,,200,yes,Accessibility Report
http://localhost:3000/technologies/pay-per-click-advertising-ppc,Important,P2 - fix soon,Static,aria-controls points to a missing id,An ARIA reference points to an id that doesn't exist.,"aria-controls=""radix-_R_1ktqla4lubsnqtb_""",aria-labelledby / aria-describedby / aria-controls reference existing ids,Fix the id or the reference.,button#embedded-contact-service.group.flex.items-center [type=button] 'Service Type',,200,yes,Accessibility Report
http://localhost:3000/technologies/pay-per-click-advertising-ppc,Optimization,P3 - improve,Static,Form without aria-live / role=alert region for error messages,Form errors aren't announced to screen-reader users.,(none),An aria-live / role=alert region for form messages,"Render error/success messages inside an aria-live=""polite"" region.",form.space-y-4 'Full Name * Email Address * Phone * Serv',,200,yes,Accessibility Report
http://localhost:3000/technologies/payment-gateway-integration,Important,P2 - fix soon,Static,Form field without a label,"A form field has no label, so screen-reader users don't know what to type (placeholder isn't a label).",no <label>,<label for> / wrapping <label> / aria-label on every field,Add a visible <label> linked to the field id.,select,,200,yes,Accessibility Report
http://localhost:3000/technologies/payment-gateway-integration,Important,P2 - fix soon,Static,aria-controls points to a missing id,An ARIA reference points to an id that doesn't exist.,"aria-controls=""radix-_R_1ktqla4lubsnqtb_""",aria-labelledby / aria-describedby / aria-controls reference existing ids,Fix the id or the reference.,button#embedded-contact-service.group.flex.items-center [type=button] 'Service Type',,200,yes,Accessibility Report
http://localhost:3000/technologies/payment-gateway-integration,Optimization,P3 - improve,Static,Form without aria-live / role=alert region for error messages,Form errors aren't announced to screen-reader users.,(none),An aria-live / role=alert region for form messages,"Render error/success messages inside an aria-live=""polite"" region.",form.space-y-4 'Full Name * Email Address * Phone * Serv',,200,yes,Accessibility Report
http://localhost:3000/technologies/paypal-integration,Important,P2 - fix soon,Static,Form field without a label,"A form field has no label, so screen-reader users don't know what to type (placeholder isn't a label).",no <label>,<label for> / wrapping <label> / aria-label on every field,Add a visible <label> linked to the field id.,select,,200,yes,Accessibility Report
http://localhost:3000/technologies/paypal-integration,Important,P2 - fix soon,Static,aria-controls points to a missing id,An ARIA reference points to an id that doesn't exist.,"aria-controls=""radix-_R_1ktqla4lubsnqtb_""",aria-labelledby / aria-describedby / aria-controls reference existing ids,Fix the id or the reference.,button#embedded-contact-service.group.flex.items-center [type=button] 'Service Type',,200,yes,Accessibility Report
http://localhost:3000/technologies/paypal-integration,Optimization,P3 - improve,Static,Form without aria-live / role=alert region for error messages,Form errors aren't announced to screen-reader users.,(none),An aria-live / role=alert region for form messages,"Render error/success messages inside an aria-live=""polite"" region.",form.space-y-4 'Full Name * Email Address * Phone * Serv',,200,yes,Accessibility Report
http://localhost:3000/technologies/performance-testing,Important,P2 - fix soon,Static,Form field without a label,"A form field has no label, so screen-reader users don't know what to type (placeholder isn't a label).",no <label>,<label for> / wrapping <label> / aria-label on every field,Add a visible <label> linked to the field id.,select,,200,yes,Accessibility Report
http://localhost:3000/technologies/performance-testing,Important,P2 - fix soon,Static,aria-controls points to a missing id,An ARIA reference points to an id that doesn't exist.,"aria-controls=""radix-_R_1ktqla4lubsnqtb_""",aria-labelledby / aria-describedby / aria-controls reference existing ids,Fix the id or the reference.,button#embedded-contact-service.group.flex.items-center [type=button] 'Service Type',,200,yes,Accessibility Report
http://localhost:3000/technologies/performance-testing,Optimization,P3 - improve,Static,Form without aria-live / role=alert region for error messages,Form errors aren't announced to screen-reader users.,(none),An aria-live / role=alert region for form messages,"Render error/success messages inside an aria-live=""polite"" region.",form.space-y-4 'Full Name * Email Address * Phone * Serv',,200,yes,Accessibility Report
http://localhost:3000/technologies/php-development,Important,P2 - fix soon,Static,Form field without a label,"A form field has no label, so screen-reader users don't know what to type (placeholder isn't a label).",no <label>,<label for> / wrapping <label> / aria-label on every field,Add a visible <label> linked to the field id.,select,,200,yes,Accessibility Report
http://localhost:3000/technologies/php-development,Important,P2 - fix soon,Static,aria-controls points to a missing id,An ARIA reference points to an id that doesn't exist.,"aria-controls=""radix-_R_1ktqla4lubsnqtb_""",aria-labelledby / aria-describedby / aria-controls reference existing ids,Fix the id or the reference.,button#embedded-contact-service.group.flex.items-center [type=button] 'Service Type',,200,yes,Accessibility Report
http://localhost:3000/technologies/php-development,Optimization,P3 - improve,Static,Form without aria-live / role=alert region for error messages,Form errors aren't announced to screen-reader users.,(none),An aria-live / role=alert region for form messages,"Render error/success messages inside an aria-live=""polite"" region.",form.space-y-4 'Full Name * Email Address * Phone * Serv',,200,yes,Accessibility Report
http://localhost:3000/technologies/playwright-testing,Important,P2 - fix soon,Static,Form field without a label,"A form field has no label, so screen-reader users don't know what to type (placeholder isn't a label).",no <label>,<label for> / wrapping <label> / aria-label on every field,Add a visible <label> linked to the field id.,select,,200,yes,Accessibility Report
http://localhost:3000/technologies/playwright-testing,Important,P2 - fix soon,Static,aria-controls points to a missing id,An ARIA reference points to an id that doesn't exist.,"aria-controls=""radix-_R_1ktqla4lubsnqtb_""",aria-labelledby / aria-describedby / aria-controls reference existing ids,Fix the id or the reference.,button#embedded-contact-service.group.flex.items-center [type=button] 'Service Type',,200,yes,Accessibility Report
http://localhost:3000/technologies/playwright-testing,Optimization,P3 - improve,Static,Form without aria-live / role=alert region for error messages,Form errors aren't announced to screen-reader users.,(none),An aria-live / role=alert region for form messages,"Render error/success messages inside an aria-live=""polite"" region.",form.space-y-4 'Full Name * Email Address * Phone * Serv',,200,yes,Accessibility Report
http://localhost:3000/technologies/postgresql-development,Important,P2 - fix soon,Static,Form field without a label,"A form field has no label, so screen-reader users don't know what to type (placeholder isn't a label).",no <label>,<label for> / wrapping <label> / aria-label on every field,Add a visible <label> linked to the field id.,select,,200,yes,Accessibility Report
http://localhost:3000/technologies/postgresql-development,Important,P2 - fix soon,Static,aria-controls points to a missing id,An ARIA reference points to an id that doesn't exist.,"aria-controls=""radix-_R_1ktqla4lubsnqtb_""",aria-labelledby / aria-describedby / aria-controls reference existing ids,Fix the id or the reference.,button#embedded-contact-service.group.flex.items-center [type=button] 'Service Type',,200,yes,Accessibility Report
http://localhost:3000/technologies/postgresql-development,Optimization,P3 - improve,Static,Form without aria-live / role=alert region for error messages,Form errors aren't announced to screen-reader users.,(none),An aria-live / role=alert region for form messages,"Render error/success messages inside an aria-live=""polite"" region.",form.space-y-4 'Full Name * Email Address * Phone * Serv',,200,yes,Accessibility Report
http://localhost:3000/technologies/postman-api-testing,Important,P2 - fix soon,Static,Form field without a label,"A form field has no label, so screen-reader users don't know what to type (placeholder isn't a label).",no <label>,<label for> / wrapping <label> / aria-label on every field,Add a visible <label> linked to the field id.,select,,200,yes,Accessibility Report
http://localhost:3000/technologies/postman-api-testing,Important,P2 - fix soon,Static,aria-controls points to a missing id,An ARIA reference points to an id that doesn't exist.,"aria-controls=""radix-_R_1ktqla4lubsnqtb_""",aria-labelledby / aria-describedby / aria-controls reference existing ids,Fix the id or the reference.,button#embedded-contact-service.group.flex.items-center [type=button] 'Service Type',,200,yes,Accessibility Report
http://localhost:3000/technologies/postman-api-testing,Optimization,P3 - improve,Static,Form without aria-live / role=alert region for error messages,Form errors aren't announced to screen-reader users.,(none),An aria-live / role=alert region for form messages,"Render error/success messages inside an aria-live=""polite"" region.",form.space-y-4 'Full Name * Email Address * Phone * Serv',,200,yes,Accessibility Report
http://localhost:3000/technologies/postman-testing,Important,P2 - fix soon,Static,Form field without a label,"A form field has no label, so screen-reader users don't know what to type (placeholder isn't a label).",no <label>,<label for> / wrapping <label> / aria-label on every field,Add a visible <label> linked to the field id.,select,,200,yes,Accessibility Report
http://localhost:3000/technologies/postman-testing,Important,P2 - fix soon,Static,aria-controls points to a missing id,An ARIA reference points to an id that doesn't exist.,"aria-controls=""radix-_R_1ktqla4lubsnqtb_""",aria-labelledby / aria-describedby / aria-controls reference existing ids,Fix the id or the reference.,button#embedded-contact-service.group.flex.items-center [type=button] 'Service Type',,200,yes,Accessibility Report
http://localhost:3000/technologies/postman-testing,Optimization,P3 - improve,Static,Form without aria-live / role=alert region for error messages,Form errors aren't announced to screen-reader users.,(none),An aria-live / role=alert region for form messages,"Render error/success messages inside an aria-live=""polite"" region.",form.space-y-4 'Full Name * Email Address * Phone * Serv',,200,yes,Accessibility Report
http://localhost:3000/technologies/ppc-advertising,Important,P2 - fix soon,Static,Form field without a label,"A form field has no label, so screen-reader users don't know what to type (placeholder isn't a label).",no <label>,<label for> / wrapping <label> / aria-label on every field,Add a visible <label> linked to the field id.,select,,200,yes,Accessibility Report
http://localhost:3000/technologies/ppc-advertising,Important,P2 - fix soon,Static,aria-controls points to a missing id,An ARIA reference points to an id that doesn't exist.,"aria-controls=""radix-_R_1ktqla4lubsnqtb_""",aria-labelledby / aria-describedby / aria-controls reference existing ids,Fix the id or the reference.,button#embedded-contact-service.group.flex.items-center [type=button] 'Service Type',,200,yes,Accessibility Report
http://localhost:3000/technologies/ppc-advertising,Optimization,P3 - improve,Static,Form without aria-live / role=alert region for error messages,Form errors aren't announced to screen-reader users.,(none),An aria-live / role=alert region for form messages,"Render error/success messages inside an aria-live=""polite"" region.",form.space-y-4 'Full Name * Email Address * Phone * Serv',,200,yes,Accessibility Report
http://localhost:3000/technologies/prestashop-development,Important,P2 - fix soon,Static,Form field without a label,"A form field has no label, so screen-reader users don't know what to type (placeholder isn't a label).",no <label>,<label for> / wrapping <label> / aria-label on every field,Add a visible <label> linked to the field id.,select,,200,yes,Accessibility Report
http://localhost:3000/technologies/prestashop-development,Important,P2 - fix soon,Static,aria-controls points to a missing id,An ARIA reference points to an id that doesn't exist.,"aria-controls=""radix-_R_1ktqla4lubsnqtb_""",aria-labelledby / aria-describedby / aria-controls reference existing ids,Fix the id or the reference.,button#embedded-contact-service.group.flex.items-center [type=button] 'Service Type',,200,yes,Accessibility Report
http://localhost:3000/technologies/prestashop-development,Optimization,P3 - improve,Static,Form without aria-live / role=alert region for error messages,Form errors aren't announced to screen-reader users.,(none),An aria-live / role=alert region for form messages,"Render error/success messages inside an aria-live=""polite"" region.",form.space-y-4 'Full Name * Email Address * Phone * Serv',,200,yes,Accessibility Report
http://localhost:3000/technologies/prisma-orm-development,Important,P2 - fix soon,Static,Form field without a label,"A form field has no label, so screen-reader users don't know what to type (placeholder isn't a label).",no <label>,<label for> / wrapping <label> / aria-label on every field,Add a visible <label> linked to the field id.,select,,200,yes,Accessibility Report
http://localhost:3000/technologies/prisma-orm-development,Important,P2 - fix soon,Static,aria-controls points to a missing id,An ARIA reference points to an id that doesn't exist.,"aria-controls=""radix-_R_1ktqla4lubsnqtb_""",aria-labelledby / aria-describedby / aria-controls reference existing ids,Fix the id or the reference.,button#embedded-contact-service.group.flex.items-center [type=button] 'Service Type',,200,yes,Accessibility Report
http://localhost:3000/technologies/prisma-orm-development,Optimization,P3 - improve,Static,Form without aria-live / role=alert region for error messages,Form errors aren't announced to screen-reader users.,(none),An aria-live / role=alert region for form messages,"Render error/success messages inside an aria-live=""polite"" region.",form.space-y-4 'Full Name * Email Address * Phone * Serv',,200,yes,Accessibility Report
http://localhost:3000/technologies/prometheus-development,Important,P2 - fix soon,Static,Form field without a label,"A form field has no label, so screen-reader users don't know what to type (placeholder isn't a label).",no <label>,<label for> / wrapping <label> / aria-label on every field,Add a visible <label> linked to the field id.,select,,200,yes,Accessibility Report
http://localhost:3000/technologies/prometheus-development,Important,P2 - fix soon,Static,aria-controls points to a missing id,An ARIA reference points to an id that doesn't exist.,"aria-controls=""radix-_R_1ktqla4lubsnqtb_""",aria-labelledby / aria-describedby / aria-controls reference existing ids,Fix the id or the reference.,button#embedded-contact-service.group.flex.items-center [type=button] 'Service Type',,200,yes,Accessibility Report
http://localhost:3000/technologies/prometheus-development,Optimization,P3 - improve,Static,Form without aria-live / role=alert region for error messages,Form errors aren't announced to screen-reader users.,(none),An aria-live / role=alert region for form messages,"Render error/success messages inside an aria-live=""polite"" region.",form.space-y-4 'Full Name * Email Address * Phone * Serv',,200,yes,Accessibility Report
http://localhost:3000/technologies/prototyping,Important,P2 - fix soon,Static,Form field without a label,"A form field has no label, so screen-reader users don't know what to type (placeholder isn't a label).",no <label>,<label for> / wrapping <label> / aria-label on every field,Add a visible <label> linked to the field id.,select,,200,yes,Accessibility Report
http://localhost:3000/technologies/prototyping,Important,P2 - fix soon,Static,aria-controls points to a missing id,An ARIA reference points to an id that doesn't exist.,"aria-controls=""radix-_R_1ktqla4lubsnqtb_""",aria-labelledby / aria-describedby / aria-controls reference existing ids,Fix the id or the reference.,button#embedded-contact-service.group.flex.items-center [type=button] 'Service Type',,200,yes,Accessibility Report
http://localhost:3000/technologies/prototyping,Optimization,P3 - improve,Static,Form without aria-live / role=alert region for error messages,Form errors aren't announced to screen-reader users.,(none),An aria-live / role=alert region for form messages,"Render error/success messages inside an aria-live=""polite"" region.",form.space-y-4 'Full Name * Email Address * Phone * Serv',,200,yes,Accessibility Report
http://localhost:3000/technologies/prototyping-services,Important,P2 - fix soon,Static,Form field without a label,"A form field has no label, so screen-reader users don't know what to type (placeholder isn't a label).",no <label>,<label for> / wrapping <label> / aria-label on every field,Add a visible <label> linked to the field id.,select,,200,yes,Accessibility Report
http://localhost:3000/technologies/prototyping-services,Important,P2 - fix soon,Static,aria-controls points to a missing id,An ARIA reference points to an id that doesn't exist.,"aria-controls=""radix-_R_1ktqla4lubsnqtb_""",aria-labelledby / aria-describedby / aria-controls reference existing ids,Fix the id or the reference.,button#embedded-contact-service.group.flex.items-center [type=button] 'Service Type',,200,yes,Accessibility Report
http://localhost:3000/technologies/prototyping-services,Optimization,P3 - improve,Static,Form without aria-live / role=alert region for error messages,Form errors aren't announced to screen-reader users.,(none),An aria-live / role=alert region for form messages,"Render error/success messages inside an aria-live=""polite"" region.",form.space-y-4 'Full Name * Email Address * Phone * Serv',,200,yes,Accessibility Report
http://localhost:3000/technologies/python-development,Important,P2 - fix soon,Static,Form field without a label,"A form field has no label, so screen-reader users don't know what to type (placeholder isn't a label).",no <label>,<label for> / wrapping <label> / aria-label on every field,Add a visible <label> linked to the field id.,select,,200,yes,Accessibility Report
http://localhost:3000/technologies/python-development,Important,P2 - fix soon,Static,aria-controls points to a missing id,An ARIA reference points to an id that doesn't exist.,"aria-controls=""radix-_R_1ktqla4lubsnqtb_""",aria-labelledby / aria-describedby / aria-controls reference existing ids,Fix the id or the reference.,button#embedded-contact-service.group.flex.items-center [type=button] 'Service Type',,200,yes,Accessibility Report
http://localhost:3000/technologies/python-development,Optimization,P3 - improve,Static,Form without aria-live / role=alert region for error messages,Form errors aren't announced to screen-reader users.,(none),An aria-live / role=alert region for form messages,"Render error/success messages inside an aria-live=""polite"" region.",form.space-y-4 'Full Name * Email Address * Phone * Serv',,200,yes,Accessibility Report
http://localhost:3000/technologies/pytorch-development,Important,P2 - fix soon,Static,Form field without a label,"A form field has no label, so screen-reader users don't know what to type (placeholder isn't a label).",no <label>,<label for> / wrapping <label> / aria-label on every field,Add a visible <label> linked to the field id.,select,,200,yes,Accessibility Report
http://localhost:3000/technologies/pytorch-development,Important,P2 - fix soon,Static,aria-controls points to a missing id,An ARIA reference points to an id that doesn't exist.,"aria-controls=""radix-_R_1ktqla4lubsnqtb_""",aria-labelledby / aria-describedby / aria-controls reference existing ids,Fix the id or the reference.,button#embedded-contact-service.group.flex.items-center [type=button] 'Service Type',,200,yes,Accessibility Report
http://localhost:3000/technologies/pytorch-development,Optimization,P3 - improve,Static,Form without aria-live / role=alert region for error messages,Form errors aren't announced to screen-reader users.,(none),An aria-live / role=alert region for form messages,"Render error/success messages inside an aria-live=""polite"" region.",form.space-y-4 'Full Name * Email Address * Phone * Serv',,200,yes,Accessibility Report
http://localhost:3000/technologies/rag-development,Important,P2 - fix soon,Static,Form field without a label,"A form field has no label, so screen-reader users don't know what to type (placeholder isn't a label).",no <label>,<label for> / wrapping <label> / aria-label on every field,Add a visible <label> linked to the field id.,select,,200,yes,Accessibility Report
http://localhost:3000/technologies/rag-development,Important,P2 - fix soon,Static,aria-controls points to a missing id,An ARIA reference points to an id that doesn't exist.,"aria-controls=""radix-_R_1ktqla4lubsnqtb_""",aria-labelledby / aria-describedby / aria-controls reference existing ids,Fix the id or the reference.,button#embedded-contact-service.group.flex.items-center [type=button] 'Service Type',,200,yes,Accessibility Report
http://localhost:3000/technologies/rag-development,Optimization,P3 - improve,Static,Form without aria-live / role=alert region for error messages,Form errors aren't announced to screen-reader users.,(none),An aria-live / role=alert region for form messages,"Render error/success messages inside an aria-live=""polite"" region.",form.space-y-4 'Full Name * Email Address * Phone * Serv',,200,yes,Accessibility Report
http://localhost:3000/technologies/razorpay-integration,Important,P2 - fix soon,Static,Form field without a label,"A form field has no label, so screen-reader users don't know what to type (placeholder isn't a label).",no <label>,<label for> / wrapping <label> / aria-label on every field,Add a visible <label> linked to the field id.,select,,200,yes,Accessibility Report
http://localhost:3000/technologies/razorpay-integration,Important,P2 - fix soon,Static,aria-controls points to a missing id,An ARIA reference points to an id that doesn't exist.,"aria-controls=""radix-_R_1ktqla4lubsnqtb_""",aria-labelledby / aria-describedby / aria-controls reference existing ids,Fix the id or the reference.,button#embedded-contact-service.group.flex.items-center [type=button] 'Service Type',,200,yes,Accessibility Report
http://localhost:3000/technologies/razorpay-integration,Optimization,P3 - improve,Static,Form without aria-live / role=alert region for error messages,Form errors aren't announced to screen-reader users.,(none),An aria-live / role=alert region for form messages,"Render error/success messages inside an aria-live=""polite"" region.",form.space-y-4 'Full Name * Email Address * Phone * Serv',,200,yes,Accessibility Report
http://localhost:3000/technologies/react-native-development,Important,P2 - fix soon,Static,Form field without a label,"A form field has no label, so screen-reader users don't know what to type (placeholder isn't a label).",no <label>,<label for> / wrapping <label> / aria-label on every field,Add a visible <label> linked to the field id.,select,,200,yes,Accessibility Report
http://localhost:3000/technologies/react-native-development,Important,P2 - fix soon,Static,aria-controls points to a missing id,An ARIA reference points to an id that doesn't exist.,"aria-controls=""radix-_R_1ktqla4lubsnqtb_""",aria-labelledby / aria-describedby / aria-controls reference existing ids,Fix the id or the reference.,button#embedded-contact-service.group.flex.items-center [type=button] 'Service Type',,200,yes,Accessibility Report
http://localhost:3000/technologies/react-native-development,Optimization,P3 - improve,Static,Form without aria-live / role=alert region for error messages,Form errors aren't announced to screen-reader users.,(none),An aria-live / role=alert region for form messages,"Render error/success messages inside an aria-live=""polite"" region.",form.space-y-4 'Full Name * Email Address * Phone * Serv',,200,yes,Accessibility Report
http://localhost:3000/technologies/react-testing-library,Important,P2 - fix soon,Static,Form field without a label,"A form field has no label, so screen-reader users don't know what to type (placeholder isn't a label).",no <label>,<label for> / wrapping <label> / aria-label on every field,Add a visible <label> linked to the field id.,select,,200,yes,Accessibility Report
http://localhost:3000/technologies/react-testing-library,Important,P2 - fix soon,Static,aria-controls points to a missing id,An ARIA reference points to an id that doesn't exist.,"aria-controls=""radix-_R_1ktqla4lubsnqtb_""",aria-labelledby / aria-describedby / aria-controls reference existing ids,Fix the id or the reference.,button#embedded-contact-service.group.flex.items-center [type=button] 'Service Type',,200,yes,Accessibility Report
http://localhost:3000/technologies/react-testing-library,Optimization,P3 - improve,Static,Form without aria-live / role=alert region for error messages,Form errors aren't announced to screen-reader users.,(none),An aria-live / role=alert region for form messages,"Render error/success messages inside an aria-live=""polite"" region.",form.space-y-4 'Full Name * Email Address * Phone * Serv',,200,yes,Accessibility Report
http://localhost:3000/technologies/reactjs-development,Important,P2 - fix soon,Static,Form field without a label,"A form field has no label, so screen-reader users don't know what to type (placeholder isn't a label).",no <label>,<label for> / wrapping <label> / aria-label on every field,Add a visible <label> linked to the field id.,select,,200,yes,Accessibility Report
http://localhost:3000/technologies/reactjs-development,Important,P2 - fix soon,Static,aria-controls points to a missing id,An ARIA reference points to an id that doesn't exist.,"aria-controls=""radix-_R_1ktqla4lubsnqtb_""",aria-labelledby / aria-describedby / aria-controls reference existing ids,Fix the id or the reference.,button#embedded-contact-service.group.flex.items-center [type=button] 'Service Type',,200,yes,Accessibility Report
http://localhost:3000/technologies/reactjs-development,Optimization,P3 - improve,Static,Form without aria-live / role=alert region for error messages,Form errors aren't announced to screen-reader users.,(none),An aria-live / role=alert region for form messages,"Render error/success messages inside an aria-live=""polite"" region.",form.space-y-4 'Full Name * Email Address * Phone * Serv',,200,yes,Accessibility Report
http://localhost:3000/technologies/redis-development,Important,P2 - fix soon,Static,Form field without a label,"A form field has no label, so screen-reader users don't know what to type (placeholder isn't a label).",no <label>,<label for> / wrapping <label> / aria-label on every field,Add a visible <label> linked to the field id.,select,,200,yes,Accessibility Report
http://localhost:3000/technologies/redis-development,Important,P2 - fix soon,Static,aria-controls points to a missing id,An ARIA reference points to an id that doesn't exist.,"aria-controls=""radix-_R_1ktqla4lubsnqtb_""",aria-labelledby / aria-describedby / aria-controls reference existing ids,Fix the id or the reference.,button#embedded-contact-service.group.flex.items-center [type=button] 'Service Type',,200,yes,Accessibility Report
http://localhost:3000/technologies/redis-development,Optimization,P3 - improve,Static,Form without aria-live / role=alert region for error messages,Form errors aren't announced to screen-reader users.,(none),An aria-live / role=alert region for form messages,"Render error/success messages inside an aria-live=""polite"" region.",form.space-y-4 'Full Name * Email Address * Phone * Serv',,200,yes,Accessibility Report
http://localhost:3000/technologies/redux-development,Important,P2 - fix soon,Static,Form field without a label,"A form field has no label, so screen-reader users don't know what to type (placeholder isn't a label).",no <label>,<label for> / wrapping <label> / aria-label on every field,Add a visible <label> linked to the field id.,select,,200,yes,Accessibility Report
http://localhost:3000/technologies/redux-development,Important,P2 - fix soon,Static,aria-controls points to a missing id,An ARIA reference points to an id that doesn't exist.,"aria-controls=""radix-_R_1ktqla4lubsnqtb_""",aria-labelledby / aria-describedby / aria-controls reference existing ids,Fix the id or the reference.,button#embedded-contact-service.group.flex.items-center [type=button] 'Service Type',,200,yes,Accessibility Report
http://localhost:3000/technologies/redux-development,Optimization,P3 - improve,Static,Form without aria-live / role=alert region for error messages,Form errors aren't announced to screen-reader users.,(none),An aria-live / role=alert region for form messages,"Render error/success messages inside an aria-live=""polite"" region.",form.space-y-4 'Full Name * Email Address * Phone * Serv',,200,yes,Accessibility Report
http://localhost:3000/technologies/responsive-design,Important,P2 - fix soon,Static,Form field without a label,"A form field has no label, so screen-reader users don't know what to type (placeholder isn't a label).",no <label>,<label for> / wrapping <label> / aria-label on every field,Add a visible <label> linked to the field id.,select,,200,yes,Accessibility Report
http://localhost:3000/technologies/responsive-design,Important,P2 - fix soon,Static,aria-controls points to a missing id,An ARIA reference points to an id that doesn't exist.,"aria-controls=""radix-_R_1ktqla4lubsnqtb_""",aria-labelledby / aria-describedby / aria-controls reference existing ids,Fix the id or the reference.,button#embedded-contact-service.group.flex.items-center [type=button] 'Service Type',,200,yes,Accessibility Report
http://localhost:3000/technologies/responsive-design,Optimization,P3 - improve,Static,Form without aria-live / role=alert region for error messages,Form errors aren't announced to screen-reader users.,(none),An aria-live / role=alert region for form messages,"Render error/success messages inside an aria-live=""polite"" region.",form.space-y-4 'Full Name * Email Address * Phone * Serv',,200,yes,Accessibility Report
http://localhost:3000/technologies/rest-api-development,Important,P2 - fix soon,Static,Form field without a label,"A form field has no label, so screen-reader users don't know what to type (placeholder isn't a label).",no <label>,<label for> / wrapping <label> / aria-label on every field,Add a visible <label> linked to the field id.,select,,200,yes,Accessibility Report
http://localhost:3000/technologies/rest-api-development,Important,P2 - fix soon,Static,aria-controls points to a missing id,An ARIA reference points to an id that doesn't exist.,"aria-controls=""radix-_R_1ktqla4lubsnqtb_""",aria-labelledby / aria-describedby / aria-controls reference existing ids,Fix the id or the reference.,button#embedded-contact-service.group.flex.items-center [type=button] 'Service Type',,200,yes,Accessibility Report
http://localhost:3000/technologies/rest-api-development,Optimization,P3 - improve,Static,Form without aria-live / role=alert region for error messages,Form errors aren't announced to screen-reader users.,(none),An aria-live / role=alert region for form messages,"Render error/success messages inside an aria-live=""polite"" region.",form.space-y-4 'Full Name * Email Address * Phone * Serv',,200,yes,Accessibility Report
http://localhost:3000/technologies/ruby-on-rails-development,Important,P2 - fix soon,Static,Form field without a label,"A form field has no label, so screen-reader users don't know what to type (placeholder isn't a label).",no <label>,<label for> / wrapping <label> / aria-label on every field,Add a visible <label> linked to the field id.,select,,200,yes,Accessibility Report
http://localhost:3000/technologies/ruby-on-rails-development,Important,P2 - fix soon,Static,aria-controls points to a missing id,An ARIA reference points to an id that doesn't exist.,"aria-controls=""radix-_R_1ktqla4lubsnqtb_""",aria-labelledby / aria-describedby / aria-controls reference existing ids,Fix the id or the reference.,button#embedded-contact-service.group.flex.items-center [type=button] 'Service Type',,200,yes,Accessibility Report
http://localhost:3000/technologies/ruby-on-rails-development,Optimization,P3 - improve,Static,Form without aria-live / role=alert region for error messages,Form errors aren't announced to screen-reader users.,(none),An aria-live / role=alert region for form messages,"Render error/success messages inside an aria-live=""polite"" region.",form.space-y-4 'Full Name * Email Address * Phone * Serv',,200,yes,Accessibility Report
http://localhost:3000/technologies/salesforce-commerce-development,Important,P2 - fix soon,Static,Form field without a label,"A form field has no label, so screen-reader users don't know what to type (placeholder isn't a label).",no <label>,<label for> / wrapping <label> / aria-label on every field,Add a visible <label> linked to the field id.,select,,200,yes,Accessibility Report
http://localhost:3000/technologies/salesforce-commerce-development,Important,P2 - fix soon,Static,aria-controls points to a missing id,An ARIA reference points to an id that doesn't exist.,"aria-controls=""radix-_R_1ktqla4lubsnqtb_""",aria-labelledby / aria-describedby / aria-controls reference existing ids,Fix the id or the reference.,button#embedded-contact-service.group.flex.items-center [type=button] 'Service Type',,200,yes,Accessibility Report
http://localhost:3000/technologies/salesforce-commerce-development,Optimization,P3 - improve,Static,Form without aria-live / role=alert region for error messages,Form errors aren't announced to screen-reader users.,(none),An aria-live / role=alert region for form messages,"Render error/success messages inside an aria-live=""polite"" region.",form.space-y-4 'Full Name * Email Address * Phone * Serv',,200,yes,Accessibility Report
http://localhost:3000/technologies/sanity-development,Important,P2 - fix soon,Static,Form field without a label,"A form field has no label, so screen-reader users don't know what to type (placeholder isn't a label).",no <label>,<label for> / wrapping <label> / aria-label on every field,Add a visible <label> linked to the field id.,select,,200,yes,Accessibility Report
http://localhost:3000/technologies/sanity-development,Important,P2 - fix soon,Static,aria-controls points to a missing id,An ARIA reference points to an id that doesn't exist.,"aria-controls=""radix-_R_1ktqla4lubsnqtb_""",aria-labelledby / aria-describedby / aria-controls reference existing ids,Fix the id or the reference.,button#embedded-contact-service.group.flex.items-center [type=button] 'Service Type',,200,yes,Accessibility Report
http://localhost:3000/technologies/sanity-development,Optimization,P3 - improve,Static,Form without aria-live / role=alert region for error messages,Form errors aren't announced to screen-reader users.,(none),An aria-live / role=alert region for form messages,"Render error/success messages inside an aria-live=""polite"" region.",form.space-y-4 'Full Name * Email Address * Phone * Serv',,200,yes,Accessibility Report
http://localhost:3000/technologies/scikit-learn-development,Important,P2 - fix soon,Static,Form field without a label,"A form field has no label, so screen-reader users don't know what to type (placeholder isn't a label).",no <label>,<label for> / wrapping <label> / aria-label on every field,Add a visible <label> linked to the field id.,select,,200,yes,Accessibility Report
http://localhost:3000/technologies/scikit-learn-development,Important,P2 - fix soon,Static,aria-controls points to a missing id,An ARIA reference points to an id that doesn't exist.,"aria-controls=""radix-_R_1ktqla4lubsnqtb_""",aria-labelledby / aria-describedby / aria-controls reference existing ids,Fix the id or the reference.,button#embedded-contact-service.group.flex.items-center [type=button] 'Service Type',,200,yes,Accessibility Report
http://localhost:3000/technologies/scikit-learn-development,Optimization,P3 - improve,Static,Form without aria-live / role=alert region for error messages,Form errors aren't announced to screen-reader users.,(none),An aria-live / role=alert region for form messages,"Render error/success messages inside an aria-live=""polite"" region.",form.space-y-4 'Full Name * Email Address * Phone * Serv',,200,yes,Accessibility Report
http://localhost:3000/technologies/search-engine-optimization-seo,Important,P2 - fix soon,Static,Form field without a label,"A form field has no label, so screen-reader users don't know what to type (placeholder isn't a label).",no <label>,<label for> / wrapping <label> / aria-label on every field,Add a visible <label> linked to the field id.,select,,200,yes,Accessibility Report
http://localhost:3000/technologies/search-engine-optimization-seo,Important,P2 - fix soon,Static,aria-controls points to a missing id,An ARIA reference points to an id that doesn't exist.,"aria-controls=""radix-_R_1ktqla4lubsnqtb_""",aria-labelledby / aria-describedby / aria-controls reference existing ids,Fix the id or the reference.,button#embedded-contact-service.group.flex.items-center [type=button] 'Service Type',,200,yes,Accessibility Report
http://localhost:3000/technologies/search-engine-optimization-seo,Optimization,P3 - improve,Static,Form without aria-live / role=alert region for error messages,Form errors aren't announced to screen-reader users.,(none),An aria-live / role=alert region for form messages,"Render error/success messages inside an aria-live=""polite"" region.",form.space-y-4 'Full Name * Email Address * Phone * Serv',,200,yes,Accessibility Report
http://localhost:3000/technologies/security-testing,Important,P2 - fix soon,Static,Form field without a label,"A form field has no label, so screen-reader users don't know what to type (placeholder isn't a label).",no <label>,<label for> / wrapping <label> / aria-label on every field,Add a visible <label> linked to the field id.,select,,200,yes,Accessibility Report
http://localhost:3000/technologies/security-testing,Important,P2 - fix soon,Static,aria-controls points to a missing id,An ARIA reference points to an id that doesn't exist.,"aria-controls=""radix-_R_1ktqla4lubsnqtb_""",aria-labelledby / aria-describedby / aria-controls reference existing ids,Fix the id or the reference.,button#embedded-contact-service.group.flex.items-center [type=button] 'Service Type',,200,yes,Accessibility Report
http://localhost:3000/technologies/security-testing,Optimization,P3 - improve,Static,Form without aria-live / role=alert region for error messages,Form errors aren't announced to screen-reader users.,(none),An aria-live / role=alert region for form messages,"Render error/success messages inside an aria-live=""polite"" region.",form.space-y-4 'Full Name * Email Address * Phone * Serv',,200,yes,Accessibility Report
http://localhost:3000/technologies/selenium-development,Important,P2 - fix soon,Static,Form field without a label,"A form field has no label, so screen-reader users don't know what to type (placeholder isn't a label).",no <label>,<label for> / wrapping <label> / aria-label on every field,Add a visible <label> linked to the field id.,select,,200,yes,Accessibility Report
http://localhost:3000/technologies/selenium-development,Important,P2 - fix soon,Static,aria-controls points to a missing id,An ARIA reference points to an id that doesn't exist.,"aria-controls=""radix-_R_1ktqla4lubsnqtb_""",aria-labelledby / aria-describedby / aria-controls reference existing ids,Fix the id or the reference.,button#embedded-contact-service.group.flex.items-center [type=button] 'Service Type',,200,yes,Accessibility Report
http://localhost:3000/technologies/selenium-development,Optimization,P3 - improve,Static,Form without aria-live / role=alert region for error messages,Form errors aren't announced to screen-reader users.,(none),An aria-live / role=alert region for form messages,"Render error/success messages inside an aria-live=""polite"" region.",form.space-y-4 'Full Name * Email Address * Phone * Serv',,200,yes,Accessibility Report
http://localhost:3000/technologies/selenium-testing,Important,P2 - fix soon,Static,Form field without a label,"A form field has no label, so screen-reader users don't know what to type (placeholder isn't a label).",no <label>,<label for> / wrapping <label> / aria-label on every field,Add a visible <label> linked to the field id.,select,,200,yes,Accessibility Report
http://localhost:3000/technologies/selenium-testing,Important,P2 - fix soon,Static,aria-controls points to a missing id,An ARIA reference points to an id that doesn't exist.,"aria-controls=""radix-_R_1ktqla4lubsnqtb_""",aria-labelledby / aria-describedby / aria-controls reference existing ids,Fix the id or the reference.,button#embedded-contact-service.group.flex.items-center [type=button] 'Service Type',,200,yes,Accessibility Report
http://localhost:3000/technologies/selenium-testing,Optimization,P3 - improve,Static,Form without aria-live / role=alert region for error messages,Form errors aren't announced to screen-reader users.,(none),An aria-live / role=alert region for form messages,"Render error/success messages inside an aria-live=""polite"" region.",form.space-y-4 'Full Name * Email Address * Phone * Serv',,200,yes,Accessibility Report
http://localhost:3000/technologies/seo-services,Important,P2 - fix soon,Static,Form field without a label,"A form field has no label, so screen-reader users don't know what to type (placeholder isn't a label).",no <label>,<label for> / wrapping <label> / aria-label on every field,Add a visible <label> linked to the field id.,select,,200,yes,Accessibility Report
http://localhost:3000/technologies/seo-services,Important,P2 - fix soon,Static,aria-controls points to a missing id,An ARIA reference points to an id that doesn't exist.,"aria-controls=""radix-_R_1ktqla4lubsnqtb_""",aria-labelledby / aria-describedby / aria-controls reference existing ids,Fix the id or the reference.,button#embedded-contact-service.group.flex.items-center [type=button] 'Service Type',,200,yes,Accessibility Report
http://localhost:3000/technologies/seo-services,Optimization,P3 - improve,Static,Form without aria-live / role=alert region for error messages,Form errors aren't announced to screen-reader users.,(none),An aria-live / role=alert region for form messages,"Render error/success messages inside an aria-live=""polite"" region.",form.space-y-4 'Full Name * Email Address * Phone * Serv',,200,yes,Accessibility Report
http://localhost:3000/technologies/shopify-cms-development,Important,P2 - fix soon,Static,Form field without a label,"A form field has no label, so screen-reader users don't know what to type (placeholder isn't a label).",no <label>,<label for> / wrapping <label> / aria-label on every field,Add a visible <label> linked to the field id.,select,,200,yes,Accessibility Report
http://localhost:3000/technologies/shopify-cms-development,Important,P2 - fix soon,Static,aria-controls points to a missing id,An ARIA reference points to an id that doesn't exist.,"aria-controls=""radix-_R_1ktqla4lubsnqtb_""",aria-labelledby / aria-describedby / aria-controls reference existing ids,Fix the id or the reference.,button#embedded-contact-service.group.flex.items-center [type=button] 'Service Type',,200,yes,Accessibility Report
http://localhost:3000/technologies/shopify-cms-development,Optimization,P3 - improve,Static,Form without aria-live / role=alert region for error messages,Form errors aren't announced to screen-reader users.,(none),An aria-live / role=alert region for form messages,"Render error/success messages inside an aria-live=""polite"" region.",form.space-y-4 'Full Name * Email Address * Phone * Serv',,200,yes,Accessibility Report
http://localhost:3000/technologies/shopify-development,Important,P2 - fix soon,Static,Form field without a label,"A form field has no label, so screen-reader users don't know what to type (placeholder isn't a label).",no <label>,<label for> / wrapping <label> / aria-label on every field,Add a visible <label> linked to the field id.,select,,200,yes,Accessibility Report
http://localhost:3000/technologies/shopify-development,Important,P2 - fix soon,Static,aria-controls points to a missing id,An ARIA reference points to an id that doesn't exist.,"aria-controls=""radix-_R_1ktqla4lubsnqtb_""",aria-labelledby / aria-describedby / aria-controls reference existing ids,Fix the id or the reference.,button#embedded-contact-service.group.flex.items-center [type=button] 'Service Type',,200,yes,Accessibility Report
http://localhost:3000/technologies/shopify-development,Optimization,P3 - improve,Static,Form without aria-live / role=alert region for error messages,Form errors aren't announced to screen-reader users.,(none),An aria-live / role=alert region for form messages,"Render error/success messages inside an aria-live=""polite"" region.",form.space-y-4 'Full Name * Email Address * Phone * Serv',,200,yes,Accessibility Report
http://localhost:3000/technologies/sitecore-development,Important,P2 - fix soon,Static,Form field without a label,"A form field has no label, so screen-reader users don't know what to type (placeholder isn't a label).",no <label>,<label for> / wrapping <label> / aria-label on every field,Add a visible <label> linked to the field id.,select,,200,yes,Accessibility Report
http://localhost:3000/technologies/sitecore-development,Important,P2 - fix soon,Static,aria-controls points to a missing id,An ARIA reference points to an id that doesn't exist.,"aria-controls=""radix-_R_1ktqla4lubsnqtb_""",aria-labelledby / aria-describedby / aria-controls reference existing ids,Fix the id or the reference.,button#embedded-contact-service.group.flex.items-center [type=button] 'Service Type',,200,yes,Accessibility Report
http://localhost:3000/technologies/sitecore-development,Optimization,P3 - improve,Static,Form without aria-live / role=alert region for error messages,Form errors aren't announced to screen-reader users.,(none),An aria-live / role=alert region for form messages,"Render error/success messages inside an aria-live=""polite"" region.",form.space-y-4 'Full Name * Email Address * Phone * Serv',,200,yes,Accessibility Report
http://localhost:3000/technologies/sketch-design,Important,P2 - fix soon,Static,Form field without a label,"A form field has no label, so screen-reader users don't know what to type (placeholder isn't a label).",no <label>,<label for> / wrapping <label> / aria-label on every field,Add a visible <label> linked to the field id.,select,,200,yes,Accessibility Report
http://localhost:3000/technologies/sketch-design,Important,P2 - fix soon,Static,aria-controls points to a missing id,An ARIA reference points to an id that doesn't exist.,"aria-controls=""radix-_R_1ktqla4lubsnqtb_""",aria-labelledby / aria-describedby / aria-controls reference existing ids,Fix the id or the reference.,button#embedded-contact-service.group.flex.items-center [type=button] 'Service Type',,200,yes,Accessibility Report
http://localhost:3000/technologies/sketch-design,Optimization,P3 - improve,Static,Form without aria-live / role=alert region for error messages,Form errors aren't announced to screen-reader users.,(none),An aria-live / role=alert region for form messages,"Render error/success messages inside an aria-live=""polite"" region.",form.space-y-4 'Full Name * Email Address * Phone * Serv',,200,yes,Accessibility Report
http://localhost:3000/technologies/social-media-marketing,Important,P2 - fix soon,Static,Form field without a label,"A form field has no label, so screen-reader users don't know what to type (placeholder isn't a label).",no <label>,<label for> / wrapping <label> / aria-label on every field,Add a visible <label> linked to the field id.,select,,200,yes,Accessibility Report
http://localhost:3000/technologies/social-media-marketing,Important,P2 - fix soon,Static,aria-controls points to a missing id,An ARIA reference points to an id that doesn't exist.,"aria-controls=""radix-_R_1ktqla4lubsnqtb_""",aria-labelledby / aria-describedby / aria-controls reference existing ids,Fix the id or the reference.,button#embedded-contact-service.group.flex.items-center [type=button] 'Service Type',,200,yes,Accessibility Report
http://localhost:3000/technologies/social-media-marketing,Optimization,P3 - improve,Static,Form without aria-live / role=alert region for error messages,Form errors aren't announced to screen-reader users.,(none),An aria-live / role=alert region for form messages,"Render error/success messages inside an aria-live=""polite"" region.",form.space-y-4 'Full Name * Email Address * Phone * Serv',,200,yes,Accessibility Report
http://localhost:3000/technologies/social-media-marketing-smm,Important,P2 - fix soon,Static,Form field without a label,"A form field has no label, so screen-reader users don't know what to type (placeholder isn't a label).",no <label>,<label for> / wrapping <label> / aria-label on every field,Add a visible <label> linked to the field id.,select,,200,yes,Accessibility Report
http://localhost:3000/technologies/social-media-marketing-smm,Important,P2 - fix soon,Static,aria-controls points to a missing id,An ARIA reference points to an id that doesn't exist.,"aria-controls=""radix-_R_1ktqla4lubsnqtb_""",aria-labelledby / aria-describedby / aria-controls reference existing ids,Fix the id or the reference.,button#embedded-contact-service.group.flex.items-center [type=button] 'Service Type',,200,yes,Accessibility Report
http://localhost:3000/technologies/social-media-marketing-smm,Optimization,P3 - improve,Static,Form without aria-live / role=alert region for error messages,Form errors aren't announced to screen-reader users.,(none),An aria-live / role=alert region for form messages,"Render error/success messages inside an aria-live=""polite"" region.",form.space-y-4 'Full Name * Email Address * Phone * Serv',,200,yes,Accessibility Report
http://localhost:3000/technologies/spring-boot-development,Important,P2 - fix soon,Static,Form field without a label,"A form field has no label, so screen-reader users don't know what to type (placeholder isn't a label).",no <label>,<label for> / wrapping <label> / aria-label on every field,Add a visible <label> linked to the field id.,select,,200,yes,Accessibility Report
http://localhost:3000/technologies/spring-boot-development,Important,P2 - fix soon,Static,aria-controls points to a missing id,An ARIA reference points to an id that doesn't exist.,"aria-controls=""radix-_R_1ktqla4lubsnqtb_""",aria-labelledby / aria-describedby / aria-controls reference existing ids,Fix the id or the reference.,button#embedded-contact-service.group.flex.items-center [type=button] 'Service Type',,200,yes,Accessibility Report
http://localhost:3000/technologies/spring-boot-development,Optimization,P3 - improve,Static,Form without aria-live / role=alert region for error messages,Form errors aren't announced to screen-reader users.,(none),An aria-live / role=alert region for form messages,"Render error/success messages inside an aria-live=""polite"" region.",form.space-y-4 'Full Name * Email Address * Phone * Serv',,200,yes,Accessibility Report
http://localhost:3000/technologies/sql-server-development,Important,P2 - fix soon,Static,Form field without a label,"A form field has no label, so screen-reader users don't know what to type (placeholder isn't a label).",no <label>,<label for> / wrapping <label> / aria-label on every field,Add a visible <label> linked to the field id.,select,,200,yes,Accessibility Report
http://localhost:3000/technologies/sql-server-development,Important,P2 - fix soon,Static,aria-controls points to a missing id,An ARIA reference points to an id that doesn't exist.,"aria-controls=""radix-_R_1ktqla4lubsnqtb_""",aria-labelledby / aria-describedby / aria-controls reference existing ids,Fix the id or the reference.,button#embedded-contact-service.group.flex.items-center [type=button] 'Service Type',,200,yes,Accessibility Report
http://localhost:3000/technologies/sql-server-development,Optimization,P3 - improve,Static,Form without aria-live / role=alert region for error messages,Form errors aren't announced to screen-reader users.,(none),An aria-live / role=alert region for form messages,"Render error/success messages inside an aria-live=""polite"" region.",form.space-y-4 'Full Name * Email Address * Phone * Serv',,200,yes,Accessibility Report
http://localhost:3000/technologies/sqlite-development,Important,P2 - fix soon,Static,Form field without a label,"A form field has no label, so screen-reader users don't know what to type (placeholder isn't a label).",no <label>,<label for> / wrapping <label> / aria-label on every field,Add a visible <label> linked to the field id.,select,,200,yes,Accessibility Report
http://localhost:3000/technologies/sqlite-development,Important,P2 - fix soon,Static,aria-controls points to a missing id,An ARIA reference points to an id that doesn't exist.,"aria-controls=""radix-_R_1ktqla4lubsnqtb_""",aria-labelledby / aria-describedby / aria-controls reference existing ids,Fix the id or the reference.,button#embedded-contact-service.group.flex.items-center [type=button] 'Service Type',,200,yes,Accessibility Report
http://localhost:3000/technologies/sqlite-development,Optimization,P3 - improve,Static,Form without aria-live / role=alert region for error messages,Form errors aren't announced to screen-reader users.,(none),An aria-live / role=alert region for form messages,"Render error/success messages inside an aria-live=""polite"" region.",form.space-y-4 'Full Name * Email Address * Phone * Serv',,200,yes,Accessibility Report
http://localhost:3000/technologies/squarespace-development,Important,P2 - fix soon,Static,Form field without a label,"A form field has no label, so screen-reader users don't know what to type (placeholder isn't a label).",no <label>,<label for> / wrapping <label> / aria-label on every field,Add a visible <label> linked to the field id.,select,,200,yes,Accessibility Report
http://localhost:3000/technologies/squarespace-development,Important,P2 - fix soon,Static,aria-controls points to a missing id,An ARIA reference points to an id that doesn't exist.,"aria-controls=""radix-_R_1ktqla4lubsnqtb_""",aria-labelledby / aria-describedby / aria-controls reference existing ids,Fix the id or the reference.,button#embedded-contact-service.group.flex.items-center [type=button] 'Service Type',,200,yes,Accessibility Report
http://localhost:3000/technologies/squarespace-development,Optimization,P3 - improve,Static,Form without aria-live / role=alert region for error messages,Form errors aren't announced to screen-reader users.,(none),An aria-live / role=alert region for form messages,"Render error/success messages inside an aria-live=""polite"" region.",form.space-y-4 'Full Name * Email Address * Phone * Serv',,200,yes,Accessibility Report
http://localhost:3000/technologies/storybook-development,Important,P2 - fix soon,Static,Form field without a label,"A form field has no label, so screen-reader users don't know what to type (placeholder isn't a label).",no <label>,<label for> / wrapping <label> / aria-label on every field,Add a visible <label> linked to the field id.,select,,200,yes,Accessibility Report
http://localhost:3000/technologies/storybook-development,Important,P2 - fix soon,Static,aria-controls points to a missing id,An ARIA reference points to an id that doesn't exist.,"aria-controls=""radix-_R_1ktqla4lubsnqtb_""",aria-labelledby / aria-describedby / aria-controls reference existing ids,Fix the id or the reference.,button#embedded-contact-service.group.flex.items-center [type=button] 'Service Type',,200,yes,Accessibility Report
http://localhost:3000/technologies/storybook-development,Optimization,P3 - improve,Static,Form without aria-live / role=alert region for error messages,Form errors aren't announced to screen-reader users.,(none),An aria-live / role=alert region for form messages,"Render error/success messages inside an aria-live=""polite"" region.",form.space-y-4 'Full Name * Email Address * Phone * Serv',,200,yes,Accessibility Report
http://localhost:3000/technologies/strapi-development,Important,P2 - fix soon,Static,Form field without a label,"A form field has no label, so screen-reader users don't know what to type (placeholder isn't a label).",no <label>,<label for> / wrapping <label> / aria-label on every field,Add a visible <label> linked to the field id.,select,,200,yes,Accessibility Report
http://localhost:3000/technologies/strapi-development,Important,P2 - fix soon,Static,aria-controls points to a missing id,An ARIA reference points to an id that doesn't exist.,"aria-controls=""radix-_R_1ktqla4lubsnqtb_""",aria-labelledby / aria-describedby / aria-controls reference existing ids,Fix the id or the reference.,button#embedded-contact-service.group.flex.items-center [type=button] 'Service Type',,200,yes,Accessibility Report
http://localhost:3000/technologies/strapi-development,Optimization,P3 - improve,Static,Form without aria-live / role=alert region for error messages,Form errors aren't announced to screen-reader users.,(none),An aria-live / role=alert region for form messages,"Render error/success messages inside an aria-live=""polite"" region.",form.space-y-4 'Full Name * Email Address * Phone * Serv',,200,yes,Accessibility Report
http://localhost:3000/technologies/stripe-integration,Important,P2 - fix soon,Static,Form field without a label,"A form field has no label, so screen-reader users don't know what to type (placeholder isn't a label).",no <label>,<label for> / wrapping <label> / aria-label on every field,Add a visible <label> linked to the field id.,select,,200,yes,Accessibility Report
http://localhost:3000/technologies/stripe-integration,Important,P2 - fix soon,Static,aria-controls points to a missing id,An ARIA reference points to an id that doesn't exist.,"aria-controls=""radix-_R_1ktqla4lubsnqtb_""",aria-labelledby / aria-describedby / aria-controls reference existing ids,Fix the id or the reference.,button#embedded-contact-service.group.flex.items-center [type=button] 'Service Type',,200,yes,Accessibility Report
http://localhost:3000/technologies/stripe-integration,Optimization,P3 - improve,Static,Form without aria-live / role=alert region for error messages,Form errors aren't announced to screen-reader users.,(none),An aria-live / role=alert region for form messages,"Render error/success messages inside an aria-live=""polite"" region.",form.space-y-4 'Full Name * Email Address * Phone * Serv',,200,yes,Accessibility Report
http://localhost:3000/technologies/supabase-development,Important,P2 - fix soon,Static,Form field without a label,"A form field has no label, so screen-reader users don't know what to type (placeholder isn't a label).",no <label>,<label for> / wrapping <label> / aria-label on every field,Add a visible <label> linked to the field id.,select,,200,yes,Accessibility Report
http://localhost:3000/technologies/supabase-development,Important,P2 - fix soon,Static,aria-controls points to a missing id,An ARIA reference points to an id that doesn't exist.,"aria-controls=""radix-_R_1ktqla4lubsnqtb_""",aria-labelledby / aria-describedby / aria-controls reference existing ids,Fix the id or the reference.,button#embedded-contact-service.group.flex.items-center [type=button] 'Service Type',,200,yes,Accessibility Report
http://localhost:3000/technologies/supabase-development,Optimization,P3 - improve,Static,Form without aria-live / role=alert region for error messages,Form errors aren't announced to screen-reader users.,(none),An aria-live / role=alert region for form messages,"Render error/success messages inside an aria-live=""polite"" region.",form.space-y-4 'Full Name * Email Address * Phone * Serv',,200,yes,Accessibility Report
http://localhost:3000/technologies/svelte-development,Important,P2 - fix soon,Static,Form field without a label,"A form field has no label, so screen-reader users don't know what to type (placeholder isn't a label).",no <label>,<label for> / wrapping <label> / aria-label on every field,Add a visible <label> linked to the field id.,select,,200,yes,Accessibility Report
http://localhost:3000/technologies/svelte-development,Important,P2 - fix soon,Static,aria-controls points to a missing id,An ARIA reference points to an id that doesn't exist.,"aria-controls=""radix-_R_1ktqla4lubsnqtb_""",aria-labelledby / aria-describedby / aria-controls reference existing ids,Fix the id or the reference.,button#embedded-contact-service.group.flex.items-center [type=button] 'Service Type',,200,yes,Accessibility Report
http://localhost:3000/technologies/svelte-development,Optimization,P3 - improve,Static,Form without aria-live / role=alert region for error messages,Form errors aren't announced to screen-reader users.,(none),An aria-live / role=alert region for form messages,"Render error/success messages inside an aria-live=""polite"" region.",form.space-y-4 'Full Name * Email Address * Phone * Serv',,200,yes,Accessibility Report
http://localhost:3000/technologies/sveltekit-development,Important,P2 - fix soon,Static,Form field without a label,"A form field has no label, so screen-reader users don't know what to type (placeholder isn't a label).",no <label>,<label for> / wrapping <label> / aria-label on every field,Add a visible <label> linked to the field id.,select,,200,yes,Accessibility Report
http://localhost:3000/technologies/sveltekit-development,Important,P2 - fix soon,Static,aria-controls points to a missing id,An ARIA reference points to an id that doesn't exist.,"aria-controls=""radix-_R_1ktqla4lubsnqtb_""",aria-labelledby / aria-describedby / aria-controls reference existing ids,Fix the id or the reference.,button#embedded-contact-service.group.flex.items-center [type=button] 'Service Type',,200,yes,Accessibility Report
http://localhost:3000/technologies/sveltekit-development,Optimization,P3 - improve,Static,Form without aria-live / role=alert region for error messages,Form errors aren't announced to screen-reader users.,(none),An aria-live / role=alert region for form messages,"Render error/success messages inside an aria-live=""polite"" region.",form.space-y-4 'Full Name * Email Address * Phone * Serv',,200,yes,Accessibility Report
http://localhost:3000/technologies/swift-development,Important,P2 - fix soon,Static,Form field without a label,"A form field has no label, so screen-reader users don't know what to type (placeholder isn't a label).",no <label>,<label for> / wrapping <label> / aria-label on every field,Add a visible <label> linked to the field id.,select,,200,yes,Accessibility Report
http://localhost:3000/technologies/swift-development,Important,P2 - fix soon,Static,aria-controls points to a missing id,An ARIA reference points to an id that doesn't exist.,"aria-controls=""radix-_R_1ktqla4lubsnqtb_""",aria-labelledby / aria-describedby / aria-controls reference existing ids,Fix the id or the reference.,button#embedded-contact-service.group.flex.items-center [type=button] 'Service Type',,200,yes,Accessibility Report
http://localhost:3000/technologies/swift-development,Optimization,P3 - improve,Static,Form without aria-live / role=alert region for error messages,Form errors aren't announced to screen-reader users.,(none),An aria-live / role=alert region for form messages,"Render error/success messages inside an aria-live=""polite"" region.",form.space-y-4 'Full Name * Email Address * Phone * Serv',,200,yes,Accessibility Report
http://localhost:3000/technologies/swiftui-development,Important,P2 - fix soon,Static,Form field without a label,"A form field has no label, so screen-reader users don't know what to type (placeholder isn't a label).",no <label>,<label for> / wrapping <label> / aria-label on every field,Add a visible <label> linked to the field id.,select,,200,yes,Accessibility Report
http://localhost:3000/technologies/swiftui-development,Important,P2 - fix soon,Static,aria-controls points to a missing id,An ARIA reference points to an id that doesn't exist.,"aria-controls=""radix-_R_1ktqla4lubsnqtb_""",aria-labelledby / aria-describedby / aria-controls reference existing ids,Fix the id or the reference.,button#embedded-contact-service.group.flex.items-center [type=button] 'Service Type',,200,yes,Accessibility Report
http://localhost:3000/technologies/swiftui-development,Optimization,P3 - improve,Static,Form without aria-live / role=alert region for error messages,Form errors aren't announced to screen-reader users.,(none),An aria-live / role=alert region for form messages,"Render error/success messages inside an aria-live=""polite"" region.",form.space-y-4 'Full Name * Email Address * Phone * Serv',,200,yes,Accessibility Report
http://localhost:3000/technologies/tailwind-css-development,Important,P2 - fix soon,Static,Form field without a label,"A form field has no label, so screen-reader users don't know what to type (placeholder isn't a label).",no <label>,<label for> / wrapping <label> / aria-label on every field,Add a visible <label> linked to the field id.,select,,200,yes,Accessibility Report
http://localhost:3000/technologies/tailwind-css-development,Important,P2 - fix soon,Static,aria-controls points to a missing id,An ARIA reference points to an id that doesn't exist.,"aria-controls=""radix-_R_1ktqla4lubsnqtb_""",aria-labelledby / aria-describedby / aria-controls reference existing ids,Fix the id or the reference.,button#embedded-contact-service.group.flex.items-center [type=button] 'Service Type',,200,yes,Accessibility Report
http://localhost:3000/technologies/tailwind-css-development,Optimization,P3 - improve,Static,Form without aria-live / role=alert region for error messages,Form errors aren't announced to screen-reader users.,(none),An aria-live / role=alert region for form messages,"Render error/success messages inside an aria-live=""polite"" region.",form.space-y-4 'Full Name * Email Address * Phone * Serv',,200,yes,Accessibility Report
http://localhost:3000/technologies/technical-seo-services,Important,P2 - fix soon,Static,Form field without a label,"A form field has no label, so screen-reader users don't know what to type (placeholder isn't a label).",no <label>,<label for> / wrapping <label> / aria-label on every field,Add a visible <label> linked to the field id.,select,,200,yes,Accessibility Report
http://localhost:3000/technologies/technical-seo-services,Important,P2 - fix soon,Static,aria-controls points to a missing id,An ARIA reference points to an id that doesn't exist.,"aria-controls=""radix-_R_1ktqla4lubsnqtb_""",aria-labelledby / aria-describedby / aria-controls reference existing ids,Fix the id or the reference.,button#embedded-contact-service.group.flex.items-center [type=button] 'Service Type',,200,yes,Accessibility Report
http://localhost:3000/technologies/technical-seo-services,Optimization,P3 - improve,Static,Form without aria-live / role=alert region for error messages,Form errors aren't announced to screen-reader users.,(none),An aria-live / role=alert region for form messages,"Render error/success messages inside an aria-live=""polite"" region.",form.space-y-4 'Full Name * Email Address * Phone * Serv',,200,yes,Accessibility Report
http://localhost:3000/technologies/tensorflow-development,Important,P2 - fix soon,Static,Form field without a label,"A form field has no label, so screen-reader users don't know what to type (placeholder isn't a label).",no <label>,<label for> / wrapping <label> / aria-label on every field,Add a visible <label> linked to the field id.,select,,200,yes,Accessibility Report
http://localhost:3000/technologies/tensorflow-development,Important,P2 - fix soon,Static,aria-controls points to a missing id,An ARIA reference points to an id that doesn't exist.,"aria-controls=""radix-_R_1ktqla4lubsnqtb_""",aria-labelledby / aria-describedby / aria-controls reference existing ids,Fix the id or the reference.,button#embedded-contact-service.group.flex.items-center [type=button] 'Service Type',,200,yes,Accessibility Report
http://localhost:3000/technologies/tensorflow-development,Optimization,P3 - improve,Static,Form without aria-live / role=alert region for error messages,Form errors aren't announced to screen-reader users.,(none),An aria-live / role=alert region for form messages,"Render error/success messages inside an aria-live=""polite"" region.",form.space-y-4 'Full Name * Email Address * Phone * Serv',,200,yes,Accessibility Report
http://localhost:3000/technologies/terraform-development,Important,P2 - fix soon,Static,Form field without a label,"A form field has no label, so screen-reader users don't know what to type (placeholder isn't a label).",no <label>,<label for> / wrapping <label> / aria-label on every field,Add a visible <label> linked to the field id.,select,,200,yes,Accessibility Report
http://localhost:3000/technologies/terraform-development,Important,P2 - fix soon,Static,aria-controls points to a missing id,An ARIA reference points to an id that doesn't exist.,"aria-controls=""radix-_R_1ktqla4lubsnqtb_""",aria-labelledby / aria-describedby / aria-controls reference existing ids,Fix the id or the reference.,button#embedded-contact-service.group.flex.items-center [type=button] 'Service Type',,200,yes,Accessibility Report
http://localhost:3000/technologies/terraform-development,Optimization,P3 - improve,Static,Form without aria-live / role=alert region for error messages,Form errors aren't announced to screen-reader users.,(none),An aria-live / role=alert region for form messages,"Render error/success messages inside an aria-live=""polite"" region.",form.space-y-4 'Full Name * Email Address * Phone * Serv',,200,yes,Accessibility Report
http://localhost:3000/technologies/test-management,Important,P2 - fix soon,Static,Form field without a label,"A form field has no label, so screen-reader users don't know what to type (placeholder isn't a label).",no <label>,<label for> / wrapping <label> / aria-label on every field,Add a visible <label> linked to the field id.,select,,200,yes,Accessibility Report
http://localhost:3000/technologies/test-management,Important,P2 - fix soon,Static,aria-controls points to a missing id,An ARIA reference points to an id that doesn't exist.,"aria-controls=""radix-_R_1ktqla4lubsnqtb_""",aria-labelledby / aria-describedby / aria-controls reference existing ids,Fix the id or the reference.,button#embedded-contact-service.group.flex.items-center [type=button] 'Service Type',,200,yes,Accessibility Report
http://localhost:3000/technologies/test-management,Optimization,P3 - improve,Static,Form without aria-live / role=alert region for error messages,Form errors aren't announced to screen-reader users.,(none),An aria-live / role=alert region for form messages,"Render error/success messages inside an aria-live=""polite"" region.",form.space-y-4 'Full Name * Email Address * Phone * Serv',,200,yes,Accessibility Report
http://localhost:3000/technologies/typescript-development,Important,P2 - fix soon,Static,Form field without a label,"A form field has no label, so screen-reader users don't know what to type (placeholder isn't a label).",no <label>,<label for> / wrapping <label> / aria-label on every field,Add a visible <label> linked to the field id.,select,,200,yes,Accessibility Report
http://localhost:3000/technologies/typescript-development,Important,P2 - fix soon,Static,aria-controls points to a missing id,An ARIA reference points to an id that doesn't exist.,"aria-controls=""radix-_R_1ktqla4lubsnqtb_""",aria-labelledby / aria-describedby / aria-controls reference existing ids,Fix the id or the reference.,button#embedded-contact-service.group.flex.items-center [type=button] 'Service Type',,200,yes,Accessibility Report
http://localhost:3000/technologies/typescript-development,Optimization,P3 - improve,Static,Form without aria-live / role=alert region for error messages,Form errors aren't announced to screen-reader users.,(none),An aria-live / role=alert region for form messages,"Render error/success messages inside an aria-live=""polite"" region.",form.space-y-4 'Full Name * Email Address * Phone * Serv',,200,yes,Accessibility Report
http://localhost:3000/technologies/ui-design,Important,P2 - fix soon,Static,Form field without a label,"A form field has no label, so screen-reader users don't know what to type (placeholder isn't a label).",no <label>,<label for> / wrapping <label> / aria-label on every field,Add a visible <label> linked to the field id.,select,,200,yes,Accessibility Report
http://localhost:3000/technologies/ui-design,Important,P2 - fix soon,Static,aria-controls points to a missing id,An ARIA reference points to an id that doesn't exist.,"aria-controls=""radix-_R_1ktqla4lubsnqtb_""",aria-labelledby / aria-describedby / aria-controls reference existing ids,Fix the id or the reference.,button#embedded-contact-service.group.flex.items-center [type=button] 'Service Type',,200,yes,Accessibility Report
http://localhost:3000/technologies/ui-design,Optimization,P3 - improve,Static,Form without aria-live / role=alert region for error messages,Form errors aren't announced to screen-reader users.,(none),An aria-live / role=alert region for form messages,"Render error/success messages inside an aria-live=""polite"" region.",form.space-y-4 'Full Name * Email Address * Phone * Serv',,200,yes,Accessibility Report
http://localhost:3000/technologies/umbraco-development,Important,P2 - fix soon,Static,Form field without a label,"A form field has no label, so screen-reader users don't know what to type (placeholder isn't a label).",no <label>,<label for> / wrapping <label> / aria-label on every field,Add a visible <label> linked to the field id.,select,,200,yes,Accessibility Report
http://localhost:3000/technologies/umbraco-development,Important,P2 - fix soon,Static,aria-controls points to a missing id,An ARIA reference points to an id that doesn't exist.,"aria-controls=""radix-_R_1ktqla4lubsnqtb_""",aria-labelledby / aria-describedby / aria-controls reference existing ids,Fix the id or the reference.,button#embedded-contact-service.group.flex.items-center [type=button] 'Service Type',,200,yes,Accessibility Report
http://localhost:3000/technologies/umbraco-development,Optimization,P3 - improve,Static,Form without aria-live / role=alert region for error messages,Form errors aren't announced to screen-reader users.,(none),An aria-live / role=alert region for form messages,"Render error/success messages inside an aria-live=""polite"" region.",form.space-y-4 'Full Name * Email Address * Phone * Serv',,200,yes,Accessibility Report
http://localhost:3000/technologies/unit-testing,Important,P2 - fix soon,Static,Form field without a label,"A form field has no label, so screen-reader users don't know what to type (placeholder isn't a label).",no <label>,<label for> / wrapping <label> / aria-label on every field,Add a visible <label> linked to the field id.,select,,200,yes,Accessibility Report
http://localhost:3000/technologies/unit-testing,Important,P2 - fix soon,Static,aria-controls points to a missing id,An ARIA reference points to an id that doesn't exist.,"aria-controls=""radix-_R_1ktqla4lubsnqtb_""",aria-labelledby / aria-describedby / aria-controls reference existing ids,Fix the id or the reference.,button#embedded-contact-service.group.flex.items-center [type=button] 'Service Type',,200,yes,Accessibility Report
http://localhost:3000/technologies/unit-testing,Optimization,P3 - improve,Static,Form without aria-live / role=alert region for error messages,Form errors aren't announced to screen-reader users.,(none),An aria-live / role=alert region for form messages,"Render error/success messages inside an aria-live=""polite"" region.",form.space-y-4 'Full Name * Email Address * Phone * Serv',,200,yes,Accessibility Report
http://localhost:3000/technologies/usability-testing,Important,P2 - fix soon,Static,Form field without a label,"A form field has no label, so screen-reader users don't know what to type (placeholder isn't a label).",no <label>,<label for> / wrapping <label> / aria-label on every field,Add a visible <label> linked to the field id.,select,,200,yes,Accessibility Report
http://localhost:3000/technologies/usability-testing,Important,P2 - fix soon,Static,aria-controls points to a missing id,An ARIA reference points to an id that doesn't exist.,"aria-controls=""radix-_R_1ktqla4lubsnqtb_""",aria-labelledby / aria-describedby / aria-controls reference existing ids,Fix the id or the reference.,button#embedded-contact-service.group.flex.items-center [type=button] 'Service Type',,200,yes,Accessibility Report
http://localhost:3000/technologies/usability-testing,Optimization,P3 - improve,Static,Form without aria-live / role=alert region for error messages,Form errors aren't announced to screen-reader users.,(none),An aria-live / role=alert region for form messages,"Render error/success messages inside an aria-live=""polite"" region.",form.space-y-4 'Full Name * Email Address * Phone * Serv',,200,yes,Accessibility Report
http://localhost:3000/technologies/user-research-services,Important,P2 - fix soon,Static,Form field without a label,"A form field has no label, so screen-reader users don't know what to type (placeholder isn't a label).",no <label>,<label for> / wrapping <label> / aria-label on every field,Add a visible <label> linked to the field id.,select,,200,yes,Accessibility Report
http://localhost:3000/technologies/user-research-services,Important,P2 - fix soon,Static,aria-controls points to a missing id,An ARIA reference points to an id that doesn't exist.,"aria-controls=""radix-_R_1ktqla4lubsnqtb_""",aria-labelledby / aria-describedby / aria-controls reference existing ids,Fix the id or the reference.,button#embedded-contact-service.group.flex.items-center [type=button] 'Service Type',,200,yes,Accessibility Report
http://localhost:3000/technologies/user-research-services,Optimization,P3 - improve,Static,Form without aria-live / role=alert region for error messages,Form errors aren't announced to screen-reader users.,(none),An aria-live / role=alert region for form messages,"Render error/success messages inside an aria-live=""polite"" region.",form.space-y-4 'Full Name * Email Address * Phone * Serv',,200,yes,Accessibility Report
http://localhost:3000/technologies/ux-design,Important,P2 - fix soon,Static,Form field without a label,"A form field has no label, so screen-reader users don't know what to type (placeholder isn't a label).",no <label>,<label for> / wrapping <label> / aria-label on every field,Add a visible <label> linked to the field id.,select,,200,yes,Accessibility Report
http://localhost:3000/technologies/ux-design,Important,P2 - fix soon,Static,aria-controls points to a missing id,An ARIA reference points to an id that doesn't exist.,"aria-controls=""radix-_R_1ktqla4lubsnqtb_""",aria-labelledby / aria-describedby / aria-controls reference existing ids,Fix the id or the reference.,button#embedded-contact-service.group.flex.items-center [type=button] 'Service Type',,200,yes,Accessibility Report
http://localhost:3000/technologies/ux-design,Optimization,P3 - improve,Static,Form without aria-live / role=alert region for error messages,Form errors aren't announced to screen-reader users.,(none),An aria-live / role=alert region for form messages,"Render error/success messages inside an aria-live=""polite"" region.",form.space-y-4 'Full Name * Email Address * Phone * Serv',,200,yes,Accessibility Report
http://localhost:3000/technologies/ux-writing-services,Important,P2 - fix soon,Static,Form field without a label,"A form field has no label, so screen-reader users don't know what to type (placeholder isn't a label).",no <label>,<label for> / wrapping <label> / aria-label on every field,Add a visible <label> linked to the field id.,select,,200,yes,Accessibility Report
http://localhost:3000/technologies/ux-writing-services,Important,P2 - fix soon,Static,aria-controls points to a missing id,An ARIA reference points to an id that doesn't exist.,"aria-controls=""radix-_R_1ktqla4lubsnqtb_""",aria-labelledby / aria-describedby / aria-controls reference existing ids,Fix the id or the reference.,button#embedded-contact-service.group.flex.items-center [type=button] 'Service Type',,200,yes,Accessibility Report
http://localhost:3000/technologies/ux-writing-services,Optimization,P3 - improve,Static,Form without aria-live / role=alert region for error messages,Form errors aren't announced to screen-reader users.,(none),An aria-live / role=alert region for form messages,"Render error/success messages inside an aria-live=""polite"" region.",form.space-y-4 'Full Name * Email Address * Phone * Serv',,200,yes,Accessibility Report
http://localhost:3000/technologies/vercel-development,Important,P2 - fix soon,Static,Form field without a label,"A form field has no label, so screen-reader users don't know what to type (placeholder isn't a label).",no <label>,<label for> / wrapping <label> / aria-label on every field,Add a visible <label> linked to the field id.,select,,200,yes,Accessibility Report
http://localhost:3000/technologies/vercel-development,Important,P2 - fix soon,Static,aria-controls points to a missing id,An ARIA reference points to an id that doesn't exist.,"aria-controls=""radix-_R_1ktqla4lubsnqtb_""",aria-labelledby / aria-describedby / aria-controls reference existing ids,Fix the id or the reference.,button#embedded-contact-service.group.flex.items-center [type=button] 'Service Type',,200,yes,Accessibility Report
http://localhost:3000/technologies/vercel-development,Optimization,P3 - improve,Static,Form without aria-live / role=alert region for error messages,Form errors aren't announced to screen-reader users.,(none),An aria-live / role=alert region for form messages,"Render error/success messages inside an aria-live=""polite"" region.",form.space-y-4 'Full Name * Email Address * Phone * Serv',,200,yes,Accessibility Report
http://localhost:3000/technologies/vitest-testing,Important,P2 - fix soon,Static,Form field without a label,"A form field has no label, so screen-reader users don't know what to type (placeholder isn't a label).",no <label>,<label for> / wrapping <label> / aria-label on every field,Add a visible <label> linked to the field id.,select,,200,yes,Accessibility Report
http://localhost:3000/technologies/vitest-testing,Important,P2 - fix soon,Static,aria-controls points to a missing id,An ARIA reference points to an id that doesn't exist.,"aria-controls=""radix-_R_1ktqla4lubsnqtb_""",aria-labelledby / aria-describedby / aria-controls reference existing ids,Fix the id or the reference.,button#embedded-contact-service.group.flex.items-center [type=button] 'Service Type',,200,yes,Accessibility Report
http://localhost:3000/technologies/vitest-testing,Optimization,P3 - improve,Static,Form without aria-live / role=alert region for error messages,Form errors aren't announced to screen-reader users.,(none),An aria-live / role=alert region for form messages,"Render error/success messages inside an aria-live=""polite"" region.",form.space-y-4 'Full Name * Email Address * Phone * Serv',,200,yes,Accessibility Report
http://localhost:3000/technologies/vuejs-development,Important,P2 - fix soon,Static,Form field without a label,"A form field has no label, so screen-reader users don't know what to type (placeholder isn't a label).",no <label>,<label for> / wrapping <label> / aria-label on every field,Add a visible <label> linked to the field id.,select,,200,yes,Accessibility Report
http://localhost:3000/technologies/vuejs-development,Important,P2 - fix soon,Static,aria-controls points to a missing id,An ARIA reference points to an id that doesn't exist.,"aria-controls=""radix-_R_1ktqla4lubsnqtb_""",aria-labelledby / aria-describedby / aria-controls reference existing ids,Fix the id or the reference.,button#embedded-contact-service.group.flex.items-center [type=button] 'Service Type',,200,yes,Accessibility Report
http://localhost:3000/technologies/vuejs-development,Optimization,P3 - improve,Static,Form without aria-live / role=alert region for error messages,Form errors aren't announced to screen-reader users.,(none),An aria-live / role=alert region for form messages,"Render error/success messages inside an aria-live=""polite"" region.",form.space-y-4 'Full Name * Email Address * Phone * Serv',,200,yes,Accessibility Report
http://localhost:3000/technologies/web-components-development,Important,P2 - fix soon,Static,Form field without a label,"A form field has no label, so screen-reader users don't know what to type (placeholder isn't a label).",no <label>,<label for> / wrapping <label> / aria-label on every field,Add a visible <label> linked to the field id.,select,,200,yes,Accessibility Report
http://localhost:3000/technologies/web-components-development,Important,P2 - fix soon,Static,aria-controls points to a missing id,An ARIA reference points to an id that doesn't exist.,"aria-controls=""radix-_R_1ktqla4lubsnqtb_""",aria-labelledby / aria-describedby / aria-controls reference existing ids,Fix the id or the reference.,button#embedded-contact-service.group.flex.items-center [type=button] 'Service Type',,200,yes,Accessibility Report
http://localhost:3000/technologies/web-components-development,Optimization,P3 - improve,Static,Form without aria-live / role=alert region for error messages,Form errors aren't announced to screen-reader users.,(none),An aria-live / role=alert region for form messages,"Render error/success messages inside an aria-live=""polite"" region.",form.space-y-4 'Full Name * Email Address * Phone * Serv',,200,yes,Accessibility Report
http://localhost:3000/technologies/web-design-development,Important,P2 - fix soon,Static,Form field without a label,"A form field has no label, so screen-reader users don't know what to type (placeholder isn't a label).",no <label>,<label for> / wrapping <label> / aria-label on every field,Add a visible <label> linked to the field id.,select,,200,yes,Accessibility Report
http://localhost:3000/technologies/web-design-development,Important,P2 - fix soon,Static,aria-controls points to a missing id,An ARIA reference points to an id that doesn't exist.,"aria-controls=""radix-_R_1ktqla4lubsnqtb_""",aria-labelledby / aria-describedby / aria-controls reference existing ids,Fix the id or the reference.,button#embedded-contact-service.group.flex.items-center [type=button] 'Service Type',,200,yes,Accessibility Report
http://localhost:3000/technologies/web-design-development,Optimization,P3 - improve,Static,Form without aria-live / role=alert region for error messages,Form errors aren't announced to screen-reader users.,(none),An aria-live / role=alert region for form messages,"Render error/success messages inside an aria-live=""polite"" region.",form.space-y-4 'Full Name * Email Address * Phone * Serv',,200,yes,Accessibility Report
http://localhost:3000/technologies/webflow-development,Important,P2 - fix soon,Static,Form field without a label,"A form field has no label, so screen-reader users don't know what to type (placeholder isn't a label).",no <label>,<label for> / wrapping <label> / aria-label on every field,Add a visible <label> linked to the field id.,select,,200,yes,Accessibility Report
http://localhost:3000/technologies/webflow-development,Important,P2 - fix soon,Static,aria-controls points to a missing id,An ARIA reference points to an id that doesn't exist.,"aria-controls=""radix-_R_1ktqla4lubsnqtb_""",aria-labelledby / aria-describedby / aria-controls reference existing ids,Fix the id or the reference.,button#embedded-contact-service.group.flex.items-center [type=button] 'Service Type',,200,yes,Accessibility Report
http://localhost:3000/technologies/webflow-development,Optimization,P3 - improve,Static,Form without aria-live / role=alert region for error messages,Form errors aren't announced to screen-reader users.,(none),An aria-live / role=alert region for form messages,"Render error/success messages inside an aria-live=""polite"" region.",form.space-y-4 'Full Name * Email Address * Phone * Serv',,200,yes,Accessibility Report
http://localhost:3000/technologies/wireframing-services,Important,P2 - fix soon,Static,Form field without a label,"A form field has no label, so screen-reader users don't know what to type (placeholder isn't a label).",no <label>,<label for> / wrapping <label> / aria-label on every field,Add a visible <label> linked to the field id.,select,,200,yes,Accessibility Report
http://localhost:3000/technologies/wireframing-services,Important,P2 - fix soon,Static,aria-controls points to a missing id,An ARIA reference points to an id that doesn't exist.,"aria-controls=""radix-_R_1ktqla4lubsnqtb_""",aria-labelledby / aria-describedby / aria-controls reference existing ids,Fix the id or the reference.,button#embedded-contact-service.group.flex.items-center [type=button] 'Service Type',,200,yes,Accessibility Report
http://localhost:3000/technologies/wireframing-services,Optimization,P3 - improve,Static,Form without aria-live / role=alert region for error messages,Form errors aren't announced to screen-reader users.,(none),An aria-live / role=alert region for form messages,"Render error/success messages inside an aria-live=""polite"" region.",form.space-y-4 'Full Name * Email Address * Phone * Serv',,200,yes,Accessibility Report
http://localhost:3000/technologies/wix-development,Important,P2 - fix soon,Static,Form field without a label,"A form field has no label, so screen-reader users don't know what to type (placeholder isn't a label).",no <label>,<label for> / wrapping <label> / aria-label on every field,Add a visible <label> linked to the field id.,select,,200,yes,Accessibility Report
http://localhost:3000/technologies/wix-development,Important,P2 - fix soon,Static,aria-controls points to a missing id,An ARIA reference points to an id that doesn't exist.,"aria-controls=""radix-_R_1ktqla4lubsnqtb_""",aria-labelledby / aria-describedby / aria-controls reference existing ids,Fix the id or the reference.,button#embedded-contact-service.group.flex.items-center [type=button] 'Service Type',,200,yes,Accessibility Report
http://localhost:3000/technologies/wix-development,Optimization,P3 - improve,Static,Form without aria-live / role=alert region for error messages,Form errors aren't announced to screen-reader users.,(none),An aria-live / role=alert region for form messages,"Render error/success messages inside an aria-live=""polite"" region.",form.space-y-4 'Full Name * Email Address * Phone * Serv',,200,yes,Accessibility Report
http://localhost:3000/technologies/woocommerce-cms-development,Important,P2 - fix soon,Static,Form field without a label,"A form field has no label, so screen-reader users don't know what to type (placeholder isn't a label).",no <label>,<label for> / wrapping <label> / aria-label on every field,Add a visible <label> linked to the field id.,select,,200,yes,Accessibility Report
http://localhost:3000/technologies/woocommerce-cms-development,Important,P2 - fix soon,Static,aria-controls points to a missing id,An ARIA reference points to an id that doesn't exist.,"aria-controls=""radix-_R_1ktqla4lubsnqtb_""",aria-labelledby / aria-describedby / aria-controls reference existing ids,Fix the id or the reference.,button#embedded-contact-service.group.flex.items-center [type=button] 'Service Type',,200,yes,Accessibility Report
http://localhost:3000/technologies/woocommerce-cms-development,Optimization,P3 - improve,Static,Form without aria-live / role=alert region for error messages,Form errors aren't announced to screen-reader users.,(none),An aria-live / role=alert region for form messages,"Render error/success messages inside an aria-live=""polite"" region.",form.space-y-4 'Full Name * Email Address * Phone * Serv',,200,yes,Accessibility Report
http://localhost:3000/technologies/woocommerce-development,Important,P2 - fix soon,Static,Form field without a label,"A form field has no label, so screen-reader users don't know what to type (placeholder isn't a label).",no <label>,<label for> / wrapping <label> / aria-label on every field,Add a visible <label> linked to the field id.,select,,200,yes,Accessibility Report
http://localhost:3000/technologies/woocommerce-development,Important,P2 - fix soon,Static,aria-controls points to a missing id,An ARIA reference points to an id that doesn't exist.,"aria-controls=""radix-_R_1ktqla4lubsnqtb_""",aria-labelledby / aria-describedby / aria-controls reference existing ids,Fix the id or the reference.,button#embedded-contact-service.group.flex.items-center [type=button] 'Service Type',,200,yes,Accessibility Report
http://localhost:3000/technologies/woocommerce-development,Optimization,P3 - improve,Static,Form without aria-live / role=alert region for error messages,Form errors aren't announced to screen-reader users.,(none),An aria-live / role=alert region for form messages,"Render error/success messages inside an aria-live=""polite"" region.",form.space-y-4 'Full Name * Email Address * Phone * Serv',,200,yes,Accessibility Report
http://localhost:3000/technologies/wordpress-development,Important,P2 - fix soon,Static,Form field without a label,"A form field has no label, so screen-reader users don't know what to type (placeholder isn't a label).",no <label>,<label for> / wrapping <label> / aria-label on every field,Add a visible <label> linked to the field id.,select,,200,yes,Accessibility Report
http://localhost:3000/technologies/wordpress-development,Important,P2 - fix soon,Static,aria-controls points to a missing id,An ARIA reference points to an id that doesn't exist.,"aria-controls=""radix-_R_1ktqla4lubsnqtb_""",aria-labelledby / aria-describedby / aria-controls reference existing ids,Fix the id or the reference.,button#embedded-contact-service.group.flex.items-center [type=button] 'Service Type',,200,yes,Accessibility Report
http://localhost:3000/technologies/wordpress-development,Optimization,P3 - improve,Static,Form without aria-live / role=alert region for error messages,Form errors aren't announced to screen-reader users.,(none),An aria-live / role=alert region for form messages,"Render error/success messages inside an aria-live=""polite"" region.",form.space-y-4 'Full Name * Email Address * Phone * Serv',,200,yes,Accessibility Report
http://localhost:3000/technologies/xamarin-development,Important,P2 - fix soon,Static,Form field without a label,"A form field has no label, so screen-reader users don't know what to type (placeholder isn't a label).",no <label>,<label for> / wrapping <label> / aria-label on every field,Add a visible <label> linked to the field id.,select,,200,yes,Accessibility Report
http://localhost:3000/technologies/xamarin-development,Important,P2 - fix soon,Static,aria-controls points to a missing id,An ARIA reference points to an id that doesn't exist.,"aria-controls=""radix-_R_1ktqla4lubsnqtb_""",aria-labelledby / aria-describedby / aria-controls reference existing ids,Fix the id or the reference.,button#embedded-contact-service.group.flex.items-center [type=button] 'Service Type',,200,yes,Accessibility Report
http://localhost:3000/technologies/xamarin-development,Optimization,P3 - improve,Static,Form without aria-live / role=alert region for error messages,Form errors aren't announced to screen-reader users.,(none),An aria-live / role=alert region for form messages,"Render error/success messages inside an aria-live=""polite"" region.",form.space-y-4 'Full Name * Email Address * Phone * Serv',,200,yes,Accessibility Report
http://localhost:3000/terms-of-service,Important,P2 - fix soon,Touch targets,Touch targets smaller than 24x24 px,"Touch targets are smaller than 24x24 px, too small to tap reliably (WCAG 2.5.8).",358x20 px,24x24 px minimum (44x44 recommended),Increase padding / min-width / min-height of the element.,hello@semicolon.agency,390 px phone viewport,200,yes,Accessibility Report
http://localhost:3000/terms-of-service,Important,P2 - fix soon,Touch targets,Touch targets smaller than 24x24 px,"Touch targets are smaller than 24x24 px, too small to tap reliably (WCAG 2.5.8).",358x20 px,24x24 px minimum (44x44 recommended),Increase padding / min-width / min-height of the element.,+91 95128 15630,390 px phone viewport,200,yes,Accessibility Report
http://localhost:3000/terms-of-service,Important,P2 - fix soon,Touch targets,Touch targets smaller than 24x24 px,"Touch targets are smaller than 24x24 px, too small to tap reliably (WCAG 2.5.8).",93x20 px,24x24 px minimum (44x44 recommended),Increase padding / min-width / min-height of the element.,Apply now,390 px phone viewport,200,yes,Accessibility Report
http://localhost:3000/terms-of-service,Important,P2 - fix soon,axe-core,color-contrast: Elements must meet minimum color contrast ratio thresholds,Ensure the contrast between foreground and background colors meets WCAG 2 AA minimum contrast ratio thresholds,"Element has insufficient color contrast of 4.31 (foreground color: #006ce0, background color: #e6f0fc, font size: 10.5pt (14px), font weight: normal). Expected contrast ratio of 4.5:1",no axe-core violation,"Element has insufficient color contrast of 4.31 (foreground color: #006ce0, background color: #e6f0fc, font size: 10.5pt (14px), font weight: normal). Expected contrast ratio of 4.5:1 - see https://dequeuniversity.com/rules/axe/4.12/color-contrast?application=axeAPI",.mb-6.py-1.bg-\[hsl\(var\(--primary\)\/0\.1\)\],"impact serious; html: <div class=""inline-flex items-center gap-2 px-3 py-1 rounded-full bg-[hsl(var(--primary)/0.1)] text-[hsl(var(--primary))] text-sm font-medium mb-6"">",200,yes,Accessibility Report
http://localhost:3000/terms-of-service,Important,P2 - fix soon,axe-core,color-contrast: Elements must meet minimum color contrast ratio thresholds,Ensure the contrast between foreground and background colors meets WCAG 2 AA minimum contrast ratio thresholds,"Element has insufficient color contrast of 4.45 (foreground color: #006ce0, background color: #eef3f9, font size: 10.5pt (14px), font weight: normal). Expected contrast ratio of 4.5:1",no axe-core violation,"Element has insufficient color contrast of 4.45 (foreground color: #006ce0, background color: #eef3f9, font size: 10.5pt (14px), font weight: normal). Expected contrast ratio of 4.5:1 - see https://dequeuniversity.com/rules/axe/4.12/color-contrast?application=axeAPI",".gap-1\.5.inline-flex[href$=""internships""]","impact serious; html: <a class=""group inline-flex items-center gap-1.5 text-sm font-semibold text-primary"" href=""/internships"">",200,yes,Accessibility Report
http://localhost:3000/terms-of-service,Optimization,P3 - improve,Touch targets,Touch targets smaller than 44x44 px,Touch targets are smaller than the recommended 44x44 px.,141x36 px,44x44 px,Increase padding / min-height on the element.,"S
Semicolon",390 px phone viewport,200,yes,Accessibility Report
http://localhost:3000/terms-of-service,Optimization,P3 - improve,Touch targets,Touch targets smaller than 44x44 px,Touch targets are smaller than the recommended 44x44 px.,87x40 px,44x44 px,Increase padding / min-height on the element.,EN,390 px phone viewport,200,yes,Accessibility Report
http://localhost:3000/terms-of-service,Optimization,P3 - improve,Touch targets,Touch targets smaller than 44x44 px,Touch targets are smaller than the recommended 44x44 px.,40x40 px,44x44 px,Increase padding / min-height on the element.,Switch to dark mode,390 px phone viewport,200,yes,Accessibility Report
http://localhost:3000/terms-of-service,Optimization,P3 - improve,Touch targets,Touch targets smaller than 44x44 px,Touch targets are smaller than the recommended 44x44 px.,40x40 px,44x44 px,Increase padding / min-height on the element.,Open menu,390 px phone viewport,200,yes,Accessibility Report
http://localhost:3000/terms-of-service,Optimization,P3 - improve,Touch targets,Touch targets smaller than 44x44 px,Touch targets are smaller than the recommended 44x44 px.,164x40 px,44x44 px,Increase padding / min-height on the element.,"S
Semicolon",390 px phone viewport,200,yes,Accessibility Report
http://localhost:3000/tools,Important,P2 - fix soon,Static,Form field without a label,"A form field has no label, so screen-reader users don't know what to type (placeholder isn't a label).","no <label> (only placeholder 'Search tools, versions, tags...')",<label for> / wrapping <label> / aria-label on every field,Add a visible <label> linked to the field id.,input.w-full.rounded-full.border [type=text],,200,yes,Accessibility Report
http://localhost:3000/tools,Important,P2 - fix soon,Touch targets,Touch targets smaller than 24x24 px,"Touch targets are smaller than 24x24 px, too small to tap reliably (WCAG 2.5.8).",57x22 px,24x24 px minimum (44x44 recommended),Increase padding / min-width / min-height of the element.,Home,390 px phone viewport,200,yes,Accessibility Report
http://localhost:3000/tools,Important,P2 - fix soon,Touch targets,Touch targets smaller than 24x24 px,"Touch targets are smaller than 24x24 px, too small to tap reliably (WCAG 2.5.8).",39x22 px,24x24 px minimum (44x44 recommended),Increase padding / min-width / min-height of the element.,About,390 px phone viewport,200,yes,Accessibility Report
http://localhost:3000/tools,Important,P2 - fix soon,Touch targets,Touch targets smaller than 24x24 px,"Touch targets are smaller than 24x24 px, too small to tap reliably (WCAG 2.5.8).",308x16 px,24x24 px minimum (44x44 recommended),Increase padding / min-width / min-height of the element.,Explore Claude Integration,390 px phone viewport,200,yes,Accessibility Report
http://localhost:3000/tools,Important,P2 - fix soon,Touch targets,Touch targets smaller than 24x24 px,"Touch targets are smaller than 24x24 px, too small to tap reliably (WCAG 2.5.8).",308x16 px,24x24 px minimum (44x44 recommended),Increase padding / min-width / min-height of the element.,Explore OpenAI Workflows,390 px phone viewport,200,yes,Accessibility Report
http://localhost:3000/tools,Important,P2 - fix soon,Touch targets,Touch targets smaller than 24x24 px,"Touch targets are smaller than 24x24 px, too small to tap reliably (WCAG 2.5.8).",308x16 px,24x24 px minimum (44x44 recommended),Increase padding / min-width / min-height of the element.,Explore Copilot Enterprise,390 px phone viewport,200,yes,Accessibility Report
http://localhost:3000/tools,Important,P2 - fix soon,Touch targets,Touch targets smaller than 24x24 px,"Touch targets are smaller than 24x24 px, too small to tap reliably (WCAG 2.5.8).",358x20 px,24x24 px minimum (44x44 recommended),Increase padding / min-width / min-height of the element.,hello@semicolon.agency,390 px phone viewport,200,yes,Accessibility Report
http://localhost:3000/tools,Important,P2 - fix soon,Touch targets,Touch targets smaller than 24x24 px,"Touch targets are smaller than 24x24 px, too small to tap reliably (WCAG 2.5.8).",358x20 px,24x24 px minimum (44x44 recommended),Increase padding / min-width / min-height of the element.,+91 95128 15630,390 px phone viewport,200,yes,Accessibility Report
http://localhost:3000/tools,Important,P2 - fix soon,Touch targets,Touch targets smaller than 24x24 px,"Touch targets are smaller than 24x24 px, too small to tap reliably (WCAG 2.5.8).",93x20 px,24x24 px minimum (44x44 recommended),Increase padding / min-width / min-height of the element.,Apply now,390 px phone viewport,200,yes,Accessibility Report
http://localhost:3000/tools,Important,P2 - fix soon,axe-core,color-contrast: Elements must meet minimum color contrast ratio thresholds,Ensure the contrast between foreground and background colors meets WCAG 2 AA minimum contrast ratio thresholds,"Element has insufficient color contrast of 2.41 (foreground color: #00bc7d, background color: #fcfcfc, font size: 27.0pt (36px), font weight: bold). Expected contrast ratio of 3:1",no axe-core violation,"Element has insufficient color contrast of 2.41 (foreground color: #00bc7d, background color: #fcfcfc, font size: 27.0pt (36px), font weight: bold). Expected contrast ratio of 3:1 - see https://dequeuniversity.com/rules/axe/4.12/color-contrast?application=axeAPI",.text-emerald-500.font-black.lg\:text-4xl,"impact serious; html: <span class=""block text-2xl font-black text-emerald-500 sm:text-3xl lg:text-4xl"">0%</span>",200,yes,Accessibility Report
http://localhost:3000/tools,Important,P2 - fix soon,axe-core,color-contrast: Elements must meet minimum color contrast ratio thresholds,Ensure the contrast between foreground and background colors meets WCAG 2 AA minimum contrast ratio thresholds,"Element has insufficient color contrast of 4.31 (foreground color: #006ce0, background color: #e6f0fc, font size: 9.0pt (12px), font weight: normal). Expected contrast ratio of 4.5:1",no axe-core violation,"Element has insufficient color contrast of 4.31 (foreground color: #006ce0, background color: #e6f0fc, font size: 9.0pt (12px), font weight: normal). Expected contrast ratio of 4.5:1 - see https://dequeuniversity.com/rules/axe/4.12/color-contrast?application=axeAPI",.eyebrow.mb-3,"impact serious; html: <span class=""eyebrow mb-3"">Interactive Directory</span>",200,yes,Accessibility Report
http://localhost:3000/tools,Important,P2 - fix soon,axe-core,color-contrast: Elements must meet minimum color contrast ratio thresholds,Ensure the contrast between foreground and background colors meets WCAG 2 AA minimum contrast ratio thresholds,"Element has insufficient color contrast of 4.19 (foreground color: #006ce0, background color: #e2edf8, font size: 7.5pt (10px), font weight: normal). Expected contrast ratio of 4.5:1",no axe-core violation,"Element has insufficient color contrast of 4.19 (foreground color: #006ce0, background color: #e2edf8, font size: 7.5pt (10px), font weight: normal). Expected contrast ratio of 4.5:1 - see https://dequeuniversity.com/rules/axe/4.12/color-contrast?application=axeAPI",".h-full.hover\:-translate-y-1[href$=""claude""] > div:nth-child(1) > .mb-3\.5.items-start.justify-between > .items-end.flex-col.gap-1 > .text-\[10px\].bg-primary\/10.rounded-full","impact serious; html: <span class=""rounded-full bg-primary/10 px-2 py-0.5 text-[10px] font-semibold text-primary"">AI</span>",200,yes,Accessibility Report
http://localhost:3000/tools,Important,P2 - fix soon,axe-core,color-contrast: Elements must meet minimum color contrast ratio thresholds,Ensure the contrast between foreground and background colors meets WCAG 2 AA minimum contrast ratio thresholds,"Element has insufficient color contrast of 3.53 (foreground color: #009966, background color: #fbfbfb, font size: 8.3pt (11px), font weight: normal). Expected contrast ratio of 4.5:1",no axe-core violation,"Element has insufficient color contrast of 3.53 (foreground color: #009966, background color: #fbfbfb, font size: 8.3pt (11px), font weight: normal). Expected contrast ratio of 4.5:1 - see https://dequeuniversity.com/rules/axe/4.12/color-contrast?application=axeAPI",".h-full.hover\:-translate-y-1[href$=""claude""] > .border-border\/60.pt-3.border-t > .text-emerald-600.dark\:text-emerald-400.text-\[11px\]","impact serious; html: <span class=""flex items-center gap-1 text-[11px] font-medium text-emerald-600 dark:text-emerald-400"">",200,yes,Accessibility Report
http://localhost:3000/tools,Important,P2 - fix soon,axe-core,color-contrast: Elements must meet minimum color contrast ratio thresholds,Ensure the contrast between foreground and background colors meets WCAG 2 AA minimum contrast ratio thresholds,"Element has insufficient color contrast of 4.19 (foreground color: #006ce0, background color: #e2edf8, font size: 7.5pt (10px), font weight: normal). Expected contrast ratio of 4.5:1",no axe-core violation,"Element has insufficient color contrast of 4.19 (foreground color: #006ce0, background color: #e2edf8, font size: 7.5pt (10px), font weight: normal). Expected contrast ratio of 4.5:1 - see https://dequeuniversity.com/rules/axe/4.12/color-contrast?application=axeAPI",".h-full.hover\:-translate-y-1[href$=""chatgpt-openai""] > div:nth-child(1) > .mb-3\.5.items-start.justify-between > .items-end.flex-col.gap-1 > .text-\[10px\].bg-primary\/10.rounded-full","impact serious; html: <span class=""rounded-full bg-primary/10 px-2 py-0.5 text-[10px] font-semibold text-primary"">AI</span>",200,yes,Accessibility Report
http://localhost:3000/tools,Important,P2 - fix soon,axe-core,color-contrast: Elements must meet minimum color contrast ratio thresholds,Ensure the contrast between foreground and background colors meets WCAG 2 AA minimum contrast ratio thresholds,"Element has insufficient color contrast of 3.53 (foreground color: #009966, background color: #fbfbfb, font size: 8.3pt (11px), font weight: normal). Expected contrast ratio of 4.5:1",no axe-core violation,"Element has insufficient color contrast of 3.53 (foreground color: #009966, background color: #fbfbfb, font size: 8.3pt (11px), font weight: normal). Expected contrast ratio of 4.5:1 - see https://dequeuniversity.com/rules/axe/4.12/color-contrast?application=axeAPI",".h-full.hover\:-translate-y-1[href$=""chatgpt-openai""] > .border-border\/60.pt-3.border-t > .text-emerald-600.dark\:text-emerald-400.text-\[11px\]","impact serious; html: <span class=""flex items-center gap-1 text-[11px] font-medium text-emerald-600 dark:text-emerald-400"">",200,yes,Accessibility Report
http://localhost:3000/tools,Important,P2 - fix soon,axe-core,color-contrast: Elements must meet minimum color contrast ratio thresholds,Ensure the contrast between foreground and background colors meets WCAG 2 AA minimum contrast ratio thresholds,"Element has insufficient color contrast of 4.19 (foreground color: #006ce0, background color: #e2edf8, font size: 7.5pt (10px), font weight: normal). Expected contrast ratio of 4.5:1",no axe-core violation,"Element has insufficient color contrast of 4.19 (foreground color: #006ce0, background color: #e2edf8, font size: 7.5pt (10px), font weight: normal). Expected contrast ratio of 4.5:1 - see https://dequeuniversity.com/rules/axe/4.12/color-contrast?application=axeAPI",".h-full.hover\:-translate-y-1[href$=""github-copilot""] > div:nth-child(1) > .mb-3\.5.items-start.justify-between > .items-end.flex-col.gap-1 > .text-\[10px\].bg-primary\/10.rounded-full","impact serious; html: <span class=""rounded-full bg-primary/10 px-2 py-0.5 text-[10px] font-semibold text-primary"">AI</span>",200,yes,Accessibility Report
http://localhost:3000/tools,Important,P2 - fix soon,axe-core,color-contrast: Elements must meet minimum color contrast ratio thresholds,Ensure the contrast between foreground and background colors meets WCAG 2 AA minimum contrast ratio thresholds,"Element has insufficient color contrast of 3.53 (foreground color: #009966, background color: #fbfbfb, font size: 8.3pt (11px), font weight: normal). Expected contrast ratio of 4.5:1",no axe-core violation,"Element has insufficient color contrast of 3.53 (foreground color: #009966, background color: #fbfbfb, font size: 8.3pt (11px), font weight: normal). Expected contrast ratio of 4.5:1 - see https://dequeuniversity.com/rules/axe/4.12/color-contrast?application=axeAPI",".h-full.hover\:-translate-y-1[href$=""github-copilot""] > .border-border\/60.pt-3.border-t > .text-emerald-600.dark\:text-emerald-400.text-\[11px\]","impact serious; html: <span class=""flex items-center gap-1 text-[11px] font-medium text-emerald-600 dark:text-emerald-400"">",200,yes,Accessibility Report
http://localhost:3000/tools,Important,P2 - fix soon,axe-core,color-contrast: Elements must meet minimum color contrast ratio thresholds,Ensure the contrast between foreground and background colors meets WCAG 2 AA minimum contrast ratio thresholds,"Element has insufficient color contrast of 4.19 (foreground color: #006ce0, background color: #e2edf8, font size: 7.5pt (10px), font weight: normal). Expected contrast ratio of 4.5:1",no axe-core violation,"Element has insufficient color contrast of 4.19 (foreground color: #006ce0, background color: #e2edf8, font size: 7.5pt (10px), font weight: normal). Expected contrast ratio of 4.5:1 - see https://dequeuniversity.com/rules/axe/4.12/color-contrast?application=axeAPI","a[href$=""google-gemini""] > div:nth-child(1) > .mb-3\.5.items-start.justify-between > .items-end.flex-col.gap-1 > .text-\[10px\].bg-primary\/10.rounded-full","impact serious; html: <span class=""rounded-full bg-primary/10 px-2 py-0.5 text-[10px] font-semibold text-primary"">AI</span>",200,yes,Accessibility Report
http://localhost:3000/tools,Important,P2 - fix soon,axe-core,color-contrast: Elements must meet minimum color contrast ratio thresholds,Ensure the contrast between foreground and background colors meets WCAG 2 AA minimum contrast ratio thresholds,"Element has insufficient color contrast of 3.53 (foreground color: #009966, background color: #fbfbfb, font size: 8.3pt (11px), font weight: normal). Expected contrast ratio of 4.5:1",no axe-core violation,"Element has insufficient color contrast of 3.53 (foreground color: #009966, background color: #fbfbfb, font size: 8.3pt (11px), font weight: normal). Expected contrast ratio of 4.5:1 - see https://dequeuniversity.com/rules/axe/4.12/color-contrast?application=axeAPI","a[href$=""google-gemini""] > .border-border\/60.pt-3.border-t > .text-emerald-600.dark\:text-emerald-400.text-\[11px\]","impact serious; html: <span class=""flex items-center gap-1 text-[11px] font-medium text-emerald-600 dark:text-emerald-400"">",200,yes,Accessibility Report
http://localhost:3000/tools,Important,P2 - fix soon,axe-core,color-contrast: Elements must meet minimum color contrast ratio thresholds,Ensure the contrast between foreground and background colors meets WCAG 2 AA minimum contrast ratio thresholds,"Element has insufficient color contrast of 4.19 (foreground color: #006ce0, background color: #e2edf8, font size: 7.5pt (10px), font weight: normal). Expected contrast ratio of 4.5:1",no axe-core violation,"Element has insufficient color contrast of 4.19 (foreground color: #006ce0, background color: #e2edf8, font size: 7.5pt (10px), font weight: normal). Expected contrast ratio of 4.5:1 - see https://dequeuniversity.com/rules/axe/4.12/color-contrast?application=axeAPI","a[href$=""perplexity""] > div:nth-child(1) > .mb-3\.5.items-start.justify-between > .items-end.flex-col.gap-1 > .text-\[10px\].bg-primary\/10.rounded-full","impact serious; html: <span class=""rounded-full bg-primary/10 px-2 py-0.5 text-[10px] font-semibold text-primary"">AI</span>",200,yes,Accessibility Report
http://localhost:3000/tools,Important,P2 - fix soon,axe-core,color-contrast: Elements must meet minimum color contrast ratio thresholds,Ensure the contrast between foreground and background colors meets WCAG 2 AA minimum contrast ratio thresholds,"Element has insufficient color contrast of 3.53 (foreground color: #009966, background color: #fbfbfb, font size: 8.3pt (11px), font weight: normal). Expected contrast ratio of 4.5:1",no axe-core violation,"Element has insufficient color contrast of 3.53 (foreground color: #009966, background color: #fbfbfb, font size: 8.3pt (11px), font weight: normal). Expected contrast ratio of 4.5:1 - see https://dequeuniversity.com/rules/axe/4.12/color-contrast?application=axeAPI","a[href$=""perplexity""] > .border-border\/60.pt-3.border-t > .text-emerald-600.dark\:text-emerald-400.text-\[11px\]","impact serious; html: <span class=""flex items-center gap-1 text-[11px] font-medium text-emerald-600 dark:text-emerald-400"">",200,yes,Accessibility Report
http://localhost:3000/tools,Important,P2 - fix soon,axe-core,color-contrast: Elements must meet minimum color contrast ratio thresholds,Ensure the contrast between foreground and background colors meets WCAG 2 AA minimum contrast ratio thresholds,"Element has insufficient color contrast of 4.19 (foreground color: #006ce0, background color: #e2edf8, font size: 7.5pt (10px), font weight: normal). Expected contrast ratio of 4.5:1",no axe-core violation,"Element has insufficient color contrast of 4.19 (foreground color: #006ce0, background color: #e2edf8, font size: 7.5pt (10px), font weight: normal). Expected contrast ratio of 4.5:1 - see https://dequeuniversity.com/rules/axe/4.12/color-contrast?application=axeAPI","a[href$=""python""] > div:nth-child(1) > .mb-3\.5.items-start.justify-between > .items-end.flex-col.gap-1 > .text-\[10px\].bg-primary\/10.rounded-full","impact serious; html: <span class=""rounded-full bg-primary/10 px-2 py-0.5 text-[10px] font-semibold text-primary"">AI</span>",200,yes,Accessibility Report
http://localhost:3000/tools,Important,P2 - fix soon,axe-core,color-contrast: Elements must meet minimum color contrast ratio thresholds,Ensure the contrast between foreground and background colors meets WCAG 2 AA minimum contrast ratio thresholds,"Element has insufficient color contrast of 3.53 (foreground color: #009966, background color: #fbfbfb, font size: 8.3pt (11px), font weight: normal). Expected contrast ratio of 4.5:1",no axe-core violation,"Element has insufficient color contrast of 3.53 (foreground color: #009966, background color: #fbfbfb, font size: 8.3pt (11px), font weight: normal). Expected contrast ratio of 4.5:1 - see https://dequeuniversity.com/rules/axe/4.12/color-contrast?application=axeAPI","a[href$=""python""] > .border-border\/60.pt-3.border-t > .text-emerald-600.dark\:text-emerald-400.text-\[11px\]","impact serious; html: <span class=""flex items-center gap-1 text-[11px] font-medium text-emerald-600 dark:text-emerald-400"">",200,yes,Accessibility Report
http://localhost:3000/tools,Important,P2 - fix soon,axe-core,color-contrast: Elements must meet minimum color contrast ratio thresholds,Ensure the contrast between foreground and background colors meets WCAG 2 AA minimum contrast ratio thresholds,"Element has insufficient color contrast of 4.19 (foreground color: #006ce0, background color: #e2edf8, font size: 7.5pt (10px), font weight: normal). Expected contrast ratio of 4.5:1",no axe-core violation,"Element has insufficient color contrast of 4.19 (foreground color: #006ce0, background color: #e2edf8, font size: 7.5pt (10px), font weight: normal). Expected contrast ratio of 4.5:1 - see https://dequeuniversity.com/rules/axe/4.12/color-contrast?application=axeAPI","a[href$=""langchain""] > div:nth-child(1) > .mb-3\.5.items-start.justify-between > .items-end.flex-col.gap-1 > .text-\[10px\].bg-primary\/10.rounded-full","impact serious; html: <span class=""rounded-full bg-primary/10 px-2 py-0.5 text-[10px] font-semibold text-primary"">AI</span>",200,yes,Accessibility Report
http://localhost:3000/tools,Important,P2 - fix soon,axe-core,color-contrast: Elements must meet minimum color contrast ratio thresholds,Ensure the contrast between foreground and background colors meets WCAG 2 AA minimum contrast ratio thresholds,"Element has insufficient color contrast of 3.53 (foreground color: #009966, background color: #fbfbfb, font size: 8.3pt (11px), font weight: normal). Expected contrast ratio of 4.5:1",no axe-core violation,"Element has insufficient color contrast of 3.53 (foreground color: #009966, background color: #fbfbfb, font size: 8.3pt (11px), font weight: normal). Expected contrast ratio of 4.5:1 - see https://dequeuniversity.com/rules/axe/4.12/color-contrast?application=axeAPI","a[href$=""langchain""] > .border-border\/60.pt-3.border-t > .text-emerald-600.dark\:text-emerald-400.text-\[11px\]","impact serious; html: <span class=""flex items-center gap-1 text-[11px] font-medium text-emerald-600 dark:text-emerald-400"">",200,yes,Accessibility Report
http://localhost:3000/tools,Important,P2 - fix soon,axe-core,color-contrast: Elements must meet minimum color contrast ratio thresholds,Ensure the contrast between foreground and background colors meets WCAG 2 AA minimum contrast ratio thresholds,"Element has insufficient color contrast of 4.19 (foreground color: #006ce0, background color: #e2edf8, font size: 7.5pt (10px), font weight: normal). Expected contrast ratio of 4.5:1",no axe-core violation,"Element has insufficient color contrast of 4.19 (foreground color: #006ce0, background color: #e2edf8, font size: 7.5pt (10px), font weight: normal). Expected contrast ratio of 4.5:1 - see https://dequeuniversity.com/rules/axe/4.12/color-contrast?application=axeAPI","a[href$=""hugging-face""] > div:nth-child(1) > .mb-3\.5.items-start.justify-between > .items-end.flex-col.gap-1 > .text-\[10px\].bg-primary\/10.rounded-full","impact serious; html: <span class=""rounded-full bg-primary/10 px-2 py-0.5 text-[10px] font-semibold text-primary"">AI</span>",200,yes,Accessibility Report
http://localhost:3000/tools,Important,P2 - fix soon,axe-core,color-contrast: Elements must meet minimum color contrast ratio thresholds,Ensure the contrast between foreground and background colors meets WCAG 2 AA minimum contrast ratio thresholds,"Element has insufficient color contrast of 3.53 (foreground color: #009966, background color: #fbfbfb, font size: 8.3pt (11px), font weight: normal). Expected contrast ratio of 4.5:1",no axe-core violation,"Element has insufficient color contrast of 3.53 (foreground color: #009966, background color: #fbfbfb, font size: 8.3pt (11px), font weight: normal). Expected contrast ratio of 4.5:1 - see https://dequeuniversity.com/rules/axe/4.12/color-contrast?application=axeAPI","a[href$=""hugging-face""] > .border-border\/60.pt-3.border-t > .text-emerald-600.dark\:text-emerald-400.text-\[11px\]","impact serious; html: <span class=""flex items-center gap-1 text-[11px] font-medium text-emerald-600 dark:text-emerald-400"">",200,yes,Accessibility Report
http://localhost:3000/tools,Important,P2 - fix soon,axe-core,color-contrast: Elements must meet minimum color contrast ratio thresholds,Ensure the contrast between foreground and background colors meets WCAG 2 AA minimum contrast ratio thresholds,"Element has insufficient color contrast of 4.19 (foreground color: #006ce0, background color: #e2edf8, font size: 7.5pt (10px), font weight: normal). Expected contrast ratio of 4.5:1",no axe-core violation,"Element has insufficient color contrast of 4.19 (foreground color: #006ce0, background color: #e2edf8, font size: 7.5pt (10px), font weight: normal). Expected contrast ratio of 4.5:1 - see https://dequeuniversity.com/rules/axe/4.12/color-contrast?application=axeAPI","a[href$=""tensorflow""] > div:nth-child(1) > .mb-3\.5.items-start.justify-between > .items-end.flex-col.gap-1 > .text-\[10px\].bg-primary\/10.rounded-full","impact serious; html: <span class=""rounded-full bg-primary/10 px-2 py-0.5 text-[10px] font-semibold text-primary"">AI</span>",200,yes,Accessibility Report
http://localhost:3000/tools,Important,P2 - fix soon,axe-core,color-contrast: Elements must meet minimum color contrast ratio thresholds,Ensure the contrast between foreground and background colors meets WCAG 2 AA minimum contrast ratio thresholds,"Element has insufficient color contrast of 3.53 (foreground color: #009966, background color: #fbfbfb, font size: 8.3pt (11px), font weight: normal). Expected contrast ratio of 4.5:1",no axe-core violation,"Element has insufficient color contrast of 3.53 (foreground color: #009966, background color: #fbfbfb, font size: 8.3pt (11px), font weight: normal). Expected contrast ratio of 4.5:1 - see https://dequeuniversity.com/rules/axe/4.12/color-contrast?application=axeAPI","a[href$=""tensorflow""] > .border-border\/60.pt-3.border-t > .text-emerald-600.dark\:text-emerald-400.text-\[11px\]","impact serious; html: <span class=""flex items-center gap-1 text-[11px] font-medium text-emerald-600 dark:text-emerald-400"">",200,yes,Accessibility Report
http://localhost:3000/tools,Important,P2 - fix soon,axe-core,color-contrast: Elements must meet minimum color contrast ratio thresholds,Ensure the contrast between foreground and background colors meets WCAG 2 AA minimum contrast ratio thresholds,"Element has insufficient color contrast of 4.19 (foreground color: #006ce0, background color: #e2edf8, font size: 7.5pt (10px), font weight: normal). Expected contrast ratio of 4.5:1",no axe-core violation,"Element has insufficient color contrast of 4.19 (foreground color: #006ce0, background color: #e2edf8, font size: 7.5pt (10px), font weight: normal). Expected contrast ratio of 4.5:1 - see https://dequeuniversity.com/rules/axe/4.12/color-contrast?application=axeAPI",".h-full.hover\:-translate-y-1[href$=""agile-scrum""] > div:nth-child(1) > .mb-3\.5.items-start.justify-between > .items-end.flex-col.gap-1 > .text-\[10px\].bg-primary\/10.rounded-full","impact serious; html: <span class=""rounded-full bg-primary/10 px-2 py-0.5 text-[10px] font-semibold text-primary"">Delivery</span>",200,yes,Accessibility Report
http://localhost:3000/tools,Important,P2 - fix soon,axe-core,color-contrast: Elements must meet minimum color contrast ratio thresholds,Ensure the contrast between foreground and background colors meets WCAG 2 AA minimum contrast ratio thresholds,"Element has insufficient color contrast of 3.53 (foreground color: #009966, background color: #fbfbfb, font size: 8.3pt (11px), font weight: normal). Expected contrast ratio of 4.5:1",no axe-core violation,"Element has insufficient color contrast of 3.53 (foreground color: #009966, background color: #fbfbfb, font size: 8.3pt (11px), font weight: normal). Expected contrast ratio of 4.5:1 - see https://dequeuniversity.com/rules/axe/4.12/color-contrast?application=axeAPI",".h-full.hover\:-translate-y-1[href$=""agile-scrum""] > .border-border\/60.pt-3.border-t > .text-emerald-600.dark\:text-emerald-400.text-\[11px\]","impact serious; html: <span class=""flex items-center gap-1 text-[11px] font-medium text-emerald-600 dark:text-emerald-400"">",200,yes,Accessibility Report
http://localhost:3000/tools,Important,P2 - fix soon,axe-core,color-contrast: Elements must meet minimum color contrast ratio thresholds,Ensure the contrast between foreground and background colors meets WCAG 2 AA minimum contrast ratio thresholds,"Element has insufficient color contrast of 4.19 (foreground color: #006ce0, background color: #e2edf8, font size: 7.5pt (10px), font weight: normal). Expected contrast ratio of 4.5:1",no axe-core violation,"Element has insufficient color contrast of 4.19 (foreground color: #006ce0, background color: #e2edf8, font size: 7.5pt (10px), font weight: normal). Expected contrast ratio of 4.5:1 - see https://dequeuniversity.com/rules/axe/4.12/color-contrast?application=axeAPI",".h-full.hover\:-translate-y-1[href$=""kanban""] > div:nth-child(1) > .mb-3\.5.items-start.justify-between > .items-end.flex-col.gap-1 > .text-\[10px\].bg-primary\/10.rounded-full","impact serious; html: <span class=""rounded-full bg-primary/10 px-2 py-0.5 text-[10px] font-semibold text-primary"">Delivery</span>",200,yes,Accessibility Report
http://localhost:3000/tools,Important,P2 - fix soon,axe-core,color-contrast: Elements must meet minimum color contrast ratio thresholds,Ensure the contrast between foreground and background colors meets WCAG 2 AA minimum contrast ratio thresholds,"Element has insufficient color contrast of 3.53 (foreground color: #009966, background color: #fbfbfb, font size: 8.3pt (11px), font weight: normal). Expected contrast ratio of 4.5:1",no axe-core violation,"Element has insufficient color contrast of 3.53 (foreground color: #009966, background color: #fbfbfb, font size: 8.3pt (11px), font weight: normal). Expected contrast ratio of 4.5:1 - see https://dequeuniversity.com/rules/axe/4.12/color-contrast?application=axeAPI",".h-full.hover\:-translate-y-1[href$=""kanban""] > .border-border\/60.pt-3.border-t > .text-emerald-600.dark\:text-emerald-400.text-\[11px\]","impact serious; html: <span class=""flex items-center gap-1 text-[11px] font-medium text-emerald-600 dark:text-emerald-400"">",200,yes,Accessibility Report
http://localhost:3000/tools,Important,P2 - fix soon,axe-core,color-contrast: Elements must meet minimum color contrast ratio thresholds,Ensure the contrast between foreground and background colors meets WCAG 2 AA minimum contrast ratio thresholds,"Element has insufficient color contrast of 4.19 (foreground color: #006ce0, background color: #e2edf8, font size: 7.5pt (10px), font weight: normal). Expected contrast ratio of 4.5:1",no axe-core violation,"Element has insufficient color contrast of 4.19 (foreground color: #006ce0, background color: #e2edf8, font size: 7.5pt (10px), font weight: normal). Expected contrast ratio of 4.5:1 - see https://dequeuniversity.com/rules/axe/4.12/color-contrast?application=axeAPI",".h-full.hover\:-translate-y-1[href$=""design-thinking""] > div:nth-child(1) > .mb-3\.5.items-start.justify-between > .items-end.flex-col.gap-1 > .text-\[10px\].bg-primary\/10.rounded-full","impact serious; html: <span class=""rounded-full bg-primary/10 px-2 py-0.5 text-[10px] font-semibold text-primary"">Delivery</span>",200,yes,Accessibility Report
http://localhost:3000/tools,Important,P2 - fix soon,axe-core,color-contrast: Elements must meet minimum color contrast ratio thresholds,Ensure the contrast between foreground and background colors meets WCAG 2 AA minimum contrast ratio thresholds,"Element has insufficient color contrast of 3.53 (foreground color: #009966, background color: #fbfbfb, font size: 8.3pt (11px), font weight: normal). Expected contrast ratio of 4.5:1",no axe-core violation,"Element has insufficient color contrast of 3.53 (foreground color: #009966, background color: #fbfbfb, font size: 8.3pt (11px), font weight: normal). Expected contrast ratio of 4.5:1 - see https://dequeuniversity.com/rules/axe/4.12/color-contrast?application=axeAPI",".h-full.hover\:-translate-y-1[href$=""design-thinking""] > .border-border\/60.pt-3.border-t > .text-emerald-600.dark\:text-emerald-400.text-\[11px\]","impact serious; html: <span class=""flex items-center gap-1 text-[11px] font-medium text-emerald-600 dark:text-emerald-400"">",200,yes,Accessibility Report
http://localhost:3000/tools,Important,P2 - fix soon,axe-core,color-contrast: Elements must meet minimum color contrast ratio thresholds,Ensure the contrast between foreground and background colors meets WCAG 2 AA minimum contrast ratio thresholds,"Element has insufficient color contrast of 4.19 (foreground color: #006ce0, background color: #e2edf8, font size: 7.5pt (10px), font weight: normal). Expected contrast ratio of 4.5:1",no axe-core violation,"Element has insufficient color contrast of 4.19 (foreground color: #006ce0, background color: #e2edf8, font size: 7.5pt (10px), font weight: normal). Expected contrast ratio of 4.5:1 - see https://dequeuniversity.com/rules/axe/4.12/color-contrast?application=axeAPI",".h-full.hover\:-translate-y-1[href$=""ci-cd""] > div:nth-child(1) > .mb-3\.5.items-start.justify-between > .items-end.flex-col.gap-1 > .text-\[10px\].bg-primary\/10.rounded-full","impact serious; html: <span class=""rounded-full bg-primary/10 px-2 py-0.5 text-[10px] font-semibold text-primary"">Delivery</span>",200,yes,Accessibility Report
http://localhost:3000/tools,Important,P2 - fix soon,axe-core,color-contrast: Elements must meet minimum color contrast ratio thresholds,Ensure the contrast between foreground and background colors meets WCAG 2 AA minimum contrast ratio thresholds,"Element has insufficient color contrast of 3.53 (foreground color: #009966, background color: #fbfbfb, font size: 8.3pt (11px), font weight: normal). Expected contrast ratio of 4.5:1",no axe-core violation,"Element has insufficient color contrast of 3.53 (foreground color: #009966, background color: #fbfbfb, font size: 8.3pt (11px), font weight: normal). Expected contrast ratio of 4.5:1 - see https://dequeuniversity.com/rules/axe/4.12/color-contrast?application=axeAPI",".h-full.hover\:-translate-y-1[href$=""ci-cd""] > .border-border\/60.pt-3.border-t > .text-emerald-600.dark\:text-emerald-400.text-\[11px\]","impact serious; html: <span class=""flex items-center gap-1 text-[11px] font-medium text-emerald-600 dark:text-emerald-400"">",200,yes,Accessibility Report
http://localhost:3000/tools,Important,P2 - fix soon,axe-core,color-contrast: Elements must meet minimum color contrast ratio thresholds,Ensure the contrast between foreground and background colors meets WCAG 2 AA minimum contrast ratio thresholds,"Element has insufficient color contrast of 4.19 (foreground color: #006ce0, background color: #e2edf8, font size: 7.5pt (10px), font weight: normal). Expected contrast ratio of 4.5:1",no axe-core violation,"Element has insufficient color contrast of 4.19 (foreground color: #006ce0, background color: #e2edf8, font size: 7.5pt (10px), font weight: normal). Expected contrast ratio of 4.5:1 - see https://dequeuniversity.com/rules/axe/4.12/color-contrast?application=axeAPI","a[href$=""slack""] > div:nth-child(1) > .mb-3\.5.items-start.justify-between > .items-end.flex-col.gap-1 > .text-\[10px\].bg-primary\/10.rounded-full","impact serious; html: <span class=""rounded-full bg-primary/10 px-2 py-0.5 text-[10px] font-semibold text-primary"">Client</span>",200,yes,Accessibility Report
http://localhost:3000/tools,Important,P2 - fix soon,axe-core,color-contrast: Elements must meet minimum color contrast ratio thresholds,Ensure the contrast between foreground and background colors meets WCAG 2 AA minimum contrast ratio thresholds,"Element has insufficient color contrast of 3.53 (foreground color: #009966, background color: #fbfbfb, font size: 8.3pt (11px), font weight: normal). Expected contrast ratio of 4.5:1",no axe-core violation,"Element has insufficient color contrast of 3.53 (foreground color: #009966, background color: #fbfbfb, font size: 8.3pt (11px), font weight: normal). Expected contrast ratio of 4.5:1 - see https://dequeuniversity.com/rules/axe/4.12/color-contrast?application=axeAPI","a[href$=""slack""] > .border-border\/60.pt-3.border-t > .text-emerald-600.dark\:text-emerald-400.text-\[11px\]","impact serious; html: <span class=""flex items-center gap-1 text-[11px] font-medium text-emerald-600 dark:text-emerald-400"">",200,yes,Accessibility Report
http://localhost:3000/tools,Important,P2 - fix soon,axe-core,color-contrast: Elements must meet minimum color contrast ratio thresholds,Ensure the contrast between foreground and background colors meets WCAG 2 AA minimum contrast ratio thresholds,"Element has insufficient color contrast of 4.19 (foreground color: #006ce0, background color: #e2edf8, font size: 7.5pt (10px), font weight: normal). Expected contrast ratio of 4.5:1",no axe-core violation,"Element has insufficient color contrast of 4.19 (foreground color: #006ce0, background color: #e2edf8, font size: 7.5pt (10px), font weight: normal). Expected contrast ratio of 4.5:1 - see https://dequeuniversity.com/rules/axe/4.12/color-contrast?application=axeAPI","a[href$=""microsoft-teams""] > div:nth-child(1) > .mb-3\.5.items-start.justify-between > .items-end.flex-col.gap-1 > .text-\[10px\].bg-primary\/10.rounded-full","impact serious; html: <span class=""rounded-full bg-primary/10 px-2 py-0.5 text-[10px] font-semibold text-primary"">Client</span>",200,yes,Accessibility Report
http://localhost:3000/tools,Important,P2 - fix soon,axe-core,color-contrast: Elements must meet minimum color contrast ratio thresholds,Ensure the contrast between foreground and background colors meets WCAG 2 AA minimum contrast ratio thresholds,"Element has insufficient color contrast of 3.53 (foreground color: #009966, background color: #fbfbfb, font size: 8.3pt (11px), font weight: normal). Expected contrast ratio of 4.5:1",no axe-core violation,"Element has insufficient color contrast of 3.53 (foreground color: #009966, background color: #fbfbfb, font size: 8.3pt (11px), font weight: normal). Expected contrast ratio of 4.5:1 - see https://dequeuniversity.com/rules/axe/4.12/color-contrast?application=axeAPI","a[href$=""microsoft-teams""] > .border-border\/60.pt-3.border-t > .text-emerald-600.dark\:text-emerald-400.text-\[11px\]","impact serious; html: <span class=""flex items-center gap-1 text-[11px] font-medium text-emerald-600 dark:text-emerald-400"">",200,yes,Accessibility Report
http://localhost:3000/tools,Important,P2 - fix soon,axe-core,color-contrast: Elements must meet minimum color contrast ratio thresholds,Ensure the contrast between foreground and background colors meets WCAG 2 AA minimum contrast ratio thresholds,"Element has insufficient color contrast of 4.19 (foreground color: #006ce0, background color: #e2edf8, font size: 7.5pt (10px), font weight: normal). Expected contrast ratio of 4.5:1",no axe-core violation,"Element has insufficient color contrast of 4.19 (foreground color: #006ce0, background color: #e2edf8, font size: 7.5pt (10px), font weight: normal). Expected contrast ratio of 4.5:1 - see https://dequeuniversity.com/rules/axe/4.12/color-contrast?application=axeAPI","a[href$=""google-meet""] > div:nth-child(1) > .mb-3\.5.items-start.justify-between > .items-end.flex-col.gap-1 > .text-\[10px\].bg-primary\/10.rounded-full","impact serious; html: <span class=""rounded-full bg-primary/10 px-2 py-0.5 text-[10px] font-semibold text-primary"">Client</span>",200,yes,Accessibility Report
http://localhost:3000/tools,Important,P2 - fix soon,axe-core,color-contrast: Elements must meet minimum color contrast ratio thresholds,Ensure the contrast between foreground and background colors meets WCAG 2 AA minimum contrast ratio thresholds,"Element has insufficient color contrast of 3.53 (foreground color: #009966, background color: #fbfbfb, font size: 8.3pt (11px), font weight: normal). Expected contrast ratio of 4.5:1",no axe-core violation,"Element has insufficient color contrast of 3.53 (foreground color: #009966, background color: #fbfbfb, font size: 8.3pt (11px), font weight: normal). Expected contrast ratio of 4.5:1 - see https://dequeuniversity.com/rules/axe/4.12/color-contrast?application=axeAPI","a[href$=""google-meet""] > .border-border\/60.pt-3.border-t > .text-emerald-600.dark\:text-emerald-400.text-\[11px\]","impact serious; html: <span class=""flex items-center gap-1 text-[11px] font-medium text-emerald-600 dark:text-emerald-400"">",200,yes,Accessibility Report
http://localhost:3000/tools,Important,P2 - fix soon,axe-core,color-contrast: Elements must meet minimum color contrast ratio thresholds,Ensure the contrast between foreground and background colors meets WCAG 2 AA minimum contrast ratio thresholds,"Element has insufficient color contrast of 4.19 (foreground color: #006ce0, background color: #e2edf8, font size: 7.5pt (10px), font weight: normal). Expected contrast ratio of 4.5:1",no axe-core violation,"Element has insufficient color contrast of 4.19 (foreground color: #006ce0, background color: #e2edf8, font size: 7.5pt (10px), font weight: normal). Expected contrast ratio of 4.5:1 - see https://dequeuniversity.com/rules/axe/4.12/color-contrast?application=axeAPI","a[href$=""zoom""] > div:nth-child(1) > .mb-3\.5.items-start.justify-between > .items-end.flex-col.gap-1 > .text-\[10px\].bg-primary\/10.rounded-full","impact serious; html: <span class=""rounded-full bg-primary/10 px-2 py-0.5 text-[10px] font-semibold text-primary"">Client</span>",200,yes,Accessibility Report
http://localhost:3000/tools,Important,P2 - fix soon,axe-core,color-contrast: Elements must meet minimum color contrast ratio thresholds,Ensure the contrast between foreground and background colors meets WCAG 2 AA minimum contrast ratio thresholds,"Element has insufficient color contrast of 3.53 (foreground color: #009966, background color: #fbfbfb, font size: 8.3pt (11px), font weight: normal). Expected contrast ratio of 4.5:1",no axe-core violation,"Element has insufficient color contrast of 3.53 (foreground color: #009966, background color: #fbfbfb, font size: 8.3pt (11px), font weight: normal). Expected contrast ratio of 4.5:1 - see https://dequeuniversity.com/rules/axe/4.12/color-contrast?application=axeAPI","a[href$=""zoom""] > .border-border\/60.pt-3.border-t > .text-emerald-600.dark\:text-emerald-400.text-\[11px\]","impact serious; html: <span class=""flex items-center gap-1 text-[11px] font-medium text-emerald-600 dark:text-emerald-400"">",200,yes,Accessibility Report
http://localhost:3000/tools,Important,P2 - fix soon,axe-core,color-contrast: Elements must meet minimum color contrast ratio thresholds,Ensure the contrast between foreground and background colors meets WCAG 2 AA minimum contrast ratio thresholds,"Element has insufficient color contrast of 4.19 (foreground color: #006ce0, background color: #e2edf8, font size: 7.5pt (10px), font weight: normal). Expected contrast ratio of 4.5:1",no axe-core violation,"Element has insufficient color contrast of 4.19 (foreground color: #006ce0, background color: #e2edf8, font size: 7.5pt (10px), font weight: normal). Expected contrast ratio of 4.5:1 - see https://dequeuniversity.com/rules/axe/4.12/color-contrast?application=axeAPI","a[href$=""loom""] > div:nth-child(1) > .mb-3\.5.items-start.justify-between > .items-end.flex-col.gap-1 > .text-\[10px\].bg-primary\/10.rounded-full","impact serious; html: <span class=""rounded-full bg-primary/10 px-2 py-0.5 text-[10px] font-semibold text-primary"">Client</span>",200,yes,Accessibility Report
http://localhost:3000/tools,Important,P2 - fix soon,axe-core,color-contrast: Elements must meet minimum color contrast ratio thresholds,Ensure the contrast between foreground and background colors meets WCAG 2 AA minimum contrast ratio thresholds,"Element has insufficient color contrast of 3.53 (foreground color: #009966, background color: #fbfbfb, font size: 8.3pt (11px), font weight: normal). Expected contrast ratio of 4.5:1",no axe-core violation,"Element has insufficient color contrast of 3.53 (foreground color: #009966, background color: #fbfbfb, font size: 8.3pt (11px), font weight: normal). Expected contrast ratio of 4.5:1 - see https://dequeuniversity.com/rules/axe/4.12/color-contrast?application=axeAPI","a[href$=""loom""] > .border-border\/60.pt-3.border-t > .text-emerald-600.dark\:text-emerald-400.text-\[11px\]","impact serious; html: <span class=""flex items-center gap-1 text-[11px] font-medium text-emerald-600 dark:text-emerald-400"">",200,yes,Accessibility Report
http://localhost:3000/tools,Important,P2 - fix soon,axe-core,color-contrast: Elements must meet minimum color contrast ratio thresholds,Ensure the contrast between foreground and background colors meets WCAG 2 AA minimum contrast ratio thresholds,"Element has insufficient color contrast of 4.19 (foreground color: #006ce0, background color: #e2edf8, font size: 7.5pt (10px), font weight: normal). Expected contrast ratio of 4.5:1",no axe-core violation,"Element has insufficient color contrast of 4.19 (foreground color: #006ce0, background color: #e2edf8, font size: 7.5pt (10px), font weight: normal). Expected contrast ratio of 4.5:1 - see https://dequeuniversity.com/rules/axe/4.12/color-contrast?application=axeAPI","a[href$=""whatsapp""] > div:nth-child(1) > .mb-3\.5.items-start.justify-between > .items-end.flex-col.gap-1 > .text-\[10px\].bg-primary\/10.rounded-full","impact serious; html: <span class=""rounded-full bg-primary/10 px-2 py-0.5 text-[10px] font-semibold text-primary"">Client</span>",200,yes,Accessibility Report
http://localhost:3000/tools,Important,P2 - fix soon,axe-core,color-contrast: Elements must meet minimum color contrast ratio thresholds,Ensure the contrast between foreground and background colors meets WCAG 2 AA minimum contrast ratio thresholds,"Element has insufficient color contrast of 3.53 (foreground color: #009966, background color: #fbfbfb, font size: 8.3pt (11px), font weight: normal). Expected contrast ratio of 4.5:1",no axe-core violation,"Element has insufficient color contrast of 3.53 (foreground color: #009966, background color: #fbfbfb, font size: 8.3pt (11px), font weight: normal). Expected contrast ratio of 4.5:1 - see https://dequeuniversity.com/rules/axe/4.12/color-contrast?application=axeAPI","a[href$=""whatsapp""] > .border-border\/60.pt-3.border-t > .text-emerald-600.dark\:text-emerald-400.text-\[11px\]","impact serious; html: <span class=""flex items-center gap-1 text-[11px] font-medium text-emerald-600 dark:text-emerald-400"">",200,yes,Accessibility Report
http://localhost:3000/tools,Important,P2 - fix soon,axe-core,color-contrast: Elements must meet minimum color contrast ratio thresholds,Ensure the contrast between foreground and background colors meets WCAG 2 AA minimum contrast ratio thresholds,"Element has insufficient color contrast of 4.19 (foreground color: #006ce0, background color: #e2edf8, font size: 7.5pt (10px), font weight: normal). Expected contrast ratio of 4.5:1",no axe-core violation,"Element has insufficient color contrast of 4.19 (foreground color: #006ce0, background color: #e2edf8, font size: 7.5pt (10px), font weight: normal). Expected contrast ratio of 4.5:1 - see https://dequeuniversity.com/rules/axe/4.12/color-contrast?application=axeAPI","a[href$=""calendly""] > div:nth-child(1) > .mb-3\.5.items-start.justify-between > .items-end.flex-col.gap-1 > .text-\[10px\].bg-primary\/10.rounded-full","impact serious; html: <span class=""rounded-full bg-primary/10 px-2 py-0.5 text-[10px] font-semibold text-primary"">Client</span>",200,yes,Accessibility Report
http://localhost:3000/tools,Important,P2 - fix soon,axe-core,color-contrast: Elements must meet minimum color contrast ratio thresholds,Ensure the contrast between foreground and background colors meets WCAG 2 AA minimum contrast ratio thresholds,"Element has insufficient color contrast of 3.53 (foreground color: #009966, background color: #fbfbfb, font size: 8.3pt (11px), font weight: normal). Expected contrast ratio of 4.5:1",no axe-core violation,"Element has insufficient color contrast of 3.53 (foreground color: #009966, background color: #fbfbfb, font size: 8.3pt (11px), font weight: normal). Expected contrast ratio of 4.5:1 - see https://dequeuniversity.com/rules/axe/4.12/color-contrast?application=axeAPI","a[href$=""calendly""] > .border-border\/60.pt-3.border-t > .text-emerald-600.dark\:text-emerald-400.text-\[11px\]","impact serious; html: <span class=""flex items-center gap-1 text-[11px] font-medium text-emerald-600 dark:text-emerald-400"">",200,yes,Accessibility Report
http://localhost:3000/tools,Important,P2 - fix soon,axe-core,color-contrast: Elements must meet minimum color contrast ratio thresholds,Ensure the contrast between foreground and background colors meets WCAG 2 AA minimum contrast ratio thresholds,"Element has insufficient color contrast of 4.19 (foreground color: #006ce0, background color: #e2edf8, font size: 7.5pt (10px), font weight: normal). Expected contrast ratio of 4.5:1",no axe-core violation,"Element has insufficient color contrast of 4.19 (foreground color: #006ce0, background color: #e2edf8, font size: 7.5pt (10px), font weight: normal). Expected contrast ratio of 4.5:1 - see https://dequeuniversity.com/rules/axe/4.12/color-contrast?application=axeAPI","a[href$=""jira""] > div:nth-child(1) > .mb-3\.5.items-start.justify-between > .items-end.flex-col.gap-1 > .text-\[10px\].bg-primary\/10.rounded-full","impact serious; html: <span class=""rounded-full bg-primary/10 px-2 py-0.5 text-[10px] font-semibold text-primary"">Project</span>",200,yes,Accessibility Report
http://localhost:3000/tools,Important,P2 - fix soon,axe-core,color-contrast: Elements must meet minimum color contrast ratio thresholds,Ensure the contrast between foreground and background colors meets WCAG 2 AA minimum contrast ratio thresholds,"Element has insufficient color contrast of 3.53 (foreground color: #009966, background color: #fbfbfb, font size: 8.3pt (11px), font weight: normal). Expected contrast ratio of 4.5:1",no axe-core violation,"Element has insufficient color contrast of 3.53 (foreground color: #009966, background color: #fbfbfb, font size: 8.3pt (11px), font weight: normal). Expected contrast ratio of 4.5:1 - see https://dequeuniversity.com/rules/axe/4.12/color-contrast?application=axeAPI","a[href$=""jira""] > .border-border\/60.pt-3.border-t > .text-emerald-600.dark\:text-emerald-400.text-\[11px\]","impact serious; html: <span class=""flex items-center gap-1 text-[11px] font-medium text-emerald-600 dark:text-emerald-400"">",200,yes,Accessibility Report
http://localhost:3000/tools,Important,P2 - fix soon,axe-core,color-contrast: Elements must meet minimum color contrast ratio thresholds,Ensure the contrast between foreground and background colors meets WCAG 2 AA minimum contrast ratio thresholds,"Element has insufficient color contrast of 4.19 (foreground color: #006ce0, background color: #e2edf8, font size: 7.5pt (10px), font weight: normal). Expected contrast ratio of 4.5:1",no axe-core violation,"Element has insufficient color contrast of 4.19 (foreground color: #006ce0, background color: #e2edf8, font size: 7.5pt (10px), font weight: normal). Expected contrast ratio of 4.5:1 - see https://dequeuniversity.com/rules/axe/4.12/color-contrast?application=axeAPI","a[href$=""linear""] > div:nth-child(1) > .mb-3\.5.items-start.justify-between > .items-end.flex-col.gap-1 > .text-\[10px\].bg-primary\/10.rounded-full","impact serious; html: <span class=""rounded-full bg-primary/10 px-2 py-0.5 text-[10px] font-semibold text-primary"">Project</span>",200,yes,Accessibility Report
http://localhost:3000/tools,Important,P2 - fix soon,axe-core,color-contrast: Elements must meet minimum color contrast ratio thresholds,Ensure the contrast between foreground and background colors meets WCAG 2 AA minimum contrast ratio thresholds,"Element has insufficient color contrast of 3.53 (foreground color: #009966, background color: #fbfbfb, font size: 8.3pt (11px), font weight: normal). Expected contrast ratio of 4.5:1",no axe-core violation,"Element has insufficient color contrast of 3.53 (foreground color: #009966, background color: #fbfbfb, font size: 8.3pt (11px), font weight: normal). Expected contrast ratio of 4.5:1 - see https://dequeuniversity.com/rules/axe/4.12/color-contrast?application=axeAPI","a[href$=""linear""] > .border-border\/60.pt-3.border-t > .text-emerald-600.dark\:text-emerald-400.text-\[11px\]","impact serious; html: <span class=""flex items-center gap-1 text-[11px] font-medium text-emerald-600 dark:text-emerald-400"">",200,yes,Accessibility Report
http://localhost:3000/tools,Important,P2 - fix soon,axe-core,color-contrast: Elements must meet minimum color contrast ratio thresholds,Ensure the contrast between foreground and background colors meets WCAG 2 AA minimum contrast ratio thresholds,"Element has insufficient color contrast of 4.19 (foreground color: #006ce0, background color: #e2edf8, font size: 7.5pt (10px), font weight: normal). Expected contrast ratio of 4.5:1",no axe-core violation,"Element has insufficient color contrast of 4.19 (foreground color: #006ce0, background color: #e2edf8, font size: 7.5pt (10px), font weight: normal). Expected contrast ratio of 4.5:1 - see https://dequeuniversity.com/rules/axe/4.12/color-contrast?application=axeAPI","a[href$=""trello""] > div:nth-child(1) > .mb-3\.5.items-start.justify-between > .items-end.flex-col.gap-1 > .text-\[10px\].bg-primary\/10.rounded-full","impact serious; html: <span class=""rounded-full bg-primary/10 px-2 py-0.5 text-[10px] font-semibold text-primary"">Project</span>",200,yes,Accessibility Report
http://localhost:3000/tools,Important,P2 - fix soon,axe-core,color-contrast: Elements must meet minimum color contrast ratio thresholds,Ensure the contrast between foreground and background colors meets WCAG 2 AA minimum contrast ratio thresholds,"Element has insufficient color contrast of 3.53 (foreground color: #009966, background color: #fbfbfb, font size: 8.3pt (11px), font weight: normal). Expected contrast ratio of 4.5:1",no axe-core violation,"Element has insufficient color contrast of 3.53 (foreground color: #009966, background color: #fbfbfb, font size: 8.3pt (11px), font weight: normal). Expected contrast ratio of 4.5:1 - see https://dequeuniversity.com/rules/axe/4.12/color-contrast?application=axeAPI","a[href$=""trello""] > .border-border\/60.pt-3.border-t > .text-emerald-600.dark\:text-emerald-400.text-\[11px\]","impact serious; html: <span class=""flex items-center gap-1 text-[11px] font-medium text-emerald-600 dark:text-emerald-400"">",200,yes,Accessibility Report
http://localhost:3000/tools,Important,P2 - fix soon,axe-core,color-contrast: Elements must meet minimum color contrast ratio thresholds,Ensure the contrast between foreground and background colors meets WCAG 2 AA minimum contrast ratio thresholds,"Element has insufficient color contrast of 4.19 (foreground color: #006ce0, background color: #e2edf8, font size: 7.5pt (10px), font weight: normal). Expected contrast ratio of 4.5:1",no axe-core violation,"Element has insufficient color contrast of 4.19 (foreground color: #006ce0, background color: #e2edf8, font size: 7.5pt (10px), font weight: normal). Expected contrast ratio of 4.5:1 - see https://dequeuniversity.com/rules/axe/4.12/color-contrast?application=axeAPI","a[href$=""clickup""] > div:nth-child(1) > .mb-3\.5.items-start.justify-between > .items-end.flex-col.gap-1 > .text-\[10px\].bg-primary\/10.rounded-full","impact serious; html: <span class=""rounded-full bg-primary/10 px-2 py-0.5 text-[10px] font-semibold text-primary"">Project</span>",200,yes,Accessibility Report
http://localhost:3000/tools,Important,P2 - fix soon,axe-core,color-contrast: Elements must meet minimum color contrast ratio thresholds,Ensure the contrast between foreground and background colors meets WCAG 2 AA minimum contrast ratio thresholds,"Element has insufficient color contrast of 3.53 (foreground color: #009966, background color: #fbfbfb, font size: 8.3pt (11px), font weight: normal). Expected contrast ratio of 4.5:1",no axe-core violation,"Element has insufficient color contrast of 3.53 (foreground color: #009966, background color: #fbfbfb, font size: 8.3pt (11px), font weight: normal). Expected contrast ratio of 4.5:1 - see https://dequeuniversity.com/rules/axe/4.12/color-contrast?application=axeAPI","a[href$=""clickup""] > .border-border\/60.pt-3.border-t > .text-emerald-600.dark\:text-emerald-400.text-\[11px\]","impact serious; html: <span class=""flex items-center gap-1 text-[11px] font-medium text-emerald-600 dark:text-emerald-400"">",200,yes,Accessibility Report
http://localhost:3000/tools,Important,P2 - fix soon,axe-core,color-contrast: Elements must meet minimum color contrast ratio thresholds,Ensure the contrast between foreground and background colors meets WCAG 2 AA minimum contrast ratio thresholds,21 more occurrences not listed,no axe-core violation,"Element has insufficient color contrast of 2.41 (foreground color: #00bc7d, background color: #fcfcfc, font size: 27.0pt (36px), font weight: bold). Expected contrast ratio of 3:1 - see https://dequeuniversity.com/rules/axe/4.12/color-contrast?application=axeAPI",,71 occurrences in total,200,yes,Accessibility Report
http://localhost:3000/tools,Optimization,P3 - improve,Touch targets,Touch targets smaller than 44x44 px,Touch targets are smaller than the recommended 44x44 px.,141x36 px,44x44 px,Increase padding / min-height on the element.,"S
Semicolon",390 px phone viewport,200,yes,Accessibility Report
http://localhost:3000/tools,Optimization,P3 - improve,Touch targets,Touch targets smaller than 44x44 px,Touch targets are smaller than the recommended 44x44 px.,87x40 px,44x44 px,Increase padding / min-height on the element.,EN,390 px phone viewport,200,yes,Accessibility Report
http://localhost:3000/tools,Optimization,P3 - improve,Touch targets,Touch targets smaller than 44x44 px,Touch targets are smaller than the recommended 44x44 px.,40x40 px,44x44 px,Increase padding / min-height on the element.,Switch to dark mode,390 px phone viewport,200,yes,Accessibility Report
http://localhost:3000/tools,Optimization,P3 - improve,Touch targets,Touch targets smaller than 44x44 px,Touch targets are smaller than the recommended 44x44 px.,40x40 px,44x44 px,Increase padding / min-height on the element.,Open menu,390 px phone viewport,200,yes,Accessibility Report
http://localhost:3000/tools,Optimization,P3 - improve,Touch targets,Touch targets smaller than 44x44 px,Touch targets are smaller than the recommended 44x44 px.,130x34 px,44x44 px,Increase padding / min-height on the element.,All Tools (33),390 px phone viewport,200,yes,Accessibility Report
http://localhost:3000/tools,Optimization,P3 - improve,Touch targets,Touch targets smaller than 44x44 px,Touch targets are smaller than the recommended 44x44 px.,165x34 px,44x44 px,Increase padding / min-height on the element.,AI & Languages (9),390 px phone viewport,200,yes,Accessibility Report
http://localhost:3000/tools,Optimization,P3 - improve,Touch targets,Touch targets smaller than 44x44 px,Touch targets are smaller than the recommended 44x44 px.,152x34 px,44x44 px,Increase padding / min-height on the element.,Methodology (4),390 px phone viewport,200,yes,Accessibility Report
http://localhost:3000/tools,Optimization,P3 - improve,Touch targets,Touch targets smaller than 44x44 px,Touch targets are smaller than the recommended 44x44 px.,203x34 px,44x44 px,Increase padding / min-height on the element.,Client Communication (7),390 px phone viewport,200,yes,Accessibility Report
http://localhost:3000/tools,Optimization,P3 - improve,Touch targets,Touch targets smaller than 44x44 px,Touch targets are smaller than the recommended 44x44 px.,195x34 px,44x44 px,Increase padding / min-height on the element.,Project Management (6),390 px phone viewport,200,yes,Accessibility Report
http://localhost:3000/tools,Optimization,P3 - improve,Touch targets,Touch targets smaller than 44x44 px,Touch targets are smaller than the recommended 44x44 px.,198x34 px,44x44 px,Increase padding / min-height on the element.,Design & Engineering (7),390 px phone viewport,200,yes,Accessibility Report
http://localhost:3000/tools,Optimization,P3 - improve,Touch targets,Touch targets smaller than 44x44 px,Touch targets are smaller than the recommended 44x44 px.,358x38 px,44x44 px,Increase padding / min-height on the element.,INPUT,390 px phone viewport,200,yes,Accessibility Report
http://localhost:3000/tools,Optimization,P3 - improve,Touch targets,Touch targets smaller than 44x44 px,Touch targets are smaller than the recommended 44x44 px.,102x40 px,44x44 px,Increase padding / min-height on the element.,Agile / Scrum,390 px phone viewport,200,yes,Accessibility Report
http://localhost:3000/tools,Optimization,P3 - improve,Touch targets,Touch targets smaller than 44x44 px,Touch targets are smaller than the recommended 44x44 px.,102x40 px,44x44 px,Increase padding / min-height on the element.,Kanban Flow,390 px phone viewport,200,yes,Accessibility Report
http://localhost:3000/tools,Optimization,P3 - improve,Touch targets,Touch targets smaller than 44x44 px,Touch targets are smaller than the recommended 44x44 px.,102x40 px,44x44 px,Increase padding / min-height on the element.,Design Thinking,390 px phone viewport,200,yes,Accessibility Report
http://localhost:3000/tools,Optimization,P3 - improve,Touch targets,Touch targets smaller than 44x44 px,Touch targets are smaller than the recommended 44x44 px.,102x40 px,44x44 px,Increase padding / min-height on the element.,CI/CD Automation,390 px phone viewport,200,yes,Accessibility Report
http://localhost:3000/tools,Optimization,P3 - improve,Touch targets,Touch targets smaller than 44x44 px,Touch targets are smaller than the recommended 44x44 px.,164x40 px,44x44 px,Increase padding / min-height on the element.,"S
Semicolon",390 px phone viewport,200,yes,Accessibility Report
http://localhost:3000/tools/chatgpt-openai,Important,P2 - fix soon,Touch targets,Touch targets smaller than 24x24 px,"Touch targets are smaller than 24x24 px, too small to tap reliably (WCAG 2.5.8).",33x16 px,24x24 px minimum (44x44 recommended),Increase padding / min-width / min-height of the element.,Home,390 px phone viewport,200,yes,Accessibility Report
http://localhost:3000/tools/chatgpt-openai,Important,P2 - fix soon,Touch targets,Touch targets smaller than 24x24 px,"Touch targets are smaller than 24x24 px, too small to tap reliably (WCAG 2.5.8).",119x16 px,24x24 px minimum (44x44 recommended),Increase padding / min-width / min-height of the element.,Tools & Methodology,390 px phone viewport,200,yes,Accessibility Report
http://localhost:3000/tools/chatgpt-openai,Important,P2 - fix soon,Touch targets,Touch targets smaller than 24x24 px,"Touch targets are smaller than 24x24 px, too small to tap reliably (WCAG 2.5.8).",358x20 px,24x24 px minimum (44x44 recommended),Increase padding / min-width / min-height of the element.,hello@semicolon.agency,390 px phone viewport,200,yes,Accessibility Report
http://localhost:3000/tools/chatgpt-openai,Important,P2 - fix soon,Touch targets,Touch targets smaller than 24x24 px,"Touch targets are smaller than 24x24 px, too small to tap reliably (WCAG 2.5.8).",358x20 px,24x24 px minimum (44x44 recommended),Increase padding / min-width / min-height of the element.,+91 95128 15630,390 px phone viewport,200,yes,Accessibility Report
http://localhost:3000/tools/chatgpt-openai,Important,P2 - fix soon,Touch targets,Touch targets smaller than 24x24 px,"Touch targets are smaller than 24x24 px, too small to tap reliably (WCAG 2.5.8).",93x20 px,24x24 px minimum (44x44 recommended),Increase padding / min-width / min-height of the element.,Apply now,390 px phone viewport,200,yes,Accessibility Report
http://localhost:3000/tools/chatgpt-openai,Important,P2 - fix soon,axe-core,color-contrast: Elements must meet minimum color contrast ratio thresholds,Ensure the contrast between foreground and background colors meets WCAG 2 AA minimum contrast ratio thresholds,"Element has insufficient color contrast of 4.31 (foreground color: #006ce0, background color: #e6f0fc, font size: 9.0pt (12px), font weight: normal). Expected contrast ratio of 4.5:1",no axe-core violation,"Element has insufficient color contrast of 4.31 (foreground color: #006ce0, background color: #e6f0fc, font size: 9.0pt (12px), font weight: normal). Expected contrast ratio of 4.5:1 - see https://dequeuniversity.com/rules/axe/4.12/color-contrast?application=axeAPI",.mb-10 > .eyebrow.mb-2,"impact serious; html: <span class=""eyebrow mb-2"">Version Highlights</span>",200,yes,Accessibility Report
http://localhost:3000/tools/chatgpt-openai,Important,P2 - fix soon,axe-core,color-contrast: Elements must meet minimum color contrast ratio thresholds,Ensure the contrast between foreground and background colors meets WCAG 2 AA minimum contrast ratio thresholds,"Element has insufficient color contrast of 4.15 (foreground color: #006ce0, background color: #e1ecf7, font size: 7.5pt (10px), font weight: bold). Expected contrast ratio of 4.5:1",no axe-core violation,"Element has insufficient color contrast of 4.15 (foreground color: #006ce0, background color: #e1ecf7, font size: 7.5pt (10px), font weight: bold). Expected contrast ratio of 4.5:1 - see https://dequeuniversity.com/rules/axe/4.12/color-contrast?application=axeAPI",.hover\:border-primary\/40.p-6.relative:nth-child(1) > .mb-3.justify-between > .text-\[10px\].tracking-wide.bg-primary\/10,"impact serious; html: <span class=""rounded-full bg-primary/10 px-2.5 py-0.5 text-[10px] font-bold uppercase tracking-wide text-primary"">Reasoning</span>",200,yes,Accessibility Report
http://localhost:3000/tools/chatgpt-openai,Important,P2 - fix soon,axe-core,color-contrast: Elements must meet minimum color contrast ratio thresholds,Ensure the contrast between foreground and background colors meets WCAG 2 AA minimum contrast ratio thresholds,"Element has insufficient color contrast of 4.15 (foreground color: #006ce0, background color: #e1ecf7, font size: 7.5pt (10px), font weight: bold). Expected contrast ratio of 4.5:1",no axe-core violation,"Element has insufficient color contrast of 4.15 (foreground color: #006ce0, background color: #e1ecf7, font size: 7.5pt (10px), font weight: bold). Expected contrast ratio of 4.5:1 - see https://dequeuniversity.com/rules/axe/4.12/color-contrast?application=axeAPI",.hover\:border-primary\/40.p-6.relative:nth-child(2) > .mb-3.justify-between > .text-\[10px\].tracking-wide.bg-primary\/10,"impact serious; html: <span class=""rounded-full bg-primary/10 px-2.5 py-0.5 text-[10px] font-bold uppercase tracking-wide text-primary"">Enterprise</span>",200,yes,Accessibility Report
http://localhost:3000/tools/chatgpt-openai,Important,P2 - fix soon,axe-core,color-contrast: Elements must meet minimum color contrast ratio thresholds,Ensure the contrast between foreground and background colors meets WCAG 2 AA minimum contrast ratio thresholds,"Element has insufficient color contrast of 4.15 (foreground color: #006ce0, background color: #e1ecf7, font size: 7.5pt (10px), font weight: bold). Expected contrast ratio of 4.5:1",no axe-core violation,"Element has insufficient color contrast of 4.15 (foreground color: #006ce0, background color: #e1ecf7, font size: 7.5pt (10px), font weight: bold). Expected contrast ratio of 4.5:1 - see https://dequeuniversity.com/rules/axe/4.12/color-contrast?application=axeAPI",.hover\:border-primary\/40.p-6.relative:nth-child(3) > .mb-3.justify-between > .text-\[10px\].tracking-wide.bg-primary\/10,"impact serious; html: <span class=""rounded-full bg-primary/10 px-2.5 py-0.5 text-[10px] font-bold uppercase tracking-wide text-primary"">Omni</span>",200,yes,Accessibility Report
http://localhost:3000/tools/chatgpt-openai,Important,P2 - fix soon,axe-core,color-contrast: Elements must meet minimum color contrast ratio thresholds,Ensure the contrast between foreground and background colors meets WCAG 2 AA minimum contrast ratio thresholds,"Element has insufficient color contrast of 4.15 (foreground color: #006ce0, background color: #e1ecf7, font size: 7.5pt (10px), font weight: bold). Expected contrast ratio of 4.5:1",no axe-core violation,"Element has insufficient color contrast of 4.15 (foreground color: #006ce0, background color: #e1ecf7, font size: 7.5pt (10px), font weight: bold). Expected contrast ratio of 4.5:1 - see https://dequeuniversity.com/rules/axe/4.12/color-contrast?application=axeAPI",.hover\:border-primary\/40.p-6.relative:nth-child(4) > .mb-3.justify-between > .text-\[10px\].tracking-wide.bg-primary\/10,"impact serious; html: <span class=""rounded-full bg-primary/10 px-2.5 py-0.5 text-[10px] font-bold uppercase tracking-wide text-primary"">Platform</span>",200,yes,Accessibility Report
http://localhost:3000/tools/chatgpt-openai,Important,P2 - fix soon,axe-core,color-contrast: Elements must meet minimum color contrast ratio thresholds,Ensure the contrast between foreground and background colors meets WCAG 2 AA minimum contrast ratio thresholds,"Element has insufficient color contrast of 4.22 (foreground color: #006ce0, background color: #e2eefa, font size: 9.0pt (12px), font weight: normal). Expected contrast ratio of 4.5:1",no axe-core violation,"Element has insufficient color contrast of 4.22 (foreground color: #006ce0, background color: #e2eefa, font size: 9.0pt (12px), font weight: normal). Expected contrast ratio of 4.5:1 - see https://dequeuniversity.com/rules/axe/4.12/color-contrast?application=axeAPI",.eyebrow.mb-3,"impact serious; html: <span class=""eyebrow mb-3"">Workflow Lifecycle</span>",200,yes,Accessibility Report
http://localhost:3000/tools/chatgpt-openai,Important,P2 - fix soon,axe-core,color-contrast: Elements must meet minimum color contrast ratio thresholds,Ensure the contrast between foreground and background colors meets WCAG 2 AA minimum contrast ratio thresholds,"Element has insufficient color contrast of 4.31 (foreground color: #006ce0, background color: #e6f0fc, font size: 9.0pt (12px), font weight: normal). Expected contrast ratio of 4.5:1",no axe-core violation,"Element has insufficient color contrast of 4.31 (foreground color: #006ce0, background color: #e6f0fc, font size: 9.0pt (12px), font weight: normal). Expected contrast ratio of 4.5:1 - see https://dequeuniversity.com/rules/axe/4.12/color-contrast?application=axeAPI",.mb-12.max-w-2xl.sm\:text-left > .eyebrow.mb-2,"impact serious; html: <span class=""eyebrow mb-2"">Technical Strengths</span>",200,yes,Accessibility Report
http://localhost:3000/tools/chatgpt-openai,Important,P2 - fix soon,axe-core,color-contrast: Elements must meet minimum color contrast ratio thresholds,Ensure the contrast between foreground and background colors meets WCAG 2 AA minimum contrast ratio thresholds,"Element has insufficient color contrast of 4.15 (foreground color: #006ce0, background color: #e1ecf7, font size: 9.0pt (12px), font weight: normal). Expected contrast ratio of 4.5:1",no axe-core violation,"Element has insufficient color contrast of 4.15 (foreground color: #006ce0, background color: #e1ecf7, font size: 9.0pt (12px), font weight: normal). Expected contrast ratio of 4.5:1 - see https://dequeuniversity.com/rules/axe/4.12/color-contrast?application=axeAPI",.lg\:items-center > div:nth-child(1) > .eyebrow.mb-2,"impact serious; html: <span class=""eyebrow mb-2"">Ecosystem Synergy</span>",200,yes,Accessibility Report
http://localhost:3000/tools/chatgpt-openai,Important,P2 - fix soon,axe-core,color-contrast: Elements must meet minimum color contrast ratio thresholds,Ensure the contrast between foreground and background colors meets WCAG 2 AA minimum contrast ratio thresholds,"Element has insufficient color contrast of 4.45 (foreground color: #006ce0, background color: #eef3f9, font size: 10.5pt (14px), font weight: normal). Expected contrast ratio of 4.5:1",no axe-core violation,"Element has insufficient color contrast of 4.45 (foreground color: #006ce0, background color: #eef3f9, font size: 10.5pt (14px), font weight: normal). Expected contrast ratio of 4.5:1 - see https://dequeuniversity.com/rules/axe/4.12/color-contrast?application=axeAPI",".gap-1\.5.inline-flex[href$=""internships""]","impact serious; html: <a class=""group inline-flex items-center gap-1.5 text-sm font-semibold text-primary"" href=""/internships"">",200,yes,Accessibility Report
http://localhost:3000/tools/chatgpt-openai,Optimization,P3 - improve,Touch targets,Touch targets smaller than 44x44 px,Touch targets are smaller than the recommended 44x44 px.,141x36 px,44x44 px,Increase padding / min-height on the element.,"S
Semicolon",390 px phone viewport,200,yes,Accessibility Report
http://localhost:3000/tools/chatgpt-openai,Optimization,P3 - improve,Touch targets,Touch targets smaller than 44x44 px,Touch targets are smaller than the recommended 44x44 px.,87x40 px,44x44 px,Increase padding / min-height on the element.,EN,390 px phone viewport,200,yes,Accessibility Report
http://localhost:3000/tools/chatgpt-openai,Optimization,P3 - improve,Touch targets,Touch targets smaller than 44x44 px,Touch targets are smaller than the recommended 44x44 px.,40x40 px,44x44 px,Increase padding / min-height on the element.,Switch to dark mode,390 px phone viewport,200,yes,Accessibility Report
http://localhost:3000/tools/chatgpt-openai,Optimization,P3 - improve,Touch targets,Touch targets smaller than 44x44 px,Touch targets are smaller than the recommended 44x44 px.,40x40 px,44x44 px,Increase padding / min-height on the element.,Open menu,390 px phone viewport,200,yes,Accessibility Report
http://localhost:3000/tools/chatgpt-openai,Optimization,P3 - improve,Touch targets,Touch targets smaller than 44x44 px,Touch targets are smaller than the recommended 44x44 px.,108x36 px,44x44 px,Increase padding / min-height on the element.,← All Tools,390 px phone viewport,200,yes,Accessibility Report
http://localhost:3000/tools/chatgpt-openai,Optimization,P3 - improve,Touch targets,Touch targets smaller than 44x44 px,Touch targets are smaller than the recommended 44x44 px.,164x40 px,44x44 px,Increase padding / min-height on the element.,"S
Semicolon",390 px phone viewport,200,yes,Accessibility Report
http://localhost:3000/tools/claude,Important,P2 - fix soon,Touch targets,Touch targets smaller than 24x24 px,"Touch targets are smaller than 24x24 px, too small to tap reliably (WCAG 2.5.8).",33x16 px,24x24 px minimum (44x44 recommended),Increase padding / min-width / min-height of the element.,Home,390 px phone viewport,200,yes,Accessibility Report
http://localhost:3000/tools/claude,Important,P2 - fix soon,Touch targets,Touch targets smaller than 24x24 px,"Touch targets are smaller than 24x24 px, too small to tap reliably (WCAG 2.5.8).",119x16 px,24x24 px minimum (44x44 recommended),Increase padding / min-width / min-height of the element.,Tools & Methodology,390 px phone viewport,200,yes,Accessibility Report
http://localhost:3000/tools/claude,Important,P2 - fix soon,Touch targets,Touch targets smaller than 24x24 px,"Touch targets are smaller than 24x24 px, too small to tap reliably (WCAG 2.5.8).",358x20 px,24x24 px minimum (44x44 recommended),Increase padding / min-width / min-height of the element.,hello@semicolon.agency,390 px phone viewport,200,yes,Accessibility Report
http://localhost:3000/tools/claude,Important,P2 - fix soon,Touch targets,Touch targets smaller than 24x24 px,"Touch targets are smaller than 24x24 px, too small to tap reliably (WCAG 2.5.8).",358x20 px,24x24 px minimum (44x44 recommended),Increase padding / min-width / min-height of the element.,+91 95128 15630,390 px phone viewport,200,yes,Accessibility Report
http://localhost:3000/tools/claude,Important,P2 - fix soon,Touch targets,Touch targets smaller than 24x24 px,"Touch targets are smaller than 24x24 px, too small to tap reliably (WCAG 2.5.8).",93x20 px,24x24 px minimum (44x44 recommended),Increase padding / min-width / min-height of the element.,Apply now,390 px phone viewport,200,yes,Accessibility Report
http://localhost:3000/tools/claude,Important,P2 - fix soon,axe-core,color-contrast: Elements must meet minimum color contrast ratio thresholds,Ensure the contrast between foreground and background colors meets WCAG 2 AA minimum contrast ratio thresholds,"Element has insufficient color contrast of 4.31 (foreground color: #006ce0, background color: #e6f0fc, font size: 9.0pt (12px), font weight: normal). Expected contrast ratio of 4.5:1",no axe-core violation,"Element has insufficient color contrast of 4.31 (foreground color: #006ce0, background color: #e6f0fc, font size: 9.0pt (12px), font weight: normal). Expected contrast ratio of 4.5:1 - see https://dequeuniversity.com/rules/axe/4.12/color-contrast?application=axeAPI",.mb-10 > .eyebrow.mb-2,"impact serious; html: <span class=""eyebrow mb-2"">Version Highlights</span>",200,yes,Accessibility Report
http://localhost:3000/tools/claude,Important,P2 - fix soon,axe-core,color-contrast: Elements must meet minimum color contrast ratio thresholds,Ensure the contrast between foreground and background colors meets WCAG 2 AA minimum contrast ratio thresholds,"Element has insufficient color contrast of 4.15 (foreground color: #006ce0, background color: #e1ecf7, font size: 7.5pt (10px), font weight: bold). Expected contrast ratio of 4.5:1",no axe-core violation,"Element has insufficient color contrast of 4.15 (foreground color: #006ce0, background color: #e1ecf7, font size: 7.5pt (10px), font weight: bold). Expected contrast ratio of 4.5:1 - see https://dequeuniversity.com/rules/axe/4.12/color-contrast?application=axeAPI",.hover\:border-primary\/40.p-6.relative:nth-child(1) > .mb-3.justify-between > .text-\[10px\].tracking-wide.bg-primary\/10,"impact serious; html: <span class=""rounded-full bg-primary/10 px-2.5 py-0.5 text-[10px] font-bold uppercase tracking-wide text-primary"">New in v3.7</span>",200,yes,Accessibility Report
http://localhost:3000/tools/claude,Important,P2 - fix soon,axe-core,color-contrast: Elements must meet minimum color contrast ratio thresholds,Ensure the contrast between foreground and background colors meets WCAG 2 AA minimum contrast ratio thresholds,"Element has insufficient color contrast of 4.15 (foreground color: #006ce0, background color: #e1ecf7, font size: 7.5pt (10px), font weight: bold). Expected contrast ratio of 4.5:1",no axe-core violation,"Element has insufficient color contrast of 4.15 (foreground color: #006ce0, background color: #e1ecf7, font size: 7.5pt (10px), font weight: bold). Expected contrast ratio of 4.5:1 - see https://dequeuniversity.com/rules/axe/4.12/color-contrast?application=axeAPI",.hover\:border-primary\/40.p-6.relative:nth-child(2) > .mb-3.justify-between > .text-\[10px\].tracking-wide.bg-primary\/10,"impact serious; html: <span class=""rounded-full bg-primary/10 px-2.5 py-0.5 text-[10px] font-bold uppercase tracking-wide text-primary"">API Feature</span>",200,yes,Accessibility Report
http://localhost:3000/tools/claude,Important,P2 - fix soon,axe-core,color-contrast: Elements must meet minimum color contrast ratio thresholds,Ensure the contrast between foreground and background colors meets WCAG 2 AA minimum contrast ratio thresholds,"Element has insufficient color contrast of 4.15 (foreground color: #006ce0, background color: #e1ecf7, font size: 7.5pt (10px), font weight: bold). Expected contrast ratio of 4.5:1",no axe-core violation,"Element has insufficient color contrast of 4.15 (foreground color: #006ce0, background color: #e1ecf7, font size: 7.5pt (10px), font weight: bold). Expected contrast ratio of 4.5:1 - see https://dequeuniversity.com/rules/axe/4.12/color-contrast?application=axeAPI",.hover\:border-primary\/40.p-6.relative:nth-child(3) > .mb-3.justify-between > .text-\[10px\].tracking-wide.bg-primary\/10,"impact serious; html: <span class=""rounded-full bg-primary/10 px-2.5 py-0.5 text-[10px] font-bold uppercase tracking-wide text-primary"">Core</span>",200,yes,Accessibility Report
http://localhost:3000/tools/claude,Important,P2 - fix soon,axe-core,color-contrast: Elements must meet minimum color contrast ratio thresholds,Ensure the contrast between foreground and background colors meets WCAG 2 AA minimum contrast ratio thresholds,"Element has insufficient color contrast of 4.15 (foreground color: #006ce0, background color: #e1ecf7, font size: 7.5pt (10px), font weight: bold). Expected contrast ratio of 4.5:1",no axe-core violation,"Element has insufficient color contrast of 4.15 (foreground color: #006ce0, background color: #e1ecf7, font size: 7.5pt (10px), font weight: bold). Expected contrast ratio of 4.5:1 - see https://dequeuniversity.com/rules/axe/4.12/color-contrast?application=axeAPI",.hover\:border-primary\/40.p-6.relative:nth-child(4) > .mb-3.justify-between > .text-\[10px\].tracking-wide.bg-primary\/10,"impact serious; html: <span class=""rounded-full bg-primary/10 px-2.5 py-0.5 text-[10px] font-bold uppercase tracking-wide text-primary"">Benchmark</span>",200,yes,Accessibility Report
http://localhost:3000/tools/claude,Important,P2 - fix soon,axe-core,color-contrast: Elements must meet minimum color contrast ratio thresholds,Ensure the contrast between foreground and background colors meets WCAG 2 AA minimum contrast ratio thresholds,"Element has insufficient color contrast of 4.22 (foreground color: #006ce0, background color: #e2eefa, font size: 9.0pt (12px), font weight: normal). Expected contrast ratio of 4.5:1",no axe-core violation,"Element has insufficient color contrast of 4.22 (foreground color: #006ce0, background color: #e2eefa, font size: 9.0pt (12px), font weight: normal). Expected contrast ratio of 4.5:1 - see https://dequeuniversity.com/rules/axe/4.12/color-contrast?application=axeAPI",.eyebrow.mb-3,"impact serious; html: <span class=""eyebrow mb-3"">Workflow Lifecycle</span>",200,yes,Accessibility Report
http://localhost:3000/tools/claude,Important,P2 - fix soon,axe-core,color-contrast: Elements must meet minimum color contrast ratio thresholds,Ensure the contrast between foreground and background colors meets WCAG 2 AA minimum contrast ratio thresholds,"Element has insufficient color contrast of 4.31 (foreground color: #006ce0, background color: #e6f0fc, font size: 9.0pt (12px), font weight: normal). Expected contrast ratio of 4.5:1",no axe-core violation,"Element has insufficient color contrast of 4.31 (foreground color: #006ce0, background color: #e6f0fc, font size: 9.0pt (12px), font weight: normal). Expected contrast ratio of 4.5:1 - see https://dequeuniversity.com/rules/axe/4.12/color-contrast?application=axeAPI",.mb-12.max-w-2xl.sm\:text-left > .eyebrow.mb-2,"impact serious; html: <span class=""eyebrow mb-2"">Technical Strengths</span>",200,yes,Accessibility Report
http://localhost:3000/tools/claude,Important,P2 - fix soon,axe-core,color-contrast: Elements must meet minimum color contrast ratio thresholds,Ensure the contrast between foreground and background colors meets WCAG 2 AA minimum contrast ratio thresholds,"Element has insufficient color contrast of 4.15 (foreground color: #006ce0, background color: #e1ecf7, font size: 9.0pt (12px), font weight: normal). Expected contrast ratio of 4.5:1",no axe-core violation,"Element has insufficient color contrast of 4.15 (foreground color: #006ce0, background color: #e1ecf7, font size: 9.0pt (12px), font weight: normal). Expected contrast ratio of 4.5:1 - see https://dequeuniversity.com/rules/axe/4.12/color-contrast?application=axeAPI",.lg\:items-center > div:nth-child(1) > .eyebrow.mb-2,"impact serious; html: <span class=""eyebrow mb-2"">Ecosystem Synergy</span>",200,yes,Accessibility Report
http://localhost:3000/tools/claude,Important,P2 - fix soon,axe-core,color-contrast: Elements must meet minimum color contrast ratio thresholds,Ensure the contrast between foreground and background colors meets WCAG 2 AA minimum contrast ratio thresholds,"Element has insufficient color contrast of 4.45 (foreground color: #006ce0, background color: #eef3f9, font size: 10.5pt (14px), font weight: normal). Expected contrast ratio of 4.5:1",no axe-core violation,"Element has insufficient color contrast of 4.45 (foreground color: #006ce0, background color: #eef3f9, font size: 10.5pt (14px), font weight: normal). Expected contrast ratio of 4.5:1 - see https://dequeuniversity.com/rules/axe/4.12/color-contrast?application=axeAPI",".gap-1\.5.inline-flex[href$=""internships""]","impact serious; html: <a class=""group inline-flex items-center gap-1.5 text-sm font-semibold text-primary"" href=""/internships"">",200,yes,Accessibility Report
http://localhost:3000/tools/claude,Optimization,P3 - improve,Touch targets,Touch targets smaller than 44x44 px,Touch targets are smaller than the recommended 44x44 px.,141x36 px,44x44 px,Increase padding / min-height on the element.,"S
Semicolon",390 px phone viewport,200,yes,Accessibility Report
http://localhost:3000/tools/claude,Optimization,P3 - improve,Touch targets,Touch targets smaller than 44x44 px,Touch targets are smaller than the recommended 44x44 px.,87x40 px,44x44 px,Increase padding / min-height on the element.,EN,390 px phone viewport,200,yes,Accessibility Report
http://localhost:3000/tools/claude,Optimization,P3 - improve,Touch targets,Touch targets smaller than 44x44 px,Touch targets are smaller than the recommended 44x44 px.,40x40 px,44x44 px,Increase padding / min-height on the element.,Switch to dark mode,390 px phone viewport,200,yes,Accessibility Report
http://localhost:3000/tools/claude,Optimization,P3 - improve,Touch targets,Touch targets smaller than 44x44 px,Touch targets are smaller than the recommended 44x44 px.,40x40 px,44x44 px,Increase padding / min-height on the element.,Open menu,390 px phone viewport,200,yes,Accessibility Report
http://localhost:3000/tools/claude,Optimization,P3 - improve,Touch targets,Touch targets smaller than 44x44 px,Touch targets are smaller than the recommended 44x44 px.,108x36 px,44x44 px,Increase padding / min-height on the element.,← All Tools,390 px phone viewport,200,yes,Accessibility Report
http://localhost:3000/tools/claude,Optimization,P3 - improve,Touch targets,Touch targets smaller than 44x44 px,Touch targets are smaller than the recommended 44x44 px.,164x40 px,44x44 px,Increase padding / min-height on the element.,"S
Semicolon",390 px phone viewport,200,yes,Accessibility Report
http://localhost:3000/we-work-with,Important,P2 - fix soon,Touch targets,Touch targets smaller than 24x24 px,"Touch targets are smaller than 24x24 px, too small to tap reliably (WCAG 2.5.8).",57x22 px,24x24 px minimum (44x44 recommended),Increase padding / min-width / min-height of the element.,Home,390 px phone viewport,200,yes,Accessibility Report
http://localhost:3000/we-work-with,Important,P2 - fix soon,Touch targets,Touch targets smaller than 24x24 px,"Touch targets are smaller than 24x24 px, too small to tap reliably (WCAG 2.5.8).",39x22 px,24x24 px minimum (44x44 recommended),Increase padding / min-width / min-height of the element.,About,390 px phone viewport,200,yes,Accessibility Report
http://localhost:3000/we-work-with,Important,P2 - fix soon,Touch targets,Touch targets smaller than 24x24 px,"Touch targets are smaller than 24x24 px, too small to tap reliably (WCAG 2.5.8).",358x20 px,24x24 px minimum (44x44 recommended),Increase padding / min-width / min-height of the element.,hello@semicolon.agency,390 px phone viewport,200,yes,Accessibility Report
http://localhost:3000/we-work-with,Important,P2 - fix soon,Touch targets,Touch targets smaller than 24x24 px,"Touch targets are smaller than 24x24 px, too small to tap reliably (WCAG 2.5.8).",358x20 px,24x24 px minimum (44x44 recommended),Increase padding / min-width / min-height of the element.,+91 95128 15630,390 px phone viewport,200,yes,Accessibility Report
http://localhost:3000/we-work-with,Important,P2 - fix soon,Touch targets,Touch targets smaller than 24x24 px,"Touch targets are smaller than 24x24 px, too small to tap reliably (WCAG 2.5.8).",93x20 px,24x24 px minimum (44x44 recommended),Increase padding / min-width / min-height of the element.,Apply now,390 px phone viewport,200,yes,Accessibility Report
http://localhost:3000/we-work-with,Important,P2 - fix soon,axe-core,color-contrast: Elements must meet minimum color contrast ratio thresholds,Ensure the contrast between foreground and background colors meets WCAG 2 AA minimum contrast ratio thresholds,"Element has insufficient color contrast of 4.19 (foreground color: #006ce0, background color: #e2edf9, font size: 9.0pt (12px), font weight: normal). Expected contrast ratio of 4.5:1",no axe-core violation,"Element has insufficient color contrast of 4.19 (foreground color: #006ce0, background color: #e2edf9, font size: 9.0pt (12px), font weight: normal). Expected contrast ratio of 4.5:1 - see https://dequeuniversity.com/rules/axe/4.12/color-contrast?application=axeAPI",.mb-6.md\:mb-14.max-w-3xl > .eyebrow.mb-4,"impact serious; html: <span class=""eyebrow mb-4"">Global Presence</span>",200,yes,Accessibility Report
http://localhost:3000/we-work-with,Important,P2 - fix soon,axe-core,color-contrast: Elements must meet minimum color contrast ratio thresholds,Ensure the contrast between foreground and background colors meets WCAG 2 AA minimum contrast ratio thresholds,"Element has insufficient color contrast of 4.31 (foreground color: #006ce0, background color: #e6f0fc, font size: 9.0pt (12px), font weight: normal). Expected contrast ratio of 4.5:1",no axe-core violation,"Element has insufficient color contrast of 4.31 (foreground color: #006ce0, background color: #e6f0fc, font size: 9.0pt (12px), font weight: normal). Expected contrast ratio of 4.5:1 - see https://dequeuniversity.com/rules/axe/4.12/color-contrast?application=axeAPI",.md\:mb-12 > .eyebrow.mb-4,"impact serious; html: <span class=""eyebrow mb-4"">More feedback</span>",200,yes,Accessibility Report
http://localhost:3000/we-work-with,Important,P2 - fix soon,axe-core,color-contrast: Elements must meet minimum color contrast ratio thresholds,Ensure the contrast between foreground and background colors meets WCAG 2 AA minimum contrast ratio thresholds,"Element has insufficient color contrast of 4.45 (foreground color: #006ce0, background color: #eef3f9, font size: 10.5pt (14px), font weight: normal). Expected contrast ratio of 4.5:1",no axe-core violation,"Element has insufficient color contrast of 4.45 (foreground color: #006ce0, background color: #eef3f9, font size: 10.5pt (14px), font weight: normal). Expected contrast ratio of 4.5:1 - see https://dequeuniversity.com/rules/axe/4.12/color-contrast?application=axeAPI",".gap-1\.5.inline-flex[href$=""internships""]","impact serious; html: <a class=""group inline-flex items-center gap-1.5 text-sm font-semibold text-primary"" href=""/internships"">",200,yes,Accessibility Report
http://localhost:3000/we-work-with,Optimization,P3 - improve,Touch targets,Touch targets smaller than 44x44 px,Touch targets are smaller than the recommended 44x44 px.,141x36 px,44x44 px,Increase padding / min-height on the element.,"S
Semicolon",390 px phone viewport,200,yes,Accessibility Report
http://localhost:3000/we-work-with,Optimization,P3 - improve,Touch targets,Touch targets smaller than 44x44 px,Touch targets are smaller than the recommended 44x44 px.,87x40 px,44x44 px,Increase padding / min-height on the element.,EN,390 px phone viewport,200,yes,Accessibility Report
http://localhost:3000/we-work-with,Optimization,P3 - improve,Touch targets,Touch targets smaller than 44x44 px,Touch targets are smaller than the recommended 44x44 px.,40x40 px,44x44 px,Increase padding / min-height on the element.,Switch to dark mode,390 px phone viewport,200,yes,Accessibility Report
http://localhost:3000/we-work-with,Optimization,P3 - improve,Touch targets,Touch targets smaller than 44x44 px,Touch targets are smaller than the recommended 44x44 px.,40x40 px,44x44 px,Increase padding / min-height on the element.,Open menu,390 px phone viewport,200,yes,Accessibility Report
http://localhost:3000/we-work-with,Optimization,P3 - improve,Touch targets,Touch targets smaller than 44x44 px,Touch targets are smaller than the recommended 44x44 px.,164x40 px,44x44 px,Increase padding / min-height on the element.,"S
Semicolon",390 px phone viewport,200,yes,Accessibility Report
http://localhost:3000/why-choose-us,Important,P2 - fix soon,Touch targets,Touch targets smaller than 24x24 px,"Touch targets are smaller than 24x24 px, too small to tap reliably (WCAG 2.5.8).",57x22 px,24x24 px minimum (44x44 recommended),Increase padding / min-width / min-height of the element.,Home,390 px phone viewport,200,yes,Accessibility Report
http://localhost:3000/why-choose-us,Important,P2 - fix soon,Touch targets,Touch targets smaller than 24x24 px,"Touch targets are smaller than 24x24 px, too small to tap reliably (WCAG 2.5.8).",39x22 px,24x24 px minimum (44x44 recommended),Increase padding / min-width / min-height of the element.,About,390 px phone viewport,200,yes,Accessibility Report
http://localhost:3000/why-choose-us,Important,P2 - fix soon,Touch targets,Touch targets smaller than 24x24 px,"Touch targets are smaller than 24x24 px, too small to tap reliably (WCAG 2.5.8).",358x20 px,24x24 px minimum (44x44 recommended),Increase padding / min-width / min-height of the element.,hello@semicolon.agency,390 px phone viewport,200,yes,Accessibility Report
http://localhost:3000/why-choose-us,Important,P2 - fix soon,Touch targets,Touch targets smaller than 24x24 px,"Touch targets are smaller than 24x24 px, too small to tap reliably (WCAG 2.5.8).",358x20 px,24x24 px minimum (44x44 recommended),Increase padding / min-width / min-height of the element.,+91 95128 15630,390 px phone viewport,200,yes,Accessibility Report
http://localhost:3000/why-choose-us,Important,P2 - fix soon,Touch targets,Touch targets smaller than 24x24 px,"Touch targets are smaller than 24x24 px, too small to tap reliably (WCAG 2.5.8).",93x20 px,24x24 px minimum (44x44 recommended),Increase padding / min-width / min-height of the element.,Apply now,390 px phone viewport,200,yes,Accessibility Report
http://localhost:3000/why-choose-us,Important,P2 - fix soon,axe-core,color-contrast: Elements must meet minimum color contrast ratio thresholds,Ensure the contrast between foreground and background colors meets WCAG 2 AA minimum contrast ratio thresholds,"Element has insufficient color contrast of 4.22 (foreground color: #006ce0, background color: #e2eef9, font size: 9.0pt (12px), font weight: normal). Expected contrast ratio of 4.5:1",no axe-core violation,"Element has insufficient color contrast of 4.22 (foreground color: #006ce0, background color: #e2eef9, font size: 9.0pt (12px), font weight: normal). Expected contrast ratio of 4.5:1 - see https://dequeuniversity.com/rules/axe/4.12/color-contrast?application=axeAPI",.md\:mb-12.max-w-2xl.mb-6 > .eyebrow.mb-4,"impact serious; html: <span class=""eyebrow mb-4"">Side by side</span>",200,yes,Accessibility Report
http://localhost:3000/why-choose-us,Important,P2 - fix soon,axe-core,color-contrast: Elements must meet minimum color contrast ratio thresholds,Ensure the contrast between foreground and background colors meets WCAG 2 AA minimum contrast ratio thresholds,"Element has insufficient color contrast of 4.31 (foreground color: #006ce0, background color: #e6f0fc, font size: 9.0pt (12px), font weight: normal). Expected contrast ratio of 4.5:1",no axe-core violation,"Element has insufficient color contrast of 4.31 (foreground color: #006ce0, background color: #e6f0fc, font size: 9.0pt (12px), font weight: normal). Expected contrast ratio of 4.5:1 - see https://dequeuniversity.com/rules/axe/4.12/color-contrast?application=axeAPI",.md\:mb-10 > .eyebrow.mb-4,"impact serious; html: <span class=""eyebrow mb-4"">Expertise</span>",200,yes,Accessibility Report
http://localhost:3000/why-choose-us,Important,P2 - fix soon,axe-core,color-contrast: Elements must meet minimum color contrast ratio thresholds,Ensure the contrast between foreground and background colors meets WCAG 2 AA minimum contrast ratio thresholds,"Element has insufficient color contrast of 4.31 (foreground color: #006ce0, background color: #e6f0fc, font size: 9.0pt (12px), font weight: normal). Expected contrast ratio of 4.5:1",no axe-core violation,"Element has insufficient color contrast of 4.31 (foreground color: #006ce0, background color: #e6f0fc, font size: 9.0pt (12px), font weight: normal). Expected contrast ratio of 4.5:1 - see https://dequeuniversity.com/rules/axe/4.12/color-contrast?application=axeAPI",.md\:mb-12.max-w-3xl.mb-6 > .eyebrow.mb-4,"impact serious; html: <span class=""eyebrow mb-4"">More feedback</span>",200,yes,Accessibility Report
http://localhost:3000/why-choose-us,Important,P2 - fix soon,axe-core,color-contrast: Elements must meet minimum color contrast ratio thresholds,Ensure the contrast between foreground and background colors meets WCAG 2 AA minimum contrast ratio thresholds,"Element has insufficient color contrast of 4.45 (foreground color: #006ce0, background color: #eef3f9, font size: 10.5pt (14px), font weight: normal). Expected contrast ratio of 4.5:1",no axe-core violation,"Element has insufficient color contrast of 4.45 (foreground color: #006ce0, background color: #eef3f9, font size: 10.5pt (14px), font weight: normal). Expected contrast ratio of 4.5:1 - see https://dequeuniversity.com/rules/axe/4.12/color-contrast?application=axeAPI",".gap-1\.5.inline-flex[href$=""internships""]","impact serious; html: <a class=""group inline-flex items-center gap-1.5 text-sm font-semibold text-primary"" href=""/internships"">",200,yes,Accessibility Report
http://localhost:3000/why-choose-us,Optimization,P3 - improve,Touch targets,Touch targets smaller than 44x44 px,Touch targets are smaller than the recommended 44x44 px.,141x36 px,44x44 px,Increase padding / min-height on the element.,"S
Semicolon",390 px phone viewport,200,yes,Accessibility Report
http://localhost:3000/why-choose-us,Optimization,P3 - improve,Touch targets,Touch targets smaller than 44x44 px,Touch targets are smaller than the recommended 44x44 px.,87x40 px,44x44 px,Increase padding / min-height on the element.,EN,390 px phone viewport,200,yes,Accessibility Report
http://localhost:3000/why-choose-us,Optimization,P3 - improve,Touch targets,Touch targets smaller than 44x44 px,Touch targets are smaller than the recommended 44x44 px.,40x40 px,44x44 px,Increase padding / min-height on the element.,Switch to dark mode,390 px phone viewport,200,yes,Accessibility Report
http://localhost:3000/why-choose-us,Optimization,P3 - improve,Touch targets,Touch targets smaller than 44x44 px,Touch targets are smaller than the recommended 44x44 px.,40x40 px,44x44 px,Increase padding / min-height on the element.,Open menu,390 px phone viewport,200,yes,Accessibility Report
http://localhost:3000/why-choose-us,Optimization,P3 - improve,Touch targets,Touch targets smaller than 44x44 px,Touch targets are smaller than the recommended 44x44 px.,164x40 px,44x44 px,Increase padding / min-height on the element.,"S
Semicolon",390 px phone viewport,200,yes,Accessibility Report
