URL,Severity,Priority,Category,Issue,Description,Current value,Expected / recommended value,Recommended fix,Element / resource,Details,Page HTTP,In sitemap,Report
http://localhost:3000/,Optimization,P3 - improve,Readability,Very difficult to read,The text is very hard to read (low Flesch score).,"Flesch 27.9, 18.3 words/sentence",Flesch 50+,Use shorter sentences and simpler words; break long paragraphs up.,,,200,yes,Content Quality Report
http://localhost:3000/Infrastructure,Critical,P1 - fix immediately,Duplicate,Duplicate content (identical text),"The main text is identical to another page, so search engines pick one and ignore the others.",identical to 1 other page(s),Unique main content on every indexable page,"Write unique content, merge the pages (301-redirect one), or canonicalise the copy to the original.",http://localhost:3000/infrastructure,,200,yes,Content Quality Report
http://localhost:3000/Infrastructure,Optimization,P3 - improve,Length,Thin content,The page has little text in <main>; thin pages rarely rank.,171 words in <main>,300+ words,"Expand the content: explain the topic, add examples, FAQs, benefits, process, results.",,,200,yes,Content Quality Report
http://localhost:3000/Infrastructure,Optimization,P3 - improve,Readability,Very difficult to read,The text is very hard to read (low Flesch score).,"Flesch 15.4, 19.6 words/sentence",Flesch 50+,Use shorter sentences and simpler words; break long paragraphs up.,,,200,yes,Content Quality Report
http://localhost:3000/blog,Optimization,P3 - improve,Readability,Very difficult to read,The text is very hard to read (low Flesch score).,"Flesch 13.7, 31.5 words/sentence",Flesch 50+,Use shorter sentences and simpler words; break long paragraphs up.,,,200,yes,Content Quality Report
http://localhost:3000/blog/agentic-rag-with-self-corrective-graph-search,Optimization,P3 - improve,Article,Article without updated date (dateModified),"The article has no dateModified, so freshness can't be judged.",(none found),article:modified_time / JSON-LD dateModified,Add dateModified (and openGraph modifiedTime) from the content's update date.,,,200,yes,Content Quality Report
http://localhost:3000/blog/agentic-rag-with-self-corrective-graph-search,Optimization,P3 - improve,Length,Thin content,The page has little text in <main>; thin pages rarely rank.,297 words in <main>,300+ words,"Expand the content: explain the topic, add examples, FAQs, benefits, process, results.",,,200,yes,Content Quality Report
http://localhost:3000/blog/agentic-rag-with-self-corrective-graph-search,Optimization,P3 - improve,Readability,Very difficult to read,The text is very hard to read (low Flesch score).,"Flesch 8.8, 17.4 words/sentence",Flesch 50+,Use shorter sentences and simpler words; break long paragraphs up.,,,200,yes,Content Quality Report
http://localhost:3000/blog/ai-governance-safety-and-compliance-eu-ai-act,Optimization,P3 - improve,Article,Article without updated date (dateModified),"The article has no dateModified, so freshness can't be judged.",(none found),article:modified_time / JSON-LD dateModified,Add dateModified (and openGraph modifiedTime) from the content's update date.,,,200,yes,Content Quality Report
http://localhost:3000/blog/ai-governance-safety-and-compliance-eu-ai-act,Optimization,P3 - improve,Readability,Very difficult to read,The text is very hard to read (low Flesch score).,"Flesch 12.7, 18.8 words/sentence",Flesch 50+,Use shorter sentences and simpler words; break long paragraphs up.,,,200,yes,Content Quality Report
http://localhost:3000/blog/ai-powered-semantic-vulnerability-detection-in-ci,Optimization,P3 - improve,Article,Article without updated date (dateModified),"The article has no dateModified, so freshness can't be judged.",(none found),article:modified_time / JSON-LD dateModified,Add dateModified (and openGraph modifiedTime) from the content's update date.,,,200,yes,Content Quality Report
http://localhost:3000/blog/ai-powered-semantic-vulnerability-detection-in-ci,Optimization,P3 - improve,Readability,Very difficult to read,The text is very hard to read (low Flesch score).,"Flesch 6.2, 17.8 words/sentence",Flesch 50+,Use shorter sentences and simpler words; break long paragraphs up.,,,200,yes,Content Quality Report
http://localhost:3000/blog/angular-18-signals-deferrable-views-zoneless,Optimization,P3 - improve,Article,Article without updated date (dateModified),"The article has no dateModified, so freshness can't be judged.",(none found),article:modified_time / JSON-LD dateModified,Add dateModified (and openGraph modifiedTime) from the content's update date.,,,200,yes,Content Quality Report
http://localhost:3000/blog/angular-18-signals-deferrable-views-zoneless,Optimization,P3 - improve,Readability,Very difficult to read,The text is very hard to read (low Flesch score).,"Flesch 1.5, 15.5 words/sentence",Flesch 50+,Use shorter sentences and simpler words; break long paragraphs up.,,,200,yes,Content Quality Report
http://localhost:3000/blog/ansible-fleet-automation-immutable-server-hardening,Optimization,P3 - improve,Article,Article without updated date (dateModified),"The article has no dateModified, so freshness can't be judged.",(none found),article:modified_time / JSON-LD dateModified,Add dateModified (and openGraph modifiedTime) from the content's update date.,,,200,yes,Content Quality Report
http://localhost:3000/blog/ansible-fleet-automation-immutable-server-hardening,Optimization,P3 - improve,Readability,Very difficult to read,The text is very hard to read (low Flesch score).,"Flesch -2.6, 17.4 words/sentence",Flesch 50+,Use shorter sentences and simpler words; break long paragraphs up.,,,200,yes,Content Quality Report
http://localhost:3000/blog/asp-net-core-8-web-api-minimal-apis-native-aot,Optimization,P3 - improve,Article,Article without updated date (dateModified),"The article has no dateModified, so freshness can't be judged.",(none found),article:modified_time / JSON-LD dateModified,Add dateModified (and openGraph modifiedTime) from the content's update date.,,,200,yes,Content Quality Report
http://localhost:3000/blog/asp-net-core-8-web-api-minimal-apis-native-aot,Optimization,P3 - improve,Readability,Very difficult to read,The text is very hard to read (low Flesch score).,"Flesch 2.0, 17.5 words/sentence",Flesch 50+,Use shorter sentences and simpler words; break long paragraphs up.,,,200,yes,Content Quality Report
http://localhost:3000/blog/automated-database-disaster-recovery-testing-ci,Optimization,P3 - improve,Article,Article without updated date (dateModified),"The article has no dateModified, so freshness can't be judged.",(none found),article:modified_time / JSON-LD dateModified,Add dateModified (and openGraph modifiedTime) from the content's update date.,,,200,yes,Content Quality Report
http://localhost:3000/blog/automated-database-disaster-recovery-testing-ci,Optimization,P3 - improve,Readability,Very difficult to read,The text is very hard to read (low Flesch score).,"Flesch -6.0, 17.5 words/sentence",Flesch 50+,Use shorter sentences and simpler words; break long paragraphs up.,,,200,yes,Content Quality Report
http://localhost:3000/blog/azure-devops-to-github-actions-migration-blueprint,Optimization,P3 - improve,Article,Article without updated date (dateModified),"The article has no dateModified, so freshness can't be judged.",(none found),article:modified_time / JSON-LD dateModified,Add dateModified (and openGraph modifiedTime) from the content's update date.,,,200,yes,Content Quality Report
http://localhost:3000/blog/azure-devops-to-github-actions-migration-blueprint,Optimization,P3 - improve,Readability,Very difficult to read,The text is very hard to read (low Flesch score).,"Flesch 4.8, 17.7 words/sentence",Flesch 50+,Use shorter sentences and simpler words; break long paragraphs up.,,,200,yes,Content Quality Report
http://localhost:3000/blog/big-data-pipelines-apache-spark-dbt-snowflake,Optimization,P3 - improve,Article,Article without updated date (dateModified),"The article has no dateModified, so freshness can't be judged.",(none found),article:modified_time / JSON-LD dateModified,Add dateModified (and openGraph modifiedTime) from the content's update date.,,,200,yes,Content Quality Report
http://localhost:3000/blog/big-data-pipelines-apache-spark-dbt-snowflake,Optimization,P3 - improve,Readability,Very difficult to read,The text is very hard to read (low Flesch score).,"Flesch 0.3, 17.9 words/sentence",Flesch 50+,Use shorter sentences and simpler words; break long paragraphs up.,,,200,yes,Content Quality Report
http://localhost:3000/blog/building-accessible-web-applications-wcag-2-2-aa,Optimization,P3 - improve,Article,Article without updated date (dateModified),"The article has no dateModified, so freshness can't be judged.",(none found),article:modified_time / JSON-LD dateModified,Add dateModified (and openGraph modifiedTime) from the content's update date.,,,200,yes,Content Quality Report
http://localhost:3000/blog/building-accessible-web-applications-wcag-2-2-aa,Optimization,P3 - improve,Readability,Very difficult to read,The text is very hard to read (low Flesch score).,"Flesch -2.1, 17.2 words/sentence",Flesch 50+,Use shorter sentences and simpler words; break long paragraphs up.,,,200,yes,Content Quality Report
http://localhost:3000/blog/building-autonomous-multi-agent-ai-workflows,Optimization,P3 - improve,Article,Article without updated date (dateModified),"The article has no dateModified, so freshness can't be judged.",(none found),article:modified_time / JSON-LD dateModified,Add dateModified (and openGraph modifiedTime) from the content's update date.,,,200,yes,Content Quality Report
http://localhost:3000/blog/building-autonomous-multi-agent-ai-workflows,Optimization,P3 - improve,Readability,Very difficult to read,The text is very hard to read (low Flesch score).,"Flesch 23.2, 17.3 words/sentence",Flesch 50+,Use shorter sentences and simpler words; break long paragraphs up.,,,200,yes,Content Quality Report
http://localhost:3000/blog/building-fast-and-safe-webhooks-for-saas-platforms,Optimization,P3 - improve,Article,Article without updated date (dateModified),"The article has no dateModified, so freshness can't be judged.",(none found),article:modified_time / JSON-LD dateModified,Add dateModified (and openGraph modifiedTime) from the content's update date.,,,200,yes,Content Quality Report
http://localhost:3000/blog/building-fast-and-safe-webhooks-for-saas-platforms,Optimization,P3 - improve,Length,Thin content,The page has little text in <main>; thin pages rarely rank.,299 words in <main>,300+ words,"Expand the content: explain the topic, add examples, FAQs, benefits, process, results.",,,200,yes,Content Quality Report
http://localhost:3000/blog/building-fast-and-safe-webhooks-for-saas-platforms,Optimization,P3 - improve,Readability,Very difficult to read,The text is very hard to read (low Flesch score).,"Flesch -3.1, 16.9 words/sentence",Flesch 50+,Use shorter sentences and simpler words; break long paragraphs up.,,,200,yes,Content Quality Report
http://localhost:3000/blog/building-function-calling-systems-with-open-llms,Optimization,P3 - improve,Article,Article without updated date (dateModified),"The article has no dateModified, so freshness can't be judged.",(none found),article:modified_time / JSON-LD dateModified,Add dateModified (and openGraph modifiedTime) from the content's update date.,,,200,yes,Content Quality Report
http://localhost:3000/blog/building-function-calling-systems-with-open-llms,Optimization,P3 - improve,Readability,Very difficult to read,The text is very hard to read (low Flesch score).,"Flesch 8.5, 17.4 words/sentence",Flesch 50+,Use shorter sentences and simpler words; break long paragraphs up.,,,200,yes,Content Quality Report
http://localhost:3000/blog/building-real-time-audio-chat-webrtc-mobile,Optimization,P3 - improve,Article,Article without updated date (dateModified),"The article has no dateModified, so freshness can't be judged.",(none found),article:modified_time / JSON-LD dateModified,Add dateModified (and openGraph modifiedTime) from the content's update date.,,,200,yes,Content Quality Report
http://localhost:3000/blog/building-real-time-audio-chat-webrtc-mobile,Optimization,P3 - improve,Readability,Very difficult to read,The text is very hard to read (low Flesch score).,"Flesch 6.4, 17.8 words/sentence",Flesch 50+,Use shorter sentences and simpler words; break long paragraphs up.,,,200,yes,Content Quality Report
http://localhost:3000/blog/building-resilient-background-workers-bullmq,Optimization,P3 - improve,Article,Article without updated date (dateModified),"The article has no dateModified, so freshness can't be judged.",(none found),article:modified_time / JSON-LD dateModified,Add dateModified (and openGraph modifiedTime) from the content's update date.,,,200,yes,Content Quality Report
http://localhost:3000/blog/building-resilient-background-workers-bullmq,Optimization,P3 - improve,Length,Thin content,The page has little text in <main>; thin pages rarely rank.,299 words in <main>,300+ words,"Expand the content: explain the topic, add examples, FAQs, benefits, process, results.",,,200,yes,Content Quality Report
http://localhost:3000/blog/building-resilient-background-workers-bullmq,Optimization,P3 - improve,Readability,Very difficult to read,The text is very hard to read (low Flesch score).,"Flesch 1.7, 17.1 words/sentence",Flesch 50+,Use shorter sentences and simpler words; break long paragraphs up.,,,200,yes,Content Quality Report
http://localhost:3000/blog/building-ultra-low-latency-apis-rust-axum,Optimization,P3 - improve,Article,Article without updated date (dateModified),"The article has no dateModified, so freshness can't be judged.",(none found),article:modified_time / JSON-LD dateModified,Add dateModified (and openGraph modifiedTime) from the content's update date.,,,200,yes,Content Quality Report
http://localhost:3000/blog/building-ultra-low-latency-apis-rust-axum,Optimization,P3 - improve,Readability,Very difficult to read,The text is very hard to read (low Flesch score).,"Flesch 12.7, 18.5 words/sentence",Flesch 50+,Use shorter sentences and simpler words; break long paragraphs up.,,,200,yes,Content Quality Report
http://localhost:3000/blog/cdc-change-data-capture-debezium-kafka-connect,Optimization,P3 - improve,Article,Article without updated date (dateModified),"The article has no dateModified, so freshness can't be judged.",(none found),article:modified_time / JSON-LD dateModified,Add dateModified (and openGraph modifiedTime) from the content's update date.,,,200,yes,Content Quality Report
http://localhost:3000/blog/cdc-change-data-capture-debezium-kafka-connect,Optimization,P3 - improve,Readability,Very difficult to read,The text is very hard to read (low Flesch score).,"Flesch -0.8, 17.9 words/sentence",Flesch 50+,Use shorter sentences and simpler words; break long paragraphs up.,,,200,yes,Content Quality Report
http://localhost:3000/blog/cicd-pipelines-github-actions-dagger,Optimization,P3 - improve,Article,Article without updated date (dateModified),"The article has no dateModified, so freshness can't be judged.",(none found),article:modified_time / JSON-LD dateModified,Add dateModified (and openGraph modifiedTime) from the content's update date.,,,200,yes,Content Quality Report
http://localhost:3000/blog/cicd-pipelines-github-actions-dagger,Optimization,P3 - improve,Readability,Very difficult to read,The text is very hard to read (low Flesch score).,"Flesch 20.1, 19.1 words/sentence",Flesch 50+,Use shorter sentences and simpler words; break long paragraphs up.,,,200,yes,Content Quality Report
http://localhost:3000/blog/cloud-cost-optimization-finops-strategies-aws-gcp,Optimization,P3 - improve,Article,Article without updated date (dateModified),"The article has no dateModified, so freshness can't be judged.",(none found),article:modified_time / JSON-LD dateModified,Add dateModified (and openGraph modifiedTime) from the content's update date.,,,200,yes,Content Quality Report
http://localhost:3000/blog/cloud-cost-optimization-finops-strategies-aws-gcp,Optimization,P3 - improve,Readability,Very difficult to read,The text is very hard to read (low Flesch score).,"Flesch 20.6, 19.3 words/sentence",Flesch 50+,Use shorter sentences and simpler words; break long paragraphs up.,,,200,yes,Content Quality Report
http://localhost:3000/blog/cloud-security-posture-management-cspm-automated-audits,Optimization,P3 - improve,Article,Article without updated date (dateModified),"The article has no dateModified, so freshness can't be judged.",(none found),article:modified_time / JSON-LD dateModified,Add dateModified (and openGraph modifiedTime) from the content's update date.,,,200,yes,Content Quality Report
http://localhost:3000/blog/cloud-security-posture-management-cspm-automated-audits,Optimization,P3 - improve,Readability,Very difficult to read,The text is very hard to read (low Flesch score).,"Flesch -8.6, 17.1 words/sentence",Flesch 50+,Use shorter sentences and simpler words; break long paragraphs up.,,,200,yes,Content Quality Report
http://localhost:3000/blog/computer-vision-pytorch-opencv-industrial-iot,Optimization,P3 - improve,Article,Article without updated date (dateModified),"The article has no dateModified, so freshness can't be judged.",(none found),article:modified_time / JSON-LD dateModified,Add dateModified (and openGraph modifiedTime) from the content's update date.,,,200,yes,Content Quality Report
http://localhost:3000/blog/computer-vision-pytorch-opencv-industrial-iot,Optimization,P3 - improve,Readability,Very difficult to read,The text is very hard to read (low Flesch score).,"Flesch 20.3, 16.6 words/sentence",Flesch 50+,Use shorter sentences and simpler words; break long paragraphs up.,,,200,yes,Content Quality Report
http://localhost:3000/blog/css-container-queries-modular-responsive-design,Optimization,P3 - improve,Article,Article without updated date (dateModified),"The article has no dateModified, so freshness can't be judged.",(none found),article:modified_time / JSON-LD dateModified,Add dateModified (and openGraph modifiedTime) from the content's update date.,,,200,yes,Content Quality Report
http://localhost:3000/blog/css-container-queries-modular-responsive-design,Optimization,P3 - improve,Readability,Very difficult to read,The text is very hard to read (low Flesch score).,"Flesch 0.5, 17.4 words/sentence",Flesch 50+,Use shorter sentences and simpler words; break long paragraphs up.,,,200,yes,Content Quality Report
http://localhost:3000/blog/cypress-testing-best-practices-component-vs-e2e,Optimization,P3 - improve,Article,Article without updated date (dateModified),"The article has no dateModified, so freshness can't be judged.",(none found),article:modified_time / JSON-LD dateModified,Add dateModified (and openGraph modifiedTime) from the content's update date.,,,200,yes,Content Quality Report
http://localhost:3000/blog/cypress-testing-best-practices-component-vs-e2e,Optimization,P3 - improve,Readability,Very difficult to read,The text is very hard to read (low Flesch score).,"Flesch 5.4, 17.6 words/sentence",Flesch 50+,Use shorter sentences and simpler words; break long paragraphs up.,,,200,yes,Content Quality Report
http://localhost:3000/blog/data-encryption-at-rest-and-in-transit-envelope-encryption,Optimization,P3 - improve,Article,Article without updated date (dateModified),"The article has no dateModified, so freshness can't be judged.",(none found),article:modified_time / JSON-LD dateModified,Add dateModified (and openGraph modifiedTime) from the content's update date.,,,200,yes,Content Quality Report
http://localhost:3000/blog/data-encryption-at-rest-and-in-transit-envelope-encryption,Optimization,P3 - improve,Readability,Very difficult to read,The text is very hard to read (low Flesch score).,"Flesch -7.8, 17.4 words/sentence",Flesch 50+,Use shorter sentences and simpler words; break long paragraphs up.,,,200,yes,Content Quality Report
http://localhost:3000/blog/data-lakes-vs-data-warehouses-vs-lakehouses-explained,Optimization,P3 - improve,Article,Article without updated date (dateModified),"The article has no dateModified, so freshness can't be judged.",(none found),article:modified_time / JSON-LD dateModified,Add dateModified (and openGraph modifiedTime) from the content's update date.,,,200,yes,Content Quality Report
http://localhost:3000/blog/data-lakes-vs-data-warehouses-vs-lakehouses-explained,Optimization,P3 - improve,Readability,Very difficult to read,The text is very hard to read (low Flesch score).,"Flesch -3.4, 17.8 words/sentence",Flesch 50+,Use shorter sentences and simpler words; break long paragraphs up.,,,200,yes,Content Quality Report
http://localhost:3000/blog/ddos-mitigation-strategies-high-traffic-infrastructure,Optimization,P3 - improve,Article,Article without updated date (dateModified),"The article has no dateModified, so freshness can't be judged.",(none found),article:modified_time / JSON-LD dateModified,Add dateModified (and openGraph modifiedTime) from the content's update date.,,,200,yes,Content Quality Report
http://localhost:3000/blog/ddos-mitigation-strategies-high-traffic-infrastructure,Optimization,P3 - improve,Readability,Very difficult to read,The text is very hard to read (low Flesch score).,"Flesch -7.1, 17.0 words/sentence",Flesch 50+,Use shorter sentences and simpler words; break long paragraphs up.,,,200,yes,Content Quality Report
http://localhost:3000/blog/deep-linking-universal-links-mobile-attribution,Optimization,P3 - improve,Article,Article without updated date (dateModified),"The article has no dateModified, so freshness can't be judged.",(none found),article:modified_time / JSON-LD dateModified,Add dateModified (and openGraph modifiedTime) from the content's update date.,,,200,yes,Content Quality Report
http://localhost:3000/blog/deep-linking-universal-links-mobile-attribution,Optimization,P3 - improve,Readability,Very difficult to read,The text is very hard to read (low Flesch score).,"Flesch 0.8, 17.4 words/sentence",Flesch 50+,Use shorter sentences and simpler words; break long paragraphs up.,,,200,yes,Content Quality Report
http://localhost:3000/blog/design-systems-with-storybook-design-tokens,Optimization,P3 - improve,Article,Article without updated date (dateModified),"The article has no dateModified, so freshness can't be judged.",(none found),article:modified_time / JSON-LD dateModified,Add dateModified (and openGraph modifiedTime) from the content's update date.,,,200,yes,Content Quality Report
http://localhost:3000/blog/design-systems-with-storybook-design-tokens,Optimization,P3 - improve,Readability,Very difficult to read,The text is very hard to read (low Flesch score).,"Flesch 2.0, 17.4 words/sentence",Flesch 50+,Use shorter sentences and simpler words; break long paragraphs up.,,,200,yes,Content Quality Report
http://localhost:3000/blog/designing-for-dark-mode-contrast-ratios-color-tokens,Optimization,P3 - improve,Article,Article without updated date (dateModified),"The article has no dateModified, so freshness can't be judged.",(none found),article:modified_time / JSON-LD dateModified,Add dateModified (and openGraph modifiedTime) from the content's update date.,,,200,yes,Content Quality Report
http://localhost:3000/blog/designing-for-dark-mode-contrast-ratios-color-tokens,Optimization,P3 - improve,Readability,Very difficult to read,The text is very hard to read (low Flesch score).,"Flesch 13.5, 16.2 words/sentence",Flesch 50+,Use shorter sentences and simpler words; break long paragraphs up.,,,200,yes,Content Quality Report
http://localhost:3000/blog/designing-resilient-rest-apis-idempotency-rate-limiting,Optimization,P3 - improve,Article,Article without updated date (dateModified),"The article has no dateModified, so freshness can't be judged.",(none found),article:modified_time / JSON-LD dateModified,Add dateModified (and openGraph modifiedTime) from the content's update date.,,,200,yes,Content Quality Report
http://localhost:3000/blog/designing-resilient-rest-apis-idempotency-rate-limiting,Optimization,P3 - improve,Readability,Very difficult to read,The text is very hard to read (low Flesch score).,"Flesch 15.3, 17.1 words/sentence",Flesch 50+,Use shorter sentences and simpler words; break long paragraphs up.,,,200,yes,Content Quality Report
http://localhost:3000/blog/devsecops-automated-security-guardrails-cicd,Optimization,P3 - improve,Article,Article without updated date (dateModified),"The article has no dateModified, so freshness can't be judged.",(none found),article:modified_time / JSON-LD dateModified,Add dateModified (and openGraph modifiedTime) from the content's update date.,,,200,yes,Content Quality Report
http://localhost:3000/blog/devsecops-automated-security-guardrails-cicd,Optimization,P3 - improve,Readability,Very difficult to read,The text is very hard to read (low Flesch score).,"Flesch 10.3, 19.4 words/sentence",Flesch 50+,Use shorter sentences and simpler words; break long paragraphs up.,,,200,yes,Content Quality Report
http://localhost:3000/blog/diffusion-models-beyond-images-audio-chemistry,Optimization,P3 - improve,Article,Article without updated date (dateModified),"The article has no dateModified, so freshness can't be judged.",(none found),article:modified_time / JSON-LD dateModified,Add dateModified (and openGraph modifiedTime) from the content's update date.,,,200,yes,Content Quality Report
http://localhost:3000/blog/diffusion-models-beyond-images-audio-chemistry,Optimization,P3 - improve,Readability,Very difficult to read,The text is very hard to read (low Flesch score).,"Flesch 3.7, 17.4 words/sentence",Flesch 50+,Use shorter sentences and simpler words; break long paragraphs up.,,,200,yes,Content Quality Report
http://localhost:3000/blog/distributed-caching-redis-cluster-stampede-prevention,Optimization,P3 - improve,Article,Article without updated date (dateModified),"The article has no dateModified, so freshness can't be judged.",(none found),article:modified_time / JSON-LD dateModified,Add dateModified (and openGraph modifiedTime) from the content's update date.,,,200,yes,Content Quality Report
http://localhost:3000/blog/distributed-caching-redis-cluster-stampede-prevention,Optimization,P3 - improve,Readability,Very difficult to read,The text is very hard to read (low Flesch score).,"Flesch 19.6, 19.9 words/sentence",Flesch 50+,Use shorter sentences and simpler words; break long paragraphs up.,,,200,yes,Content Quality Report
http://localhost:3000/blog/django-5-in-production-async-orm-reusable-apps,Optimization,P3 - improve,Article,Article without updated date (dateModified),"The article has no dateModified, so freshness can't be judged.",(none found),article:modified_time / JSON-LD dateModified,Add dateModified (and openGraph modifiedTime) from the content's update date.,,,200,yes,Content Quality Report
http://localhost:3000/blog/django-5-in-production-async-orm-reusable-apps,Optimization,P3 - improve,Readability,Very difficult to read,The text is very hard to read (low Flesch score).,"Flesch 1.4, 17.1 words/sentence",Flesch 50+,Use shorter sentences and simpler words; break long paragraphs up.,,,200,yes,Content Quality Report
http://localhost:3000/blog/docker-container-security-distroless-rootless-daemons,Optimization,P3 - improve,Article,Article without updated date (dateModified),"The article has no dateModified, so freshness can't be judged.",(none found),article:modified_time / JSON-LD dateModified,Add dateModified (and openGraph modifiedTime) from the content's update date.,,,200,yes,Content Quality Report
http://localhost:3000/blog/docker-container-security-distroless-rootless-daemons,Optimization,P3 - improve,Readability,Very difficult to read,The text is very hard to read (low Flesch score).,"Flesch 17.9, 18.9 words/sentence",Flesch 50+,Use shorter sentences and simpler words; break long paragraphs up.,,,200,yes,Content Quality Report
http://localhost:3000/blog/edge-ai-running-small-language-models-locally,Optimization,P3 - improve,Article,Article without updated date (dateModified),"The article has no dateModified, so freshness can't be judged.",(none found),article:modified_time / JSON-LD dateModified,Add dateModified (and openGraph modifiedTime) from the content's update date.,,,200,yes,Content Quality Report
http://localhost:3000/blog/elasticsearch-vs-opensearch-full-text-search-relevance,Optimization,P3 - improve,Article,Article without updated date (dateModified),"The article has no dateModified, so freshness can't be judged.",(none found),article:modified_time / JSON-LD dateModified,Add dateModified (and openGraph modifiedTime) from the content's update date.,,,200,yes,Content Quality Report
http://localhost:3000/blog/elasticsearch-vs-opensearch-full-text-search-relevance,Optimization,P3 - improve,Readability,Very difficult to read,The text is very hard to read (low Flesch score).,"Flesch -2.4, 17.2 words/sentence",Flesch 50+,Use shorter sentences and simpler words; break long paragraphs up.,,,200,yes,Content Quality Report
http://localhost:3000/blog/end-to-end-testing-with-playwright-parallel-execution,Optimization,P3 - improve,Article,Article without updated date (dateModified),"The article has no dateModified, so freshness can't be judged.",(none found),article:modified_time / JSON-LD dateModified,Add dateModified (and openGraph modifiedTime) from the content's update date.,,,200,yes,Content Quality Report
http://localhost:3000/blog/end-to-end-testing-with-playwright-parallel-execution,Optimization,P3 - improve,Readability,Very difficult to read,The text is very hard to read (low Flesch score).,"Flesch 6.8, 17.6 words/sentence",Flesch 50+,Use shorter sentences and simpler words; break long paragraphs up.,,,200,yes,Content Quality Report
http://localhost:3000/blog/end-to-end-type-safety-with-trpc-prisma-zod,Optimization,P3 - improve,Article,Article without updated date (dateModified),"The article has no dateModified, so freshness can't be judged.",(none found),article:modified_time / JSON-LD dateModified,Add dateModified (and openGraph modifiedTime) from the content's update date.,,,200,yes,Content Quality Report
http://localhost:3000/blog/end-to-end-type-safety-with-trpc-prisma-zod,Optimization,P3 - improve,Readability,Very difficult to read,The text is very hard to read (low Flesch score).,"Flesch 7.0, 17.6 words/sentence",Flesch 50+,Use shorter sentences and simpler words; break long paragraphs up.,,,200,yes,Content Quality Report
http://localhost:3000/blog/event-driven-architecture-apache-kafka,Optimization,P3 - improve,Article,Article without updated date (dateModified),"The article has no dateModified, so freshness can't be judged.",(none found),article:modified_time / JSON-LD dateModified,Add dateModified (and openGraph modifiedTime) from the content's update date.,,,200,yes,Content Quality Report
http://localhost:3000/blog/event-driven-architecture-apache-kafka,Optimization,P3 - improve,Readability,Very difficult to read,The text is very hard to read (low Flesch score).,"Flesch 10.0, 18.5 words/sentence",Flesch 50+,Use shorter sentences and simpler words; break long paragraphs up.,,,200,yes,Content Quality Report
http://localhost:3000/blog/figma-to-code-design-systems-tokens-dev-mode,Optimization,P3 - improve,Article,Article without updated date (dateModified),"The article has no dateModified, so freshness can't be judged.",(none found),article:modified_time / JSON-LD dateModified,Add dateModified (and openGraph modifiedTime) from the content's update date.,,,200,yes,Content Quality Report
http://localhost:3000/blog/figma-to-code-design-systems-tokens-dev-mode,Optimization,P3 - improve,Readability,Very difficult to read,The text is very hard to read (low Flesch score).,"Flesch 6.0, 17.4 words/sentence",Flesch 50+,Use shorter sentences and simpler words; break long paragraphs up.,,,200,yes,Content Quality Report
http://localhost:3000/blog/fine-tuning-open-source-llms-llama-3-mistral,Optimization,P3 - improve,Article,Article without updated date (dateModified),"The article has no dateModified, so freshness can't be judged.",(none found),article:modified_time / JSON-LD dateModified,Add dateModified (and openGraph modifiedTime) from the content's update date.,,,200,yes,Content Quality Report
http://localhost:3000/blog/fine-tuning-open-source-llms-llama-3-mistral,Optimization,P3 - improve,Readability,Very difficult to read,The text is very hard to read (low Flesch score).,"Flesch 24.7, 18.3 words/sentence",Flesch 50+,Use shorter sentences and simpler words; break long paragraphs up.,,,200,yes,Content Quality Report
http://localhost:3000/blog/flutter-3-22-vs-react-native-0-74-architecture-comparison,Optimization,P3 - improve,Article,Article without updated date (dateModified),"The article has no dateModified, so freshness can't be judged.",(none found),article:modified_time / JSON-LD dateModified,Add dateModified (and openGraph modifiedTime) from the content's update date.,,,200,yes,Content Quality Report
http://localhost:3000/blog/flutter-3-22-vs-react-native-0-74-architecture-comparison,Optimization,P3 - improve,Readability,Very difficult to read,The text is very hard to read (low Flesch score).,"Flesch 24.2, 20.5 words/sentence",Flesch 50+,Use shorter sentences and simpler words; break long paragraphs up.,,,200,yes,Content Quality Report
http://localhost:3000/blog/framer-motion-recipes-premium-web-interactions,Optimization,P3 - improve,Article,Article without updated date (dateModified),"The article has no dateModified, so freshness can't be judged.",(none found),article:modified_time / JSON-LD dateModified,Add dateModified (and openGraph modifiedTime) from the content's update date.,,,200,yes,Content Quality Report
http://localhost:3000/blog/framer-motion-recipes-premium-web-interactions,Optimization,P3 - improve,Readability,Very difficult to read,The text is very hard to read (low Flesch score).,"Flesch -1.2, 17.5 words/sentence",Flesch 50+,Use shorter sentences and simpler words; break long paragraphs up.,,,200,yes,Content Quality Report
http://localhost:3000/blog/gitops-with-argocd-continuous-delivery-kubernetes,Optimization,P3 - improve,Article,Article without updated date (dateModified),"The article has no dateModified, so freshness can't be judged.",(none found),article:modified_time / JSON-LD dateModified,Add dateModified (and openGraph modifiedTime) from the content's update date.,,,200,yes,Content Quality Report
http://localhost:3000/blog/gitops-with-argocd-continuous-delivery-kubernetes,Optimization,P3 - improve,Readability,Very difficult to read,The text is very hard to read (low Flesch score).,"Flesch 18.9, 19.0 words/sentence",Flesch 50+,Use shorter sentences and simpler words; break long paragraphs up.,,,200,yes,Content Quality Report
http://localhost:3000/blog/google-cloud-gke-enterprise-multi-cluster,Optimization,P3 - improve,Article,Article without updated date (dateModified),"The article has no dateModified, so freshness can't be judged.",(none found),article:modified_time / JSON-LD dateModified,Add dateModified (and openGraph modifiedTime) from the content's update date.,,,200,yes,Content Quality Report
http://localhost:3000/blog/google-cloud-gke-enterprise-multi-cluster,Optimization,P3 - improve,Readability,Very difficult to read,The text is very hard to read (low Flesch score).,"Flesch 3.7, 17.2 words/sentence",Flesch 50+,Use shorter sentences and simpler words; break long paragraphs up.,,,200,yes,Content Quality Report
http://localhost:3000/blog/graph-neural-networks-for-fintech-fraud-detection,Optimization,P3 - improve,Article,Article without updated date (dateModified),"The article has no dateModified, so freshness can't be judged.",(none found),article:modified_time / JSON-LD dateModified,Add dateModified (and openGraph modifiedTime) from the content's update date.,,,200,yes,Content Quality Report
http://localhost:3000/blog/graph-neural-networks-for-fintech-fraud-detection,Optimization,P3 - improve,Readability,Very difficult to read,The text is very hard to read (low Flesch score).,"Flesch 9.4, 17.4 words/sentence",Flesch 50+,Use shorter sentences and simpler words; break long paragraphs up.,,,200,yes,Content Quality Report
http://localhost:3000/blog/graphql-federation-scalable-schema-stitching,Optimization,P3 - improve,Article,Article without updated date (dateModified),"The article has no dateModified, so freshness can't be judged.",(none found),article:modified_time / JSON-LD dateModified,Add dateModified (and openGraph modifiedTime) from the content's update date.,,,200,yes,Content Quality Report
http://localhost:3000/blog/graphql-federation-scalable-schema-stitching,Optimization,P3 - improve,Readability,Very difficult to read,The text is very hard to read (low Flesch score).,"Flesch 4.6, 18.4 words/sentence",Flesch 50+,Use shorter sentences and simpler words; break long paragraphs up.,,,200,yes,Content Quality Report
http://localhost:3000/blog/headless-cms-integration-contentful-sanity-strapi,Optimization,P3 - improve,Article,Article without updated date (dateModified),"The article has no dateModified, so freshness can't be judged.",(none found),article:modified_time / JSON-LD dateModified,Add dateModified (and openGraph modifiedTime) from the content's update date.,,,200,yes,Content Quality Report
http://localhost:3000/blog/headless-cms-integration-contentful-sanity-strapi,Optimization,P3 - improve,Readability,Very difficult to read,The text is very hard to read (low Flesch score).,"Flesch 3.4, 17.5 words/sentence",Flesch 50+,Use shorter sentences and simpler words; break long paragraphs up.,,,200,yes,Content Quality Report
http://localhost:3000/blog/headless-shopify-nextjs-commerce-storefront-api,Optimization,P3 - improve,Article,Article without updated date (dateModified),"The article has no dateModified, so freshness can't be judged.",(none found),article:modified_time / JSON-LD dateModified,Add dateModified (and openGraph modifiedTime) from the content's update date.,,,200,yes,Content Quality Report
http://localhost:3000/blog/headless-shopify-nextjs-commerce-storefront-api,Optimization,P3 - improve,Readability,Very difficult to read,The text is very hard to read (low Flesch score).,"Flesch 6.7, 17.8 words/sentence",Flesch 50+,Use shorter sentences and simpler words; break long paragraphs up.,,,200,yes,Content Quality Report
http://localhost:3000/blog/high-throughput-microservices-go-grpc,Optimization,P3 - improve,Article,Article without updated date (dateModified),"The article has no dateModified, so freshness can't be judged.",(none found),article:modified_time / JSON-LD dateModified,Add dateModified (and openGraph modifiedTime) from the content's update date.,,,200,yes,Content Quality Report
http://localhost:3000/blog/high-throughput-microservices-go-grpc,Optimization,P3 - improve,Readability,Very difficult to read,The text is very hard to read (low Flesch score).,"Flesch 7.7, 18.1 words/sentence",Flesch 50+,Use shorter sentences and simpler words; break long paragraphs up.,,,200,yes,Content Quality Report
http://localhost:3000/blog/hybrid-cloud-networking-vpn-wireguard,Optimization,P3 - improve,Article,Article without updated date (dateModified),"The article has no dateModified, so freshness can't be judged.",(none found),article:modified_time / JSON-LD dateModified,Add dateModified (and openGraph modifiedTime) from the content's update date.,,,200,yes,Content Quality Report
http://localhost:3000/blog/hybrid-cloud-networking-vpn-wireguard,Optimization,P3 - improve,Readability,Very difficult to read,The text is very hard to read (low Flesch score).,"Flesch 9.2, 15.9 words/sentence",Flesch 50+,Use shorter sentences and simpler words; break long paragraphs up.,,,200,yes,Content Quality Report
http://localhost:3000/blog/in-app-purchases-subscription-architecture,Optimization,P3 - improve,Article,Article without updated date (dateModified),"The article has no dateModified, so freshness can't be judged.",(none found),article:modified_time / JSON-LD dateModified,Add dateModified (and openGraph modifiedTime) from the content's update date.,,,200,yes,Content Quality Report
http://localhost:3000/blog/in-app-purchases-subscription-architecture,Optimization,P3 - improve,Readability,Very difficult to read,The text is very hard to read (low Flesch score).,"Flesch 0.5, 17.6 words/sentence",Flesch 50+,Use shorter sentences and simpler words; break long paragraphs up.,,,200,yes,Content Quality Report
http://localhost:3000/blog/jetpack-compose-android-recomposition-optimization,Optimization,P3 - improve,Article,Article without updated date (dateModified),"The article has no dateModified, so freshness can't be judged.",(none found),article:modified_time / JSON-LD dateModified,Add dateModified (and openGraph modifiedTime) from the content's update date.,,,200,yes,Content Quality Report
http://localhost:3000/blog/jetpack-compose-android-recomposition-optimization,Optimization,P3 - improve,Readability,Very difficult to read,The text is very hard to read (low Flesch score).,"Flesch -6.0, 16.9 words/sentence",Flesch 50+,Use shorter sentences and simpler words; break long paragraphs up.,,,200,yes,Content Quality Report
http://localhost:3000/blog/kotlin-multiplatform-kmp-sharing-logic-ios-android,Optimization,P3 - improve,Article,Article without updated date (dateModified),"The article has no dateModified, so freshness can't be judged.",(none found),article:modified_time / JSON-LD dateModified,Add dateModified (and openGraph modifiedTime) from the content's update date.,,,200,yes,Content Quality Report
http://localhost:3000/blog/kotlin-multiplatform-kmp-sharing-logic-ios-android,Optimization,P3 - improve,Readability,Very difficult to read,The text is very hard to read (low Flesch score).,"Flesch 17.7, 20.2 words/sentence",Flesch 50+,Use shorter sentences and simpler words; break long paragraphs up.,,,200,yes,Content Quality Report
http://localhost:3000/blog/kubernetes-cost-optimization-with-karpenter,Optimization,P3 - improve,Article,Article without updated date (dateModified),"The article has no dateModified, so freshness can't be judged.",(none found),article:modified_time / JSON-LD dateModified,Add dateModified (and openGraph modifiedTime) from the content's update date.,,,200,yes,Content Quality Report
http://localhost:3000/blog/kubernetes-cost-optimization-with-karpenter,Optimization,P3 - improve,Readability,Very difficult to read,The text is very hard to read (low Flesch score).,"Flesch -2.2, 16.9 words/sentence",Flesch 50+,Use shorter sentences and simpler words; break long paragraphs up.,,,200,yes,Content Quality Report
http://localhost:3000/blog/local-llm-agents-on-raspberry-pi-nvidia-jetson,Optimization,P3 - improve,Article,Article without updated date (dateModified),"The article has no dateModified, so freshness can't be judged.",(none found),article:modified_time / JSON-LD dateModified,Add dateModified (and openGraph modifiedTime) from the content's update date.,,,200,yes,Content Quality Report
http://localhost:3000/blog/local-llm-agents-on-raspberry-pi-nvidia-jetson,Optimization,P3 - improve,Readability,Very difficult to read,The text is very hard to read (low Flesch score).,"Flesch 11.2, 18.3 words/sentence",Flesch 50+,Use shorter sentences and simpler words; break long paragraphs up.,,,200,yes,Content Quality Report
http://localhost:3000/blog/mastering-nextjs-15-server-components-turbopack,Optimization,P3 - improve,Article,Article without updated date (dateModified),"The article has no dateModified, so freshness can't be judged.",(none found),article:modified_time / JSON-LD dateModified,Add dateModified (and openGraph modifiedTime) from the content's update date.,,,200,yes,Content Quality Report
http://localhost:3000/blog/mastering-nextjs-15-server-components-turbopack,Optimization,P3 - improve,Readability,Very difficult to read,The text is very hard to read (low Flesch score).,"Flesch 9.9, 19.1 words/sentence",Flesch 50+,Use shorter sentences and simpler words; break long paragraphs up.,,,200,yes,Content Quality Report
http://localhost:3000/blog/micro-frontends-module-federation-2026,Optimization,P3 - improve,Article,Article without updated date (dateModified),"The article has no dateModified, so freshness can't be judged.",(none found),article:modified_time / JSON-LD dateModified,Add dateModified (and openGraph modifiedTime) from the content's update date.,,,200,yes,Content Quality Report
http://localhost:3000/blog/micro-frontends-module-federation-2026,Optimization,P3 - improve,Readability,Very difficult to read,The text is very hard to read (low Flesch score).,"Flesch 8.0, 18.2 words/sentence",Flesch 50+,Use shorter sentences and simpler words; break long paragraphs up.,,,200,yes,Content Quality Report
http://localhost:3000/blog/micro-interactions-that-delight-users-ux-blueprint,Optimization,P3 - improve,Article,Article without updated date (dateModified),"The article has no dateModified, so freshness can't be judged.",(none found),article:modified_time / JSON-LD dateModified,Add dateModified (and openGraph modifiedTime) from the content's update date.,,,200,yes,Content Quality Report
http://localhost:3000/blog/micro-interactions-that-delight-users-ux-blueprint,Optimization,P3 - improve,Readability,Very difficult to read,The text is very hard to read (low Flesch score).,"Flesch 5.7, 17.4 words/sentence",Flesch 50+,Use shorter sentences and simpler words; break long paragraphs up.,,,200,yes,Content Quality Report
http://localhost:3000/blog/mlops-best-practices-feature-stores-model-drift,Optimization,P3 - improve,Article,Article without updated date (dateModified),"The article has no dateModified, so freshness can't be judged.",(none found),article:modified_time / JSON-LD dateModified,Add dateModified (and openGraph modifiedTime) from the content's update date.,,,200,yes,Content Quality Report
http://localhost:3000/blog/mlops-best-practices-feature-stores-model-drift,Optimization,P3 - improve,Readability,Very difficult to read,The text is very hard to read (low Flesch score).,"Flesch 6.2, 17.4 words/sentence",Flesch 50+,Use shorter sentences and simpler words; break long paragraphs up.,,,200,yes,Content Quality Report
http://localhost:3000/blog/mobile-security-certificate-pinning-biometrics-obfuscation,Optimization,P3 - improve,Article,Article without updated date (dateModified),"The article has no dateModified, so freshness can't be judged.",(none found),article:modified_time / JSON-LD dateModified,Add dateModified (and openGraph modifiedTime) from the content's update date.,,,200,yes,Content Quality Report
http://localhost:3000/blog/mobile-security-certificate-pinning-biometrics-obfuscation,Optimization,P3 - improve,Readability,Very difficult to read,The text is very hard to read (low Flesch score).,"Flesch 10.9, 18.7 words/sentence",Flesch 50+,Use shorter sentences and simpler words; break long paragraphs up.,,,200,yes,Content Quality Report
http://localhost:3000/blog/modern-headless-wordpress-graphql-nextjs-ssr,Optimization,P3 - improve,Article,Article without updated date (dateModified),"The article has no dateModified, so freshness can't be judged.",(none found),article:modified_time / JSON-LD dateModified,Add dateModified (and openGraph modifiedTime) from the content's update date.,,,200,yes,Content Quality Report
http://localhost:3000/blog/modern-headless-wordpress-graphql-nextjs-ssr,Optimization,P3 - improve,Length,Thin content,The page has little text in <main>; thin pages rarely rank.,299 words in <main>,300+ words,"Expand the content: explain the topic, add examples, FAQs, benefits, process, results.",,,200,yes,Content Quality Report
http://localhost:3000/blog/modern-headless-wordpress-graphql-nextjs-ssr,Optimization,P3 - improve,Readability,Very difficult to read,The text is very hard to read (low Flesch score).,"Flesch 8.3, 17.2 words/sentence",Flesch 50+,Use shorter sentences and simpler words; break long paragraphs up.,,,200,yes,Content Quality Report
http://localhost:3000/blog/modern-monorepos-turborepo-bun-pnpm,Optimization,P3 - improve,Article,Article without updated date (dateModified),"The article has no dateModified, so freshness can't be judged.",(none found),article:modified_time / JSON-LD dateModified,Add dateModified (and openGraph modifiedTime) from the content's update date.,,,200,yes,Content Quality Report
http://localhost:3000/blog/modern-monorepos-turborepo-bun-pnpm,Optimization,P3 - improve,Readability,Very difficult to read,The text is very hard to read (low Flesch score).,"Flesch 15.4, 18.5 words/sentence",Flesch 50+,Use shorter sentences and simpler words; break long paragraphs up.,,,200,yes,Content Quality Report
http://localhost:3000/blog/mongodb-7-0-sharding-query-engine-atlas-search,Optimization,P3 - improve,Article,Article without updated date (dateModified),"The article has no dateModified, so freshness can't be judged.",(none found),article:modified_time / JSON-LD dateModified,Add dateModified (and openGraph modifiedTime) from the content's update date.,,,200,yes,Content Quality Report
http://localhost:3000/blog/mongodb-7-0-sharding-query-engine-atlas-search,Optimization,P3 - improve,Readability,Very difficult to read,The text is very hard to read (low Flesch score).,"Flesch 2.6, 15.4 words/sentence",Flesch 50+,Use shorter sentences and simpler words; break long paragraphs up.,,,200,yes,Content Quality Report
http://localhost:3000/blog/multi-tenant-database-architecture-rls-vs-separate-schemas,Optimization,P3 - improve,Article,Article without updated date (dateModified),"The article has no dateModified, so freshness can't be judged.",(none found),article:modified_time / JSON-LD dateModified,Add dateModified (and openGraph modifiedTime) from the content's update date.,,,200,yes,Content Quality Report
http://localhost:3000/blog/multi-tenant-database-architecture-rls-vs-separate-schemas,Optimization,P3 - improve,Readability,Very difficult to read,The text is very hard to read (low Flesch score).,"Flesch -2.4, 17.2 words/sentence",Flesch 50+,Use shorter sentences and simpler words; break long paragraphs up.,,,200,yes,Content Quality Report
http://localhost:3000/blog/multimodal-ai-integrating-voice-vision-text-saas,Optimization,P3 - improve,Article,Article without updated date (dateModified),"The article has no dateModified, so freshness can't be judged.",(none found),article:modified_time / JSON-LD dateModified,Add dateModified (and openGraph modifiedTime) from the content's update date.,,,200,yes,Content Quality Report
http://localhost:3000/blog/multimodal-ai-integrating-voice-vision-text-saas,Optimization,P3 - improve,Readability,Very difficult to read,The text is very hard to read (low Flesch score).,"Flesch 22.5, 16.9 words/sentence",Flesch 50+,Use shorter sentences and simpler words; break long paragraphs up.,,,200,yes,Content Quality Report
http://localhost:3000/blog/mysql-8-4-lts-thread-pooling-invisible-indexes-json,Optimization,P3 - improve,Article,Article without updated date (dateModified),"The article has no dateModified, so freshness can't be judged.",(none found),article:modified_time / JSON-LD dateModified,Add dateModified (and openGraph modifiedTime) from the content's update date.,,,200,yes,Content Quality Report
http://localhost:3000/blog/mysql-8-4-lts-thread-pooling-invisible-indexes-json,Optimization,P3 - improve,Readability,Very difficult to read,The text is very hard to read (low Flesch score).,"Flesch 1.4, 17.2 words/sentence",Flesch 50+,Use shorter sentences and simpler words; break long paragraphs up.,,,200,yes,Content Quality Report
http://localhost:3000/blog/nestjs-enterprise-architecture-ddd-clean-code,Optimization,P3 - improve,Article,Article without updated date (dateModified),"The article has no dateModified, so freshness can't be judged.",(none found),article:modified_time / JSON-LD dateModified,Add dateModified (and openGraph modifiedTime) from the content's update date.,,,200,yes,Content Quality Report
http://localhost:3000/blog/nestjs-enterprise-architecture-ddd-clean-code,Optimization,P3 - improve,Readability,Very difficult to read,The text is very hard to read (low Flesch score).,"Flesch 2.2, 17.6 words/sentence",Flesch 50+,Use shorter sentences and simpler words; break long paragraphs up.,,,200,yes,Content Quality Report
http://localhost:3000/blog/nginx-vs-envoy-layer-7-reverse-proxy-benchmarks,Optimization,P3 - improve,Article,Article without updated date (dateModified),"The article has no dateModified, so freshness can't be judged.",(none found),article:modified_time / JSON-LD dateModified,Add dateModified (and openGraph modifiedTime) from the content's update date.,,,200,yes,Content Quality Report
http://localhost:3000/blog/nginx-vs-envoy-layer-7-reverse-proxy-benchmarks,Optimization,P3 - improve,Readability,Very difficult to read,The text is very hard to read (low Flesch score).,"Flesch 9.1, 17.4 words/sentence",Flesch 50+,Use shorter sentences and simpler words; break long paragraphs up.,,,200,yes,Content Quality Report
http://localhost:3000/blog/oauth-2-1-openid-connect-token-security-pkce,Optimization,P3 - improve,Article,Article without updated date (dateModified),"The article has no dateModified, so freshness can't be judged.",(none found),article:modified_time / JSON-LD dateModified,Add dateModified (and openGraph modifiedTime) from the content's update date.,,,200,yes,Content Quality Report
http://localhost:3000/blog/oauth-2-1-openid-connect-token-security-pkce,Optimization,P3 - improve,Readability,Very difficult to read,The text is very hard to read (low Flesch score).,"Flesch 0.6, 15.4 words/sentence",Flesch 50+,Use shorter sentences and simpler words; break long paragraphs up.,,,200,yes,Content Quality Report
http://localhost:3000/blog/offline-first-mobile-architecture-sqlite-sync-engines,Optimization,P3 - improve,Article,Article without updated date (dateModified),"The article has no dateModified, so freshness can't be judged.",(none found),article:modified_time / JSON-LD dateModified,Add dateModified (and openGraph modifiedTime) from the content's update date.,,,200,yes,Content Quality Report
http://localhost:3000/blog/offline-first-mobile-architecture-sqlite-sync-engines,Optimization,P3 - improve,Readability,Very difficult to read,The text is very hard to read (low Flesch score).,"Flesch 17.0, 17.7 words/sentence",Flesch 50+,Use shorter sentences and simpler words; break long paragraphs up.,,,200,yes,Content Quality Report
http://localhost:3000/blog/opentelemetry-distributed-tracing-at-scale,Optimization,P3 - improve,Article,Article without updated date (dateModified),"The article has no dateModified, so freshness can't be judged.",(none found),article:modified_time / JSON-LD dateModified,Add dateModified (and openGraph modifiedTime) from the content's update date.,,,200,yes,Content Quality Report
http://localhost:3000/blog/opentelemetry-distributed-tracing-at-scale,Optimization,P3 - improve,Readability,Very difficult to read,The text is very hard to read (low Flesch score).,"Flesch -6.1, 16.8 words/sentence",Flesch 50+,Use shorter sentences and simpler words; break long paragraphs up.,,,200,yes,Content Quality Report
http://localhost:3000/blog/optimizing-mobile-app-startup-time-memory-consumption,Optimization,P3 - improve,Article,Article without updated date (dateModified),"The article has no dateModified, so freshness can't be judged.",(none found),article:modified_time / JSON-LD dateModified,Add dateModified (and openGraph modifiedTime) from the content's update date.,,,200,yes,Content Quality Report
http://localhost:3000/blog/optimizing-mobile-app-startup-time-memory-consumption,Optimization,P3 - improve,Readability,Very difficult to read,The text is very hard to read (low Flesch score).,"Flesch 16.7, 18.5 words/sentence",Flesch 50+,Use shorter sentences and simpler words; break long paragraphs up.,,,200,yes,Content Quality Report
http://localhost:3000/blog/owasp-top-10-apis-preventing-bola-broken-auth,Optimization,P3 - improve,Article,Article without updated date (dateModified),"The article has no dateModified, so freshness can't be judged.",(none found),article:modified_time / JSON-LD dateModified,Add dateModified (and openGraph modifiedTime) from the content's update date.,,,200,yes,Content Quality Report
http://localhost:3000/blog/owasp-top-10-apis-preventing-bola-broken-auth,Optimization,P3 - improve,Readability,Very difficult to read,The text is very hard to read (low Flesch score).,"Flesch 7.8, 19.1 words/sentence",Flesch 50+,Use shorter sentences and simpler words; break long paragraphs up.,,,200,yes,Content Quality Report
http://localhost:3000/blog/passkey-recovery-patterns-account-recovery-without-passwords,Optimization,P3 - improve,Article,Article without updated date (dateModified),"The article has no dateModified, so freshness can't be judged.",(none found),article:modified_time / JSON-LD dateModified,Add dateModified (and openGraph modifiedTime) from the content's update date.,,,200,yes,Content Quality Report
http://localhost:3000/blog/passkey-recovery-patterns-account-recovery-without-passwords,Optimization,P3 - improve,Length,Thin content,The page has little text in <main>; thin pages rarely rank.,297 words in <main>,300+ words,"Expand the content: explain the topic, add examples, FAQs, benefits, process, results.",,,200,yes,Content Quality Report
http://localhost:3000/blog/passkey-recovery-patterns-account-recovery-without-passwords,Optimization,P3 - improve,Readability,Very difficult to read,The text is very hard to read (low Flesch score).,"Flesch -10.5, 16.8 words/sentence",Flesch 50+,Use shorter sentences and simpler words; break long paragraphs up.,,,200,yes,Content Quality Report
http://localhost:3000/blog/passkeys-webauthn-moving-beyond-passwords,Optimization,P3 - improve,Article,Article without updated date (dateModified),"The article has no dateModified, so freshness can't be judged.",(none found),article:modified_time / JSON-LD dateModified,Add dateModified (and openGraph modifiedTime) from the content's update date.,,,200,yes,Content Quality Report
http://localhost:3000/blog/passkeys-webauthn-moving-beyond-passwords,Optimization,P3 - improve,Readability,Very difficult to read,The text is very hard to read (low Flesch score).,"Flesch 9.3, 18.8 words/sentence",Flesch 50+,Use shorter sentences and simpler words; break long paragraphs up.,,,200,yes,Content Quality Report
http://localhost:3000/blog/postgresql-16-performance-tuning-indexes-query-plans,Optimization,P3 - improve,Article,Article without updated date (dateModified),"The article has no dateModified, so freshness can't be judged.",(none found),article:modified_time / JSON-LD dateModified,Add dateModified (and openGraph modifiedTime) from the content's update date.,,,200,yes,Content Quality Report
http://localhost:3000/blog/postgresql-16-performance-tuning-indexes-query-plans,Optimization,P3 - improve,Readability,Very difficult to read,The text is very hard to read (low Flesch score).,"Flesch 19.0, 19.4 words/sentence",Flesch 50+,Use shorter sentences and simpler words; break long paragraphs up.,,,200,yes,Content Quality Report
http://localhost:3000/blog/postman-newman-automated-api-contract-testing-ci,Optimization,P3 - improve,Article,Article without updated date (dateModified),"The article has no dateModified, so freshness can't be judged.",(none found),article:modified_time / JSON-LD dateModified,Add dateModified (and openGraph modifiedTime) from the content's update date.,,,200,yes,Content Quality Report
http://localhost:3000/blog/postman-newman-automated-api-contract-testing-ci,Optimization,P3 - improve,Readability,Very difficult to read,The text is very hard to read (low Flesch score).,"Flesch -4.4, 17.2 words/sentence",Flesch 50+,Use shorter sentences and simpler words; break long paragraphs up.,,,200,yes,Content Quality Report
http://localhost:3000/blog/prisma-orm-vs-drizzle-orm-performance-ergonomics,Optimization,P3 - improve,Article,Article without updated date (dateModified),"The article has no dateModified, so freshness can't be judged.",(none found),article:modified_time / JSON-LD dateModified,Add dateModified (and openGraph modifiedTime) from the content's update date.,,,200,yes,Content Quality Report
http://localhost:3000/blog/prisma-orm-vs-drizzle-orm-performance-ergonomics,Optimization,P3 - improve,Readability,Very difficult to read,The text is very hard to read (low Flesch score).,"Flesch 16.5, 19.3 words/sentence",Flesch 50+,Use shorter sentences and simpler words; break long paragraphs up.,,,200,yes,Content Quality Report
http://localhost:3000/blog/production-grade-llm-rag-pipeline-architecture,Optimization,P3 - improve,Article,Article without updated date (dateModified),"The article has no dateModified, so freshness can't be judged.",(none found),article:modified_time / JSON-LD dateModified,Add dateModified (and openGraph modifiedTime) from the content's update date.,,,200,yes,Content Quality Report
http://localhost:3000/blog/production-grade-llm-rag-pipeline-architecture,Optimization,P3 - improve,Readability,Very difficult to read,The text is very hard to read (low Flesch score).,"Flesch 22.8, 17.2 words/sentence",Flesch 50+,Use shorter sentences and simpler words; break long paragraphs up.,,,200,yes,Content Quality Report
http://localhost:3000/blog/progressive-web-apps-pwa-offline-background-sync,Optimization,P3 - improve,Article,Article without updated date (dateModified),"The article has no dateModified, so freshness can't be judged.",(none found),article:modified_time / JSON-LD dateModified,Add dateModified (and openGraph modifiedTime) from the content's update date.,,,200,yes,Content Quality Report
http://localhost:3000/blog/progressive-web-apps-pwa-offline-background-sync,Optimization,P3 - improve,Readability,Very difficult to read,The text is very hard to read (low Flesch score).,"Flesch 2.8, 17.6 words/sentence",Flesch 50+,Use shorter sentences and simpler words; break long paragraphs up.,,,200,yes,Content Quality Report
http://localhost:3000/blog/prometheus-grafana-engineering-slis-slos,Optimization,P3 - improve,Article,Article without updated date (dateModified),"The article has no dateModified, so freshness can't be judged.",(none found),article:modified_time / JSON-LD dateModified,Add dateModified (and openGraph modifiedTime) from the content's update date.,,,200,yes,Content Quality Report
http://localhost:3000/blog/prometheus-grafana-engineering-slis-slos,Optimization,P3 - improve,Readability,Very difficult to read,The text is very hard to read (low Flesch score).,"Flesch 14.2, 18.6 words/sentence",Flesch 50+,Use shorter sentences and simpler words; break long paragraphs up.,,,200,yes,Content Quality Report
http://localhost:3000/blog/prompt-caching-strategies-for-cost-effective-ai-saas,Optimization,P3 - improve,Article,Article without updated date (dateModified),"The article has no dateModified, so freshness can't be judged.",(none found),article:modified_time / JSON-LD dateModified,Add dateModified (and openGraph modifiedTime) from the content's update date.,,,200,yes,Content Quality Report
http://localhost:3000/blog/prompt-caching-strategies-for-cost-effective-ai-saas,Optimization,P3 - improve,Readability,Very difficult to read,The text is very hard to read (low Flesch score).,"Flesch 11.0, 17.5 words/sentence",Flesch 50+,Use shorter sentences and simpler words; break long paragraphs up.,,,200,yes,Content Quality Report
http://localhost:3000/blog/push-notification-reliability-apns-fcm,Optimization,P3 - improve,Article,Article without updated date (dateModified),"The article has no dateModified, so freshness can't be judged.",(none found),article:modified_time / JSON-LD dateModified,Add dateModified (and openGraph modifiedTime) from the content's update date.,,,200,yes,Content Quality Report
http://localhost:3000/blog/push-notification-reliability-apns-fcm,Optimization,P3 - improve,Readability,Very difficult to read,The text is very hard to read (low Flesch score).,"Flesch -3.8, 17.3 words/sentence",Flesch 50+,Use shorter sentences and simpler words; break long paragraphs up.,,,200,yes,Content Quality Report
http://localhost:3000/blog/python-fastapi-production-async-db-pooling-workers,Optimization,P3 - improve,Article,Article without updated date (dateModified),"The article has no dateModified, so freshness can't be judged.",(none found),article:modified_time / JSON-LD dateModified,Add dateModified (and openGraph modifiedTime) from the content's update date.,,,200,yes,Content Quality Report
http://localhost:3000/blog/python-fastapi-production-async-db-pooling-workers,Optimization,P3 - improve,Readability,Very difficult to read,The text is very hard to read (low Flesch score).,"Flesch 18.0, 16.4 words/sentence",Flesch 50+,Use shorter sentences and simpler words; break long paragraphs up.,,,200,yes,Content Quality Report
http://localhost:3000/blog/react-19-deep-dive-actions-useoptimistic-compiler,Optimization,P3 - improve,Article,Article without updated date (dateModified),"The article has no dateModified, so freshness can't be judged.",(none found),article:modified_time / JSON-LD dateModified,Add dateModified (and openGraph modifiedTime) from the content's update date.,,,200,yes,Content Quality Report
http://localhost:3000/blog/react-19-deep-dive-actions-useoptimistic-compiler,Optimization,P3 - improve,Readability,Very difficult to read,The text is very hard to read (low Flesch score).,"Flesch 17.0, 19.5 words/sentence",Flesch 50+,Use shorter sentences and simpler words; break long paragraphs up.,,,200,yes,Content Quality Report
http://localhost:3000/blog/react-native-with-webpack-expo-universal-apps,Optimization,P3 - improve,Article,Article without updated date (dateModified),"The article has no dateModified, so freshness can't be judged.",(none found),article:modified_time / JSON-LD dateModified,Add dateModified (and openGraph modifiedTime) from the content's update date.,,,200,yes,Content Quality Report
http://localhost:3000/blog/react-native-with-webpack-expo-universal-apps,Optimization,P3 - improve,Readability,Very difficult to read,The text is very hard to read (low Flesch score).,"Flesch 7.2, 15.8 words/sentence",Flesch 50+,Use shorter sentences and simpler words; break long paragraphs up.,,,200,yes,Content Quality Report
http://localhost:3000/blog/real-time-analytics-clickhouse-apache-kafka,Optimization,P3 - improve,Article,Article without updated date (dateModified),"The article has no dateModified, so freshness can't be judged.",(none found),article:modified_time / JSON-LD dateModified,Add dateModified (and openGraph modifiedTime) from the content's update date.,,,200,yes,Content Quality Report
http://localhost:3000/blog/real-time-analytics-clickhouse-apache-kafka,Optimization,P3 - improve,Readability,Very difficult to read,The text is very hard to read (low Flesch score).,"Flesch 13.8, 18.8 words/sentence",Flesch 50+,Use shorter sentences and simpler words; break long paragraphs up.,,,200,yes,Content Quality Report
http://localhost:3000/blog/ruby-on-rails-7-2-hotwire-solid-cache-kamal,Optimization,P3 - improve,Article,Article without updated date (dateModified),"The article has no dateModified, so freshness can't be judged.",(none found),article:modified_time / JSON-LD dateModified,Add dateModified (and openGraph modifiedTime) from the content's update date.,,,200,yes,Content Quality Report
http://localhost:3000/blog/ruby-on-rails-7-2-hotwire-solid-cache-kamal,Optimization,P3 - improve,Readability,Very difficult to read,The text is very hard to read (low Flesch score).,"Flesch 2.0, 17.4 words/sentence",Flesch 50+,Use shorter sentences and simpler words; break long paragraphs up.,,,200,yes,Content Quality Report
http://localhost:3000/blog/sanity-cms-structured-content-modeling-live-previews,Optimization,P3 - improve,Article,Article without updated date (dateModified),"The article has no dateModified, so freshness can't be judged.",(none found),article:modified_time / JSON-LD dateModified,Add dateModified (and openGraph modifiedTime) from the content's update date.,,,200,yes,Content Quality Report
http://localhost:3000/blog/sanity-cms-structured-content-modeling-live-previews,Optimization,P3 - improve,Readability,Very difficult to read,The text is very hard to read (low Flesch score).,"Flesch 7.0, 15.6 words/sentence",Flesch 50+,Use shorter sentences and simpler words; break long paragraphs up.,,,200,yes,Content Quality Report
http://localhost:3000/blog/server-sent-events-sse-vs-websockets-for-streaming,Optimization,P3 - improve,Article,Article without updated date (dateModified),"The article has no dateModified, so freshness can't be judged.",(none found),article:modified_time / JSON-LD dateModified,Add dateModified (and openGraph modifiedTime) from the content's update date.,,,200,yes,Content Quality Report
http://localhost:3000/blog/server-sent-events-sse-vs-websockets-for-streaming,Optimization,P3 - improve,Readability,Very difficult to read,The text is very hard to read (low Flesch score).,"Flesch 6.4, 15.5 words/sentence",Flesch 50+,Use shorter sentences and simpler words; break long paragraphs up.,,,200,yes,Content Quality Report
http://localhost:3000/blog/serverless-aws-lambda-cloudflare-workers-dynamodb,Optimization,P3 - improve,Article,Article without updated date (dateModified),"The article has no dateModified, so freshness can't be judged.",(none found),article:modified_time / JSON-LD dateModified,Add dateModified (and openGraph modifiedTime) from the content's update date.,,,200,yes,Content Quality Report
http://localhost:3000/blog/serverless-aws-lambda-cloudflare-workers-dynamodb,Optimization,P3 - improve,Readability,Very difficult to read,The text is very hard to read (low Flesch score).,"Flesch 18.4, 19.0 words/sentence",Flesch 50+,Use shorter sentences and simpler words; break long paragraphs up.,,,200,yes,Content Quality Report
http://localhost:3000/blog/service-mesh-istio-mtls-traffic-shifting,Optimization,P3 - improve,Article,Article without updated date (dateModified),"The article has no dateModified, so freshness can't be judged.",(none found),article:modified_time / JSON-LD dateModified,Add dateModified (and openGraph modifiedTime) from the content's update date.,,,200,yes,Content Quality Report
http://localhost:3000/blog/service-mesh-istio-mtls-traffic-shifting,Optimization,P3 - improve,Readability,Very difficult to read,The text is very hard to read (low Flesch score).,"Flesch 10.0, 18.9 words/sentence",Flesch 50+,Use shorter sentences and simpler words; break long paragraphs up.,,,200,yes,Content Quality Report
http://localhost:3000/blog/software-bill-of-materials-sbom-supply-chain-security,Optimization,P3 - improve,Article,Article without updated date (dateModified),"The article has no dateModified, so freshness can't be judged.",(none found),article:modified_time / JSON-LD dateModified,Add dateModified (and openGraph modifiedTime) from the content's update date.,,,200,yes,Content Quality Report
http://localhost:3000/blog/software-bill-of-materials-sbom-supply-chain-security,Optimization,P3 - improve,Readability,Very difficult to read,The text is very hard to read (low Flesch score).,"Flesch -5.3, 17.2 words/sentence",Flesch 50+,Use shorter sentences and simpler words; break long paragraphs up.,,,200,yes,Content Quality Report
http://localhost:3000/blog/spring-boot-3-3-with-graalvm-native-images,Optimization,P3 - improve,Article,Article without updated date (dateModified),"The article has no dateModified, so freshness can't be judged.",(none found),article:modified_time / JSON-LD dateModified,Add dateModified (and openGraph modifiedTime) from the content's update date.,,,200,yes,Content Quality Report
http://localhost:3000/blog/spring-boot-3-3-with-graalvm-native-images,Optimization,P3 - improve,Length,Thin content,The page has little text in <main>; thin pages rarely rank.,299 words in <main>,300+ words,"Expand the content: explain the topic, add examples, FAQs, benefits, process, results.",,,200,yes,Content Quality Report
http://localhost:3000/blog/spring-boot-3-3-with-graalvm-native-images,Optimization,P3 - improve,Readability,Very difficult to read,The text is very hard to read (low Flesch score).,"Flesch -3.5, 16.7 words/sentence",Flesch 50+,Use shorter sentences and simpler words; break long paragraphs up.,,,200,yes,Content Quality Report
http://localhost:3000/blog/state-management-zustand-signals-react-query,Optimization,P3 - improve,Article,Article without updated date (dateModified),"The article has no dateModified, so freshness can't be judged.",(none found),article:modified_time / JSON-LD dateModified,Add dateModified (and openGraph modifiedTime) from the content's update date.,,,200,yes,Content Quality Report
http://localhost:3000/blog/state-management-zustand-signals-react-query,Optimization,P3 - improve,Readability,Very difficult to read,The text is very hard to read (low Flesch score).,"Flesch 22.8, 19.6 words/sentence",Flesch 50+,Use shorter sentences and simpler words; break long paragraphs up.,,,200,yes,Content Quality Report
http://localhost:3000/blog/supabase-architecture-postgresql-realtime-edge-functions,Optimization,P3 - improve,Article,Article without updated date (dateModified),"The article has no dateModified, so freshness can't be judged.",(none found),article:modified_time / JSON-LD dateModified,Add dateModified (and openGraph modifiedTime) from the content's update date.,,,200,yes,Content Quality Report
http://localhost:3000/blog/supabase-architecture-postgresql-realtime-edge-functions,Optimization,P3 - improve,Readability,Very difficult to read,The text is very hard to read (low Flesch score).,"Flesch 1.5, 15.6 words/sentence",Flesch 50+,Use shorter sentences and simpler words; break long paragraphs up.,,,200,yes,Content Quality Report
http://localhost:3000/blog/swift-6-swiftui-concurrency-safety-modern-ios,Optimization,P3 - improve,Article,Article without updated date (dateModified),"The article has no dateModified, so freshness can't be judged.",(none found),article:modified_time / JSON-LD dateModified,Add dateModified (and openGraph modifiedTime) from the content's update date.,,,200,yes,Content Quality Report
http://localhost:3000/blog/swift-6-swiftui-concurrency-safety-modern-ios,Optimization,P3 - improve,Readability,Very difficult to read,The text is very hard to read (low Flesch score).,"Flesch 15.9, 18.1 words/sentence",Flesch 50+,Use shorter sentences and simpler words; break long paragraphs up.,,,200,yes,Content Quality Report
http://localhost:3000/blog/synthetic-data-generation-for-training-regulated-models,Optimization,P3 - improve,Article,Article without updated date (dateModified),"The article has no dateModified, so freshness can't be judged.",(none found),article:modified_time / JSON-LD dateModified,Add dateModified (and openGraph modifiedTime) from the content's update date.,,,200,yes,Content Quality Report
http://localhost:3000/blog/synthetic-data-generation-for-training-regulated-models,Optimization,P3 - improve,Readability,Very difficult to read,The text is very hard to read (low Flesch score).,"Flesch 8.6, 16.0 words/sentence",Flesch 50+,Use shorter sentences and simpler words; break long paragraphs up.,,,200,yes,Content Quality Report
http://localhost:3000/blog/tailwind-css-v4-oxide-engine-zero-config,Optimization,P3 - improve,Article,Article without updated date (dateModified),"The article has no dateModified, so freshness can't be judged.",(none found),article:modified_time / JSON-LD dateModified,Add dateModified (and openGraph modifiedTime) from the content's update date.,,,200,yes,Content Quality Report
http://localhost:3000/blog/tailwind-css-v4-oxide-engine-zero-config,Optimization,P3 - improve,Readability,Very difficult to read,The text is very hard to read (low Flesch score).,"Flesch 20.9, 19.1 words/sentence",Flesch 50+,Use shorter sentences and simpler words; break long paragraphs up.,,,200,yes,Content Quality Report
http://localhost:3000/blog/tensorflow-to-pytorch-enterprise-migration-playbook,Optimization,P3 - improve,Article,Article without updated date (dateModified),"The article has no dateModified, so freshness can't be judged.",(none found),article:modified_time / JSON-LD dateModified,Add dateModified (and openGraph modifiedTime) from the content's update date.,,,200,yes,Content Quality Report
http://localhost:3000/blog/tensorflow-to-pytorch-enterprise-migration-playbook,Optimization,P3 - improve,Readability,Very difficult to read,The text is very hard to read (low Flesch score).,"Flesch 5.8, 15.2 words/sentence",Flesch 50+,Use shorter sentences and simpler words; break long paragraphs up.,,,200,yes,Content Quality Report
http://localhost:3000/blog/terraform-vs-opentofu-infrastructure-as-code-2026,Optimization,P3 - improve,Article,Article without updated date (dateModified),"The article has no dateModified, so freshness can't be judged.",(none found),article:modified_time / JSON-LD dateModified,Add dateModified (and openGraph modifiedTime) from the content's update date.,,,200,yes,Content Quality Report
http://localhost:3000/blog/terraform-vs-opentofu-infrastructure-as-code-2026,Optimization,P3 - improve,Readability,Very difficult to read,The text is very hard to read (low Flesch score).,"Flesch 15.4, 18.2 words/sentence",Flesch 50+,Use shorter sentences and simpler words; break long paragraphs up.,,,200,yes,Content Quality Report
http://localhost:3000/blog/typescript-5-5-inferred-type-predicates-type-safety,Optimization,P3 - improve,Article,Article without updated date (dateModified),"The article has no dateModified, so freshness can't be judged.",(none found),article:modified_time / JSON-LD dateModified,Add dateModified (and openGraph modifiedTime) from the content's update date.,,,200,yes,Content Quality Report
http://localhost:3000/blog/typescript-5-5-inferred-type-predicates-type-safety,Optimization,P3 - improve,Readability,Very difficult to read,The text is very hard to read (low Flesch score).,"Flesch 16.0, 18.6 words/sentence",Flesch 50+,Use shorter sentences and simpler words; break long paragraphs up.,,,200,yes,Content Quality Report
http://localhost:3000/blog/vector-databases-compared-pinecone-qdrant-milvus-pgvector,Optimization,P3 - improve,Article,Article without updated date (dateModified),"The article has no dateModified, so freshness can't be judged.",(none found),article:modified_time / JSON-LD dateModified,Add dateModified (and openGraph modifiedTime) from the content's update date.,,,200,yes,Content Quality Report
http://localhost:3000/blog/vector-databases-compared-pinecone-qdrant-milvus-pgvector,Optimization,P3 - improve,Readability,Very difficult to read,The text is very hard to read (low Flesch score).,"Flesch -4.1, 17.4 words/sentence",Flesch 50+,Use shorter sentences and simpler words; break long paragraphs up.,,,200,yes,Content Quality Report
http://localhost:3000/blog/vector-search-optimization-hnsw-vs-ivfflat,Optimization,P3 - improve,Article,Article without updated date (dateModified),"The article has no dateModified, so freshness can't be judged.",(none found),article:modified_time / JSON-LD dateModified,Add dateModified (and openGraph modifiedTime) from the content's update date.,,,200,yes,Content Quality Report
http://localhost:3000/blog/vector-search-optimization-hnsw-vs-ivfflat,Optimization,P3 - improve,Readability,Very difficult to read,The text is very hard to read (low Flesch score).,"Flesch 27.4, 17.9 words/sentence",Flesch 50+,Use shorter sentences and simpler words; break long paragraphs up.,,,200,yes,Content Quality Report
http://localhost:3000/blog/vitest-blazing-fast-unit-testing-vite-nextjs,Optimization,P3 - improve,Article,Article without updated date (dateModified),"The article has no dateModified, so freshness can't be judged.",(none found),article:modified_time / JSON-LD dateModified,Add dateModified (and openGraph modifiedTime) from the content's update date.,,,200,yes,Content Quality Report
http://localhost:3000/blog/vitest-blazing-fast-unit-testing-vite-nextjs,Optimization,P3 - improve,Readability,Very difficult to read,The text is very hard to read (low Flesch score).,"Flesch 7.3, 17.6 words/sentence",Flesch 50+,Use shorter sentences and simpler words; break long paragraphs up.,,,200,yes,Content Quality Report
http://localhost:3000/blog/vue-3-4-nuxt-3-enterprise-architecture-reactivity,Optimization,P3 - improve,Article,Article without updated date (dateModified),"The article has no dateModified, so freshness can't be judged.",(none found),article:modified_time / JSON-LD dateModified,Add dateModified (and openGraph modifiedTime) from the content's update date.,,,200,yes,Content Quality Report
http://localhost:3000/blog/vue-3-4-nuxt-3-enterprise-architecture-reactivity,Optimization,P3 - improve,Readability,Very difficult to read,The text is very hard to read (low Flesch score).,"Flesch -0.3, 17.3 words/sentence",Flesch 50+,Use shorter sentences and simpler words; break long paragraphs up.,,,200,yes,Content Quality Report
http://localhost:3000/blog/web-performance-auditing-lighthouse-crux-rum,Optimization,P3 - improve,Article,Article without updated date (dateModified),"The article has no dateModified, so freshness can't be judged.",(none found),article:modified_time / JSON-LD dateModified,Add dateModified (and openGraph modifiedTime) from the content's update date.,,,200,yes,Content Quality Report
http://localhost:3000/blog/web-performance-auditing-lighthouse-crux-rum,Optimization,P3 - improve,Readability,Very difficult to read,The text is very hard to read (low Flesch score).,"Flesch 9.5, 15.8 words/sentence",Flesch 50+,Use shorter sentences and simpler words; break long paragraphs up.,,,200,yes,Content Quality Report
http://localhost:3000/blog/web-vitals-optimizing-inp-interaction-to-next-paint,Optimization,P3 - improve,Article,Article without updated date (dateModified),"The article has no dateModified, so freshness can't be judged.",(none found),article:modified_time / JSON-LD dateModified,Add dateModified (and openGraph modifiedTime) from the content's update date.,,,200,yes,Content Quality Report
http://localhost:3000/blog/web-vitals-optimizing-inp-interaction-to-next-paint,Optimization,P3 - improve,Readability,Very difficult to read,The text is very hard to read (low Flesch score).,"Flesch 26.8, 18.9 words/sentence",Flesch 50+,Use shorter sentences and simpler words; break long paragraphs up.,,,200,yes,Content Quality Report
http://localhost:3000/blog/webassembly-wasm-production-blazing-fast-web-apps,Optimization,P3 - improve,Article,Article without updated date (dateModified),"The article has no dateModified, so freshness can't be judged.",(none found),article:modified_time / JSON-LD dateModified,Add dateModified (and openGraph modifiedTime) from the content's update date.,,,200,yes,Content Quality Report
http://localhost:3000/blog/webassembly-wasm-production-blazing-fast-web-apps,Optimization,P3 - improve,Readability,Very difficult to read,The text is very hard to read (low Flesch score).,"Flesch 12.8, 18.7 words/sentence",Flesch 50+,Use shorter sentences and simpler words; break long paragraphs up.,,,200,yes,Content Quality Report
http://localhost:3000/blog/webflow-to-custom-nextjs-when-how-migrate,Optimization,P3 - improve,Article,Article without updated date (dateModified),"The article has no dateModified, so freshness can't be judged.",(none found),article:modified_time / JSON-LD dateModified,Add dateModified (and openGraph modifiedTime) from the content's update date.,,,200,yes,Content Quality Report
http://localhost:3000/blog/webflow-to-custom-nextjs-when-how-migrate,Optimization,P3 - improve,Readability,Very difficult to read,The text is very hard to read (low Flesch score).,"Flesch 7.8, 17.8 words/sentence",Flesch 50+,Use shorter sentences and simpler words; break long paragraphs up.,,,200,yes,Content Quality Report
http://localhost:3000/blog/woocommerce-at-scale-caching-database-indexing,Optimization,P3 - improve,Article,Article without updated date (dateModified),"The article has no dateModified, so freshness can't be judged.",(none found),article:modified_time / JSON-LD dateModified,Add dateModified (and openGraph modifiedTime) from the content's update date.,,,200,yes,Content Quality Report
http://localhost:3000/blog/woocommerce-at-scale-caching-database-indexing,Optimization,P3 - improve,Readability,Very difficult to read,The text is very hard to read (low Flesch score).,"Flesch 2.2, 17.3 words/sentence",Flesch 50+,Use shorter sentences and simpler words; break long paragraphs up.,,,200,yes,Content Quality Report
http://localhost:3000/blog/zero-downtime-database-migrations-expand-contract-pattern,Optimization,P3 - improve,Article,Article without updated date (dateModified),"The article has no dateModified, so freshness can't be judged.",(none found),article:modified_time / JSON-LD dateModified,Add dateModified (and openGraph modifiedTime) from the content's update date.,,,200,yes,Content Quality Report
http://localhost:3000/blog/zero-downtime-database-migrations-expand-contract-pattern,Optimization,P3 - improve,Readability,Very difficult to read,The text is very hard to read (low Flesch score).,"Flesch 25.0, 18.6 words/sentence",Flesch 50+,Use shorter sentences and simpler words; break long paragraphs up.,,,200,yes,Content Quality Report
http://localhost:3000/blog/zero-downtime-multi-region-kubernetes-delivery,Optimization,P3 - improve,Article,Article without updated date (dateModified),"The article has no dateModified, so freshness can't be judged.",(none found),article:modified_time / JSON-LD dateModified,Add dateModified (and openGraph modifiedTime) from the content's update date.,,,200,yes,Content Quality Report
http://localhost:3000/blog/zero-downtime-multi-region-kubernetes-delivery,Optimization,P3 - improve,Readability,Very difficult to read,The text is very hard to read (low Flesch score).,"Flesch 4.6, 18.4 words/sentence",Flesch 50+,Use shorter sentences and simpler words; break long paragraphs up.,,,200,yes,Content Quality Report
http://localhost:3000/blog/zero-trust-architecture-identity-security-perimeter,Optimization,P3 - improve,Article,Article without updated date (dateModified),"The article has no dateModified, so freshness can't be judged.",(none found),article:modified_time / JSON-LD dateModified,Add dateModified (and openGraph modifiedTime) from the content's update date.,,,200,yes,Content Quality Report
http://localhost:3000/blog/zero-trust-architecture-identity-security-perimeter,Optimization,P3 - improve,Readability,Very difficult to read,The text is very hard to read (low Flesch score).,"Flesch 13.2, 20.5 words/sentence",Flesch 50+,Use shorter sentences and simpler words; break long paragraphs up.,,,200,yes,Content Quality Report
http://localhost:3000/cookie-policy,Optimization,P3 - improve,Length,Thin content,The page has little text in <main>; thin pages rarely rank.,242 words in <main>,300+ words,"Expand the content: explain the topic, add examples, FAQs, benefits, process, results.",,,200,yes,Content Quality Report
http://localhost:3000/digital-services,Optimization,P3 - improve,Readability,Very difficult to read,The text is very hard to read (low Flesch score).,"Flesch 7.8, 31.3 words/sentence",Flesch 50+,Use shorter sentences and simpler words; break long paragraphs up.,,,200,yes,Content Quality Report
http://localhost:3000/engagement-model,Optimization,P3 - improve,Length,Thin content,The page has little text in <main>; thin pages rarely rank.,260 words in <main>,300+ words,"Expand the content: explain the topic, add examples, FAQs, benefits, process, results.",,,200,yes,Content Quality Report
http://localhost:3000/engagement-model,Optimization,P3 - improve,Readability,Very difficult to read,The text is very hard to read (low Flesch score).,"Flesch 17.3, 43.0 words/sentence",Flesch 50+,Use shorter sentences and simpler words; break long paragraphs up.,,,200,yes,Content Quality Report
http://localhost:3000/industries,Optimization,P3 - improve,Readability,Very difficult to read,The text is very hard to read (low Flesch score).,"Flesch 0.2, 31.7 words/sentence",Flesch 50+,Use shorter sentences and simpler words; break long paragraphs up.,,,200,yes,Content Quality Report
http://localhost:3000/industries/agriculture,Optimization,P3 - improve,Readability,Very difficult to read,The text is very hard to read (low Flesch score).,"Flesch 26.9, 14.8 words/sentence",Flesch 50+,Use shorter sentences and simpler words; break long paragraphs up.,,,200,yes,Content Quality Report
http://localhost:3000/industries/ai-data,Optimization,P3 - improve,Readability,Very difficult to read,The text is very hard to read (low Flesch score).,"Flesch 22.4, 15.9 words/sentence",Flesch 50+,Use shorter sentences and simpler words; break long paragraphs up.,,,200,yes,Content Quality Report
http://localhost:3000/industries/banking-finance,Optimization,P3 - improve,Readability,Very difficult to read,The text is very hard to read (low Flesch score).,"Flesch 24.3, 13.9 words/sentence",Flesch 50+,Use shorter sentences and simpler words; break long paragraphs up.,,,200,yes,Content Quality Report
http://localhost:3000/industries/cybersecurity,Optimization,P3 - improve,Readability,Very difficult to read,The text is very hard to read (low Flesch score).,"Flesch 22.1, 13.6 words/sentence",Flesch 50+,Use shorter sentences and simpler words; break long paragraphs up.,,,200,yes,Content Quality Report
http://localhost:3000/industries/education,Optimization,P3 - improve,Readability,Very difficult to read,The text is very hard to read (low Flesch score).,"Flesch 19.0, 15.3 words/sentence",Flesch 50+,Use shorter sentences and simpler words; break long paragraphs up.,,,200,yes,Content Quality Report
http://localhost:3000/industries/energy-utilities,Optimization,P3 - improve,Readability,Very difficult to read,The text is very hard to read (low Flesch score).,"Flesch 24.3, 14.6 words/sentence",Flesch 50+,Use shorter sentences and simpler words; break long paragraphs up.,,,200,yes,Content Quality Report
http://localhost:3000/industries/government,Optimization,P3 - improve,Readability,Very difficult to read,The text is very hard to read (low Flesch score).,"Flesch 23.4, 13.9 words/sentence",Flesch 50+,Use shorter sentences and simpler words; break long paragraphs up.,,,200,yes,Content Quality Report
http://localhost:3000/industries/healthcare,Optimization,P3 - improve,Readability,Very difficult to read,The text is very hard to read (low Flesch score).,"Flesch 21.3, 16.7 words/sentence",Flesch 50+,Use shorter sentences and simpler words; break long paragraphs up.,,,200,yes,Content Quality Report
http://localhost:3000/industries/insurance,Optimization,P3 - improve,Readability,Very difficult to read,The text is very hard to read (low Flesch score).,"Flesch 27.8, 13.4 words/sentence",Flesch 50+,Use shorter sentences and simpler words; break long paragraphs up.,,,200,yes,Content Quality Report
http://localhost:3000/industries/logistics,Optimization,P3 - improve,Readability,Very difficult to read,The text is very hard to read (low Flesch score).,"Flesch 28.3, 13.8 words/sentence",Flesch 50+,Use shorter sentences and simpler words; break long paragraphs up.,,,200,yes,Content Quality Report
http://localhost:3000/industries/manufacturing,Optimization,P3 - improve,Readability,Very difficult to read,The text is very hard to read (low Flesch score).,"Flesch 27.4, 13.7 words/sentence",Flesch 50+,Use shorter sentences and simpler words; break long paragraphs up.,,,200,yes,Content Quality Report
http://localhost:3000/industries/marketing-advertising,Optimization,P3 - improve,Readability,Very difficult to read,The text is very hard to read (low Flesch score).,"Flesch 29.8, 13.9 words/sentence",Flesch 50+,Use shorter sentences and simpler words; break long paragraphs up.,,,200,yes,Content Quality Report
http://localhost:3000/industries/pharmaceutical,Optimization,P3 - improve,Readability,Very difficult to read,The text is very hard to read (low Flesch score).,"Flesch 23.3, 13.5 words/sentence",Flesch 50+,Use shorter sentences and simpler words; break long paragraphs up.,,,200,yes,Content Quality Report
http://localhost:3000/industries/social-networking,Optimization,P3 - improve,Readability,Very difficult to read,The text is very hard to read (low Flesch score).,"Flesch 15.7, 18.8 words/sentence",Flesch 50+,Use shorter sentences and simpler words; break long paragraphs up.,,,200,yes,Content Quality Report
http://localhost:3000/industries/telecommunications,Optimization,P3 - improve,Readability,Very difficult to read,The text is very hard to read (low Flesch score).,"Flesch 25.1, 14.2 words/sentence",Flesch 50+,Use shorter sentences and simpler words; break long paragraphs up.,,,200,yes,Content Quality Report
http://localhost:3000/industries/travel-hospitality,Optimization,P3 - improve,Readability,Very difficult to read,The text is very hard to read (low Flesch score).,"Flesch 28.0, 14.5 words/sentence",Flesch 50+,Use shorter sentences and simpler words; break long paragraphs up.,,,200,yes,Content Quality Report
http://localhost:3000/infrastructure,Critical,P1 - fix immediately,Duplicate,Duplicate content (identical text),"The main text is identical to another page, so search engines pick one and ignore the others.",identical to 1 other page(s),Unique main content on every indexable page,"Write unique content, merge the pages (301-redirect one), or canonicalise the copy to the original.",http://localhost:3000/Infrastructure,,200,no,Content Quality Report
http://localhost:3000/infrastructure,Optimization,P3 - improve,Length,Thin content,The page has little text in <main>; thin pages rarely rank.,171 words in <main>,300+ words,"Expand the content: explain the topic, add examples, FAQs, benefits, process, results.",,,200,no,Content Quality Report
http://localhost:3000/infrastructure,Optimization,P3 - improve,Readability,Very difficult to read,The text is very hard to read (low Flesch score).,"Flesch 15.4, 19.6 words/sentence",Flesch 50+,Use shorter sentences and simpler words; break long paragraphs up.,,,200,no,Content Quality Report
http://localhost:3000/intelligent-data-services,Optimization,P3 - improve,Readability,Very difficult to read,The text is very hard to read (low Flesch score).,"Flesch 7.7, 25.7 words/sentence",Flesch 50+,Use shorter sentences and simpler words; break long paragraphs up.,,,200,yes,Content Quality Report
http://localhost:3000/internships,Optimization,P3 - improve,Readability,Very difficult to read,The text is very hard to read (low Flesch score).,"Flesch 24.8, 27.3 words/sentence",Flesch 50+,Use shorter sentences and simpler words; break long paragraphs up.,,,200,yes,Content Quality Report
http://localhost:3000/mission-vision,Optimization,P3 - improve,Length,Thin content,The page has little text in <main>; thin pages rarely rank.,213 words in <main>,300+ words,"Expand the content: explain the topic, add examples, FAQs, benefits, process, results.",,,200,yes,Content Quality Report
http://localhost:3000/our-team,Optimization,P3 - improve,Length,Thin content,The page has little text in <main>; thin pages rarely rank.,180 words in <main>,300+ words,"Expand the content: explain the topic, add examples, FAQs, benefits, process, results.",,,200,yes,Content Quality Report
http://localhost:3000/our-team,Optimization,P3 - improve,Readability,Very difficult to read,The text is very hard to read (low Flesch score).,"Flesch 20.0, 16.9 words/sentence",Flesch 50+,Use shorter sentences and simpler words; break long paragraphs up.,,,200,yes,Content Quality Report
http://localhost:3000/our-values,Optimization,P3 - improve,Length,Thin content,The page has little text in <main>; thin pages rarely rank.,213 words in <main>,300+ words,"Expand the content: explain the topic, add examples, FAQs, benefits, process, results.",,,200,yes,Content Quality Report
http://localhost:3000/portfolio,Optimization,P3 - improve,Readability,Very difficult to read,The text is very hard to read (low Flesch score).,"Flesch 18.9, 34.1 words/sentence",Flesch 50+,Use shorter sentences and simpler words; break long paragraphs up.,,,200,yes,Content Quality Report
http://localhost:3000/portfolio/adinsights-gcp,Optimization,P3 - improve,Length,Thin content,The page has little text in <main>; thin pages rarely rank.,282 words in <main>,300+ words,"Expand the content: explain the topic, add examples, FAQs, benefits, process, results.",,,200,yes,Content Quality Report
http://localhost:3000/portfolio/adinsights-gcp,Optimization,P3 - improve,Readability,Very difficult to read,The text is very hard to read (low Flesch score).,"Flesch 5.8, 39.0 words/sentence",Flesch 50+,Use shorter sentences and simpler words; break long paragraphs up.,,,200,yes,Content Quality Report
http://localhost:3000/portfolio/agrisense-farmer-app,Optimization,P3 - improve,Readability,Very difficult to read,The text is very hard to read (low Flesch score).,"Flesch 12.1, 45.0 words/sentence",Flesch 50+,Use shorter sentences and simpler words; break long paragraphs up.,,,200,yes,Content Quality Report
http://localhost:3000/portfolio/analytics-setup-retail,Optimization,P3 - improve,Length,Thin content,The page has little text in <main>; thin pages rarely rank.,268 words in <main>,300+ words,"Expand the content: explain the topic, add examples, FAQs, benefits, process, results.",,,200,yes,Content Quality Report
http://localhost:3000/portfolio/analytics-setup-retail,Optimization,P3 - improve,Readability,Very difficult to read,The text is very hard to read (low Flesch score).,"Flesch 11.5, 39.6 words/sentence",Flesch 50+,Use shorter sentences and simpler words; break long paragraphs up.,,,200,yes,Content Quality Report
http://localhost:3000/portfolio/autoparts-magento,Optimization,P3 - improve,Length,Thin content,The page has little text in <main>; thin pages rarely rank.,277 words in <main>,300+ words,"Expand the content: explain the topic, add examples, FAQs, benefits, process, results.",,,200,yes,Content Quality Report
http://localhost:3000/portfolio/autoparts-magento,Optimization,P3 - improve,Readability,Very difficult to read,The text is very hard to read (low Flesch score).,"Flesch 20.1, 39.7 words/sentence",Flesch 50+,Use shorter sentences and simpler words; break long paragraphs up.,,,200,yes,Content Quality Report
http://localhost:3000/portfolio/bank-regression-selenium,Optimization,P3 - improve,Length,Thin content,The page has little text in <main>; thin pages rarely rank.,259 words in <main>,300+ words,"Expand the content: explain the topic, add examples, FAQs, benefits, process, results.",,,200,yes,Content Quality Report
http://localhost:3000/portfolio/bank-regression-selenium,Optimization,P3 - improve,Readability,Very difficult to read,The text is very hard to read (low Flesch score).,"Flesch 12.6, 36.4 words/sentence",Flesch 50+,Use shorter sentences and simpler words; break long paragraphs up.,,,200,yes,Content Quality Report
http://localhost:3000/portfolio/banklink-core-integration,Optimization,P3 - improve,Readability,Very difficult to read,The text is very hard to read (low Flesch score).,"Flesch 2.5, 42.4 words/sentence",Flesch 50+,Use shorter sentences and simpler words; break long paragraphs up.,,,200,yes,Content Quality Report
http://localhost:3000/portfolio/bikeparts-opencart,Optimization,P3 - improve,Length,Thin content,The page has little text in <main>; thin pages rarely rank.,275 words in <main>,300+ words,"Expand the content: explain the topic, add examples, FAQs, benefits, process, results.",,,200,yes,Content Quality Report
http://localhost:3000/portfolio/bikeparts-opencart,Optimization,P3 - improve,Readability,Very difficult to read,The text is very hard to read (low Flesch score).,"Flesch 16.5, 39.7 words/sentence",Flesch 50+,Use shorter sentences and simpler words; break long paragraphs up.,,,200,yes,Content Quality Report
http://localhost:3000/portfolio/brewbox-subscription-store,Optimization,P3 - improve,Readability,Very difficult to read,The text is very hard to read (low Flesch score).,"Flesch 11.1, 46.6 words/sentence",Flesch 50+,Use shorter sentences and simpler words; break long paragraphs up.,,,200,yes,Content Quality Report
http://localhost:3000/portfolio/campusone-erp,Optimization,P3 - improve,Readability,Very difficult to read,The text is very hard to read (low Flesch score).,"Flesch -0.8, 43.1 words/sentence",Flesch 50+,Use shorter sentences and simpler words; break long paragraphs up.,,,200,yes,Content Quality Report
http://localhost:3000/portfolio/charity-umbraco,Optimization,P3 - improve,Length,Thin content,The page has little text in <main>; thin pages rarely rank.,268 words in <main>,300+ words,"Expand the content: explain the topic, add examples, FAQs, benefits, process, results.",,,200,yes,Content Quality Report
http://localhost:3000/portfolio/charity-umbraco,Optimization,P3 - improve,Readability,Very difficult to read,The text is very hard to read (low Flesch score).,"Flesch 15.4, 38.1 words/sentence",Flesch 50+,Use shorter sentences and simpler words; break long paragraphs up.,,,200,yes,Content Quality Report
http://localhost:3000/portfolio/chatdesk-support-platform,Optimization,P3 - improve,Readability,Very difficult to read,The text is very hard to read (low Flesch score).,"Flesch 13.4, 47.4 words/sentence",Flesch 50+,Use shorter sentences and simpler words; break long paragraphs up.,,,200,yes,Content Quality Report
http://localhost:3000/portfolio/checkout-test-automation,Optimization,P3 - improve,Length,Thin content,The page has little text in <main>; thin pages rarely rank.,274 words in <main>,300+ words,"Expand the content: explain the topic, add examples, FAQs, benefits, process, results.",,,200,yes,Content Quality Report
http://localhost:3000/portfolio/checkout-test-automation,Optimization,P3 - improve,Readability,Very difficult to read,The text is very hard to read (low Flesch score).,"Flesch 16.5, 40.1 words/sentence",Flesch 50+,Use shorter sentences and simpler words; break long paragraphs up.,,,200,yes,Content Quality Report
http://localhost:3000/portfolio/cicd-modernisation-jenkins,Optimization,P3 - improve,Length,Thin content,The page has little text in <main>; thin pages rarely rank.,284 words in <main>,300+ words,"Expand the content: explain the topic, add examples, FAQs, benefits, process, results.",,,200,yes,Content Quality Report
http://localhost:3000/portfolio/cicd-modernisation-jenkins,Optimization,P3 - improve,Readability,Very difficult to read,The text is very hard to read (low Flesch score).,"Flesch 11.0, 41.3 words/sentence",Flesch 50+,Use shorter sentences and simpler words; break long paragraphs up.,,,200,yes,Content Quality Report
http://localhost:3000/portfolio/citycouncil-drupal,Optimization,P3 - improve,Length,Thin content,The page has little text in <main>; thin pages rarely rank.,275 words in <main>,300+ words,"Expand the content: explain the topic, add examples, FAQs, benefits, process, results.",,,200,yes,Content Quality Report
http://localhost:3000/portfolio/citycouncil-drupal,Optimization,P3 - improve,Readability,Very difficult to read,The text is very hard to read (low Flesch score).,"Flesch 4.3, 38.7 words/sentence",Flesch 50+,Use shorter sentences and simpler words; break long paragraphs up.,,,200,yes,Content Quality Report
http://localhost:3000/portfolio/claimdesk-insurance-portal,Optimization,P3 - improve,Readability,Very difficult to read,The text is very hard to read (low Flesch score).,"Flesch 3.9, 44.7 words/sentence",Flesch 50+,Use shorter sentences and simpler words; break long paragraphs up.,,,200,yes,Content Quality Report
http://localhost:3000/portfolio/claimsai-azure,Optimization,P3 - improve,Length,Thin content,The page has little text in <main>; thin pages rarely rank.,284 words in <main>,300+ words,"Expand the content: explain the topic, add examples, FAQs, benefits, process, results.",,,200,yes,Content Quality Report
http://localhost:3000/portfolio/claimsai-azure,Optimization,P3 - improve,Readability,Very difficult to read,The text is very hard to read (low Flesch score).,"Flesch 10.7, 39.7 words/sentence",Flesch 50+,Use shorter sentences and simpler words; break long paragraphs up.,,,200,yes,Content Quality Report
http://localhost:3000/portfolio/clinicq-queue-system,Optimization,P3 - improve,Length,Thin content,The page has little text in <main>; thin pages rarely rank.,286 words in <main>,300+ words,"Expand the content: explain the topic, add examples, FAQs, benefits, process, results.",,,200,yes,Content Quality Report
http://localhost:3000/portfolio/clinicq-queue-system,Optimization,P3 - improve,Readability,Very difficult to read,The text is very hard to read (low Flesch score).,"Flesch 17.5, 42.7 words/sentence",Flesch 50+,Use shorter sentences and simpler words; break long paragraphs up.,,,200,yes,Content Quality Report
http://localhost:3000/portfolio/clinicsite-wordpress,Optimization,P3 - improve,Length,Thin content,The page has little text in <main>; thin pages rarely rank.,267 words in <main>,300+ words,"Expand the content: explain the topic, add examples, FAQs, benefits, process, results.",,,200,yes,Content Quality Report
http://localhost:3000/portfolio/clinicsite-wordpress,Optimization,P3 - improve,Readability,Very difficult to read,The text is very hard to read (low Flesch score).,"Flesch 12.9, 39.0 words/sentence",Flesch 50+,Use shorter sentences and simpler words; break long paragraphs up.,,,200,yes,Content Quality Report
http://localhost:3000/portfolio/coldchain-iot,Optimization,P3 - improve,Length,Thin content,The page has little text in <main>; thin pages rarely rank.,291 words in <main>,300+ words,"Expand the content: explain the topic, add examples, FAQs, benefits, process, results.",,,200,yes,Content Quality Report
http://localhost:3000/portfolio/coldchain-iot,Optimization,P3 - improve,Readability,Very difficult to read,The text is very hard to read (low Flesch score).,"Flesch 7.5, 40.6 words/sentence",Flesch 50+,Use shorter sentences and simpler words; break long paragraphs up.,,,200,yes,Content Quality Report
http://localhost:3000/portfolio/coursecraft-lms,Optimization,P3 - improve,Length,Thin content,The page has little text in <main>; thin pages rarely rank.,280 words in <main>,300+ words,"Expand the content: explain the topic, add examples, FAQs, benefits, process, results.",,,200,yes,Content Quality Report
http://localhost:3000/portfolio/coursecraft-lms,Optimization,P3 - improve,Readability,Very difficult to read,The text is very hard to read (low Flesch score).,"Flesch 7.0, 39.3 words/sentence",Flesch 50+,Use shorter sentences and simpler words; break long paragraphs up.,,,200,yes,Content Quality Report
http://localhost:3000/portfolio/craftbazaar-woocommerce,Optimization,P3 - improve,Length,Thin content,The page has little text in <main>; thin pages rarely rank.,271 words in <main>,300+ words,"Expand the content: explain the topic, add examples, FAQs, benefits, process, results.",,,200,yes,Content Quality Report
http://localhost:3000/portfolio/craftbazaar-woocommerce,Optimization,P3 - improve,Readability,Very difficult to read,The text is very hard to read (low Flesch score).,"Flesch 9.7, 40.0 words/sentence",Flesch 50+,Use shorter sentences and simpler words; break long paragraphs up.,,,200,yes,Content Quality Report
http://localhost:3000/portfolio/cro-saas-signup,Optimization,P3 - improve,Length,Thin content,The page has little text in <main>; thin pages rarely rank.,290 words in <main>,300+ words,"Expand the content: explain the topic, add examples, FAQs, benefits, process, results.",,,200,yes,Content Quality Report
http://localhost:3000/portfolio/cro-saas-signup,Optimization,P3 - improve,Readability,Very difficult to read,The text is very hard to read (low Flesch score).,"Flesch 17.1, 42.4 words/sentence",Flesch 50+,Use shorter sentences and simpler words; break long paragraphs up.,,,200,yes,Content Quality Report
http://localhost:3000/portfolio/dispatchiq-logistics-api,Optimization,P3 - improve,Readability,Very difficult to read,The text is very hard to read (low Flesch score).,"Flesch -2.4, 45.7 words/sentence",Flesch 50+,Use shorter sentences and simpler words; break long paragraphs up.,,,200,yes,Content Quality Report
http://localhost:3000/portfolio/docparse-invoice-automation,Optimization,P3 - improve,Readability,Very difficult to read,The text is very hard to read (low Flesch score).,"Flesch 10.3, 43.6 words/sentence",Flesch 50+,Use shorter sentences and simpler words; break long paragraphs up.,,,200,yes,Content Quality Report
http://localhost:3000/portfolio/docuflow-saas-website,Optimization,P3 - improve,Readability,Very difficult to read,The text is very hard to read (low Flesch score).,"Flesch 13.2, 48.7 words/sentence",Flesch 50+,Use shorter sentences and simpler words; break long paragraphs up.,,,200,yes,Content Quality Report
http://localhost:3000/portfolio/e-commerce-platform,Optimization,P3 - improve,Readability,Very difficult to read,The text is very hard to read (low Flesch score).,"Flesch 9.4, 42.8 words/sentence",Flesch 50+,Use shorter sentences and simpler words; break long paragraphs up.,,,200,yes,Content Quality Report
http://localhost:3000/portfolio/electronics-nopcommerce,Optimization,P3 - improve,Length,Thin content,The page has little text in <main>; thin pages rarely rank.,265 words in <main>,300+ words,"Expand the content: explain the topic, add examples, FAQs, benefits, process, results.",,,200,yes,Content Quality Report
http://localhost:3000/portfolio/electronics-nopcommerce,Optimization,P3 - improve,Readability,Very difficult to read,The text is very hard to read (low Flesch score).,"Flesch 7.4, 39.4 words/sentence",Flesch 50+,Use shorter sentences and simpler words; break long paragraphs up.,,,200,yes,Content Quality Report
http://localhost:3000/portfolio/email-automation-ecommerce,Optimization,P3 - improve,Length,Thin content,The page has little text in <main>; thin pages rarely rank.,264 words in <main>,300+ words,"Expand the content: explain the topic, add examples, FAQs, benefits, process, results.",,,200,yes,Content Quality Report
http://localhost:3000/portfolio/email-automation-ecommerce,Optimization,P3 - improve,Readability,Very difficult to read,The text is very hard to read (low Flesch score).,"Flesch 14.4, 39.7 words/sentence",Flesch 50+,Use shorter sentences and simpler words; break long paragraphs up.,,,200,yes,Content Quality Report
http://localhost:3000/portfolio/eventsphere-ticketing,Optimization,P3 - improve,Readability,Very difficult to read,The text is very hard to read (low Flesch score).,"Flesch 17.0, 43.6 words/sentence",Flesch 50+,Use shorter sentences and simpler words; break long paragraphs up.,,,200,yes,Content Quality Report
http://localhost:3000/portfolio/factoryedge-hybrid,Optimization,P3 - improve,Length,Thin content,The page has little text in <main>; thin pages rarely rank.,267 words in <main>,300+ words,"Expand the content: explain the topic, add examples, FAQs, benefits, process, results.",,,200,yes,Content Quality Report
http://localhost:3000/portfolio/factoryedge-hybrid,Optimization,P3 - improve,Readability,Very difficult to read,The text is very hard to read (low Flesch score).,"Flesch 8.8, 39.3 words/sentence",Flesch 50+,Use shorter sentences and simpler words; break long paragraphs up.,,,200,yes,Content Quality Report
http://localhost:3000/portfolio/farmlink-marketplace,Optimization,P3 - improve,Readability,Very difficult to read,The text is very hard to read (low Flesch score).,"Flesch 9.0, 47.0 words/sentence",Flesch 50+,Use shorter sentences and simpler words; break long paragraphs up.,,,200,yes,Content Quality Report
http://localhost:3000/portfolio/fieldforce-sales-app,Optimization,P3 - improve,Length,Thin content,The page has little text in <main>; thin pages rarely rank.,294 words in <main>,300+ words,"Expand the content: explain the topic, add examples, FAQs, benefits, process, results.",,,200,yes,Content Quality Report
http://localhost:3000/portfolio/fieldforce-sales-app,Optimization,P3 - improve,Readability,Very difficult to read,The text is very hard to read (low Flesch score).,"Flesch 14.6, 41.6 words/sentence",Flesch 50+,Use shorter sentences and simpler words; break long paragraphs up.,,,200,yes,Content Quality Report
http://localhost:3000/portfolio/financial-dashboard,Optimization,P3 - improve,Readability,Very difficult to read,The text is very hard to read (low Flesch score).,"Flesch 8.5, 38.8 words/sentence",Flesch 50+,Use shorter sentences and simpler words; break long paragraphs up.,,,200,yes,Content Quality Report
http://localhost:3000/portfolio/fitflow-studio-booking,Optimization,P3 - improve,Readability,Very difficult to read,The text is very hard to read (low Flesch score).,"Flesch 12.1, 55.3 words/sentence",Flesch 50+,Use shorter sentences and simpler words; break long paragraphs up.,,,200,yes,Content Quality Report
http://localhost:3000/portfolio/fleetcare-maintenance,Optimization,P3 - improve,Length,Thin content,The page has little text in <main>; thin pages rarely rank.,290 words in <main>,300+ words,"Expand the content: explain the topic, add examples, FAQs, benefits, process, results.",,,200,yes,Content Quality Report
http://localhost:3000/portfolio/fleetcare-maintenance,Optimization,P3 - improve,Readability,Very difficult to read,The text is very hard to read (low Flesch score).,"Flesch 11.3, 41.4 words/sentence",Flesch 50+,Use shorter sentences and simpler words; break long paragraphs up.,,,200,yes,Content Quality Report
http://localhost:3000/portfolio/footrex-sports-platform,Optimization,P3 - improve,Readability,Very difficult to read,The text is very hard to read (low Flesch score).,"Flesch 28.7, 30.9 words/sentence",Flesch 50+,Use shorter sentences and simpler words; break long paragraphs up.,,,200,yes,Content Quality Report
http://localhost:3000/portfolio/golftrack-ios,Optimization,P3 - improve,Readability,Very difficult to read,The text is very hard to read (low Flesch score).,"Flesch 21.4, 44.6 words/sentence",Flesch 50+,Use shorter sentences and simpler words; break long paragraphs up.,,,200,yes,Content Quality Report
http://localhost:3000/portfolio/gymbuddy-flutter,Optimization,P3 - improve,Length,Thin content,The page has little text in <main>; thin pages rarely rank.,294 words in <main>,300+ words,"Expand the content: explain the topic, add examples, FAQs, benefits, process, results.",,,200,yes,Content Quality Report
http://localhost:3000/portfolio/gymbuddy-flutter,Optimization,P3 - improve,Readability,Very difficult to read,The text is very hard to read (low Flesch score).,"Flesch 18.2, 42.4 words/sentence",Flesch 50+,Use shorter sentences and simpler words; break long paragraphs up.,,,200,yes,Content Quality Report
http://localhost:3000/portfolio/healthcare-management,Optimization,P3 - improve,Readability,Very difficult to read,The text is very hard to read (low Flesch score).,"Flesch 12.0, 40.9 words/sentence",Flesch 50+,Use shorter sentences and simpler words; break long paragraphs up.,,,200,yes,Content Quality Report
http://localhost:3000/portfolio/helpbot-ai-assistant,Optimization,P3 - improve,Length,Thin content,The page has little text in <main>; thin pages rarely rank.,299 words in <main>,300+ words,"Expand the content: explain the topic, add examples, FAQs, benefits, process, results.",,,200,yes,Content Quality Report
http://localhost:3000/portfolio/helpbot-ai-assistant,Optimization,P3 - improve,Readability,Very difficult to read,The text is very hard to read (low Flesch score).,"Flesch 6.6, 41.7 words/sentence",Flesch 50+,Use shorter sentences and simpler words; break long paragraphs up.,,,200,yes,Content Quality Report
http://localhost:3000/portfolio/homedecor-magento-upgrade,Optimization,P3 - improve,Length,Thin content,The page has little text in <main>; thin pages rarely rank.,278 words in <main>,300+ words,"Expand the content: explain the topic, add examples, FAQs, benefits, process, results.",,,200,yes,Content Quality Report
http://localhost:3000/portfolio/homedecor-magento-upgrade,Optimization,P3 - improve,Readability,Very difficult to read,The text is very hard to read (low Flesch score).,"Flesch 11.2, 41.1 words/sentence",Flesch 50+,Use shorter sentences and simpler words; break long paragraphs up.,,,200,yes,Content Quality Report
http://localhost:3000/portfolio/homefinder-property-portal,Optimization,P3 - improve,Readability,Very difficult to read,The text is very hard to read (low Flesch score).,"Flesch 10.9, 45.4 words/sentence",Flesch 50+,Use shorter sentences and simpler words; break long paragraphs up.,,,200,yes,Content Quality Report
http://localhost:3000/portfolio/hospitalhybrid-cloud,Optimization,P3 - improve,Length,Thin content,The page has little text in <main>; thin pages rarely rank.,274 words in <main>,300+ words,"Expand the content: explain the topic, add examples, FAQs, benefits, process, results.",,,200,yes,Content Quality Report
http://localhost:3000/portfolio/hospitalhybrid-cloud,Optimization,P3 - improve,Readability,Very difficult to read,The text is very hard to read (low Flesch score).,"Flesch 12.8, 40.6 words/sentence",Flesch 50+,Use shorter sentences and simpler words; break long paragraphs up.,,,200,yes,Content Quality Report
http://localhost:3000/portfolio/hrnest-hr-portal,Optimization,P3 - improve,Length,Thin content,The page has little text in <main>; thin pages rarely rank.,296 words in <main>,300+ words,"Expand the content: explain the topic, add examples, FAQs, benefits, process, results.",,,200,yes,Content Quality Report
http://localhost:3000/portfolio/hrnest-hr-portal,Optimization,P3 - improve,Readability,Very difficult to read,The text is very hard to read (low Flesch score).,"Flesch 8.4, 41.9 words/sentence",Flesch 50+,Use shorter sentences and simpler words; break long paragraphs up.,,,200,yes,Content Quality Report
http://localhost:3000/portfolio/insightai-demand-forecasting,Optimization,P3 - improve,Readability,Very difficult to read,The text is very hard to read (low Flesch score).,"Flesch 2.4, 43.0 words/sentence",Flesch 50+,Use shorter sentences and simpler words; break long paragraphs up.,,,200,yes,Content Quality Report
http://localhost:3000/portfolio/inspectpro-xamarin,Optimization,P3 - improve,Length,Thin content,The page has little text in <main>; thin pages rarely rank.,277 words in <main>,300+ words,"Expand the content: explain the topic, add examples, FAQs, benefits, process, results.",,,200,yes,Content Quality Report
http://localhost:3000/portfolio/inspectpro-xamarin,Optimization,P3 - improve,Readability,Very difficult to read,The text is very hard to read (low Flesch score).,"Flesch 8.4, 40.6 words/sentence",Flesch 50+,Use shorter sentences and simpler words; break long paragraphs up.,,,200,yes,Content Quality Report
http://localhost:3000/portfolio/insurance-sitecore,Optimization,P3 - improve,Length,Thin content,The page has little text in <main>; thin pages rarely rank.,262 words in <main>,300+ words,"Expand the content: explain the topic, add examples, FAQs, benefits, process, results.",,,200,yes,Content Quality Report
http://localhost:3000/portfolio/insurance-sitecore,Optimization,P3 - improve,Readability,Very difficult to read,The text is very hard to read (low Flesch score).,"Flesch 3.0, 37.3 words/sentence",Flesch 50+,Use shorter sentences and simpler words; break long paragraphs up.,,,200,yes,Content Quality Report
http://localhost:3000/portfolio/learnloop-quiz-platform,Optimization,P3 - improve,Readability,Very difficult to read,The text is very hard to read (low Flesch score).,"Flesch 3.9, 45.7 words/sentence",Flesch 50+,Use shorter sentences and simpler words; break long paragraphs up.,,,200,yes,Content Quality Report
http://localhost:3000/portfolio/lms,Optimization,P3 - improve,Readability,Very difficult to read,The text is very hard to read (low Flesch score).,"Flesch 9.4, 36.9 words/sentence",Flesch 50+,Use shorter sentences and simpler words; break long paragraphs up.,,,200,yes,Content Quality Report
http://localhost:3000/portfolio/mapmyrun-route-planner,Optimization,P3 - improve,Readability,Very difficult to read,The text is very hard to read (low Flesch score).,"Flesch 14.0, 45.1 words/sentence",Flesch 50+,Use shorter sentences and simpler words; break long paragraphs up.,,,200,yes,Content Quality Report
http://localhost:3000/portfolio/mediastream-aws,Optimization,P3 - improve,Length,Thin content,The page has little text in <main>; thin pages rarely rank.,274 words in <main>,300+ words,"Expand the content: explain the topic, add examples, FAQs, benefits, process, results.",,,200,yes,Content Quality Report
http://localhost:3000/portfolio/mediastream-aws,Optimization,P3 - improve,Readability,Very difficult to read,The text is very hard to read (low Flesch score).,"Flesch 13.4, 39.6 words/sentence",Flesch 50+,Use shorter sentences and simpler words; break long paragraphs up.,,,200,yes,Content Quality Report
http://localhost:3000/portfolio/medisched-patient-portal,Optimization,P3 - improve,Readability,Very difficult to read,The text is very hard to read (low Flesch score).,"Flesch 6.3, 48.0 words/sentence",Flesch 50+,Use shorter sentences and simpler words; break long paragraphs up.,,,200,yes,Content Quality Report
http://localhost:3000/portfolio/mindful-meditation-ios,Optimization,P3 - improve,Length,Thin content,The page has little text in <main>; thin pages rarely rank.,284 words in <main>,300+ words,"Expand the content: explain the topic, add examples, FAQs, benefits, process, results.",,,200,yes,Content Quality Report
http://localhost:3000/portfolio/mindful-meditation-ios,Optimization,P3 - improve,Readability,Very difficult to read,The text is very hard to read (low Flesch score).,"Flesch 12.8, 41.4 words/sentence",Flesch 50+,Use shorter sentences and simpler words; break long paragraphs up.,,,200,yes,Content Quality Report
http://localhost:3000/portfolio/mobile-banking-app,Optimization,P3 - improve,Readability,Very difficult to read,The text is very hard to read (low Flesch score).,"Flesch 7.8, 37.8 words/sentence",Flesch 50+,Use shorter sentences and simpler words; break long paragraphs up.,,,200,yes,Content Quality Report
http://localhost:3000/portfolio/mobile-release-jenkins,Optimization,P3 - improve,Length,Thin content,The page has little text in <main>; thin pages rarely rank.,266 words in <main>,300+ words,"Expand the content: explain the topic, add examples, FAQs, benefits, process, results.",,,200,yes,Content Quality Report
http://localhost:3000/portfolio/mobile-release-jenkins,Optimization,P3 - improve,Readability,Very difficult to read,The text is very hard to read (low Flesch score).,"Flesch 16.0, 38.1 words/sentence",Flesch 50+,Use shorter sentences and simpler words; break long paragraphs up.,,,200,yes,Content Quality Report
http://localhost:3000/portfolio/newsdaily-wordpress,Optimization,P3 - improve,Length,Thin content,The page has little text in <main>; thin pages rarely rank.,281 words in <main>,300+ words,"Expand the content: explain the topic, add examples, FAQs, benefits, process, results.",,,200,yes,Content Quality Report
http://localhost:3000/portfolio/newsdaily-wordpress,Optimization,P3 - improve,Readability,Very difficult to read,The text is very hard to read (low Flesch score).,"Flesch 18.6, 40.7 words/sentence",Flesch 50+,Use shorter sentences and simpler words; break long paragraphs up.,,,200,yes,Content Quality Report
http://localhost:3000/portfolio/orderbot-restaurant-chatbot,Optimization,P3 - improve,Length,Thin content,The page has little text in <main>; thin pages rarely rank.,276 words in <main>,300+ words,"Expand the content: explain the topic, add examples, FAQs, benefits, process, results.",,,200,yes,Content Quality Report
http://localhost:3000/portfolio/orderbot-restaurant-chatbot,Optimization,P3 - improve,Readability,Very difficult to read,The text is very hard to read (low Flesch score).,"Flesch 9.8, 39.0 words/sentence",Flesch 50+,Use shorter sentences and simpler words; break long paragraphs up.,,,200,yes,Content Quality Report
http://localhost:3000/portfolio/organicroots-shopify,Optimization,P3 - improve,Length,Thin content,The page has little text in <main>; thin pages rarely rank.,277 words in <main>,300+ words,"Expand the content: explain the topic, add examples, FAQs, benefits, process, results.",,,200,yes,Content Quality Report
http://localhost:3000/portfolio/organicroots-shopify,Optimization,P3 - improve,Readability,Very difficult to read,The text is very hard to read (low Flesch score).,"Flesch 12.9, 40.7 words/sentence",Flesch 50+,Use shorter sentences and simpler words; break long paragraphs up.,,,200,yes,Content Quality Report
http://localhost:3000/portfolio/parkit-smart-parking,Optimization,P3 - improve,Length,Thin content,The page has little text in <main>; thin pages rarely rank.,286 words in <main>,300+ words,"Expand the content: explain the topic, add examples, FAQs, benefits, process, results.",,,200,yes,Content Quality Report
http://localhost:3000/portfolio/parkit-smart-parking,Optimization,P3 - improve,Readability,Very difficult to read,The text is very hard to read (low Flesch score).,"Flesch 18.5, 41.1 words/sentence",Flesch 50+,Use shorter sentences and simpler words; break long paragraphs up.,,,200,yes,Content Quality Report
http://localhost:3000/portfolio/paysplit-wallet-backend,Optimization,P3 - improve,Length,Thin content,The page has little text in <main>; thin pages rarely rank.,290 words in <main>,300+ words,"Expand the content: explain the topic, add examples, FAQs, benefits, process, results.",,,200,yes,Content Quality Report
http://localhost:3000/portfolio/paysplit-wallet-backend,Optimization,P3 - improve,Readability,Very difficult to read,The text is very hard to read (low Flesch score).,"Flesch 7.4, 41.3 words/sentence",Flesch 50+,Use shorter sentences and simpler words; break long paragraphs up.,,,200,yes,Content Quality Report
http://localhost:3000/portfolio/pharmacy-nopcommerce,Optimization,P3 - improve,Length,Thin content,The page has little text in <main>; thin pages rarely rank.,262 words in <main>,300+ words,"Expand the content: explain the topic, add examples, FAQs, benefits, process, results.",,,200,yes,Content Quality Report
http://localhost:3000/portfolio/pharmacy-nopcommerce,Optimization,P3 - improve,Readability,Very difficult to read,The text is very hard to read (low Flesch score).,"Flesch 8.7, 38.4 words/sentence",Flesch 50+,Use shorter sentences and simpler words; break long paragraphs up.,,,200,yes,Content Quality Report
http://localhost:3000/portfolio/pharmatrack-inventory,Optimization,P3 - improve,Length,Thin content,The page has little text in <main>; thin pages rarely rank.,275 words in <main>,300+ words,"Expand the content: explain the topic, add examples, FAQs, benefits, process, results.",,,200,yes,Content Quality Report
http://localhost:3000/portfolio/pharmatrack-inventory,Optimization,P3 - improve,Readability,Very difficult to read,The text is very hard to read (low Flesch score).,"Flesch 9.3, 41.0 words/sentence",Flesch 50+,Use shorter sentences and simpler words; break long paragraphs up.,,,200,yes,Content Quality Report
http://localhost:3000/portfolio/plantops-production-monitor,Optimization,P3 - improve,Readability,Very difficult to read,The text is very hard to read (low Flesch score).,"Flesch 2.9, 46.7 words/sentence",Flesch 50+,Use shorter sentences and simpler words; break long paragraphs up.,,,200,yes,Content Quality Report
http://localhost:3000/portfolio/playbook-sports-club,Optimization,P3 - improve,Length,Thin content,The page has little text in <main>; thin pages rarely rank.,297 words in <main>,300+ words,"Expand the content: explain the topic, add examples, FAQs, benefits, process, results.",,,200,yes,Content Quality Report
http://localhost:3000/portfolio/playbook-sports-club,Optimization,P3 - improve,Readability,Very difficult to read,The text is very hard to read (low Flesch score).,"Flesch 16.5, 43.0 words/sentence",Flesch 50+,Use shorter sentences and simpler words; break long paragraphs up.,,,200,yes,Content Quality Report
http://localhost:3000/portfolio/ppc-leadgen-realestate,Optimization,P3 - improve,Length,Thin content,The page has little text in <main>; thin pages rarely rank.,266 words in <main>,300+ words,"Expand the content: explain the topic, add examples, FAQs, benefits, process, results.",,,200,yes,Content Quality Report
http://localhost:3000/portfolio/ppc-leadgen-realestate,Optimization,P3 - improve,Readability,Very difficult to read,The text is very hard to read (low Flesch score).,"Flesch 12.6, 37.4 words/sentence",Flesch 50+,Use shorter sentences and simpler words; break long paragraphs up.,,,200,yes,Content Quality Report
http://localhost:3000/portfolio/propmanage-rentals,Optimization,P3 - improve,Length,Thin content,The page has little text in <main>; thin pages rarely rank.,281 words in <main>,300+ words,"Expand the content: explain the topic, add examples, FAQs, benefits, process, results.",,,200,yes,Content Quality Report
http://localhost:3000/portfolio/propmanage-rentals,Optimization,P3 - improve,Readability,Very difficult to read,The text is very hard to read (low Flesch score).,"Flesch 10.9, 40.0 words/sentence",Flesch 50+,Use shorter sentences and simpler words; break long paragraphs up.,,,200,yes,Content Quality Report
http://localhost:3000/portfolio/quickquote-widget,Optimization,P3 - improve,Readability,Very difficult to read,The text is very hard to read (low Flesch score).,"Flesch 9.2, 42.1 words/sentence",Flesch 50+,Use shorter sentences and simpler words; break long paragraphs up.,,,200,yes,Content Quality Report
http://localhost:3000/portfolio/recipebox-api,Optimization,P3 - improve,Length,Thin content,The page has little text in <main>; thin pages rarely rank.,287 words in <main>,300+ words,"Expand the content: explain the topic, add examples, FAQs, benefits, process, results.",,,200,yes,Content Quality Report
http://localhost:3000/portfolio/recipebox-api,Optimization,P3 - improve,Readability,Very difficult to read,The text is very hard to read (low Flesch score).,"Flesch 5.9, 40.9 words/sentence",Flesch 50+,Use shorter sentences and simpler words; break long paragraphs up.,,,200,yes,Content Quality Report
http://localhost:3000/portfolio/resume-screening-ml,Optimization,P3 - improve,Length,Thin content,The page has little text in <main>; thin pages rarely rank.,284 words in <main>,300+ words,"Expand the content: explain the topic, add examples, FAQs, benefits, process, results.",,,200,yes,Content Quality Report
http://localhost:3000/portfolio/resume-screening-ml,Optimization,P3 - improve,Readability,Very difficult to read,The text is very hard to read (low Flesch score).,"Flesch 12.6, 39.4 words/sentence",Flesch 50+,Use shorter sentences and simpler words; break long paragraphs up.,,,200,yes,Content Quality Report
http://localhost:3000/portfolio/retailmigrate-aws,Optimization,P3 - improve,Length,Thin content,The page has little text in <main>; thin pages rarely rank.,282 words in <main>,300+ words,"Expand the content: explain the topic, add examples, FAQs, benefits, process, results.",,,200,yes,Content Quality Report
http://localhost:3000/portfolio/retailmigrate-aws,Optimization,P3 - improve,Readability,Very difficult to read,The text is very hard to read (low Flesch score).,"Flesch 10.1, 41.7 words/sentence",Flesch 50+,Use shorter sentences and simpler words; break long paragraphs up.,,,200,yes,Content Quality Report
http://localhost:3000/portfolio/schoolcloud-azure,Optimization,P3 - improve,Length,Thin content,The page has little text in <main>; thin pages rarely rank.,275 words in <main>,300+ words,"Expand the content: explain the topic, add examples, FAQs, benefits, process, results.",,,200,yes,Content Quality Report
http://localhost:3000/portfolio/schoolcloud-azure,Optimization,P3 - improve,Readability,Very difficult to read,The text is very hard to read (low Flesch score).,"Flesch 11.4, 39.0 words/sentence",Flesch 50+,Use shorter sentences and simpler words; break long paragraphs up.,,,200,yes,Content Quality Report
http://localhost:3000/portfolio/seo-growth-edtech,Optimization,P3 - improve,Length,Thin content,The page has little text in <main>; thin pages rarely rank.,259 words in <main>,300+ words,"Expand the content: explain the topic, add examples, FAQs, benefits, process, results.",,,200,yes,Content Quality Report
http://localhost:3000/portfolio/seo-growth-edtech,Optimization,P3 - improve,Readability,Very difficult to read,The text is very hard to read (low Flesch score).,"Flesch 13.1, 36.3 words/sentence",Flesch 50+,Use shorter sentences and simpler words; break long paragraphs up.,,,200,yes,Content Quality Report
http://localhost:3000/portfolio/shopnear-grocery-app,Optimization,P3 - improve,Length,Thin content,The page has little text in <main>; thin pages rarely rank.,292 words in <main>,300+ words,"Expand the content: explain the topic, add examples, FAQs, benefits, process, results.",,,200,yes,Content Quality Report
http://localhost:3000/portfolio/shopnear-grocery-app,Optimization,P3 - improve,Readability,Very difficult to read,The text is very hard to read (low Flesch score).,"Flesch 12.7, 43.3 words/sentence",Flesch 50+,Use shorter sentences and simpler words; break long paragraphs up.,,,200,yes,Content Quality Report
http://localhost:3000/portfolio/smartcampus-attendance,Optimization,P3 - improve,Length,Thin content,The page has little text in <main>; thin pages rarely rank.,290 words in <main>,300+ words,"Expand the content: explain the topic, add examples, FAQs, benefits, process, results.",,,200,yes,Content Quality Report
http://localhost:3000/portfolio/smartcampus-attendance,Optimization,P3 - improve,Readability,Very difficult to read,The text is very hard to read (low Flesch score).,"Flesch 0.9, 41.1 words/sentence",Flesch 50+,Use shorter sentences and simpler words; break long paragraphs up.,,,200,yes,Content Quality Report
http://localhost:3000/portfolio/smartmeter-energy-app,Optimization,P3 - improve,Length,Thin content,The page has little text in <main>; thin pages rarely rank.,282 words in <main>,300+ words,"Expand the content: explain the topic, add examples, FAQs, benefits, process, results.",,,200,yes,Content Quality Report
http://localhost:3000/portfolio/smartmeter-energy-app,Optimization,P3 - improve,Readability,Very difficult to read,The text is very hard to read (low Flesch score).,"Flesch 10.6, 39.6 words/sentence",Flesch 50+,Use shorter sentences and simpler words; break long paragraphs up.,,,200,yes,Content Quality Report
http://localhost:3000/portfolio/smm-fitness-brand,Optimization,P3 - improve,Length,Thin content,The page has little text in <main>; thin pages rarely rank.,275 words in <main>,300+ words,"Expand the content: explain the topic, add examples, FAQs, benefits, process, results.",,,200,yes,Content Quality Report
http://localhost:3000/portfolio/smm-fitness-brand,Optimization,P3 - improve,Readability,Very difficult to read,The text is very hard to read (low Flesch score).,"Flesch 18.2, 40.0 words/sentence",Flesch 50+,Use shorter sentences and simpler words; break long paragraphs up.,,,200,yes,Content Quality Report
http://localhost:3000/portfolio/sneakerdrop-shopify-plus,Optimization,P3 - improve,Length,Thin content,The page has little text in <main>; thin pages rarely rank.,286 words in <main>,300+ words,"Expand the content: explain the topic, add examples, FAQs, benefits, process, results.",,,200,yes,Content Quality Report
http://localhost:3000/portfolio/sneakerdrop-shopify-plus,Optimization,P3 - improve,Readability,Very difficult to read,The text is very hard to read (low Flesch score).,"Flesch 19.1, 41.3 words/sentence",Flesch 50+,Use shorter sentences and simpler words; break long paragraphs up.,,,200,yes,Content Quality Report
http://localhost:3000/portfolio/social-media-app,Optimization,P3 - improve,Readability,Very difficult to read,The text is very hard to read (low Flesch score).,"Flesch 17.0, 37.2 words/sentence",Flesch 50+,Use shorter sentences and simpler words; break long paragraphs up.,,,200,yes,Content Quality Report
http://localhost:3000/portfolio/spiceroute-opencart,Optimization,P3 - improve,Length,Thin content,The page has little text in <main>; thin pages rarely rank.,268 words in <main>,300+ words,"Expand the content: explain the topic, add examples, FAQs, benefits, process, results.",,,200,yes,Content Quality Report
http://localhost:3000/portfolio/spiceroute-opencart,Optimization,P3 - improve,Readability,Very difficult to read,The text is very hard to read (low Flesch score).,"Flesch 9.2, 38.0 words/sentence",Flesch 50+,Use shorter sentences and simpler words; break long paragraphs up.,,,200,yes,Content Quality Report
http://localhost:3000/portfolio/stayeasy-hotel-booking,Optimization,P3 - improve,Readability,Very difficult to read,The text is very hard to read (low Flesch score).,"Flesch 5.1, 46.4 words/sentence",Flesch 50+,Use shorter sentences and simpler words; break long paragraphs up.,,,200,yes,Content Quality Report
http://localhost:3000/portfolio/stylecart-fashion-app,Important,P2 - fix soon,Placeholder,Placeholder / test text on page,Placeholder / test text is visible to visitors (Current value).,placeholder,"Final, real copy only",Replace the placeholder text in the page source or CMS data.,...s Shopify Storefront API as single source Image caching and placeholders Returns request in app Technology Tech Stack Ba...,,200,yes,Content Quality Report
http://localhost:3000/portfolio/stylecart-fashion-app,Optimization,P3 - improve,Length,Thin content,The page has little text in <main>; thin pages rarely rank.,289 words in <main>,300+ words,"Expand the content: explain the topic, add examples, FAQs, benefits, process, results.",,,200,yes,Content Quality Report
http://localhost:3000/portfolio/stylecart-fashion-app,Optimization,P3 - improve,Readability,Very difficult to read,The text is very hard to read (low Flesch score).,"Flesch 17.5, 42.9 words/sentence",Flesch 50+,Use shorter sentences and simpler words; break long paragraphs up.,,,200,yes,Content Quality Report
http://localhost:3000/portfolio/supplychain-blockchain,Optimization,P3 - improve,Length,Thin content,The page has little text in <main>; thin pages rarely rank.,293 words in <main>,300+ words,"Expand the content: explain the topic, add examples, FAQs, benefits, process, results.",,,200,yes,Content Quality Report
http://localhost:3000/portfolio/supplychain-blockchain,Optimization,P3 - improve,Readability,Very difficult to read,The text is very hard to read (low Flesch score).,"Flesch 5.1, 41.3 words/sentence",Flesch 50+,Use shorter sentences and simpler words; break long paragraphs up.,,,200,yes,Content Quality Report
http://localhost:3000/portfolio/teashop-woocommerce,Optimization,P3 - improve,Length,Thin content,The page has little text in <main>; thin pages rarely rank.,271 words in <main>,300+ words,"Expand the content: explain the topic, add examples, FAQs, benefits, process, results.",,,200,yes,Content Quality Report
http://localhost:3000/portfolio/teashop-woocommerce,Optimization,P3 - improve,Readability,Very difficult to read,The text is very hard to read (low Flesch score).,"Flesch 12.8, 38.4 words/sentence",Flesch 50+,Use shorter sentences and simpler words; break long paragraphs up.,,,200,yes,Content Quality Report
http://localhost:3000/portfolio/telehealth-flutter,Optimization,P3 - improve,Length,Thin content,The page has little text in <main>; thin pages rarely rank.,262 words in <main>,300+ words,"Expand the content: explain the topic, add examples, FAQs, benefits, process, results.",,,200,yes,Content Quality Report
http://localhost:3000/portfolio/telehealth-flutter,Optimization,P3 - improve,Readability,Very difficult to read,The text is very hard to read (low Flesch score).,"Flesch 10.4, 39.3 words/sentence",Flesch 50+,Use shorter sentences and simpler words; break long paragraphs up.,,,200,yes,Content Quality Report
http://localhost:3000/portfolio/tiffinbox-food-delivery,Optimization,P3 - improve,Length,Thin content,The page has little text in <main>; thin pages rarely rank.,294 words in <main>,300+ words,"Expand the content: explain the topic, add examples, FAQs, benefits, process, results.",,,200,yes,Content Quality Report
http://localhost:3000/portfolio/tiffinbox-food-delivery,Optimization,P3 - improve,Readability,Very difficult to read,The text is very hard to read (low Flesch score).,"Flesch 10.8, 42.0 words/sentence",Flesch 50+,Use shorter sentences and simpler words; break long paragraphs up.,,,200,yes,Content Quality Report
http://localhost:3000/portfolio/toolsupply-bigcommerce,Optimization,P3 - improve,Length,Thin content,The page has little text in <main>; thin pages rarely rank.,265 words in <main>,300+ words,"Expand the content: explain the topic, add examples, FAQs, benefits, process, results.",,,200,yes,Content Quality Report
http://localhost:3000/portfolio/toolsupply-bigcommerce,Optimization,P3 - improve,Readability,Very difficult to read,The text is very hard to read (low Flesch score).,"Flesch 10.3, 39.1 words/sentence",Flesch 50+,Use shorter sentences and simpler words; break long paragraphs up.,,,200,yes,Content Quality Report
http://localhost:3000/portfolio/tourism-joomla,Optimization,P3 - improve,Length,Thin content,The page has little text in <main>; thin pages rarely rank.,260 words in <main>,300+ words,"Expand the content: explain the topic, add examples, FAQs, benefits, process, results.",,,200,yes,Content Quality Report
http://localhost:3000/portfolio/tourism-joomla,Optimization,P3 - improve,Readability,Very difficult to read,The text is very hard to read (low Flesch score).,"Flesch 8.1, 36.6 words/sentence",Flesch 50+,Use shorter sentences and simpler words; break long paragraphs up.,,,200,yes,Content Quality Report
http://localhost:3000/portfolio/tradeview-analytics-dashboard,Optimization,P3 - improve,Readability,Very difficult to read,The text is very hard to read (low Flesch score).,"Flesch 8.0, 49.6 words/sentence",Flesch 50+,Use shorter sentences and simpler words; break long paragraphs up.,,,200,yes,Content Quality Report
http://localhost:3000/portfolio/tripmate-travel-app,Optimization,P3 - improve,Length,Thin content,The page has little text in <main>; thin pages rarely rank.,273 words in <main>,300+ words,"Expand the content: explain the topic, add examples, FAQs, benefits, process, results.",,,200,yes,Content Quality Report
http://localhost:3000/portfolio/tripmate-travel-app,Optimization,P3 - improve,Readability,Very difficult to read,The text is very hard to read (low Flesch score).,"Flesch 11.7, 39.0 words/sentence",Flesch 50+,Use shorter sentences and simpler words; break long paragraphs up.,,,200,yes,Content Quality Report
http://localhost:3000/portfolio/tutorlive-gcp,Optimization,P3 - improve,Length,Thin content,The page has little text in <main>; thin pages rarely rank.,272 words in <main>,300+ words,"Expand the content: explain the topic, add examples, FAQs, benefits, process, results.",,,200,yes,Content Quality Report
http://localhost:3000/portfolio/tutorlive-gcp,Optimization,P3 - improve,Readability,Very difficult to read,The text is very hard to read (low Flesch score).,"Flesch 9.7, 37.9 words/sentence",Flesch 50+,Use shorter sentences and simpler words; break long paragraphs up.,,,200,yes,Content Quality Report
http://localhost:3000/portfolio/volunteerhub-nonprofit,Optimization,P3 - improve,Length,Thin content,The page has little text in <main>; thin pages rarely rank.,295 words in <main>,300+ words,"Expand the content: explain the topic, add examples, FAQs, benefits, process, results.",,,200,yes,Content Quality Report
http://localhost:3000/portfolio/volunteerhub-nonprofit,Optimization,P3 - improve,Readability,Very difficult to read,The text is very hard to read (low Flesch score).,"Flesch 12.6, 43.1 words/sentence",Flesch 50+,Use shorter sentences and simpler words; break long paragraphs up.,,,200,yes,Content Quality Report
http://localhost:3000/portfolio/warehousescan-xamarin,Optimization,P3 - improve,Length,Thin content,The page has little text in <main>; thin pages rarely rank.,283 words in <main>,300+ words,"Expand the content: explain the topic, add examples, FAQs, benefits, process, results.",,,200,yes,Content Quality Report
http://localhost:3000/portfolio/warehousescan-xamarin,Optimization,P3 - improve,Readability,Very difficult to read,The text is very hard to read (low Flesch score).,"Flesch 7.7, 39.4 words/sentence",Flesch 50+,Use shorter sentences and simpler words; break long paragraphs up.,,,200,yes,Content Quality Report
http://localhost:3000/refund-cancellation-policy,Optimization,P3 - improve,Length,Thin content,The page has little text in <main>; thin pages rarely rank.,244 words in <main>,300+ words,"Expand the content: explain the topic, add examples, FAQs, benefits, process, results.",,,200,yes,Content Quality Report
http://localhost:3000/services,Optimization,P3 - improve,Length,Thin content,The page has little text in <main>; thin pages rarely rank.,284 words in <main>,300+ words,"Expand the content: explain the topic, add examples, FAQs, benefits, process, results.",,,200,yes,Content Quality Report
http://localhost:3000/services,Optimization,P3 - improve,Readability,Very difficult to read,The text is very hard to read (low Flesch score).,"Flesch -2.7, 38.9 words/sentence",Flesch 50+,Use shorter sentences and simpler words; break long paragraphs up.,,,200,yes,Content Quality Report
http://localhost:3000/sitemap,Optimization,P3 - improve,Readability,Very difficult to read,The text is very hard to read (low Flesch score).,"Flesch -1806.5, 1811.0 words/sentence",Flesch 50+,Use shorter sentences and simpler words; break long paragraphs up.,,,200,yes,Content Quality Report
http://localhost:3000/software-services,Optimization,P3 - improve,Readability,Very difficult to read,The text is very hard to read (low Flesch score).,"Flesch 5.9, 28.0 words/sentence",Flesch 50+,Use shorter sentences and simpler words; break long paragraphs up.,,,200,yes,Content Quality Report
http://localhost:3000/software-services/api-development,Optimization,P3 - improve,Readability,Very difficult to read,The text is very hard to read (low Flesch score).,"Flesch 25.0, 11.8 words/sentence",Flesch 50+,Use shorter sentences and simpler words; break long paragraphs up.,,,200,yes,Content Quality Report
http://localhost:3000/software-services/cms-development,Optimization,P3 - improve,Readability,Very difficult to read,The text is very hard to read (low Flesch score).,"Flesch 27.7, 11.9 words/sentence",Flesch 50+,Use shorter sentences and simpler words; break long paragraphs up.,,,200,yes,Content Quality Report
http://localhost:3000/software-services/custom-software-development,Optimization,P3 - improve,Readability,Very difficult to read,The text is very hard to read (low Flesch score).,"Flesch 26.7, 12.3 words/sentence",Flesch 50+,Use shorter sentences and simpler words; break long paragraphs up.,,,200,yes,Content Quality Report
http://localhost:3000/software-services/mobile-game-development,Optimization,P3 - improve,Readability,Very difficult to read,The text is very hard to read (low Flesch score).,"Flesch 28.1, 11.8 words/sentence",Flesch 50+,Use shorter sentences and simpler words; break long paragraphs up.,,,200,yes,Content Quality Report
http://localhost:3000/software-services/native-cross-platform-apps,Optimization,P3 - improve,Readability,Very difficult to read,The text is very hard to read (low Flesch score).,"Flesch 29.1, 11.9 words/sentence",Flesch 50+,Use shorter sentences and simpler words; break long paragraphs up.,,,200,yes,Content Quality Report
http://localhost:3000/software-services/software-consulting,Optimization,P3 - improve,Readability,Very difficult to read,The text is very hard to read (low Flesch score).,"Flesch 26.6, 12.1 words/sentence",Flesch 50+,Use shorter sentences and simpler words; break long paragraphs up.,,,200,yes,Content Quality Report
http://localhost:3000/software-services/web-app-development,Optimization,P3 - improve,Readability,Very difficult to read,The text is very hard to read (low Flesch score).,"Flesch 28.1, 11.9 words/sentence",Flesch 50+,Use shorter sentences and simpler words; break long paragraphs up.,,,200,yes,Content Quality Report
http://localhost:3000/technologies,Optimization,P3 - improve,Readability,Very difficult to read,The text is very hard to read (low Flesch score).,"Flesch 0.4, 28.9 words/sentence",Flesch 50+,Use shorter sentences and simpler words; break long paragraphs up.,,,200,yes,Content Quality Report
http://localhost:3000/technologies/accessibility-audit,Optimization,P3 - improve,Readability,Very difficult to read,The text is very hard to read (low Flesch score).,"Flesch 28.0, 16.0 words/sentence",Flesch 50+,Use shorter sentences and simpler words; break long paragraphs up.,,,200,yes,Content Quality Report
http://localhost:3000/technologies/ai-development,Optimization,P3 - improve,Readability,Very difficult to read,The text is very hard to read (low Flesch score).,"Flesch 27.1, 16.7 words/sentence",Flesch 50+,Use shorter sentences and simpler words; break long paragraphs up.,,,200,yes,Content Quality Report
http://localhost:3000/technologies/angularjs-development,Optimization,P3 - improve,Readability,Very difficult to read,The text is very hard to read (low Flesch score).,"Flesch 29.9, 18.5 words/sentence",Flesch 50+,Use shorter sentences and simpler words; break long paragraphs up.,,,200,yes,Content Quality Report
http://localhost:3000/technologies/cro-services,Optimization,P3 - improve,Readability,Very difficult to read,The text is very hard to read (low Flesch score).,"Flesch 29.0, 17.3 words/sentence",Flesch 50+,Use shorter sentences and simpler words; break long paragraphs up.,,,200,yes,Content Quality Report
http://localhost:3000/technologies/email-marketing,Important,P2 - fix soon,Placeholder,Placeholder / test text on page,Placeholder / test text is visible to visitors (Current value).,example.com,"Final, real copy only",Replace the placeholder text in the page source or CMS data.,"... rua=mailto:dmarc@example.com"" List-Unsubscribe: <https : //example.com/u/abc> List-Unsubscribe-Post: List-Unsubscribe=O...",,200,yes,Content Quality Report
http://localhost:3000/technologies/inventory-management-development,Optimization,P3 - improve,Readability,Very difficult to read,The text is very hard to read (low Flesch score).,"Flesch 27.0, 16.7 words/sentence",Flesch 50+,Use shorter sentences and simpler words; break long paragraphs up.,,,200,yes,Content Quality Report
http://localhost:3000/technologies/online-reputation-management,Optimization,P3 - improve,Readability,Very difficult to read,The text is very hard to read (low Flesch score).,"Flesch 25.8, 17.3 words/sentence",Flesch 50+,Use shorter sentences and simpler words; break long paragraphs up.,,,200,yes,Content Quality Report
http://localhost:3000/technologies/redux-development,Important,P2 - fix soon,Placeholder,Placeholder / test text on page,Placeholder / test text is visible to visitors (Current value).,todo,"Final, real copy only",Replace the placeholder text in the page source or CMS data.,"...s Todo[], reducers: { added: (state, action: PayloadAction <Todo > ) = > { state.push(action.payload) }, }, selectors: {...",,200,yes,Content Quality Report
http://localhost:3000/tools,Optimization,P3 - improve,Readability,Very difficult to read,The text is very hard to read (low Flesch score).,"Flesch 3.1, 27.6 words/sentence",Flesch 50+,Use shorter sentences and simpler words; break long paragraphs up.,,,200,yes,Content Quality Report
http://localhost:3000/tools/agile-scrum,Optimization,P3 - improve,Readability,Very difficult to read,The text is very hard to read (low Flesch score).,"Flesch 11.8, 22.4 words/sentence",Flesch 50+,Use shorter sentences and simpler words; break long paragraphs up.,,,200,yes,Content Quality Report
http://localhost:3000/tools/calendly,Optimization,P3 - improve,Readability,Very difficult to read,The text is very hard to read (low Flesch score).,"Flesch 9.1, 23.4 words/sentence",Flesch 50+,Use shorter sentences and simpler words; break long paragraphs up.,,,200,yes,Content Quality Report
http://localhost:3000/tools/chatgpt-openai,Optimization,P3 - improve,Readability,Very difficult to read,The text is very hard to read (low Flesch score).,"Flesch -1.2, 24.3 words/sentence",Flesch 50+,Use shorter sentences and simpler words; break long paragraphs up.,,,200,yes,Content Quality Report
http://localhost:3000/tools/ci-cd,Optimization,P3 - improve,Readability,Very difficult to read,The text is very hard to read (low Flesch score).,"Flesch 5.9, 23.8 words/sentence",Flesch 50+,Use shorter sentences and simpler words; break long paragraphs up.,,,200,yes,Content Quality Report
http://localhost:3000/tools/claude,Optimization,P3 - improve,Readability,Very difficult to read,The text is very hard to read (low Flesch score).,"Flesch 7.4, 24.8 words/sentence",Flesch 50+,Use shorter sentences and simpler words; break long paragraphs up.,,,200,yes,Content Quality Report
http://localhost:3000/tools/clickup,Optimization,P3 - improve,Readability,Very difficult to read,The text is very hard to read (low Flesch score).,"Flesch 22.9, 21.7 words/sentence",Flesch 50+,Use shorter sentences and simpler words; break long paragraphs up.,,,200,yes,Content Quality Report
http://localhost:3000/tools/confluence,Optimization,P3 - improve,Readability,Very difficult to read,The text is very hard to read (low Flesch score).,"Flesch -2.1, 21.9 words/sentence",Flesch 50+,Use shorter sentences and simpler words; break long paragraphs up.,,,200,yes,Content Quality Report
http://localhost:3000/tools/design-thinking,Optimization,P3 - improve,Readability,Very difficult to read,The text is very hard to read (low Flesch score).,"Flesch -4.2, 22.3 words/sentence",Flesch 50+,Use shorter sentences and simpler words; break long paragraphs up.,,,200,yes,Content Quality Report
http://localhost:3000/tools/docker,Optimization,P3 - improve,Readability,Very difficult to read,The text is very hard to read (low Flesch score).,"Flesch 11.1, 23.2 words/sentence",Flesch 50+,Use shorter sentences and simpler words; break long paragraphs up.,,,200,yes,Content Quality Report
http://localhost:3000/tools/figma,Optimization,P3 - improve,Readability,Very difficult to read,The text is very hard to read (low Flesch score).,"Flesch 21.9, 22.8 words/sentence",Flesch 50+,Use shorter sentences and simpler words; break long paragraphs up.,,,200,yes,Content Quality Report
http://localhost:3000/tools/git,Optimization,P3 - improve,Readability,Very difficult to read,The text is very hard to read (low Flesch score).,"Flesch 9.7, 21.6 words/sentence",Flesch 50+,Use shorter sentences and simpler words; break long paragraphs up.,,,200,yes,Content Quality Report
http://localhost:3000/tools/github,Optimization,P3 - improve,Readability,Very difficult to read,The text is very hard to read (low Flesch score).,"Flesch 17.1, 21.6 words/sentence",Flesch 50+,Use shorter sentences and simpler words; break long paragraphs up.,,,200,yes,Content Quality Report
http://localhost:3000/tools/github-copilot,Optimization,P3 - improve,Readability,Very difficult to read,The text is very hard to read (low Flesch score).,"Flesch 5.0, 24.1 words/sentence",Flesch 50+,Use shorter sentences and simpler words; break long paragraphs up.,,,200,yes,Content Quality Report
http://localhost:3000/tools/google-gemini,Optimization,P3 - improve,Readability,Very difficult to read,The text is very hard to read (low Flesch score).,"Flesch 13.5, 24.9 words/sentence",Flesch 50+,Use shorter sentences and simpler words; break long paragraphs up.,,,200,yes,Content Quality Report
http://localhost:3000/tools/google-meet,Optimization,P3 - improve,Readability,Very difficult to read,The text is very hard to read (low Flesch score).,"Flesch 23.4, 23.7 words/sentence",Flesch 50+,Use shorter sentences and simpler words; break long paragraphs up.,,,200,yes,Content Quality Report
http://localhost:3000/tools/hugging-face,Optimization,P3 - improve,Readability,Very difficult to read,The text is very hard to read (low Flesch score).,"Flesch 14.9, 24.9 words/sentence",Flesch 50+,Use shorter sentences and simpler words; break long paragraphs up.,,,200,yes,Content Quality Report
http://localhost:3000/tools/jira,Optimization,P3 - improve,Readability,Very difficult to read,The text is very hard to read (low Flesch score).,"Flesch 11.0, 21.1 words/sentence",Flesch 50+,Use shorter sentences and simpler words; break long paragraphs up.,,,200,yes,Content Quality Report
http://localhost:3000/tools/kanban,Optimization,P3 - improve,Readability,Very difficult to read,The text is very hard to read (low Flesch score).,"Flesch 3.4, 21.7 words/sentence",Flesch 50+,Use shorter sentences and simpler words; break long paragraphs up.,,,200,yes,Content Quality Report
http://localhost:3000/tools/langchain,Optimization,P3 - improve,Readability,Very difficult to read,The text is very hard to read (low Flesch score).,"Flesch 5.7, 23.3 words/sentence",Flesch 50+,Use shorter sentences and simpler words; break long paragraphs up.,,,200,yes,Content Quality Report
http://localhost:3000/tools/linear,Optimization,P3 - improve,Readability,Very difficult to read,The text is very hard to read (low Flesch score).,"Flesch 22.1, 22.9 words/sentence",Flesch 50+,Use shorter sentences and simpler words; break long paragraphs up.,,,200,yes,Content Quality Report
http://localhost:3000/tools/loom,Optimization,P3 - improve,Readability,Very difficult to read,The text is very hard to read (low Flesch score).,"Flesch 19.0, 22.8 words/sentence",Flesch 50+,Use shorter sentences and simpler words; break long paragraphs up.,,,200,yes,Content Quality Report
http://localhost:3000/tools/microsoft-teams,Optimization,P3 - improve,Readability,Very difficult to read,The text is very hard to read (low Flesch score).,"Flesch 8.2, 23.0 words/sentence",Flesch 50+,Use shorter sentences and simpler words; break long paragraphs up.,,,200,yes,Content Quality Report
http://localhost:3000/tools/miro,Optimization,P3 - improve,Readability,Very difficult to read,The text is very hard to read (low Flesch score).,"Flesch 12.6, 22.2 words/sentence",Flesch 50+,Use shorter sentences and simpler words; break long paragraphs up.,,,200,yes,Content Quality Report
http://localhost:3000/tools/notion,Optimization,P3 - improve,Readability,Very difficult to read,The text is very hard to read (low Flesch score).,"Flesch 17.2, 22.9 words/sentence",Flesch 50+,Use shorter sentences and simpler words; break long paragraphs up.,,,200,yes,Content Quality Report
http://localhost:3000/tools/perplexity,Optimization,P3 - improve,Readability,Very difficult to read,The text is very hard to read (low Flesch score).,"Flesch 4.5, 23.4 words/sentence",Flesch 50+,Use shorter sentences and simpler words; break long paragraphs up.,,,200,yes,Content Quality Report
http://localhost:3000/tools/postman,Optimization,P3 - improve,Readability,Very difficult to read,The text is very hard to read (low Flesch score).,"Flesch 9.8, 24.3 words/sentence",Flesch 50+,Use shorter sentences and simpler words; break long paragraphs up.,,,200,yes,Content Quality Report
http://localhost:3000/tools/python,Optimization,P3 - improve,Readability,Very difficult to read,The text is very hard to read (low Flesch score).,"Flesch 0.3, 23.5 words/sentence",Flesch 50+,Use shorter sentences and simpler words; break long paragraphs up.,,,200,yes,Content Quality Report
http://localhost:3000/tools/slack,Optimization,P3 - improve,Readability,Very difficult to read,The text is very hard to read (low Flesch score).,"Flesch 20.4, 22.6 words/sentence",Flesch 50+,Use shorter sentences and simpler words; break long paragraphs up.,,,200,yes,Content Quality Report
http://localhost:3000/tools/sonarqube,Optimization,P3 - improve,Readability,Very difficult to read,The text is very hard to read (low Flesch score).,"Flesch 6.1, 22.4 words/sentence",Flesch 50+,Use shorter sentences and simpler words; break long paragraphs up.,,,200,yes,Content Quality Report
http://localhost:3000/tools/tensorflow,Optimization,P3 - improve,Readability,Very difficult to read,The text is very hard to read (low Flesch score).,"Flesch 9.2, 23.3 words/sentence",Flesch 50+,Use shorter sentences and simpler words; break long paragraphs up.,,,200,yes,Content Quality Report
http://localhost:3000/tools/trello,Optimization,P3 - improve,Readability,Very difficult to read,The text is very hard to read (low Flesch score).,"Flesch 20.8, 20.9 words/sentence",Flesch 50+,Use shorter sentences and simpler words; break long paragraphs up.,,,200,yes,Content Quality Report
http://localhost:3000/tools/whatsapp,Optimization,P3 - improve,Readability,Very difficult to read,The text is very hard to read (low Flesch score).,"Flesch 21.3, 23.1 words/sentence",Flesch 50+,Use shorter sentences and simpler words; break long paragraphs up.,,,200,yes,Content Quality Report
http://localhost:3000/tools/zoom,Optimization,P3 - improve,Readability,Very difficult to read,The text is very hard to read (low Flesch score).,"Flesch 15.2, 22.8 words/sentence",Flesch 50+,Use shorter sentences and simpler words; break long paragraphs up.,,,200,yes,Content Quality Report
(site-wide),Optimization,P3 - improve,Duplicate,Paragraph repeated on many pages,"The same paragraph appears on many pages (boilerplate), diluting each page's unique content.",on 219 pages,Boilerplate kept short; main content unique per page,"Shorten or vary the repeated paragraph, or move it to a shared component outside <main>.",tell us about your project and our team will get back to you within one business day.,e.g. http://localhost:3000/software-services/api-development,,,Content Quality Report
(site-wide),Optimization,P3 - improve,Duplicate,Paragraph repeated on many pages,"The same paragraph appears on many pages (boilerplate), diluting each page's unique content.",on 200 pages,Boilerplate kept short; main content unique per page,"Shorten or vary the repeated paragraph, or move it to a shared component outside <main>.","we sign an nda before discussing details, and you own the code and deliverables you pay for.",e.g. http://localhost:3000/technologies/accessibility-audit,,,Content Quality Report
(site-wide),Optimization,P3 - improve,Duplicate,Paragraph repeated on many pages,"The same paragraph appears on many pages (boilerplate), diluting each page's unique content.",on 200 pages,Boilerplate kept short; main content unique per page,"Shorten or vary the repeated paragraph, or move it to a shared component outside <main>.","a clear, collaborative process from the first conversation to long-term support.",e.g. http://localhost:3000/technologies/accessibility-audit,,,Content Quality Report
(site-wide),Optimization,P3 - improve,Duplicate,Paragraph repeated on many pages,"The same paragraph appears on many pages (boilerplate), diluting each page's unique content.",on 153 pages,Boilerplate kept short; main content unique per page,"Shorten or vary the repeated paragraph, or move it to a shared component outside <main>.","your tools, your rhythm we join your slack, jira and stand-ups and overlap with your working hours.",e.g. http://localhost:3000/technologies/accessibility-audit,,,Content Quality Report
(site-wide),Optimization,P3 - improve,Duplicate,Paragraph repeated on many pages,"The same paragraph appears on many pages (boilerplate), diluting each page's unique content.",on 153 pages,Boilerplate kept short; main content unique per page,"Shorten or vary the repeated paragraph, or move it to a shared component outside <main>.",time & material model ideal for: evolving requirements pay for actual effort transparent timesheets — you pay only for the hours worked. change priorities anytime reprioritise the backlog every sprint,e.g. http://localhost:3000/technologies/accessibility-audit,,,Content Quality Report
(site-wide),Optimization,P3 - improve,Duplicate,Paragraph repeated on many pages,"The same paragraph appears on many pages (boilerplate), diluting each page's unique content.",on 153 pages,Boilerplate kept short; main content unique per page,"Shorten or vary the repeated paragraph, or move it to a shared component outside <main>.","tell us what you are planning. we reply within one business day with next steps, a rough estimate and the right people for the job.",e.g. http://localhost:3000/technologies/accessibility-audit,,,Content Quality Report
(site-wide),Optimization,P3 - improve,Duplicate,Paragraph repeated on many pages,"The same paragraph appears on many pages (boilerplate), diluting each page's unique content.",on 153 pages,Boilerplate kept short; main content unique per page,"Shorten or vary the repeated paragraph, or move it to a shared component outside <main>.",pay for actual effort transparent timesheets — you pay only for the hours worked.,e.g. http://localhost:3000/technologies/accessibility-audit,,,Content Quality Report
(site-wide),Optimization,P3 - improve,Duplicate,Paragraph repeated on many pages,"The same paragraph appears on many pages (boilerplate), diluting each page's unique content.",on 153 pages,Boilerplate kept short; main content unique per page,"Shorten or vary the repeated paragraph, or move it to a shared component outside <main>.","end-to-end delivery design, development, testing and deployment handled by one team.",e.g. http://localhost:3000/technologies/accessibility-audit,,,Content Quality Report
(site-wide),Optimization,P3 - improve,Duplicate,Paragraph repeated on many pages,"The same paragraph appears on many pages (boilerplate), diluting each page's unique content.",on 153 pages,Boilerplate kept short; main content unique per page,"Shorten or vary the repeated paragraph, or move it to a shared component outside <main>.","dedicated project manager one point of contact who plans, reports and keeps delivery on track.",e.g. http://localhost:3000/technologies/accessibility-audit,,,Content Quality Report
(site-wide),Optimization,P3 - improve,Duplicate,Paragraph repeated on many pages,"The same paragraph appears on many pages (boilerplate), diluting each page's unique content.",on 153 pages,Boilerplate kept short; main content unique per page,"Shorten or vary the repeated paragraph, or move it to a shared component outside <main>.",change priorities anytime reprioritise the backlog every sprint without renegotiating a contract.,e.g. http://localhost:3000/technologies/accessibility-audit,,,Content Quality Report
(site-wide),Optimization,P3 - improve,Duplicate,Paragraph repeated on many pages,"The same paragraph appears on many pages (boilerplate), diluting each page's unique content.",on 153 pages,Boilerplate kept short; main content unique per page,"Shorten or vary the repeated paragraph, or move it to a shared component outside <main>.","agreed scope and cost a clear specification, milestones and a fixed budget before work starts.",e.g. http://localhost:3000/technologies/accessibility-audit,,,Content Quality Report
(site-wide),Optimization,P3 - improve,Duplicate,Paragraph repeated on many pages,"The same paragraph appears on many pages (boilerplate), diluting each page's unique content.",on 98 pages,Boilerplate kept short; main content unique per page,"Shorten or vary the repeated paragraph, or move it to a shared component outside <main>.",tailored architecture and implementation engineered to your exact business specifications.,e.g. http://localhost:3000/technologies/accessibility-audit,,,Content Quality Report
(site-wide),Optimization,P3 - improve,Duplicate,Paragraph repeated on many pages,"The same paragraph appears on many pages (boilerplate), diluting each page's unique content.",on 98 pages,Boilerplate kept short; main content unique per page,"Shorten or vary the repeated paragraph, or move it to a shared component outside <main>.","architecture reviews, technology roadmaps, and optimization from senior specialists.",e.g. http://localhost:3000/technologies/accessibility-audit,,,Content Quality Report
(site-wide),Optimization,P3 - improve,Duplicate,Paragraph repeated on many pages,"The same paragraph appears on many pages (boilerplate), diluting each page's unique content.",on 92 pages,Boilerplate kept short; main content unique per page,"Shorten or vary the repeated paragraph, or move it to a shared component outside <main>.","tell us about your goals and our team will get back to you with a plan, timeline and estimate.",e.g. http://localhost:3000/portfolio/adinsights-gcp,,,Content Quality Report
(site-wide),Optimization,P3 - improve,Duplicate,Paragraph repeated on many pages,"The same paragraph appears on many pages (boilerplate), diluting each page's unique content.",on 68 pages,Boilerplate kept short; main content unique per page,"Shorten or vary the repeated paragraph, or move it to a shared component outside <main>.",standardized developer tooling improving onboarding velocity for engineering teams.,e.g. http://localhost:3000/blog/agentic-rag-with-self-corrective-graph-search,,,Content Quality Report
(site-wide),Optimization,P3 - improve,Duplicate,Paragraph repeated on many pages,"The same paragraph appears on many pages (boilerplate), diluting each page's unique content.",on 68 pages,Boilerplate kept short; main content unique per page,"Shorten or vary the repeated paragraph, or move it to a shared component outside <main>.","hardened security, monitoring, and compliance baked directly into code abstractions.",e.g. http://localhost:3000/blog/agentic-rag-with-self-corrective-graph-search,,,Content Quality Report
(site-wide),Optimization,P3 - improve,Duplicate,Paragraph repeated on many pages,"The same paragraph appears on many pages (boilerplate), diluting each page's unique content.",on 47 pages,Boilerplate kept short; main content unique per page,"Shorten or vary the repeated paragraph, or move it to a shared component outside <main>.",time & material model ideal for: dynamic projects requirements cost-efficient pay only for the time and resources consumed. quick time to market our agile approach means faster project delivery. state,e.g. http://localhost:3000/technologies/analytics-reporting,,,Content Quality Report
(site-wide),Optimization,P3 - improve,Duplicate,Paragraph repeated on many pages,"The same paragraph appears on many pages (boilerplate), diluting each page's unique content.",on 47 pages,Boilerplate kept short; main content unique per page,"Shorten or vary the repeated paragraph, or move it to a shared component outside <main>.",tell us what you are planning. we will reply within one business day with next steps.,e.g. http://localhost:3000/technologies/analytics-reporting,,,Content Quality Report
(site-wide),Optimization,P3 - improve,Duplicate,Paragraph repeated on many pages,"The same paragraph appears on many pages (boilerplate), diluting each page's unique content.",on 47 pages,Boilerplate kept short; main content unique per page,"Shorten or vary the repeated paragraph, or move it to a shared component outside <main>.","takeaway if you seek flexibility in your project, the time & material model is your go-to option.",e.g. http://localhost:3000/technologies/analytics-reporting,,,Content Quality Report
(site-wide),Optimization,P3 - improve,Duplicate,Paragraph repeated on many pages,"The same paragraph appears on many pages (boilerplate), diluting each page's unique content.",on 47 pages,Boilerplate kept short; main content unique per page,"Shorten or vary the repeated paragraph, or move it to a shared component outside <main>.",takeaway a fixed price model is perfect for projects with well-defined scopes. lock in your price and commence a hassle-free partnership with us.,e.g. http://localhost:3000/technologies/analytics-reporting,,,Content Quality Report
(site-wide),Optimization,P3 - improve,Duplicate,Paragraph repeated on many pages,"The same paragraph appears on many pages (boilerplate), diluting each page's unique content.",on 47 pages,Boilerplate kept short; main content unique per page,"Shorten or vary the repeated paragraph, or move it to a shared component outside <main>.",takeaway a dedicated it outsourcing business model offers specialized skills and undivided attention for your long-term project needs.,e.g. http://localhost:3000/technologies/analytics-reporting,,,Content Quality Report
(site-wide),Optimization,P3 - improve,Duplicate,Paragraph repeated on many pages,"The same paragraph appears on many pages (boilerplate), diluting each page's unique content.",on 47 pages,Boilerplate kept short; main content unique per page,"Shorten or vary the repeated paragraph, or move it to a shared component outside <main>.",strict hiring process a structured technical interview and trial task for every team member.,e.g. http://localhost:3000/technologies/analytics-reporting,,,Content Quality Report
(site-wide),Optimization,P3 - improve,Duplicate,Paragraph repeated on many pages,"The same paragraph appears on many pages (boilerplate), diluting each page's unique content.",on 47 pages,Boilerplate kept short; main content unique per page,"Shorten or vary the repeated paragraph, or move it to a shared component outside <main>.",state-of-the-art high-tech infrastructure leverage our modern tech stack and industry expertise.,e.g. http://localhost:3000/technologies/analytics-reporting,,,Content Quality Report
(site-wide),Optimization,P3 - improve,Duplicate,Paragraph repeated on many pages,"The same paragraph appears on many pages (boilerplate), diluting each page's unique content.",on 47 pages,Boilerplate kept short; main content unique per page,"Shorten or vary the repeated paragraph, or move it to a shared component outside <main>.",full-time autonomous talent your dedicated team works exclusively on your project.,e.g. http://localhost:3000/technologies/analytics-reporting,,,Content Quality Report
(site-wide),Optimization,P3 - improve,Duplicate,Paragraph repeated on many pages,"The same paragraph appears on many pages (boilerplate), diluting each page's unique content.",on 47 pages,Boilerplate kept short; main content unique per page,"Shorten or vary the repeated paragraph, or move it to a shared component outside <main>.","end-to-end development & consultation from ideation to deployment, we've got it all covered.",e.g. http://localhost:3000/technologies/analytics-reporting,,,Content Quality Report
(site-wide),Optimization,P3 - improve,Duplicate,Paragraph repeated on many pages,"The same paragraph appears on many pages (boilerplate), diluting each page's unique content.",on 47 pages,Boilerplate kept short; main content unique per page,"Shorten or vary the repeated paragraph, or move it to a shared component outside <main>.",dedicated project manager ensures streamlined execution and a single point of contact.,e.g. http://localhost:3000/technologies/analytics-reporting,,,Content Quality Report
(site-wide),Optimization,P3 - improve,Duplicate,Paragraph repeated on many pages,"The same paragraph appears on many pages (boilerplate), diluting each page's unique content.",on 47 pages,Boilerplate kept short; main content unique per page,"Shorten or vary the repeated paragraph, or move it to a shared component outside <main>.",dedicated development team model ideal for: long-term projects full-time autonomous talent your dedicated team works exclusively on your project. strict hiring process a structured technical interview,e.g. http://localhost:3000/technologies/analytics-reporting,,,Content Quality Report
(site-wide),Optimization,P3 - improve,Duplicate,Paragraph repeated on many pages,"The same paragraph appears on many pages (boilerplate), diluting each page's unique content.",on 47 pages,Boilerplate kept short; main content unique per page,"Shorten or vary the repeated paragraph, or move it to a shared component outside <main>.",best for long-term projects a committed team for projects that require extended development periods.,e.g. http://localhost:3000/technologies/analytics-reporting,,,Content Quality Report
(site-wide),Optimization,P3 - improve,Duplicate,Paragraph repeated on many pages,"The same paragraph appears on many pages (boilerplate), diluting each page's unique content.",on 31 pages,Boilerplate kept short; main content unique per page,"Shorten or vary the repeated paragraph, or move it to a shared component outside <main>.","a scalable multi-vendor e-commerce platform with fast search, secure payments and an operations dashboard.",e.g. http://localhost:3000/,,,Content Quality Report
(site-wide),Optimization,P3 - improve,Duplicate,Paragraph repeated on many pages,"The same paragraph appears on many pages (boilerplate), diluting each page's unique content.",on 30 pages,Boilerplate kept short; main content unique per page,"Shorten or vary the repeated paragraph, or move it to a shared component outside <main>.","a mobile-first sports e-commerce platform with web and mobile apps, secure checkout and an admin dashboard.",e.g. http://localhost:3000/,,,Content Quality Report
(site-wide),Optimization,P3 - improve,Duplicate,Paragraph repeated on many pages,"The same paragraph appears on many pages (boilerplate), diluting each page's unique content.",on 29 pages,Boilerplate kept short; main content unique per page,"Shorten or vary the repeated paragraph, or move it to a shared component outside <main>.","🛒 retail & e-commerce high-converting online stores, marketplaces, pos and inventory systems that connect every sales channel. key solutions online stores pos systems inventory management shopify mage",e.g. http://localhost:3000/industries,,,Content Quality Report
(site-wide),Optimization,P3 - improve,Duplicate,Paragraph repeated on many pages,"The same paragraph appears on many pages (boilerplate), diluting each page's unique content.",on 29 pages,Boilerplate kept short; main content unique per page,"Shorten or vary the repeated paragraph, or move it to a shared component outside <main>.","🏦 banking & finance secure, compliant and scalable fintech products: digital payments, lending platforms, dashboards and core banking integrations. key solutions fintech apps digital payments insurtec",e.g. http://localhost:3000/industries,,,Content Quality Report
(site-wide),Optimization,P3 - improve,Duplicate,Paragraph repeated on many pages,"The same paragraph appears on many pages (boilerplate), diluting each page's unique content.",on 29 pages,Boilerplate kept short; main content unique per page,"Shorten or vary the repeated paragraph, or move it to a shared component outside <main>.","🏥 healthcare secure, compliance-ready software for hospitals, clinics and healthtech startups — from telemedicine to ehr integrations. key solutions hospital management systems telemedicine platforms ",e.g. http://localhost:3000/industries,,,Content Quality Report
(site-wide),Optimization,P3 - improve,Duplicate,Paragraph repeated on many pages,"The same paragraph appears on many pages (boilerplate), diluting each page's unique content.",on 29 pages,Boilerplate kept short; main content unique per page,"Shorten or vary the repeated paragraph, or move it to a shared component outside <main>.","secure, compliant and scalable fintech products: digital payments, lending platforms, dashboards and core banking integrations.",e.g. http://localhost:3000/industries,,,Content Quality Report
(site-wide),Optimization,P3 - improve,Duplicate,Paragraph repeated on many pages,"The same paragraph appears on many pages (boilerplate), diluting each page's unique content.",on 29 pages,Boilerplate kept short; main content unique per page,"Shorten or vary the repeated paragraph, or move it to a shared component outside <main>.","secure, compliance-ready software for hospitals, clinics and healthtech startups — from telemedicine to ehr integrations.",e.g. http://localhost:3000/industries,,,Content Quality Report
(site-wide),Optimization,P3 - improve,Duplicate,Paragraph repeated on many pages,"The same paragraph appears on many pages (boilerplate), diluting each page's unique content.",on 29 pages,Boilerplate kept short; main content unique per page,"Shorten or vary the repeated paragraph, or move it to a shared component outside <main>.","high-converting online stores, marketplaces, pos and inventory systems that connect every sales channel.",e.g. http://localhost:3000/industries,,,Content Quality Report
(site-wide),Optimization,P3 - improve,Duplicate,Paragraph repeated on many pages,"The same paragraph appears on many pages (boilerplate), diluting each page's unique content.",on 28 pages,Boilerplate kept short; main content unique per page,"Shorten or vary the repeated paragraph, or move it to a shared component outside <main>.","e-commerce full-cycle product development e-commerce platform a scalable multi-vendor e-commerce platform with fast search, secure payments and an operations dashboard. next.js react typescript tailwi",e.g. http://localhost:3000/industries/retail-ecommerce,,,Content Quality Report
(site-wide),Optimization,P3 - improve,Duplicate,Paragraph repeated on many pages,"The same paragraph appears on many pages (boilerplate), diluting each page's unique content.",on 27 pages,Boilerplate kept short; main content unique per page,"Shorten or vary the repeated paragraph, or move it to a shared component outside <main>.","sports & fitness full-cycle product development footrex – sports platform a mobile-first sports e-commerce platform with web and mobile apps, secure checkout and an admin dashboard. react.js html5 css",e.g. http://localhost:3000/industries/sports-fitness,,,Content Quality Report
(site-wide),Optimization,P3 - improve,Duplicate,Paragraph repeated on many pages,"The same paragraph appears on many pages (boilerplate), diluting each page's unique content.",on 27 pages,Boilerplate kept short; main content unique per page,"Shorten or vary the repeated paragraph, or move it to a shared component outside <main>.","a class-booking web app for yoga, spinning and crossfit studios: members book and cancel classes, join waitlists and buy class packs, while trainers manage timetables.",e.g. http://localhost:3000/industries/saas,,,Content Quality Report
(site-wide),Optimization,P3 - improve,Duplicate,Paragraph repeated on many pages,"The same paragraph appears on many pages (boilerplate), diluting each page's unique content.",on 25 pages,Boilerplate kept short; main content unique per page,"Shorten or vary the repeated paragraph, or move it to a shared component outside <main>.","sports & fitness frontend development fitflow – studio class booking a class-booking web app for yoga, spinning and crossfit studios: members book and cancel classes, join waitlists and buy class pack",e.g. http://localhost:3000/industries/saas,,,Content Quality Report
