URL,Severity,Priority,Category,Issue,Description,Current value,Expected / recommended value,Recommended fix,Element / resource,Details,Page HTTP,In sitemap,Report
http://localhost:3000/,Critical,P1 - fix immediately,Core Web Vitals,LCP poor,Largest Contentful Paint is slow: the main content appears late.,13.42 s,<= 2.5 s,"Optimise the LCP element (Element): priority on the hero image, smaller image, less render-blocking CSS/JS, faster TTFB.",img image?url=%2Fimages%2Fphotos%2Fpages%2Ffaq.webp&w=1920&q=75,"mobile (Slow 4G, 4x CPU), median of 1 run(s)",200,yes,Core Web Vitals Report
http://localhost:3000/Infrastructure,Critical,P1 - fix immediately,Core Web Vitals,LCP poor,Largest Contentful Paint is slow: the main content appears late.,6.79 s,<= 2.5 s,"Optimise the LCP element (Element): priority on the hero image, smaller image, less render-blocking CSS/JS, faster TTFB.",img tech-general.png,"mobile (Slow 4G, 4x CPU), median of 1 run(s)",200,yes,Core Web Vitals Report
http://localhost:3000/blog,Critical,P1 - fix immediately,Core Web Vitals,LCP poor,Largest Contentful Paint is slow: the main content appears late.,30.02 s,<= 2.5 s,"Optimise the LCP element (Element): priority on the hero image, smaller image, less render-blocking CSS/JS, faster TTFB.",img image?url=%2Fimages%2Fphotos%2Ftechnologies%2Fopencv-develop,"mobile (Slow 4G, 4x CPU), median of 1 run(s)",200,yes,Core Web Vitals Report
http://localhost:3000/blog/azure-devops-to-github-actions-migration-blueprint,Critical,P1 - fix immediately,Core Web Vitals,LCP poor,Largest Contentful Paint is slow: the main content appears late.,6.64 s,<= 2.5 s,"Optimise the LCP element (Element): priority on the hero image, smaller image, less render-blocking CSS/JS, faster TTFB.",img image?url=%2Fimages%2Fphotos%2Ftechnologies%2Fterraform-deve,"mobile (Slow 4G, 4x CPU), median of 1 run(s)",200,yes,Core Web Vitals Report
http://localhost:3000/blog/big-data-pipelines-apache-spark-dbt-snowflake,Critical,P1 - fix immediately,Core Web Vitals,LCP poor,Largest Contentful Paint is slow: the main content appears late.,6.31 s,<= 2.5 s,"Optimise the LCP element (Element): priority on the hero image, smaller image, less render-blocking CSS/JS, faster TTFB.",img image?url=%2Fimages%2Fphotos%2Ftechnologies%2Fdatabase.webp&,"mobile (Slow 4G, 4x CPU), median of 1 run(s)",200,yes,Core Web Vitals Report
http://localhost:3000/blog/building-real-time-audio-chat-webrtc-mobile,Critical,P1 - fix immediately,Core Web Vitals,LCP poor,Largest Contentful Paint is slow: the main content appears late.,6.38 s,<= 2.5 s,"Optimise the LCP element (Element): priority on the hero image, smaller image, less render-blocking CSS/JS, faster TTFB.",img image?url=%2Fimages%2Fphotos%2Ftechnologies%2Fflutter-develo,"mobile (Slow 4G, 4x CPU), median of 1 run(s)",200,yes,Core Web Vitals Report
http://localhost:3000/blog/cicd-pipelines-github-actions-dagger,Critical,P1 - fix immediately,Core Web Vitals,LCP poor,Largest Contentful Paint is slow: the main content appears late.,6.70 s,<= 2.5 s,"Optimise the LCP element (Element): priority on the hero image, smaller image, less render-blocking CSS/JS, faster TTFB.",img image?url=%2Fimages%2Fphotos%2Ftechnologies%2Fterraform-deve,"mobile (Slow 4G, 4x CPU), median of 1 run(s)",200,yes,Core Web Vitals Report
http://localhost:3000/blog/docker-container-security-distroless-rootless-daemons,Important,P2 - fix soon,Core Web Vitals,LCP needs improvement,Largest Contentful Paint is slow: the main content appears late.,3.14 s,<= 2.5 s,"Optimise the LCP element (Element): priority on the hero image, smaller image, less render-blocking CSS/JS, faster TTFB.",img image?url=%2Fimages%2Fphotos%2Ftechnologies%2Fdocker-develop,"mobile (Slow 4G, 4x CPU), median of 1 run(s)",200,yes,Core Web Vitals Report
http://localhost:3000/blog/google-cloud-gke-enterprise-multi-cluster,Critical,P1 - fix immediately,Core Web Vitals,LCP poor,Largest Contentful Paint is slow: the main content appears late.,6.53 s,<= 2.5 s,"Optimise the LCP element (Element): priority on the hero image, smaller image, less render-blocking CSS/JS, faster TTFB.",img image?url=%2Fimages%2Fphotos%2Ftechnologies%2Faws-developmen,"mobile (Slow 4G, 4x CPU), median of 1 run(s)",200,yes,Core Web Vitals Report
http://localhost:3000/blog/kubernetes-cost-optimization-with-karpenter,Critical,P1 - fix immediately,Core Web Vitals,LCP poor,Largest Contentful Paint is slow: the main content appears late.,6.56 s,<= 2.5 s,"Optimise the LCP element (Element): priority on the hero image, smaller image, less render-blocking CSS/JS, faster TTFB.",img image?url=%2Fimages%2Fphotos%2Ftechnologies%2Faws-developmen,"mobile (Slow 4G, 4x CPU), median of 1 run(s)",200,yes,Core Web Vitals Report
http://localhost:3000/blog/nginx-vs-envoy-layer-7-reverse-proxy-benchmarks,Critical,P1 - fix immediately,Core Web Vitals,LCP poor,Largest Contentful Paint is slow: the main content appears late.,6.62 s,<= 2.5 s,"Optimise the LCP element (Element): priority on the hero image, smaller image, less render-blocking CSS/JS, faster TTFB.",img image?url=%2Fimages%2Fphotos%2Ftechnologies%2Fterraform-deve,"mobile (Slow 4G, 4x CPU), median of 1 run(s)",200,yes,Core Web Vitals Report
http://localhost:3000/blog/offline-first-mobile-architecture-sqlite-sync-engines,Critical,P1 - fix immediately,Core Web Vitals,LCP poor,Largest Contentful Paint is slow: the main content appears late.,6.38 s,<= 2.5 s,"Optimise the LCP element (Element): priority on the hero image, smaller image, less render-blocking CSS/JS, faster TTFB.",img image?url=%2Fimages%2Fphotos%2Ftechnologies%2Fflutter-develo,"mobile (Slow 4G, 4x CPU), median of 1 run(s)",200,yes,Core Web Vitals Report
http://localhost:3000/blog/opentelemetry-distributed-tracing-at-scale,Critical,P1 - fix immediately,Core Web Vitals,LCP poor,Largest Contentful Paint is slow: the main content appears late.,6.58 s,<= 2.5 s,"Optimise the LCP element (Element): priority on the hero image, smaller image, less render-blocking CSS/JS, faster TTFB.",img image?url=%2Fimages%2Fphotos%2Ftechnologies%2Fterraform-deve,"mobile (Slow 4G, 4x CPU), median of 1 run(s)",200,yes,Core Web Vitals Report
http://localhost:3000/blog/postgresql-16-performance-tuning-indexes-query-plans,Critical,P1 - fix immediately,Core Web Vitals,LCP poor,Largest Contentful Paint is slow: the main content appears late.,6.46 s,<= 2.5 s,"Optimise the LCP element (Element): priority on the hero image, smaller image, less render-blocking CSS/JS, faster TTFB.",img image?url=%2Fimages%2Fphotos%2Ftechnologies%2Fprisma-orm-dev,"mobile (Slow 4G, 4x CPU), median of 1 run(s)",200,yes,Core Web Vitals Report
http://localhost:3000/blog/postman-newman-automated-api-contract-testing-ci,Critical,P1 - fix immediately,Core Web Vitals,LCP poor,Largest Contentful Paint is slow: the main content appears late.,6.50 s,<= 2.5 s,"Optimise the LCP element (Element): priority on the hero image, smaller image, less render-blocking CSS/JS, faster TTFB.",img image?url=%2Fimages%2Fphotos%2Ftechnologies%2Fbackend.webp&w,"mobile (Slow 4G, 4x CPU), median of 1 run(s)",200,yes,Core Web Vitals Report
http://localhost:3000/blog/prisma-orm-vs-drizzle-orm-performance-ergonomics,Critical,P1 - fix immediately,Core Web Vitals,LCP poor,Largest Contentful Paint is slow: the main content appears late.,6.54 s,<= 2.5 s,"Optimise the LCP element (Element): priority on the hero image, smaller image, less render-blocking CSS/JS, faster TTFB.",img image?url=%2Fimages%2Fphotos%2Ftechnologies%2Fdatabase.webp&,"mobile (Slow 4G, 4x CPU), median of 1 run(s)",200,yes,Core Web Vitals Report
http://localhost:3000/blog/prometheus-grafana-engineering-slis-slos,Critical,P1 - fix immediately,Core Web Vitals,LCP poor,Largest Contentful Paint is slow: the main content appears late.,6.55 s,<= 2.5 s,"Optimise the LCP element (Element): priority on the hero image, smaller image, less render-blocking CSS/JS, faster TTFB.",img image?url=%2Fimages%2Fphotos%2Ftechnologies%2Fterraform-deve,"mobile (Slow 4G, 4x CPU), median of 1 run(s)",200,yes,Core Web Vitals Report
http://localhost:3000/blog/push-notification-reliability-apns-fcm,Critical,P1 - fix immediately,Core Web Vitals,LCP poor,Largest Contentful Paint is slow: the main content appears late.,6.38 s,<= 2.5 s,"Optimise the LCP element (Element): priority on the hero image, smaller image, less render-blocking CSS/JS, faster TTFB.",img image?url=%2Fimages%2Fphotos%2Ftechnologies%2Fflutter-develo,"mobile (Slow 4G, 4x CPU), median of 1 run(s)",200,yes,Core Web Vitals Report
http://localhost:3000/blog/react-native-with-webpack-expo-universal-apps,Critical,P1 - fix immediately,Core Web Vitals,LCP poor,Largest Contentful Paint is slow: the main content appears late.,6.35 s,<= 2.5 s,"Optimise the LCP element (Element): priority on the hero image, smaller image, less render-blocking CSS/JS, faster TTFB.",img image?url=%2Fimages%2Fphotos%2Ftechnologies%2Fflutter-develo,"mobile (Slow 4G, 4x CPU), median of 1 run(s)",200,yes,Core Web Vitals Report
http://localhost:3000/blog/real-time-analytics-clickhouse-apache-kafka,Critical,P1 - fix immediately,Core Web Vitals,LCP poor,Largest Contentful Paint is slow: the main content appears late.,6.49 s,<= 2.5 s,"Optimise the LCP element (Element): priority on the hero image, smaller image, less render-blocking CSS/JS, faster TTFB.",img image?url=%2Fimages%2Fphotos%2Ftechnologies%2Fdatabase.webp&,"mobile (Slow 4G, 4x CPU), median of 1 run(s)",200,yes,Core Web Vitals Report
http://localhost:3000/blog/serverless-aws-lambda-cloudflare-workers-dynamodb,Critical,P1 - fix immediately,Core Web Vitals,LCP poor,Largest Contentful Paint is slow: the main content appears late.,6.81 s,<= 2.5 s,"Optimise the LCP element (Element): priority on the hero image, smaller image, less render-blocking CSS/JS, faster TTFB.",img image?url=%2Fimages%2Fphotos%2Ftechnologies%2Fkubernetes-dev,"mobile (Slow 4G, 4x CPU), median of 1 run(s)",200,yes,Core Web Vitals Report
http://localhost:3000/blog/service-mesh-istio-mtls-traffic-shifting,Important,P2 - fix soon,Core Web Vitals,LCP needs improvement,Largest Contentful Paint is slow: the main content appears late.,2.62 s,<= 2.5 s,"Optimise the LCP element (Element): priority on the hero image, smaller image, less render-blocking CSS/JS, faster TTFB.",img image?url=%2Fimages%2Fphotos%2Ftechnologies%2Fcloud.webp&w=1,"mobile (Slow 4G, 4x CPU), median of 1 run(s)",200,yes,Core Web Vitals Report
http://localhost:3000/blog/zero-downtime-database-migrations-expand-contract-pattern,Critical,P1 - fix immediately,Core Web Vitals,LCP poor,Largest Contentful Paint is slow: the main content appears late.,6.56 s,<= 2.5 s,"Optimise the LCP element (Element): priority on the hero image, smaller image, less render-blocking CSS/JS, faster TTFB.",img image?url=%2Fimages%2Fphotos%2Ftechnologies%2Fprisma-orm-dev,"mobile (Slow 4G, 4x CPU), median of 1 run(s)",200,yes,Core Web Vitals Report
http://localhost:3000/blog/zero-downtime-multi-region-kubernetes-delivery,Critical,P1 - fix immediately,Core Web Vitals,LCP poor,Largest Contentful Paint is slow: the main content appears late.,6.55 s,<= 2.5 s,"Optimise the LCP element (Element): priority on the hero image, smaller image, less render-blocking CSS/JS, faster TTFB.",img image?url=%2Fimages%2Fphotos%2Ftechnologies%2Faws-developmen,"mobile (Slow 4G, 4x CPU), median of 1 run(s)",200,yes,Core Web Vitals Report
http://localhost:3000/contact-us,Critical,P1 - fix immediately,Core Web Vitals,LCP poor,Largest Contentful Paint is slow: the main content appears late.,6.34 s,<= 2.5 s,"Optimise the LCP element (Element): priority on the hero image, smaller image, less render-blocking CSS/JS, faster TTFB.",img image?url=%2Fimages%2Fphotos%2Fpages%2Fcontact.webp&w=1920&q,"mobile (Slow 4G, 4x CPU), median of 1 run(s)",200,yes,Core Web Vitals Report
http://localhost:3000/cookie-policy,Important,P2 - fix soon,Core Web Vitals,LCP needs improvement,Largest Contentful Paint is slow: the main content appears late.,3.10 s,<= 2.5 s,"Optimise the LCP element (Element): priority on the hero image, smaller image, less render-blocking CSS/JS, faster TTFB.","p ""Cookies are small text files that are pl""","mobile (Slow 4G, 4x CPU), median of 1 run(s)",200,yes,Core Web Vitals Report
http://localhost:3000/digital-services,Critical,P1 - fix immediately,Core Web Vitals,LCP poor,Largest Contentful Paint is slow: the main content appears late.,8.94 s,<= 2.5 s,"Optimise the LCP element (Element): priority on the hero image, smaller image, less render-blocking CSS/JS, faster TTFB.",img image?url=%2Fimages%2Fphotos%2Ftechnologies%2Fdigital-market,"mobile (Slow 4G, 4x CPU), median of 1 run(s)",200,yes,Core Web Vitals Report
http://localhost:3000/digital-services/ad-creative-design,Critical,P1 - fix immediately,Core Web Vitals,LCP poor,Largest Contentful Paint is slow: the main content appears late.,9.11 s,<= 2.5 s,"Optimise the LCP element (Element): priority on the hero image, smaller image, less render-blocking CSS/JS, faster TTFB.",img image?url=%2Fimages%2Fphotos%2Fpages%2Ffaq.webp&w=1920&q=75,"mobile (Slow 4G, 4x CPU), median of 1 run(s)",200,yes,Core Web Vitals Report
http://localhost:3000/digital-services/analytics-reporting,Critical,P1 - fix immediately,Core Web Vitals,LCP poor,Largest Contentful Paint is slow: the main content appears late.,9.05 s,<= 2.5 s,"Optimise the LCP element (Element): priority on the hero image, smaller image, less render-blocking CSS/JS, faster TTFB.",img image?url=%2Fimages%2Fphotos%2Fpages%2Ffaq.webp&w=1920&q=75,"mobile (Slow 4G, 4x CPU), median of 1 run(s)",200,yes,Core Web Vitals Report
http://localhost:3000/digital-services/branding-logo-design,Critical,P1 - fix immediately,Core Web Vitals,LCP poor,Largest Contentful Paint is slow: the main content appears late.,9.00 s,<= 2.5 s,"Optimise the LCP element (Element): priority on the hero image, smaller image, less render-blocking CSS/JS, faster TTFB.",img image?url=%2Fimages%2Fphotos%2Fpages%2Ffaq.webp&w=1920&q=75,"mobile (Slow 4G, 4x CPU), median of 1 run(s)",200,yes,Core Web Vitals Report
http://localhost:3000/digital-services/content-marketing,Critical,P1 - fix immediately,Core Web Vitals,LCP poor,Largest Contentful Paint is slow: the main content appears late.,8.38 s,<= 2.5 s,"Optimise the LCP element (Element): priority on the hero image, smaller image, less render-blocking CSS/JS, faster TTFB.",img image?url=%2Fimages%2Fphotos%2Fservices%2Fcontent-marketing-,"mobile (Slow 4G, 4x CPU), median of 1 run(s)",200,yes,Core Web Vitals Report
http://localhost:3000/digital-services/copywriting-blog-writing,Critical,P1 - fix immediately,Core Web Vitals,LCP poor,Largest Contentful Paint is slow: the main content appears late.,9.09 s,<= 2.5 s,"Optimise the LCP element (Element): priority on the hero image, smaller image, less render-blocking CSS/JS, faster TTFB.",img image?url=%2Fimages%2Fphotos%2Fpages%2Ffaq.webp&w=1920&q=75,"mobile (Slow 4G, 4x CPU), median of 1 run(s)",200,yes,Core Web Vitals Report
http://localhost:3000/digital-services/cro,Critical,P1 - fix immediately,Core Web Vitals,LCP poor,Largest Contentful Paint is slow: the main content appears late.,9.08 s,<= 2.5 s,"Optimise the LCP element (Element): priority on the hero image, smaller image, less render-blocking CSS/JS, faster TTFB.",img image?url=%2Fimages%2Fphotos%2Fpages%2Ffaq.webp&w=1920&q=75,"mobile (Slow 4G, 4x CPU), median of 1 run(s)",200,yes,Core Web Vitals Report
http://localhost:3000/digital-services/email-marketing,Critical,P1 - fix immediately,Core Web Vitals,LCP poor,Largest Contentful Paint is slow: the main content appears late.,9.12 s,<= 2.5 s,"Optimise the LCP element (Element): priority on the hero image, smaller image, less render-blocking CSS/JS, faster TTFB.",img image?url=%2Fimages%2Fphotos%2Fpages%2Ffaq.webp&w=1920&q=75,"mobile (Slow 4G, 4x CPU), median of 1 run(s)",200,yes,Core Web Vitals Report
http://localhost:3000/digital-services/graphic-design-ad-creatives,Critical,P1 - fix immediately,Core Web Vitals,LCP poor,Largest Contentful Paint is slow: the main content appears late.,8.98 s,<= 2.5 s,"Optimise the LCP element (Element): priority on the hero image, smaller image, less render-blocking CSS/JS, faster TTFB.",img image?url=%2Fimages%2Fphotos%2Fpages%2Ffaq.webp&w=1920&q=75,"mobile (Slow 4G, 4x CPU), median of 1 run(s)",200,yes,Core Web Vitals Report
http://localhost:3000/digital-services/influencer-marketing,Critical,P1 - fix immediately,Core Web Vitals,LCP poor,Largest Contentful Paint is slow: the main content appears late.,9.04 s,<= 2.5 s,"Optimise the LCP element (Element): priority on the hero image, smaller image, less render-blocking CSS/JS, faster TTFB.",img image?url=%2Fimages%2Fphotos%2Fpages%2Ffaq.webp&w=1920&q=75,"mobile (Slow 4G, 4x CPU), median of 1 run(s)",200,yes,Core Web Vitals Report
http://localhost:3000/digital-services/infographics-visual-content,Critical,P1 - fix immediately,Core Web Vitals,LCP poor,Largest Contentful Paint is slow: the main content appears late.,9.13 s,<= 2.5 s,"Optimise the LCP element (Element): priority on the hero image, smaller image, less render-blocking CSS/JS, faster TTFB.",img image?url=%2Fimages%2Fphotos%2Fpages%2Ffaq.webp&w=1920&q=75,"mobile (Slow 4G, 4x CPU), median of 1 run(s)",200,yes,Core Web Vitals Report
http://localhost:3000/digital-services/landing-page-design,Critical,P1 - fix immediately,Core Web Vitals,LCP poor,Largest Contentful Paint is slow: the main content appears late.,8.99 s,<= 2.5 s,"Optimise the LCP element (Element): priority on the hero image, smaller image, less render-blocking CSS/JS, faster TTFB.",img image?url=%2Fimages%2Fphotos%2Fpages%2Ffaq.webp&w=1920&q=75,"mobile (Slow 4G, 4x CPU), median of 1 run(s)",200,yes,Core Web Vitals Report
http://localhost:3000/digital-services/local-seo,Critical,P1 - fix immediately,Core Web Vitals,LCP poor,Largest Contentful Paint is slow: the main content appears late.,9.04 s,<= 2.5 s,"Optimise the LCP element (Element): priority on the hero image, smaller image, less render-blocking CSS/JS, faster TTFB.",img image?url=%2Fimages%2Fphotos%2Fpages%2Ffaq.webp&w=1920&q=75,"mobile (Slow 4G, 4x CPU), median of 1 run(s)",200,yes,Core Web Vitals Report
http://localhost:3000/digital-services/marketing-automation-crm,Critical,P1 - fix immediately,Core Web Vitals,LCP poor,Largest Contentful Paint is slow: the main content appears late.,9.08 s,<= 2.5 s,"Optimise the LCP element (Element): priority on the hero image, smaller image, less render-blocking CSS/JS, faster TTFB.",img image?url=%2Fimages%2Fphotos%2Fpages%2Ffaq.webp&w=1920&q=75,"mobile (Slow 4G, 4x CPU), median of 1 run(s)",200,yes,Core Web Vitals Report
http://localhost:3000/digital-services/seo-ppc,Critical,P1 - fix immediately,Core Web Vitals,LCP poor,Largest Contentful Paint is slow: the main content appears late.,9.16 s,<= 2.5 s,"Optimise the LCP element (Element): priority on the hero image, smaller image, less render-blocking CSS/JS, faster TTFB.",img image?url=%2Fimages%2Fphotos%2Fpages%2Ffaq.webp&w=1920&q=75,"mobile (Slow 4G, 4x CPU), median of 1 run(s)",200,yes,Core Web Vitals Report
http://localhost:3000/digital-services/social-media-content-creation,Critical,P1 - fix immediately,Core Web Vitals,LCP poor,Largest Contentful Paint is slow: the main content appears late.,9.27 s,<= 2.5 s,"Optimise the LCP element (Element): priority on the hero image, smaller image, less render-blocking CSS/JS, faster TTFB.",img image?url=%2Fimages%2Fphotos%2Fpages%2Ffaq.webp&w=1920&q=75,"mobile (Slow 4G, 4x CPU), median of 1 run(s)",200,yes,Core Web Vitals Report
http://localhost:3000/digital-services/social-media-marketing,Critical,P1 - fix immediately,Core Web Vitals,LCP poor,Largest Contentful Paint is slow: the main content appears late.,8.24 s,<= 2.5 s,"Optimise the LCP element (Element): priority on the hero image, smaller image, less render-blocking CSS/JS, faster TTFB.",img image?url=%2Fimages%2Fphotos%2Fservices%2Fsocial-media-marke,"mobile (Slow 4G, 4x CPU), median of 1 run(s)",200,yes,Core Web Vitals Report
http://localhost:3000/digital-services/video-editing,Critical,P1 - fix immediately,Core Web Vitals,LCP poor,Largest Contentful Paint is slow: the main content appears late.,9.20 s,<= 2.5 s,"Optimise the LCP element (Element): priority on the hero image, smaller image, less render-blocking CSS/JS, faster TTFB.",img image?url=%2Fimages%2Fphotos%2Fpages%2Ffaq.webp&w=1920&q=75,"mobile (Slow 4G, 4x CPU), median of 1 run(s)",200,yes,Core Web Vitals Report
http://localhost:3000/industries,Critical,P1 - fix immediately,Core Web Vitals,LCP poor,Largest Contentful Paint is slow: the main content appears late.,8.05 s,<= 2.5 s,"Optimise the LCP element (Element): priority on the hero image, smaller image, less render-blocking CSS/JS, faster TTFB.",img image?url=%2Fimages%2Fphotos%2Findustries%2Fmanufacturing.we,"mobile (Slow 4G, 4x CPU), median of 1 run(s)",200,yes,Core Web Vitals Report
http://localhost:3000/industries/ai-data,Critical,P1 - fix immediately,Core Web Vitals,LCP poor,Largest Contentful Paint is slow: the main content appears late.,9.68 s,<= 2.5 s,"Optimise the LCP element (Element): priority on the hero image, smaller image, less render-blocking CSS/JS, faster TTFB.",img image?url=%2Fimages%2Fphotos%2Findustries%2Fhealthcare.webp&,"mobile (Slow 4G, 4x CPU), median of 1 run(s)",200,yes,Core Web Vitals Report
http://localhost:3000/industries/automotive,Critical,P1 - fix immediately,Core Web Vitals,LCP poor,Largest Contentful Paint is slow: the main content appears late.,10.56 s,<= 2.5 s,"Optimise the LCP element (Element): priority on the hero image, smaller image, less render-blocking CSS/JS, faster TTFB.",img image?url=%2Fimages%2Fphotos%2Findustries%2Fretail-ecommerce,"mobile (Slow 4G, 4x CPU), median of 1 run(s)",200,yes,Core Web Vitals Report
http://localhost:3000/industries/banking-finance,Critical,P1 - fix immediately,Core Web Vitals,LCP poor,Largest Contentful Paint is slow: the main content appears late.,8.48 s,<= 2.5 s,"Optimise the LCP element (Element): priority on the hero image, smaller image, less render-blocking CSS/JS, faster TTFB.",img image?url=%2Fimages%2Fphotos%2Fprojects%2Ffinancial-dashboar,"mobile (Slow 4G, 4x CPU), median of 1 run(s)",200,yes,Core Web Vitals Report
http://localhost:3000/industries/construction,Critical,P1 - fix immediately,Core Web Vitals,LCP poor,Largest Contentful Paint is slow: the main content appears late.,9.67 s,<= 2.5 s,"Optimise the LCP element (Element): priority on the hero image, smaller image, less render-blocking CSS/JS, faster TTFB.",img image?url=%2Fimages%2Fphotos%2Findustries%2Fretail-ecommerce,"mobile (Slow 4G, 4x CPU), median of 1 run(s)",200,yes,Core Web Vitals Report
http://localhost:3000/industries/corporate,Critical,P1 - fix immediately,Core Web Vitals,LCP poor,Largest Contentful Paint is slow: the main content appears late.,8.89 s,<= 2.5 s,"Optimise the LCP element (Element): priority on the hero image, smaller image, less render-blocking CSS/JS, faster TTFB.",img image?url=%2Fimages%2Fphotos%2Fprojects%2Ffieldforce-sales-a,"mobile (Slow 4G, 4x CPU), median of 1 run(s)",200,yes,Core Web Vitals Report
http://localhost:3000/industries/cybersecurity,Critical,P1 - fix immediately,Core Web Vitals,LCP poor,Largest Contentful Paint is slow: the main content appears late.,9.78 s,<= 2.5 s,"Optimise the LCP element (Element): priority on the hero image, smaller image, less render-blocking CSS/JS, faster TTFB.",img image?url=%2Fimages%2Fphotos%2Findustries%2Fretail-ecommerce,"mobile (Slow 4G, 4x CPU), median of 1 run(s)",200,yes,Core Web Vitals Report
http://localhost:3000/industries/education,Critical,P1 - fix immediately,Core Web Vitals,LCP poor,Largest Contentful Paint is slow: the main content appears late.,10.19 s,<= 2.5 s,"Optimise the LCP element (Element): priority on the hero image, smaller image, less render-blocking CSS/JS, faster TTFB.",img image?url=%2Fimages%2Fphotos%2Findustries%2Fretail-ecommerce,"mobile (Slow 4G, 4x CPU), median of 1 run(s)",200,yes,Core Web Vitals Report
http://localhost:3000/industries/food-restaurant,Critical,P1 - fix immediately,Core Web Vitals,LCP poor,Largest Contentful Paint is slow: the main content appears late.,8.46 s,<= 2.5 s,"Optimise the LCP element (Element): priority on the hero image, smaller image, less render-blocking CSS/JS, faster TTFB.",img image?url=%2Fimages%2Fphotos%2Fprojects%2Frecipebox-api.webp,"mobile (Slow 4G, 4x CPU), median of 1 run(s)",200,yes,Core Web Vitals Report
http://localhost:3000/industries/government,Important,P2 - fix soon,Core Web Vitals,LCP needs improvement,Largest Contentful Paint is slow: the main content appears late.,3.08 s,<= 2.5 s,"Optimise the LCP element (Element): priority on the hero image, smaller image, less render-blocking CSS/JS, faster TTFB.",img image?url=%2Fimages%2Fphotos%2Findustries%2Fgovernment.webp&,"mobile (Slow 4G, 4x CPU), median of 1 run(s)",200,yes,Core Web Vitals Report
http://localhost:3000/industries/healthcare,Critical,P1 - fix immediately,Core Web Vitals,LCP poor,Largest Contentful Paint is slow: the main content appears late.,8.81 s,<= 2.5 s,"Optimise the LCP element (Element): priority on the hero image, smaller image, less render-blocking CSS/JS, faster TTFB.",img image?url=%2Fimages%2Fphotos%2Fprojects%2Fhealthcare-managem,"mobile (Slow 4G, 4x CPU), median of 1 run(s)",200,yes,Core Web Vitals Report
http://localhost:3000/industries/hr-recruitment,Critical,P1 - fix immediately,Core Web Vitals,LCP poor,Largest Contentful Paint is slow: the main content appears late.,9.66 s,<= 2.5 s,"Optimise the LCP element (Element): priority on the hero image, smaller image, less render-blocking CSS/JS, faster TTFB.",img image?url=%2Fimages%2Fphotos%2Findustries%2Fretail-ecommerce,"mobile (Slow 4G, 4x CPU), median of 1 run(s)",200,yes,Core Web Vitals Report
http://localhost:3000/industries/insurance,Critical,P1 - fix immediately,Core Web Vitals,LCP poor,Largest Contentful Paint is slow: the main content appears late.,9.70 s,<= 2.5 s,"Optimise the LCP element (Element): priority on the hero image, smaller image, less render-blocking CSS/JS, faster TTFB.",img image?url=%2Fimages%2Fphotos%2Findustries%2Fretail-ecommerce,"mobile (Slow 4G, 4x CPU), median of 1 run(s)",200,yes,Core Web Vitals Report
http://localhost:3000/industries/logistics,Critical,P1 - fix immediately,Core Web Vitals,LCP poor,Largest Contentful Paint is slow: the main content appears late.,8.79 s,<= 2.5 s,"Optimise the LCP element (Element): priority on the hero image, smaller image, less render-blocking CSS/JS, faster TTFB.",img image?url=%2Fimages%2Fphotos%2Fprojects%2Fdispatchiq-logisti,"mobile (Slow 4G, 4x CPU), median of 1 run(s)",200,yes,Core Web Vitals Report
http://localhost:3000/industries/manufacturing,Critical,P1 - fix immediately,Core Web Vitals,LCP poor,Largest Contentful Paint is slow: the main content appears late.,9.77 s,<= 2.5 s,"Optimise the LCP element (Element): priority on the hero image, smaller image, less render-blocking CSS/JS, faster TTFB.",img image?url=%2Fimages%2Fphotos%2Findustries%2Fhealthcare.webp&,"mobile (Slow 4G, 4x CPU), median of 1 run(s)",200,yes,Core Web Vitals Report
http://localhost:3000/industries/marketing-advertising,Critical,P1 - fix immediately,Core Web Vitals,LCP poor,Largest Contentful Paint is slow: the main content appears late.,10.03 s,<= 2.5 s,"Optimise the LCP element (Element): priority on the hero image, smaller image, less render-blocking CSS/JS, faster TTFB.",img image?url=%2Fimages%2Fphotos%2Findustries%2Fretail-ecommerce,"mobile (Slow 4G, 4x CPU), median of 1 run(s)",200,yes,Core Web Vitals Report
http://localhost:3000/industries/media-entertainment,Critical,P1 - fix immediately,Core Web Vitals,LCP poor,Largest Contentful Paint is slow: the main content appears late.,9.19 s,<= 2.5 s,"Optimise the LCP element (Element): priority on the hero image, smaller image, less render-blocking CSS/JS, faster TTFB.",img image?url=%2Fimages%2Fphotos%2Fprojects%2Fmediastream-aws.we,"mobile (Slow 4G, 4x CPU), median of 1 run(s)",200,yes,Core Web Vitals Report
http://localhost:3000/industries/non-profit,Critical,P1 - fix immediately,Core Web Vitals,LCP poor,Largest Contentful Paint is slow: the main content appears late.,9.56 s,<= 2.5 s,"Optimise the LCP element (Element): priority on the hero image, smaller image, less render-blocking CSS/JS, faster TTFB.",img image?url=%2Fimages%2Fphotos%2Findustries%2Fretail-ecommerce,"mobile (Slow 4G, 4x CPU), median of 1 run(s)",200,yes,Core Web Vitals Report
http://localhost:3000/industries/real-estate,Critical,P1 - fix immediately,Core Web Vitals,LCP poor,Largest Contentful Paint is slow: the main content appears late.,8.88 s,<= 2.5 s,"Optimise the LCP element (Element): priority on the hero image, smaller image, less render-blocking CSS/JS, faster TTFB.",img image?url=%2Fimages%2Fphotos%2Fprojects%2Fppc-leadgen-reales,"mobile (Slow 4G, 4x CPU), median of 1 run(s)",200,yes,Core Web Vitals Report
http://localhost:3000/industries/retail-ecommerce,Critical,P1 - fix immediately,Core Web Vitals,LCP poor,Largest Contentful Paint is slow: the main content appears late.,8.39 s,<= 2.5 s,"Optimise the LCP element (Element): priority on the hero image, smaller image, less render-blocking CSS/JS, faster TTFB.",img image?url=%2Fimages%2Fphotos%2Fprojects%2Fe-commerce-platfor,"mobile (Slow 4G, 4x CPU), median of 1 run(s)",200,yes,Core Web Vitals Report
http://localhost:3000/industries/saas,Critical,P1 - fix immediately,Core Web Vitals,LCP poor,Largest Contentful Paint is slow: the main content appears late.,7.68 s,<= 2.5 s,"Optimise the LCP element (Element): priority on the hero image, smaller image, less render-blocking CSS/JS, faster TTFB.",img image?url=%2Fimages%2Fphotos%2Findustries%2Fhealthcare.webp&,"mobile (Slow 4G, 4x CPU), median of 1 run(s)",200,yes,Core Web Vitals Report
http://localhost:3000/industries/social-networking,Critical,P1 - fix immediately,Core Web Vitals,LCP poor,Largest Contentful Paint is slow: the main content appears late.,10.01 s,<= 2.5 s,"Optimise the LCP element (Element): priority on the hero image, smaller image, less render-blocking CSS/JS, faster TTFB.",img image?url=%2Fimages%2Fphotos%2Findustries%2Fretail-ecommerce,"mobile (Slow 4G, 4x CPU), median of 1 run(s)",200,yes,Core Web Vitals Report
http://localhost:3000/industries/sports-fitness,Critical,P1 - fix immediately,Core Web Vitals,LCP poor,Largest Contentful Paint is slow: the main content appears late.,9.55 s,<= 2.5 s,"Optimise the LCP element (Element): priority on the hero image, smaller image, less render-blocking CSS/JS, faster TTFB.",img image?url=%2Fimages%2Fphotos%2Fprojects%2Ffootrex-sports-pla,"mobile (Slow 4G, 4x CPU), median of 1 run(s)",200,yes,Core Web Vitals Report
http://localhost:3000/industries/telecommunications,Critical,P1 - fix immediately,Core Web Vitals,LCP poor,Largest Contentful Paint is slow: the main content appears late.,9.90 s,<= 2.5 s,"Optimise the LCP element (Element): priority on the hero image, smaller image, less render-blocking CSS/JS, faster TTFB.",img image?url=%2Fimages%2Fphotos%2Findustries%2Fretail-ecommerce,"mobile (Slow 4G, 4x CPU), median of 1 run(s)",200,yes,Core Web Vitals Report
http://localhost:3000/industries/travel-hospitality,Critical,P1 - fix immediately,Core Web Vitals,LCP poor,Largest Contentful Paint is slow: the main content appears late.,8.76 s,<= 2.5 s,"Optimise the LCP element (Element): priority on the hero image, smaller image, less render-blocking CSS/JS, faster TTFB.",img image?url=%2Fimages%2Fphotos%2Fprojects%2Fstayeasy-hotel-boo,"mobile (Slow 4G, 4x CPU), median of 1 run(s)",200,yes,Core Web Vitals Report
http://localhost:3000/infrastructure,Critical,P1 - fix immediately,Core Web Vitals,LCP poor,Largest Contentful Paint is slow: the main content appears late.,6.78 s,<= 2.5 s,"Optimise the LCP element (Element): priority on the hero image, smaller image, less render-blocking CSS/JS, faster TTFB.",img tech-general.png,"mobile (Slow 4G, 4x CPU), median of 1 run(s)",200,no,Core Web Vitals Report
http://localhost:3000/intelligent-data-services,Critical,P1 - fix immediately,Core Web Vitals,LCP poor,Largest Contentful Paint is slow: the main content appears late.,8.38 s,<= 2.5 s,"Optimise the LCP element (Element): priority on the hero image, smaller image, less render-blocking CSS/JS, faster TTFB.",img image?url=%2Fimages%2Fphotos%2Ftechnologies%2Fai-ml.webp&w=1,"mobile (Slow 4G, 4x CPU), median of 1 run(s)",200,yes,Core Web Vitals Report
http://localhost:3000/intelligent-data-services/ai-app-development,Critical,P1 - fix immediately,Core Web Vitals,LCP poor,Largest Contentful Paint is slow: the main content appears late.,9.25 s,<= 2.5 s,"Optimise the LCP element (Element): priority on the hero image, smaller image, less render-blocking CSS/JS, faster TTFB.",img image?url=%2Fimages%2Fphotos%2Fpages%2Ffaq.webp&w=1920&q=75,"mobile (Slow 4G, 4x CPU), median of 1 run(s)",200,yes,Core Web Vitals Report
http://localhost:3000/intelligent-data-services/blockchain-development,Critical,P1 - fix immediately,Core Web Vitals,LCP poor,Largest Contentful Paint is slow: the main content appears late.,8.32 s,<= 2.5 s,"Optimise the LCP element (Element): priority on the hero image, smaller image, less render-blocking CSS/JS, faster TTFB.",img image?url=%2Fimages%2Fphotos%2Fservices%2Fblockchain-develop,"mobile (Slow 4G, 4x CPU), median of 1 run(s)",200,yes,Core Web Vitals Report
http://localhost:3000/intelligent-data-services/chatbot-development,Critical,P1 - fix immediately,Core Web Vitals,LCP poor,Largest Contentful Paint is slow: the main content appears late.,8.23 s,<= 2.5 s,"Optimise the LCP element (Element): priority on the hero image, smaller image, less render-blocking CSS/JS, faster TTFB.",img image?url=%2Fimages%2Fphotos%2Fservices%2Fchatbot-developmen,"mobile (Slow 4G, 4x CPU), median of 1 run(s)",200,yes,Core Web Vitals Report
http://localhost:3000/intelligent-data-services/iot-development,Critical,P1 - fix immediately,Core Web Vitals,LCP poor,Largest Contentful Paint is slow: the main content appears late.,9.00 s,<= 2.5 s,"Optimise the LCP element (Element): priority on the hero image, smaller image, less render-blocking CSS/JS, faster TTFB.",img image?url=%2Fimages%2Fphotos%2Fpages%2Ffaq.webp&w=1920&q=75,"mobile (Slow 4G, 4x CPU), median of 1 run(s)",200,yes,Core Web Vitals Report
http://localhost:3000/intelligent-data-services/ml-development,Critical,P1 - fix immediately,Core Web Vitals,LCP poor,Largest Contentful Paint is slow: the main content appears late.,8.34 s,<= 2.5 s,"Optimise the LCP element (Element): priority on the hero image, smaller image, less render-blocking CSS/JS, faster TTFB.",img image?url=%2Fimages%2Fphotos%2Fservices%2Fml-development-2.w,"mobile (Slow 4G, 4x CPU), median of 1 run(s)",200,yes,Core Web Vitals Report
http://localhost:3000/our-process,Critical,P1 - fix immediately,Core Web Vitals,LCP poor,Largest Contentful Paint is slow: the main content appears late.,6.53 s,<= 2.5 s,"Optimise the LCP element (Element): priority on the hero image, smaller image, less render-blocking CSS/JS, faster TTFB.",img process.webp,"mobile (Slow 4G, 4x CPU), median of 1 run(s)",200,yes,Core Web Vitals Report
http://localhost:3000/portfolio,Critical,P1 - fix immediately,Core Web Vitals,LCP poor,Largest Contentful Paint is slow: the main content appears late.,10.31 s,<= 2.5 s,"Optimise the LCP element (Element): priority on the hero image, smaller image, less render-blocking CSS/JS, faster TTFB.",img tradeview-analytics-dashboard.webp,"mobile (Slow 4G, 4x CPU), median of 1 run(s)",200,yes,Core Web Vitals Report
http://localhost:3000/portfolio/adinsights-gcp,Critical,P1 - fix immediately,Core Web Vitals,LCP poor,Largest Contentful Paint is slow: the main content appears late.,6.85 s,<= 2.5 s,"Optimise the LCP element (Element): priority on the hero image, smaller image, less render-blocking CSS/JS, faster TTFB.",img image?url=%2Fimages%2Fphotos%2Fprojects%2Fseo-growth-edtech.,"mobile (Slow 4G, 4x CPU), median of 1 run(s)",200,yes,Core Web Vitals Report
http://localhost:3000/portfolio/analytics-setup-retail,Critical,P1 - fix immediately,Core Web Vitals,LCP poor,Largest Contentful Paint is slow: the main content appears late.,6.98 s,<= 2.5 s,"Optimise the LCP element (Element): priority on the hero image, smaller image, less render-blocking CSS/JS, faster TTFB.",img image?url=%2Fimages%2Fphotos%2Fprojects%2Fbrewbox-subscripti,"mobile (Slow 4G, 4x CPU), median of 1 run(s)",200,yes,Core Web Vitals Report
http://localhost:3000/portfolio/autoparts-magento,Critical,P1 - fix immediately,Core Web Vitals,LCP poor,Largest Contentful Paint is slow: the main content appears late.,6.98 s,<= 2.5 s,"Optimise the LCP element (Element): priority on the hero image, smaller image, less render-blocking CSS/JS, faster TTFB.",img image?url=%2Fimages%2Fphotos%2Fprojects%2Ffootrex-sports-pla,"mobile (Slow 4G, 4x CPU), median of 1 run(s)",200,yes,Core Web Vitals Report
http://localhost:3000/portfolio/bikeparts-opencart,Critical,P1 - fix immediately,Core Web Vitals,LCP poor,Largest Contentful Paint is slow: the main content appears late.,6.96 s,<= 2.5 s,"Optimise the LCP element (Element): priority on the hero image, smaller image, less render-blocking CSS/JS, faster TTFB.",img image?url=%2Fimages%2Fphotos%2Fprojects%2Fe-commerce-platfor,"mobile (Slow 4G, 4x CPU), median of 1 run(s)",200,yes,Core Web Vitals Report
http://localhost:3000/portfolio/brewbox-subscription-store,Critical,P1 - fix immediately,Core Web Vitals,LCP poor,Largest Contentful Paint is slow: the main content appears late.,7.02 s,<= 2.5 s,"Optimise the LCP element (Element): priority on the hero image, smaller image, less render-blocking CSS/JS, faster TTFB.",img image?url=%2Fimages%2Fphotos%2Fprojects%2Fshopnear-grocery-a,"mobile (Slow 4G, 4x CPU), median of 1 run(s)",200,yes,Core Web Vitals Report
http://localhost:3000/portfolio/campusone-erp,Critical,P1 - fix immediately,Core Web Vitals,LCP poor,Largest Contentful Paint is slow: the main content appears late.,7.10 s,<= 2.5 s,"Optimise the LCP element (Element): priority on the hero image, smaller image, less render-blocking CSS/JS, faster TTFB.",img image?url=%2Fimages%2Fphotos%2Fprojects%2Fsmartcampus-attend,"mobile (Slow 4G, 4x CPU), median of 1 run(s)",200,yes,Core Web Vitals Report
http://localhost:3000/portfolio/checkout-test-automation,Critical,P1 - fix immediately,Core Web Vitals,LCP poor,Largest Contentful Paint is slow: the main content appears late.,6.92 s,<= 2.5 s,"Optimise the LCP element (Element): priority on the hero image, smaller image, less render-blocking CSS/JS, faster TTFB.",img image?url=%2Fimages%2Fphotos%2Fprojects%2Fbrewbox-subscripti,"mobile (Slow 4G, 4x CPU), median of 1 run(s)",200,yes,Core Web Vitals Report
http://localhost:3000/portfolio/coldchain-iot,Critical,P1 - fix immediately,Core Web Vitals,LCP poor,Largest Contentful Paint is slow: the main content appears late.,6.81 s,<= 2.5 s,"Optimise the LCP element (Element): priority on the hero image, smaller image, less render-blocking CSS/JS, faster TTFB.",img image?url=%2Fimages%2Fphotos%2Fprojects%2Fwarehousescan-xama,"mobile (Slow 4G, 4x CPU), median of 1 run(s)",200,yes,Core Web Vitals Report
http://localhost:3000/portfolio/coursecraft-lms,Critical,P1 - fix immediately,Core Web Vitals,LCP poor,Largest Contentful Paint is slow: the main content appears late.,7.14 s,<= 2.5 s,"Optimise the LCP element (Element): priority on the hero image, smaller image, less render-blocking CSS/JS, faster TTFB.",img image?url=%2Fimages%2Fphotos%2Fprojects%2Fcampusone-erp.webp,"mobile (Slow 4G, 4x CPU), median of 1 run(s)",200,yes,Core Web Vitals Report
http://localhost:3000/portfolio/craftbazaar-woocommerce,Critical,P1 - fix immediately,Core Web Vitals,LCP poor,Largest Contentful Paint is slow: the main content appears late.,7.04 s,<= 2.5 s,"Optimise the LCP element (Element): priority on the hero image, smaller image, less render-blocking CSS/JS, faster TTFB.",img image?url=%2Fimages%2Fphotos%2Fprojects%2Fbrewbox-subscripti,"mobile (Slow 4G, 4x CPU), median of 1 run(s)",200,yes,Core Web Vitals Report
http://localhost:3000/portfolio/dispatchiq-logistics-api,Critical,P1 - fix immediately,Core Web Vitals,LCP poor,Largest Contentful Paint is slow: the main content appears late.,6.98 s,<= 2.5 s,"Optimise the LCP element (Element): priority on the hero image, smaller image, less render-blocking CSS/JS, faster TTFB.",img image?url=%2Fimages%2Fphotos%2Fprojects%2Fcoldchain-iot.webp,"mobile (Slow 4G, 4x CPU), median of 1 run(s)",200,yes,Core Web Vitals Report
http://localhost:3000/portfolio/docparse-invoice-automation,Critical,P1 - fix immediately,Core Web Vitals,LCP poor,Largest Contentful Paint is slow: the main content appears late.,6.74 s,<= 2.5 s,"Optimise the LCP element (Element): priority on the hero image, smaller image, less render-blocking CSS/JS, faster TTFB.",img image?url=%2Fimages%2Fphotos%2Fprojects%2Ffieldforce-sales-a,"mobile (Slow 4G, 4x CPU), median of 1 run(s)",200,yes,Core Web Vitals Report
http://localhost:3000/portfolio/e-commerce-platform,Critical,P1 - fix immediately,Core Web Vitals,LCP poor,Largest Contentful Paint is slow: the main content appears late.,7.14 s,<= 2.5 s,"Optimise the LCP element (Element): priority on the hero image, smaller image, less render-blocking CSS/JS, faster TTFB.",img image?url=%2Fimages%2Fphotos%2Fprojects%2Fshopnear-grocery-a,"mobile (Slow 4G, 4x CPU), median of 1 run(s)",200,yes,Core Web Vitals Report
http://localhost:3000/portfolio/electronics-nopcommerce,Critical,P1 - fix immediately,Core Web Vitals,LCP poor,Largest Contentful Paint is slow: the main content appears late.,6.80 s,<= 2.5 s,"Optimise the LCP element (Element): priority on the hero image, smaller image, less render-blocking CSS/JS, faster TTFB.",img image?url=%2Fimages%2Fphotos%2Fprojects%2Fbrewbox-subscripti,"mobile (Slow 4G, 4x CPU), median of 1 run(s)",200,yes,Core Web Vitals Report
http://localhost:3000/portfolio/email-automation-ecommerce,Critical,P1 - fix immediately,Core Web Vitals,LCP poor,Largest Contentful Paint is slow: the main content appears late.,6.86 s,<= 2.5 s,"Optimise the LCP element (Element): priority on the hero image, smaller image, less render-blocking CSS/JS, faster TTFB.",img image?url=%2Fimages%2Fphotos%2Fprojects%2Fbrewbox-subscripti,"mobile (Slow 4G, 4x CPU), median of 1 run(s)",200,yes,Core Web Vitals Report
http://localhost:3000/portfolio/eventsphere-ticketing,Critical,P1 - fix immediately,Core Web Vitals,LCP poor,Largest Contentful Paint is slow: the main content appears late.,6.76 s,<= 2.5 s,"Optimise the LCP element (Element): priority on the hero image, smaller image, less render-blocking CSS/JS, faster TTFB.",img image?url=%2Fimages%2Fphotos%2Fprojects%2Fmediastream-aws.we,"mobile (Slow 4G, 4x CPU), median of 1 run(s)",200,yes,Core Web Vitals Report
http://localhost:3000/portfolio/farmlink-marketplace,Critical,P1 - fix immediately,Core Web Vitals,LCP poor,Largest Contentful Paint is slow: the main content appears late.,6.84 s,<= 2.5 s,"Optimise the LCP element (Element): priority on the hero image, smaller image, less render-blocking CSS/JS, faster TTFB.",img image?url=%2Fimages%2Fphotos%2Fprojects%2Ffitflow-studio-boo,"mobile (Slow 4G, 4x CPU), median of 1 run(s)",200,yes,Core Web Vitals Report
http://localhost:3000/portfolio/fieldforce-sales-app,Critical,P1 - fix immediately,Core Web Vitals,LCP poor,Largest Contentful Paint is slow: the main content appears late.,6.68 s,<= 2.5 s,"Optimise the LCP element (Element): priority on the hero image, smaller image, less render-blocking CSS/JS, faster TTFB.",img image?url=%2Fimages%2Fphotos%2Fprojects%2Fdocparse-invoice-a,"mobile (Slow 4G, 4x CPU), median of 1 run(s)",200,yes,Core Web Vitals Report
http://localhost:3000/portfolio/fitflow-studio-booking,Critical,P1 - fix immediately,Core Web Vitals,LCP poor,Largest Contentful Paint is slow: the main content appears late.,6.93 s,<= 2.5 s,"Optimise the LCP element (Element): priority on the hero image, smaller image, less render-blocking CSS/JS, faster TTFB.",img image?url=%2Fimages%2Fphotos%2Fprojects%2Ffootrex-sports-pla,"mobile (Slow 4G, 4x CPU), median of 1 run(s)",200,yes,Core Web Vitals Report
http://localhost:3000/portfolio/fleetcare-maintenance,Critical,P1 - fix immediately,Core Web Vitals,LCP poor,Largest Contentful Paint is slow: the main content appears late.,6.78 s,<= 2.5 s,"Optimise the LCP element (Element): priority on the hero image, smaller image, less render-blocking CSS/JS, faster TTFB.",img image?url=%2Fimages%2Fphotos%2Fprojects%2Fparkit-smart-parki,"mobile (Slow 4G, 4x CPU), median of 1 run(s)",200,yes,Core Web Vitals Report
http://localhost:3000/portfolio/golftrack-ios,Critical,P1 - fix immediately,Core Web Vitals,LCP poor,Largest Contentful Paint is slow: the main content appears late.,6.82 s,<= 2.5 s,"Optimise the LCP element (Element): priority on the hero image, smaller image, less render-blocking CSS/JS, faster TTFB.",img image?url=%2Fimages%2Fphotos%2Fprojects%2Ffootrex-sports-pla,"mobile (Slow 4G, 4x CPU), median of 1 run(s)",200,yes,Core Web Vitals Report
http://localhost:3000/portfolio/gymbuddy-flutter,Critical,P1 - fix immediately,Core Web Vitals,LCP poor,Largest Contentful Paint is slow: the main content appears late.,6.88 s,<= 2.5 s,"Optimise the LCP element (Element): priority on the hero image, smaller image, less render-blocking CSS/JS, faster TTFB.",img image?url=%2Fimages%2Fphotos%2Fprojects%2Ffootrex-sports-pla,"mobile (Slow 4G, 4x CPU), median of 1 run(s)",200,yes,Core Web Vitals Report
http://localhost:3000/portfolio/helpbot-ai-assistant,Critical,P1 - fix immediately,Core Web Vitals,LCP poor,Largest Contentful Paint is slow: the main content appears late.,6.94 s,<= 2.5 s,"Optimise the LCP element (Element): priority on the hero image, smaller image, less render-blocking CSS/JS, faster TTFB.",img image?url=%2Fimages%2Fphotos%2Fprojects%2Fresume-screening-m,"mobile (Slow 4G, 4x CPU), median of 1 run(s)",200,yes,Core Web Vitals Report
http://localhost:3000/portfolio/homedecor-magento-upgrade,Critical,P1 - fix immediately,Core Web Vitals,LCP poor,Largest Contentful Paint is slow: the main content appears late.,6.81 s,<= 2.5 s,"Optimise the LCP element (Element): priority on the hero image, smaller image, less render-blocking CSS/JS, faster TTFB.",img image?url=%2Fimages%2Fphotos%2Fprojects%2Ftradeview-analytic,"mobile (Slow 4G, 4x CPU), median of 1 run(s)",200,yes,Core Web Vitals Report
http://localhost:3000/portfolio/homefinder-property-portal,Critical,P1 - fix immediately,Core Web Vitals,LCP poor,Largest Contentful Paint is slow: the main content appears late.,6.68 s,<= 2.5 s,"Optimise the LCP element (Element): priority on the hero image, smaller image, less render-blocking CSS/JS, faster TTFB.",img image?url=%2Fimages%2Fphotos%2Fprojects%2Fpropmanage-rentals,"mobile (Slow 4G, 4x CPU), median of 1 run(s)",200,yes,Core Web Vitals Report
http://localhost:3000/portfolio/hrnest-hr-portal,Critical,P1 - fix immediately,Core Web Vitals,LCP poor,Largest Contentful Paint is slow: the main content appears late.,6.72 s,<= 2.5 s,"Optimise the LCP element (Element): priority on the hero image, smaller image, less render-blocking CSS/JS, faster TTFB.",img image?url=%2Fimages%2Fphotos%2Fprojects%2Ffieldforce-sales-a,"mobile (Slow 4G, 4x CPU), median of 1 run(s)",200,yes,Core Web Vitals Report
http://localhost:3000/portfolio/insightai-demand-forecasting,Critical,P1 - fix immediately,Core Web Vitals,LCP poor,Largest Contentful Paint is slow: the main content appears late.,7.30 s,<= 2.5 s,"Optimise the LCP element (Element): priority on the hero image, smaller image, less render-blocking CSS/JS, faster TTFB.",img image?url=%2Fimages%2Fphotos%2Fprojects%2Fhelpbot-ai-assista,"mobile (Slow 4G, 4x CPU), median of 1 run(s)",200,yes,Core Web Vitals Report
http://localhost:3000/portfolio/learnloop-quiz-platform,Critical,P1 - fix immediately,Core Web Vitals,LCP poor,Largest Contentful Paint is slow: the main content appears late.,7.03 s,<= 2.5 s,"Optimise the LCP element (Element): priority on the hero image, smaller image, less render-blocking CSS/JS, faster TTFB.",img image?url=%2Fimages%2Fphotos%2Fprojects%2Fsmartcampus-attend,"mobile (Slow 4G, 4x CPU), median of 1 run(s)",200,yes,Core Web Vitals Report
http://localhost:3000/portfolio/lms,Critical,P1 - fix immediately,Core Web Vitals,LCP poor,Largest Contentful Paint is slow: the main content appears late.,7.04 s,<= 2.5 s,"Optimise the LCP element (Element): priority on the hero image, smaller image, less render-blocking CSS/JS, faster TTFB.",img image?url=%2Fimages%2Fphotos%2Fprojects%2Fsmartcampus-attend,"mobile (Slow 4G, 4x CPU), median of 1 run(s)",200,yes,Core Web Vitals Report
http://localhost:3000/portfolio/mapmyrun-route-planner,Critical,P1 - fix immediately,Core Web Vitals,LCP poor,Largest Contentful Paint is slow: the main content appears late.,6.88 s,<= 2.5 s,"Optimise the LCP element (Element): priority on the hero image, smaller image, less render-blocking CSS/JS, faster TTFB.",img image?url=%2Fimages%2Fphotos%2Fprojects%2Ffootrex-sports-pla,"mobile (Slow 4G, 4x CPU), median of 1 run(s)",200,yes,Core Web Vitals Report
http://localhost:3000/portfolio/mediastream-aws,Critical,P1 - fix immediately,Core Web Vitals,LCP poor,Largest Contentful Paint is slow: the main content appears late.,6.72 s,<= 2.5 s,"Optimise the LCP element (Element): priority on the hero image, smaller image, less render-blocking CSS/JS, faster TTFB.",img image?url=%2Fimages%2Fphotos%2Fprojects%2Fsocial-media-app.w,"mobile (Slow 4G, 4x CPU), median of 1 run(s)",200,yes,Core Web Vitals Report
http://localhost:3000/portfolio/medisched-patient-portal,Critical,P1 - fix immediately,Core Web Vitals,LCP poor,Largest Contentful Paint is slow: the main content appears late.,6.86 s,<= 2.5 s,"Optimise the LCP element (Element): priority on the hero image, smaller image, less render-blocking CSS/JS, faster TTFB.",img image?url=%2Fimages%2Fphotos%2Fprojects%2Fclinicq-queue-syst,"mobile (Slow 4G, 4x CPU), median of 1 run(s)",200,yes,Core Web Vitals Report
http://localhost:3000/portfolio/mobile-release-jenkins,Critical,P1 - fix immediately,Core Web Vitals,LCP poor,Largest Contentful Paint is slow: the main content appears late.,6.83 s,<= 2.5 s,"Optimise the LCP element (Element): priority on the hero image, smaller image, less render-blocking CSS/JS, faster TTFB.",img image?url=%2Fimages%2Fphotos%2Fprojects%2Feventsphere-ticket,"mobile (Slow 4G, 4x CPU), median of 1 run(s)",200,yes,Core Web Vitals Report
http://localhost:3000/portfolio/newsdaily-wordpress,Critical,P1 - fix immediately,Core Web Vitals,LCP poor,Largest Contentful Paint is slow: the main content appears late.,6.66 s,<= 2.5 s,"Optimise the LCP element (Element): priority on the hero image, smaller image, less render-blocking CSS/JS, faster TTFB.",img image?url=%2Fimages%2Fphotos%2Fprojects%2Fsocial-media-app.w,"mobile (Slow 4G, 4x CPU), median of 1 run(s)",200,yes,Core Web Vitals Report
http://localhost:3000/portfolio/organicroots-shopify,Critical,P1 - fix immediately,Core Web Vitals,LCP poor,Largest Contentful Paint is slow: the main content appears late.,6.74 s,<= 2.5 s,"Optimise the LCP element (Element): priority on the hero image, smaller image, less render-blocking CSS/JS, faster TTFB.",img image?url=%2Fimages%2Fphotos%2Fprojects%2Ftradeview-analytic,"mobile (Slow 4G, 4x CPU), median of 1 run(s)",200,yes,Core Web Vitals Report
http://localhost:3000/portfolio/parkit-smart-parking,Critical,P1 - fix immediately,Core Web Vitals,LCP poor,Largest Contentful Paint is slow: the main content appears late.,6.95 s,<= 2.5 s,"Optimise the LCP element (Element): priority on the hero image, smaller image, less render-blocking CSS/JS, faster TTFB.",img image?url=%2Fimages%2Fphotos%2Fprojects%2Ffootrex-sports-pla,"mobile (Slow 4G, 4x CPU), median of 1 run(s)",200,yes,Core Web Vitals Report
http://localhost:3000/portfolio/pharmatrack-inventory,Critical,P1 - fix immediately,Core Web Vitals,LCP poor,Largest Contentful Paint is slow: the main content appears late.,6.88 s,<= 2.5 s,"Optimise the LCP element (Element): priority on the hero image, smaller image, less render-blocking CSS/JS, faster TTFB.",img image?url=%2Fimages%2Fphotos%2Fprojects%2Fmedisched-patient-,"mobile (Slow 4G, 4x CPU), median of 1 run(s)",200,yes,Core Web Vitals Report
http://localhost:3000/portfolio/playbook-sports-club,Critical,P1 - fix immediately,Core Web Vitals,LCP poor,Largest Contentful Paint is slow: the main content appears late.,6.82 s,<= 2.5 s,"Optimise the LCP element (Element): priority on the hero image, smaller image, less render-blocking CSS/JS, faster TTFB.",img image?url=%2Fimages%2Fphotos%2Fprojects%2Ffootrex-sports-pla,"mobile (Slow 4G, 4x CPU), median of 1 run(s)",200,yes,Core Web Vitals Report
http://localhost:3000/portfolio/propmanage-rentals,Critical,P1 - fix immediately,Core Web Vitals,LCP poor,Largest Contentful Paint is slow: the main content appears late.,6.87 s,<= 2.5 s,"Optimise the LCP element (Element): priority on the hero image, smaller image, less render-blocking CSS/JS, faster TTFB.",img image?url=%2Fimages%2Fphotos%2Fprojects%2Fppc-leadgen-reales,"mobile (Slow 4G, 4x CPU), median of 1 run(s)",200,yes,Core Web Vitals Report
http://localhost:3000/portfolio/resume-screening-ml,Critical,P1 - fix immediately,Core Web Vitals,LCP poor,Largest Contentful Paint is slow: the main content appears late.,6.77 s,<= 2.5 s,"Optimise the LCP element (Element): priority on the hero image, smaller image, less render-blocking CSS/JS, faster TTFB.",img image?url=%2Fimages%2Fphotos%2Fprojects%2Fdocparse-invoice-a,"mobile (Slow 4G, 4x CPU), median of 1 run(s)",200,yes,Core Web Vitals Report
http://localhost:3000/portfolio/retailmigrate-aws,Critical,P1 - fix immediately,Core Web Vitals,LCP poor,Largest Contentful Paint is slow: the main content appears late.,6.73 s,<= 2.5 s,"Optimise the LCP element (Element): priority on the hero image, smaller image, less render-blocking CSS/JS, faster TTFB.",img image?url=%2Fimages%2Fphotos%2Fprojects%2Ftradeview-analytic,"mobile (Slow 4G, 4x CPU), median of 1 run(s)",200,yes,Core Web Vitals Report
http://localhost:3000/portfolio/schoolcloud-azure,Critical,P1 - fix immediately,Core Web Vitals,LCP poor,Largest Contentful Paint is slow: the main content appears late.,6.66 s,<= 2.5 s,"Optimise the LCP element (Element): priority on the hero image, smaller image, less render-blocking CSS/JS, faster TTFB.",img image?url=%2Fimages%2Fphotos%2Fprojects%2Flearnloop-quiz-pla,"mobile (Slow 4G, 4x CPU), median of 1 run(s)",200,yes,Core Web Vitals Report
http://localhost:3000/portfolio/shopnear-grocery-app,Critical,P1 - fix immediately,Core Web Vitals,LCP poor,Largest Contentful Paint is slow: the main content appears late.,7.12 s,<= 2.5 s,"Optimise the LCP element (Element): priority on the hero image, smaller image, less render-blocking CSS/JS, faster TTFB.",img image?url=%2Fimages%2Fphotos%2Fprojects%2Fbrewbox-subscripti,"mobile (Slow 4G, 4x CPU), median of 1 run(s)",200,yes,Core Web Vitals Report
http://localhost:3000/portfolio/smartcampus-attendance,Critical,P1 - fix immediately,Core Web Vitals,LCP poor,Largest Contentful Paint is slow: the main content appears late.,6.61 s,<= 2.5 s,"Optimise the LCP element (Element): priority on the hero image, smaller image, less render-blocking CSS/JS, faster TTFB.",img image?url=%2Fimages%2Fphotos%2Fprojects%2Flms.webp&w=1920&q=,"mobile (Slow 4G, 4x CPU), median of 1 run(s)",200,yes,Core Web Vitals Report
http://localhost:3000/portfolio/smm-fitness-brand,Critical,P1 - fix immediately,Core Web Vitals,LCP poor,Largest Contentful Paint is slow: the main content appears late.,7.00 s,<= 2.5 s,"Optimise the LCP element (Element): priority on the hero image, smaller image, less render-blocking CSS/JS, faster TTFB.",img image?url=%2Fimages%2Fphotos%2Fprojects%2Ffitflow-studio-boo,"mobile (Slow 4G, 4x CPU), median of 1 run(s)",200,yes,Core Web Vitals Report
http://localhost:3000/portfolio/sneakerdrop-shopify-plus,Critical,P1 - fix immediately,Core Web Vitals,LCP poor,Largest Contentful Paint is slow: the main content appears late.,7.14 s,<= 2.5 s,"Optimise the LCP element (Element): priority on the hero image, smaller image, less render-blocking CSS/JS, faster TTFB.",img image?url=%2Fimages%2Fphotos%2Fprojects%2Fe-commerce-platfor,"mobile (Slow 4G, 4x CPU), median of 1 run(s)",200,yes,Core Web Vitals Report
http://localhost:3000/portfolio/spiceroute-opencart,Important,P2 - fix soon,Core Web Vitals,LCP needs improvement,Largest Contentful Paint is slow: the main content appears late.,2.91 s,<= 2.5 s,"Optimise the LCP element (Element): priority on the hero image, smaller image, less render-blocking CSS/JS, faster TTFB.",img image?url=%2Fimages%2Fphotos%2Fprojects%2Fspiceroute-opencar,"mobile (Slow 4G, 4x CPU), median of 1 run(s)",200,yes,Core Web Vitals Report
http://localhost:3000/portfolio/stylecart-fashion-app,Critical,P1 - fix immediately,Core Web Vitals,LCP poor,Largest Contentful Paint is slow: the main content appears late.,6.79 s,<= 2.5 s,"Optimise the LCP element (Element): priority on the hero image, smaller image, less render-blocking CSS/JS, faster TTFB.",img image?url=%2Fimages%2Fphotos%2Fprojects%2Ftradeview-analytic,"mobile (Slow 4G, 4x CPU), median of 1 run(s)",200,yes,Core Web Vitals Report
http://localhost:3000/portfolio/supplychain-blockchain,Critical,P1 - fix immediately,Core Web Vitals,LCP poor,Largest Contentful Paint is slow: the main content appears late.,7.36 s,<= 2.5 s,"Optimise the LCP element (Element): priority on the hero image, smaller image, less render-blocking CSS/JS, faster TTFB.",img image?url=%2Fimages%2Fphotos%2Fprojects%2Fwarehousescan-xama,"mobile (Slow 4G, 4x CPU), median of 1 run(s)",200,yes,Core Web Vitals Report
http://localhost:3000/portfolio/teashop-woocommerce,Important,P2 - fix soon,Core Web Vitals,LCP needs improvement,Largest Contentful Paint is slow: the main content appears late.,2.55 s,<= 2.5 s,"Optimise the LCP element (Element): priority on the hero image, smaller image, less render-blocking CSS/JS, faster TTFB.",img image?url=%2Fimages%2Fphotos%2Fprojects%2Fteashop-woocommerc,"mobile (Slow 4G, 4x CPU), median of 1 run(s)",200,yes,Core Web Vitals Report
http://localhost:3000/portfolio/tiffinbox-food-delivery,Critical,P1 - fix immediately,Core Web Vitals,LCP poor,Largest Contentful Paint is slow: the main content appears late.,6.77 s,<= 2.5 s,"Optimise the LCP element (Element): priority on the hero image, smaller image, less render-blocking CSS/JS, faster TTFB.",img image?url=%2Fimages%2Fphotos%2Fprojects%2Frecipebox-api.webp,"mobile (Slow 4G, 4x CPU), median of 1 run(s)",200,yes,Core Web Vitals Report
http://localhost:3000/portfolio/tourism-joomla,Critical,P1 - fix immediately,Core Web Vitals,LCP poor,Largest Contentful Paint is slow: the main content appears late.,7.57 s,<= 2.5 s,"Optimise the LCP element (Element): priority on the hero image, smaller image, less render-blocking CSS/JS, faster TTFB.",img image?url=%2Fimages%2Fphotos%2Fprojects%2Ffootrex-sports-pla,"mobile (Slow 4G, 4x CPU), median of 1 run(s)",200,yes,Core Web Vitals Report
http://localhost:3000/portfolio/tradeview-analytics-dashboard,Critical,P1 - fix immediately,Core Web Vitals,LCP poor,Largest Contentful Paint is slow: the main content appears late.,7.04 s,<= 2.5 s,"Optimise the LCP element (Element): priority on the hero image, smaller image, less render-blocking CSS/JS, faster TTFB.",img image?url=%2Fimages%2Fphotos%2Fprojects%2Fshopnear-grocery-a,"mobile (Slow 4G, 4x CPU), median of 1 run(s)",200,yes,Core Web Vitals Report
http://localhost:3000/privacy-policy,Important,P2 - fix soon,Core Web Vitals,LCP needs improvement,Largest Contentful Paint is slow: the main content appears late.,3.44 s,<= 2.5 s,"Optimise the LCP element (Element): priority on the hero image, smaller image, less render-blocking CSS/JS, faster TTFB.","p ""If you are just a visitor of the website""","mobile (Slow 4G, 4x CPU), median of 1 run(s)",200,yes,Core Web Vitals Report
http://localhost:3000/refund-cancellation-policy,Important,P2 - fix soon,Core Web Vitals,LCP needs improvement,Largest Contentful Paint is slow: the main content appears late.,3.41 s,<= 2.5 s,"Optimise the LCP element (Element): priority on the hero image, smaller image, less render-blocking CSS/JS, faster TTFB.","p ""Clients may cancel their service agreeme""","mobile (Slow 4G, 4x CPU), median of 1 run(s)",200,yes,Core Web Vitals Report
http://localhost:3000/reviews,Critical,P1 - fix immediately,Core Web Vitals,LCP poor,Largest Contentful Paint is slow: the main content appears late.,6.14 s,<= 2.5 s,"Optimise the LCP element (Element): priority on the hero image, smaller image, less render-blocking CSS/JS, faster TTFB.","p ""A mobile-first sports store with web and""","mobile (Slow 4G, 4x CPU), median of 1 run(s)",200,yes,Core Web Vitals Report
http://localhost:3000/sitemap,Important,P2 - fix soon,Core Web Vitals,LCP needs improvement,Largest Contentful Paint is slow: the main content appears late.,3.98 s,<= 2.5 s,"Optimise the LCP element (Element): priority on the hero image, smaller image, less render-blocking CSS/JS, faster TTFB.","p ""Every page on our website, grouped so yo""","mobile (Slow 4G, 4x CPU), median of 1 run(s)",200,yes,Core Web Vitals Report
http://localhost:3000/software-services,Critical,P1 - fix immediately,Core Web Vitals,LCP poor,Largest Contentful Paint is slow: the main content appears late.,8.41 s,<= 2.5 s,"Optimise the LCP element (Element): priority on the hero image, smaller image, less render-blocking CSS/JS, faster TTFB.",img image?url=%2Fimages%2Fphotos%2Fpages%2Fwhy.webp&w=1920&q=75,"mobile (Slow 4G, 4x CPU), median of 1 run(s)",200,yes,Core Web Vitals Report
http://localhost:3000/software-services/api-development,Critical,P1 - fix immediately,Core Web Vitals,LCP poor,Largest Contentful Paint is slow: the main content appears late.,7.60 s,<= 2.5 s,"Optimise the LCP element (Element): priority on the hero image, smaller image, less render-blocking CSS/JS, faster TTFB.",img image?url=%2Fimages%2Fphotos%2Ftechnologies%2Fnodejs-develop,"mobile (Slow 4G, 4x CPU), median of 1 run(s)",200,yes,Core Web Vitals Report
http://localhost:3000/software-services/cms-development,Critical,P1 - fix immediately,Core Web Vitals,LCP poor,Largest Contentful Paint is slow: the main content appears late.,7.60 s,<= 2.5 s,"Optimise the LCP element (Element): priority on the hero image, smaller image, less render-blocking CSS/JS, faster TTFB.",img image?url=%2Fimages%2Fphotos%2Ftechnologies%2Fwordpress-deve,"mobile (Slow 4G, 4x CPU), median of 1 run(s)",200,yes,Core Web Vitals Report
http://localhost:3000/software-services/cross-platform-app-development,Critical,P1 - fix immediately,Core Web Vitals,LCP poor,Largest Contentful Paint is slow: the main content appears late.,7.05 s,<= 2.5 s,"Optimise the LCP element (Element): priority on the hero image, smaller image, less render-blocking CSS/JS, faster TTFB.",img image?url=%2Fimages%2Fphotos%2Fservices%2Fcross-platform-app,"mobile (Slow 4G, 4x CPU), median of 1 run(s)",200,yes,Core Web Vitals Report
http://localhost:3000/software-services/custom-software-development,Critical,P1 - fix immediately,Core Web Vitals,LCP poor,Largest Contentful Paint is slow: the main content appears late.,7.60 s,<= 2.5 s,"Optimise the LCP element (Element): priority on the hero image, smaller image, less render-blocking CSS/JS, faster TTFB.",img image?url=%2Fimages%2Fphotos%2Ftechnologies%2Fbackend.webp&w,"mobile (Slow 4G, 4x CPU), median of 1 run(s)",200,yes,Core Web Vitals Report
http://localhost:3000/software-services/ecommerce-development,Critical,P1 - fix immediately,Core Web Vitals,LCP poor,Largest Contentful Paint is slow: the main content appears late.,7.56 s,<= 2.5 s,"Optimise the LCP element (Element): priority on the hero image, smaller image, less render-blocking CSS/JS, faster TTFB.",img image?url=%2Fimages%2Fphotos%2Fpages%2Ffaq.webp&w=1920&q=75,"mobile (Slow 4G, 4x CPU), median of 1 run(s)",200,yes,Core Web Vitals Report
http://localhost:3000/software-services/ecommerce-testing,Critical,P1 - fix immediately,Core Web Vitals,LCP poor,Largest Contentful Paint is slow: the main content appears late.,6.97 s,<= 2.5 s,"Optimise the LCP element (Element): priority on the hero image, smaller image, less render-blocking CSS/JS, faster TTFB.",img image?url=%2Fimages%2Fphotos%2Fservices%2Fecommerce-testing-,"mobile (Slow 4G, 4x CPU), median of 1 run(s)",200,yes,Core Web Vitals Report
http://localhost:3000/software-services/enterprise-software,Critical,P1 - fix immediately,Core Web Vitals,LCP poor,Largest Contentful Paint is slow: the main content appears late.,6.96 s,<= 2.5 s,"Optimise the LCP element (Element): priority on the hero image, smaller image, less render-blocking CSS/JS, faster TTFB.",img image?url=%2Fimages%2Fphotos%2Fservices%2Fenterprise-softwar,"mobile (Slow 4G, 4x CPU), median of 1 run(s)",200,yes,Core Web Vitals Report
http://localhost:3000/software-services/hybrid-app-development,Critical,P1 - fix immediately,Core Web Vitals,LCP poor,Largest Contentful Paint is slow: the main content appears late.,6.96 s,<= 2.5 s,"Optimise the LCP element (Element): priority on the hero image, smaller image, less render-blocking CSS/JS, faster TTFB.",img image?url=%2Fimages%2Fphotos%2Fservices%2Fhybrid-app-develop,"mobile (Slow 4G, 4x CPU), median of 1 run(s)",200,yes,Core Web Vitals Report
http://localhost:3000/software-services/mobile-app-testing,Critical,P1 - fix immediately,Core Web Vitals,LCP poor,Largest Contentful Paint is slow: the main content appears late.,6.92 s,<= 2.5 s,"Optimise the LCP element (Element): priority on the hero image, smaller image, less render-blocking CSS/JS, faster TTFB.",img image?url=%2Fimages%2Fphotos%2Fservices%2Fmobile-app-testing,"mobile (Slow 4G, 4x CPU), median of 1 run(s)",200,yes,Core Web Vitals Report
http://localhost:3000/software-services/mobile-game-development,Critical,P1 - fix immediately,Core Web Vitals,LCP poor,Largest Contentful Paint is slow: the main content appears late.,7.62 s,<= 2.5 s,"Optimise the LCP element (Element): priority on the hero image, smaller image, less render-blocking CSS/JS, faster TTFB.",img image?url=%2Fimages%2Fphotos%2Findustries%2Fgaming.webp&w=19,"mobile (Slow 4G, 4x CPU), median of 1 run(s)",200,yes,Core Web Vitals Report
http://localhost:3000/software-services/native-app-development,Critical,P1 - fix immediately,Core Web Vitals,LCP poor,Largest Contentful Paint is slow: the main content appears late.,7.07 s,<= 2.5 s,"Optimise the LCP element (Element): priority on the hero image, smaller image, less render-blocking CSS/JS, faster TTFB.",img image?url=%2Fimages%2Fphotos%2Fservices%2Fnative-app-develop,"mobile (Slow 4G, 4x CPU), median of 1 run(s)",200,yes,Core Web Vitals Report
http://localhost:3000/software-services/native-cross-platform-apps,Critical,P1 - fix immediately,Core Web Vitals,LCP poor,Largest Contentful Paint is slow: the main content appears late.,7.60 s,<= 2.5 s,"Optimise the LCP element (Element): priority on the hero image, smaller image, less render-blocking CSS/JS, faster TTFB.",img image?url=%2Fimages%2Fphotos%2Ftechnologies%2Freact-native-d,"mobile (Slow 4G, 4x CPU), median of 1 run(s)",200,yes,Core Web Vitals Report
http://localhost:3000/software-services/product-development,Critical,P1 - fix immediately,Core Web Vitals,LCP poor,Largest Contentful Paint is slow: the main content appears late.,7.58 s,<= 2.5 s,"Optimise the LCP element (Element): priority on the hero image, smaller image, less render-blocking CSS/JS, faster TTFB.",img image?url=%2Fimages%2Fphotos%2Fpages%2Ffaq.webp&w=1920&q=75,"mobile (Slow 4G, 4x CPU), median of 1 run(s)",200,yes,Core Web Vitals Report
http://localhost:3000/software-services/product-re-engineering,Critical,P1 - fix immediately,Core Web Vitals,LCP poor,Largest Contentful Paint is slow: the main content appears late.,6.95 s,<= 2.5 s,"Optimise the LCP element (Element): priority on the hero image, smaller image, less render-blocking CSS/JS, faster TTFB.",img image?url=%2Fimages%2Fphotos%2Fservices%2Fproduct-re-enginee,"mobile (Slow 4G, 4x CPU), median of 1 run(s)",200,yes,Core Web Vitals Report
http://localhost:3000/software-services/pwa-development,Critical,P1 - fix immediately,Core Web Vitals,LCP poor,Largest Contentful Paint is slow: the main content appears late.,7.00 s,<= 2.5 s,"Optimise the LCP element (Element): priority on the hero image, smaller image, less render-blocking CSS/JS, faster TTFB.",img image?url=%2Fimages%2Fphotos%2Fservices%2Fpwa-development-2.,"mobile (Slow 4G, 4x CPU), median of 1 run(s)",200,yes,Core Web Vitals Report
http://localhost:3000/software-services/software-consulting,Critical,P1 - fix immediately,Core Web Vitals,LCP poor,Largest Contentful Paint is slow: the main content appears late.,6.96 s,<= 2.5 s,"Optimise the LCP element (Element): priority on the hero image, smaller image, less render-blocking CSS/JS, faster TTFB.",img image?url=%2Fimages%2Fphotos%2Fservices%2Fsoftware-consultin,"mobile (Slow 4G, 4x CPU), median of 1 run(s)",200,yes,Core Web Vitals Report
http://localhost:3000/software-services/software-maintenance,Critical,P1 - fix immediately,Core Web Vitals,LCP poor,Largest Contentful Paint is slow: the main content appears late.,6.96 s,<= 2.5 s,"Optimise the LCP element (Element): priority on the hero image, smaller image, less render-blocking CSS/JS, faster TTFB.",img image?url=%2Fimages%2Fphotos%2Fservices%2Fsoftware-maintenan,"mobile (Slow 4G, 4x CPU), median of 1 run(s)",200,yes,Core Web Vitals Report
http://localhost:3000/software-services/web-app-development,Critical,P1 - fix immediately,Core Web Vitals,LCP poor,Largest Contentful Paint is slow: the main content appears late.,7.60 s,<= 2.5 s,"Optimise the LCP element (Element): priority on the hero image, smaller image, less render-blocking CSS/JS, faster TTFB.",img image?url=%2Fimages%2Fphotos%2Ftechnologies%2Freactjs-develo,"mobile (Slow 4G, 4x CPU), median of 1 run(s)",200,yes,Core Web Vitals Report
http://localhost:3000/software-services/web-app-testing,Critical,P1 - fix immediately,Core Web Vitals,LCP poor,Largest Contentful Paint is slow: the main content appears late.,6.91 s,<= 2.5 s,"Optimise the LCP element (Element): priority on the hero image, smaller image, less render-blocking CSS/JS, faster TTFB.",img image?url=%2Fimages%2Fphotos%2Fservices%2Fweb-app-testing-2.,"mobile (Slow 4G, 4x CPU), median of 1 run(s)",200,yes,Core Web Vitals Report
http://localhost:3000/technologies/accessibility-audit,Critical,P1 - fix immediately,Core Web Vitals,LCP poor,Largest Contentful Paint is slow: the main content appears late.,8.30 s,<= 2.5 s,"Optimise the LCP element (Element): priority on the hero image, smaller image, less render-blocking CSS/JS, faster TTFB.",img image?url=%2Fimages%2Fphotos%2Ftechnologies%2Fui-ux.webp&w=1,"mobile (Slow 4G, 4x CPU), median of 1 run(s)",200,yes,Core Web Vitals Report
http://localhost:3000/technologies/adobe-xd-design,Critical,P1 - fix immediately,Core Web Vitals,LCP poor,Largest Contentful Paint is slow: the main content appears late.,8.29 s,<= 2.5 s,"Optimise the LCP element (Element): priority on the hero image, smaller image, less render-blocking CSS/JS, faster TTFB.",img image?url=%2Fimages%2Fphotos%2Ftechnologies%2Fui-ux.webp&w=1,"mobile (Slow 4G, 4x CPU), median of 1 run(s)",200,yes,Core Web Vitals Report
http://localhost:3000/technologies/affiliate-marketing,Critical,P1 - fix immediately,Core Web Vitals,LCP poor,Largest Contentful Paint is slow: the main content appears late.,9.19 s,<= 2.5 s,"Optimise the LCP element (Element): priority on the hero image, smaller image, less render-blocking CSS/JS, faster TTFB.",img image?url=%2Fimages%2Fphotos%2Fpages%2Ffaq.webp&w=1920&q=75,"mobile (Slow 4G, 4x CPU), median of 1 run(s)",200,yes,Core Web Vitals Report
http://localhost:3000/technologies/ai-agents-development,Critical,P1 - fix immediately,Core Web Vitals,LCP poor,Largest Contentful Paint is slow: the main content appears late.,8.32 s,<= 2.5 s,"Optimise the LCP element (Element): priority on the hero image, smaller image, less render-blocking CSS/JS, faster TTFB.",img image?url=%2Fimages%2Fphotos%2Ftechnologies%2Fai-ml.webp&w=1,"mobile (Slow 4G, 4x CPU), median of 1 run(s)",200,yes,Core Web Vitals Report
http://localhost:3000/technologies/ai-development,Critical,P1 - fix immediately,Core Web Vitals,LCP poor,Largest Contentful Paint is slow: the main content appears late.,9.23 s,<= 2.5 s,"Optimise the LCP element (Element): priority on the hero image, smaller image, less render-blocking CSS/JS, faster TTFB.",img image?url=%2Fimages%2Fphotos%2Fpages%2Ffaq.webp&w=1920&q=75,"mobile (Slow 4G, 4x CPU), median of 1 run(s)",200,yes,Core Web Vitals Report
http://localhost:3000/technologies/analytics-reporting,Critical,P1 - fix immediately,Core Web Vitals,LCP poor,Largest Contentful Paint is slow: the main content appears late.,10.52 s,<= 2.5 s,"Optimise the LCP element (Element): priority on the hero image, smaller image, less render-blocking CSS/JS, faster TTFB.",img image?url=%2Fimages%2Fphotos%2Fpages%2Ffaq.webp&w=1920&q=75,"mobile (Slow 4G, 4x CPU), median of 1 run(s)",200,yes,Core Web Vitals Report
http://localhost:3000/technologies/android-app-development,Critical,P1 - fix immediately,Core Web Vitals,LCP poor,Largest Contentful Paint is slow: the main content appears late.,11.59 s,<= 2.5 s,"Optimise the LCP element (Element): priority on the hero image, smaller image, less render-blocking CSS/JS, faster TTFB.",img image?url=%2Fimages%2Fphotos%2Fpages%2Ffaq.webp&w=1920&q=75,"mobile (Slow 4G, 4x CPU), median of 1 run(s)",200,yes,Core Web Vitals Report
http://localhost:3000/technologies/angularjs-development,Critical,P1 - fix immediately,Core Web Vitals,LCP poor,Largest Contentful Paint is slow: the main content appears late.,11.29 s,<= 2.5 s,"Optimise the LCP element (Element): priority on the hero image, smaller image, less render-blocking CSS/JS, faster TTFB.",img image?url=%2Fimages%2Fphotos%2Ftechnologies%2Fangularjs-deve,"mobile (Slow 4G, 4x CPU), median of 1 run(s)",200,yes,Core Web Vitals Report
http://localhost:3000/technologies/ansible-development,Critical,P1 - fix immediately,Core Web Vitals,LCP poor,Largest Contentful Paint is slow: the main content appears late.,9.88 s,<= 2.5 s,"Optimise the LCP element (Element): priority on the hero image, smaller image, less render-blocking CSS/JS, faster TTFB.",img image?url=%2Fimages%2Fphotos%2Ftechnologies%2Fansible-develo,"mobile (Slow 4G, 4x CPU), median of 1 run(s)",200,yes,Core Web Vitals Report
http://localhost:3000/technologies/ant-design-development,Critical,P1 - fix immediately,Core Web Vitals,LCP poor,Largest Contentful Paint is slow: the main content appears late.,8.30 s,<= 2.5 s,"Optimise the LCP element (Element): priority on the hero image, smaller image, less render-blocking CSS/JS, faster TTFB.",img image?url=%2Fimages%2Fphotos%2Ftechnologies%2Ffrontend.webp&,"mobile (Slow 4G, 4x CPU), median of 1 run(s)",200,yes,Core Web Vitals Report
http://localhost:3000/technologies/apache-development,Critical,P1 - fix immediately,Core Web Vitals,LCP poor,Largest Contentful Paint is slow: the main content appears late.,8.38 s,<= 2.5 s,"Optimise the LCP element (Element): priority on the hero image, smaller image, less render-blocking CSS/JS, faster TTFB.",img image?url=%2Fimages%2Fphotos%2Ftechnologies%2Fdevops.webp&w=,"mobile (Slow 4G, 4x CPU), median of 1 run(s)",200,yes,Core Web Vitals Report
http://localhost:3000/technologies/api-testing,Critical,P1 - fix immediately,Core Web Vitals,LCP poor,Largest Contentful Paint is slow: the main content appears late.,8.34 s,<= 2.5 s,"Optimise the LCP element (Element): priority on the hero image, smaller image, less render-blocking CSS/JS, faster TTFB.",img image?url=%2Fimages%2Fphotos%2Ftechnologies%2Ftesting.webp&w,"mobile (Slow 4G, 4x CPU), median of 1 run(s)",200,yes,Core Web Vitals Report
http://localhost:3000/technologies/app-store-optimization,Critical,P1 - fix immediately,Core Web Vitals,LCP poor,Largest Contentful Paint is slow: the main content appears late.,8.30 s,<= 2.5 s,"Optimise the LCP element (Element): priority on the hero image, smaller image, less render-blocking CSS/JS, faster TTFB.",img image?url=%2Fimages%2Fphotos%2Ftechnologies%2Fdigital-market,"mobile (Slow 4G, 4x CPU), median of 1 run(s)",200,yes,Core Web Vitals Report
http://localhost:3000/technologies/aspnet-core-development,Critical,P1 - fix immediately,Core Web Vitals,LCP poor,Largest Contentful Paint is slow: the main content appears late.,9.28 s,<= 2.5 s,"Optimise the LCP element (Element): priority on the hero image, smaller image, less render-blocking CSS/JS, faster TTFB.",img image?url=%2Fimages%2Fphotos%2Ftechnologies%2Fbackend.webp&w,"mobile (Slow 4G, 4x CPU), median of 1 run(s)",200,yes,Core Web Vitals Report
http://localhost:3000/technologies/automation-testing,Critical,P1 - fix immediately,Core Web Vitals,LCP poor,Largest Contentful Paint is slow: the main content appears late.,9.24 s,<= 2.5 s,"Optimise the LCP element (Element): priority on the hero image, smaller image, less render-blocking CSS/JS, faster TTFB.",img image?url=%2Fimages%2Fphotos%2Fpages%2Ffaq.webp&w=1920&q=75,"mobile (Slow 4G, 4x CPU), median of 1 run(s)",200,yes,Core Web Vitals Report
http://localhost:3000/technologies/aws-development,Critical,P1 - fix immediately,Core Web Vitals,LCP poor,Largest Contentful Paint is slow: the main content appears late.,12.33 s,<= 2.5 s,"Optimise the LCP element (Element): priority on the hero image, smaller image, less render-blocking CSS/JS, faster TTFB.",img image?url=%2Fimages%2Fphotos%2Fpages%2Ffaq.webp&w=1920&q=75,"mobile (Slow 4G, 4x CPU), median of 1 run(s)",200,yes,Core Web Vitals Report
http://localhost:3000/technologies/aws-devops-development,Critical,P1 - fix immediately,Core Web Vitals,LCP poor,Largest Contentful Paint is slow: the main content appears late.,8.37 s,<= 2.5 s,"Optimise the LCP element (Element): priority on the hero image, smaller image, less render-blocking CSS/JS, faster TTFB.",img image?url=%2Fimages%2Fphotos%2Ftechnologies%2Fdevops.webp&w=,"mobile (Slow 4G, 4x CPU), median of 1 run(s)",200,yes,Core Web Vitals Report
http://localhost:3000/technologies/azure-development,Critical,P1 - fix immediately,Core Web Vitals,LCP poor,Largest Contentful Paint is slow: the main content appears late.,10.43 s,<= 2.5 s,"Optimise the LCP element (Element): priority on the hero image, smaller image, less render-blocking CSS/JS, faster TTFB.",img image?url=%2Fimages%2Fphotos%2Ftechnologies%2Fazure-developm,"mobile (Slow 4G, 4x CPU), median of 1 run(s)",200,yes,Core Web Vitals Report
http://localhost:3000/technologies/azure-devops-development,Critical,P1 - fix immediately,Core Web Vitals,LCP poor,Largest Contentful Paint is slow: the main content appears late.,8.98 s,<= 2.5 s,"Optimise the LCP element (Element): priority on the hero image, smaller image, less render-blocking CSS/JS, faster TTFB.",img image?url=%2Fimages%2Fphotos%2Ftechnologies%2Fdevops.webp&w=,"mobile (Slow 4G, 4x CPU), median of 1 run(s)",200,yes,Core Web Vitals Report
http://localhost:3000/technologies/bigcommerce-development,Critical,P1 - fix immediately,Core Web Vitals,LCP poor,Largest Contentful Paint is slow: the main content appears late.,11.62 s,<= 2.5 s,"Optimise the LCP element (Element): priority on the hero image, smaller image, less render-blocking CSS/JS, faster TTFB.",img image?url=%2Fimages%2Fphotos%2Fpages%2Ffaq.webp&w=1920&q=75,"mobile (Slow 4G, 4x CPU), median of 1 run(s)",200,yes,Core Web Vitals Report
http://localhost:3000/technologies/bitbucket-development,Critical,P1 - fix immediately,Core Web Vitals,LCP poor,Largest Contentful Paint is slow: the main content appears late.,9.29 s,<= 2.5 s,"Optimise the LCP element (Element): priority on the hero image, smaller image, less render-blocking CSS/JS, faster TTFB.",img image?url=%2Fimages%2Fphotos%2Fpages%2Ffaq.webp&w=1920&q=75,"mobile (Slow 4G, 4x CPU), median of 1 run(s)",200,yes,Core Web Vitals Report
http://localhost:3000/technologies/bootstrap-development,Critical,P1 - fix immediately,Core Web Vitals,LCP poor,Largest Contentful Paint is slow: the main content appears late.,9.54 s,<= 2.5 s,"Optimise the LCP element (Element): priority on the hero image, smaller image, less render-blocking CSS/JS, faster TTFB.",img image?url=%2Fimages%2Fphotos%2Fpages%2Ffaq.webp&w=1920&q=75,"mobile (Slow 4G, 4x CPU), median of 1 run(s)",200,yes,Core Web Vitals Report
http://localhost:3000/technologies/cassandra-development,Critical,P1 - fix immediately,Core Web Vitals,LCP poor,Largest Contentful Paint is slow: the main content appears late.,8.58 s,<= 2.5 s,"Optimise the LCP element (Element): priority on the hero image, smaller image, less render-blocking CSS/JS, faster TTFB.",img image?url=%2Fimages%2Fphotos%2Ftechnologies%2Fdatabase.webp&,"mobile (Slow 4G, 4x CPU), median of 1 run(s)",200,yes,Core Web Vitals Report
http://localhost:3000/technologies/ci-cd-development,Critical,P1 - fix immediately,Core Web Vitals,LCP poor,Largest Contentful Paint is slow: the main content appears late.,9.88 s,<= 2.5 s,"Optimise the LCP element (Element): priority on the hero image, smaller image, less render-blocking CSS/JS, faster TTFB.",img image?url=%2Fimages%2Fphotos%2Fpages%2Ffaq.webp&w=1920&q=75,"mobile (Slow 4G, 4x CPU), median of 1 run(s)",200,yes,Core Web Vitals Report
http://localhost:3000/technologies/claude-development,Critical,P1 - fix immediately,Core Web Vitals,LCP poor,Largest Contentful Paint is slow: the main content appears late.,8.35 s,<= 2.5 s,"Optimise the LCP element (Element): priority on the hero image, smaller image, less render-blocking CSS/JS, faster TTFB.",img image?url=%2Fimages%2Fphotos%2Ftechnologies%2Fai-ml.webp&w=1,"mobile (Slow 4G, 4x CPU), median of 1 run(s)",200,yes,Core Web Vitals Report
http://localhost:3000/technologies/cloudflare-development,Critical,P1 - fix immediately,Core Web Vitals,LCP poor,Largest Contentful Paint is slow: the main content appears late.,11.28 s,<= 2.5 s,"Optimise the LCP element (Element): priority on the hero image, smaller image, less render-blocking CSS/JS, faster TTFB.",img image?url=%2Fimages%2Fphotos%2Ftechnologies%2Fcloud.webp&w=1,"mobile (Slow 4G, 4x CPU), median of 1 run(s)",200,yes,Core Web Vitals Report
http://localhost:3000/technologies/computer-vision-development,Critical,P1 - fix immediately,Core Web Vitals,LCP poor,Largest Contentful Paint is slow: the main content appears late.,9.23 s,<= 2.5 s,"Optimise the LCP element (Element): priority on the hero image, smaller image, less render-blocking CSS/JS, faster TTFB.",img image?url=%2Fimages%2Fphotos%2Fpages%2Ffaq.webp&w=1920&q=75,"mobile (Slow 4G, 4x CPU), median of 1 run(s)",200,yes,Core Web Vitals Report
http://localhost:3000/technologies/content-marketing,Critical,P1 - fix immediately,Core Web Vitals,LCP poor,Largest Contentful Paint is slow: the main content appears late.,8.98 s,<= 2.5 s,"Optimise the LCP element (Element): priority on the hero image, smaller image, less render-blocking CSS/JS, faster TTFB.",img image?url=%2Fimages%2Fphotos%2Ftechnologies%2Fcontent-market,"mobile (Slow 4G, 4x CPU), median of 1 run(s)",200,yes,Core Web Vitals Report
http://localhost:3000/technologies/content-marketing-services,Critical,P1 - fix immediately,Core Web Vitals,LCP poor,Largest Contentful Paint is slow: the main content appears late.,9.21 s,<= 2.5 s,"Optimise the LCP element (Element): priority on the hero image, smaller image, less render-blocking CSS/JS, faster TTFB.",img image?url=%2Fimages%2Fphotos%2Fpages%2Ffaq.webp&w=1920&q=75,"mobile (Slow 4G, 4x CPU), median of 1 run(s)",200,yes,Core Web Vitals Report
http://localhost:3000/technologies/contentful-development,Critical,P1 - fix immediately,Core Web Vitals,LCP poor,Largest Contentful Paint is slow: the main content appears late.,10.85 s,<= 2.5 s,"Optimise the LCP element (Element): priority on the hero image, smaller image, less render-blocking CSS/JS, faster TTFB.",img image?url=%2Fimages%2Fphotos%2Fpages%2Ffaq.webp&w=1920&q=75,"mobile (Slow 4G, 4x CPU), median of 1 run(s)",200,yes,Core Web Vitals Report
http://localhost:3000/technologies/conversion-rate-optimization-cro,Critical,P1 - fix immediately,Core Web Vitals,LCP poor,Largest Contentful Paint is slow: the main content appears late.,10.15 s,<= 2.5 s,"Optimise the LCP element (Element): priority on the hero image, smaller image, less render-blocking CSS/JS, faster TTFB.",img image?url=%2Fimages%2Fphotos%2Fpages%2Ffaq.webp&w=1920&q=75,"mobile (Slow 4G, 4x CPU), median of 1 run(s)",200,yes,Core Web Vitals Report
http://localhost:3000/technologies/cro-services,Critical,P1 - fix immediately,Core Web Vitals,LCP poor,Largest Contentful Paint is slow: the main content appears late.,8.45 s,<= 2.5 s,"Optimise the LCP element (Element): priority on the hero image, smaller image, less render-blocking CSS/JS, faster TTFB.",img image?url=%2Fimages%2Fphotos%2Ftechnologies%2Fdigital-market,"mobile (Slow 4G, 4x CPU), median of 1 run(s)",200,yes,Core Web Vitals Report
http://localhost:3000/technologies/css3-development,Critical,P1 - fix immediately,Core Web Vitals,LCP poor,Largest Contentful Paint is slow: the main content appears late.,9.87 s,<= 2.5 s,"Optimise the LCP element (Element): priority on the hero image, smaller image, less render-blocking CSS/JS, faster TTFB.",img image?url=%2Fimages%2Fphotos%2Ftechnologies%2Fcss3-developme,"mobile (Slow 4G, 4x CPU), median of 1 run(s)",200,yes,Core Web Vitals Report
http://localhost:3000/technologies/custom-ecommerce-development,Critical,P1 - fix immediately,Core Web Vitals,LCP poor,Largest Contentful Paint is slow: the main content appears late.,9.22 s,<= 2.5 s,"Optimise the LCP element (Element): priority on the hero image, smaller image, less render-blocking CSS/JS, faster TTFB.",img image?url=%2Fimages%2Fphotos%2Fpages%2Ffaq.webp&w=1920&q=75,"mobile (Slow 4G, 4x CPU), median of 1 run(s)",200,yes,Core Web Vitals Report
http://localhost:3000/technologies/cypress-testing,Critical,P1 - fix immediately,Core Web Vitals,LCP poor,Largest Contentful Paint is slow: the main content appears late.,10.77 s,<= 2.5 s,"Optimise the LCP element (Element): priority on the hero image, smaller image, less render-blocking CSS/JS, faster TTFB.",img image?url=%2Fimages%2Fphotos%2Fpages%2Ffaq.webp&w=1920&q=75,"mobile (Slow 4G, 4x CPU), median of 1 run(s)",200,yes,Core Web Vitals Report
http://localhost:3000/technologies/deep-learning-development,Critical,P1 - fix immediately,Core Web Vitals,LCP poor,Largest Contentful Paint is slow: the main content appears late.,9.25 s,<= 2.5 s,"Optimise the LCP element (Element): priority on the hero image, smaller image, less render-blocking CSS/JS, faster TTFB.",img image?url=%2Fimages%2Fphotos%2Fpages%2Ffaq.webp&w=1920&q=75,"mobile (Slow 4G, 4x CPU), median of 1 run(s)",200,yes,Core Web Vitals Report
http://localhost:3000/technologies/design-system-development,Critical,P1 - fix immediately,Core Web Vitals,LCP poor,Largest Contentful Paint is slow: the main content appears late.,9.21 s,<= 2.5 s,"Optimise the LCP element (Element): priority on the hero image, smaller image, less render-blocking CSS/JS, faster TTFB.",img image?url=%2Fimages%2Fphotos%2Fpages%2Ffaq.webp&w=1920&q=75,"mobile (Slow 4G, 4x CPU), median of 1 run(s)",200,yes,Core Web Vitals Report
http://localhost:3000/technologies/design-systems,Critical,P1 - fix immediately,Core Web Vitals,LCP poor,Largest Contentful Paint is slow: the main content appears late.,6.58 s,<= 2.5 s,"Optimise the LCP element (Element): priority on the hero image, smaller image, less render-blocking CSS/JS, faster TTFB.",img image?url=%2Fimages%2Fphotos%2Ftechnologies%2Fdesign-systems,"mobile (Slow 4G, 4x CPU), median of 1 run(s)",200,yes,Core Web Vitals Report
http://localhost:3000/technologies/digitalocean-development,Critical,P1 - fix immediately,Core Web Vitals,LCP poor,Largest Contentful Paint is slow: the main content appears late.,10.03 s,<= 2.5 s,"Optimise the LCP element (Element): priority on the hero image, smaller image, less render-blocking CSS/JS, faster TTFB.",img image?url=%2Fimages%2Fphotos%2Ftechnologies%2Fdigitalocean-d,"mobile (Slow 4G, 4x CPU), median of 1 run(s)",200,yes,Core Web Vitals Report
http://localhost:3000/technologies/django-development,Critical,P1 - fix immediately,Core Web Vitals,LCP poor,Largest Contentful Paint is slow: the main content appears late.,10.80 s,<= 2.5 s,"Optimise the LCP element (Element): priority on the hero image, smaller image, less render-blocking CSS/JS, faster TTFB.",img image?url=%2Fimages%2Fphotos%2Fpages%2Ffaq.webp&w=1920&q=75,"mobile (Slow 4G, 4x CPU), median of 1 run(s)",200,yes,Core Web Vitals Report
http://localhost:3000/technologies/docker-development,Critical,P1 - fix immediately,Core Web Vitals,LCP poor,Largest Contentful Paint is slow: the main content appears late.,11.95 s,<= 2.5 s,"Optimise the LCP element (Element): priority on the hero image, smaller image, less render-blocking CSS/JS, faster TTFB.",img image?url=%2Fimages%2Fphotos%2Fpages%2Ffaq.webp&w=1920&q=75,"mobile (Slow 4G, 4x CPU), median of 1 run(s)",200,yes,Core Web Vitals Report
http://localhost:3000/technologies/dotnet-maui-development,Critical,P1 - fix immediately,Core Web Vitals,LCP poor,Largest Contentful Paint is slow: the main content appears late.,9.40 s,<= 2.5 s,"Optimise the LCP element (Element): priority on the hero image, smaller image, less render-blocking CSS/JS, faster TTFB.",img image?url=%2Fimages%2Fphotos%2Fpages%2Ffaq.webp&w=1920&q=75,"mobile (Slow 4G, 4x CPU), median of 1 run(s)",200,yes,Core Web Vitals Report
http://localhost:3000/technologies/drupal-development,Critical,P1 - fix immediately,Core Web Vitals,LCP poor,Largest Contentful Paint is slow: the main content appears late.,10.50 s,<= 2.5 s,"Optimise the LCP element (Element): priority on the hero image, smaller image, less render-blocking CSS/JS, faster TTFB.",img image?url=%2Fimages%2Fphotos%2Ftechnologies%2Fdrupal-develop,"mobile (Slow 4G, 4x CPU), median of 1 run(s)",200,yes,Core Web Vitals Report
http://localhost:3000/technologies/dynamodb-development,Critical,P1 - fix immediately,Core Web Vitals,LCP poor,Largest Contentful Paint is slow: the main content appears late.,8.89 s,<= 2.5 s,"Optimise the LCP element (Element): priority on the hero image, smaller image, less render-blocking CSS/JS, faster TTFB.",img image?url=%2Fimages%2Fphotos%2Ftechnologies%2Fdatabase.webp&,"mobile (Slow 4G, 4x CPU), median of 1 run(s)",200,yes,Core Web Vitals Report
http://localhost:3000/technologies/e-commerce-marketing,Critical,P1 - fix immediately,Core Web Vitals,LCP poor,Largest Contentful Paint is slow: the main content appears late.,9.22 s,<= 2.5 s,"Optimise the LCP element (Element): priority on the hero image, smaller image, less render-blocking CSS/JS, faster TTFB.",img image?url=%2Fimages%2Fphotos%2Ftechnologies%2Fe-commerce-mar,"mobile (Slow 4G, 4x CPU), median of 1 run(s)",200,yes,Core Web Vitals Report
http://localhost:3000/technologies/e2e-testing,Critical,P1 - fix immediately,Core Web Vitals,LCP poor,Largest Contentful Paint is slow: the main content appears late.,8.32 s,<= 2.5 s,"Optimise the LCP element (Element): priority on the hero image, smaller image, less render-blocking CSS/JS, faster TTFB.",img image?url=%2Fimages%2Fphotos%2Ftechnologies%2Ftesting.webp&w,"mobile (Slow 4G, 4x CPU), median of 1 run(s)",200,yes,Core Web Vitals Report
http://localhost:3000/technologies/elasticsearch-development,Critical,P1 - fix immediately,Core Web Vitals,LCP poor,Largest Contentful Paint is slow: the main content appears late.,10.13 s,<= 2.5 s,"Optimise the LCP element (Element): priority on the hero image, smaller image, less render-blocking CSS/JS, faster TTFB.",img image?url=%2Fimages%2Fphotos%2Ftechnologies%2Felasticsearch-,"mobile (Slow 4G, 4x CPU), median of 1 run(s)",200,yes,Core Web Vitals Report
http://localhost:3000/technologies/email-marketing,Critical,P1 - fix immediately,Core Web Vitals,LCP poor,Largest Contentful Paint is slow: the main content appears late.,10.73 s,<= 2.5 s,"Optimise the LCP element (Element): priority on the hero image, smaller image, less render-blocking CSS/JS, faster TTFB.",img image?url=%2Fimages%2Fphotos%2Fpages%2Ffaq.webp&w=1920&q=75,"mobile (Slow 4G, 4x CPU), median of 1 run(s)",200,yes,Core Web Vitals Report
http://localhost:3000/technologies/email-marketing-services,Critical,P1 - fix immediately,Core Web Vitals,LCP poor,Largest Contentful Paint is slow: the main content appears late.,9.20 s,<= 2.5 s,"Optimise the LCP element (Element): priority on the hero image, smaller image, less render-blocking CSS/JS, faster TTFB.",img image?url=%2Fimages%2Fphotos%2Fpages%2Ffaq.webp&w=1920&q=75,"mobile (Slow 4G, 4x CPU), median of 1 run(s)",200,yes,Core Web Vitals Report
http://localhost:3000/technologies/expo-development,Critical,P1 - fix immediately,Core Web Vitals,LCP poor,Largest Contentful Paint is slow: the main content appears late.,9.39 s,<= 2.5 s,"Optimise the LCP element (Element): priority on the hero image, smaller image, less render-blocking CSS/JS, faster TTFB.",img image?url=%2Fimages%2Fphotos%2Fpages%2Ffaq.webp&w=1920&q=75,"mobile (Slow 4G, 4x CPU), median of 1 run(s)",200,yes,Core Web Vitals Report
http://localhost:3000/technologies/expressjs-development,Critical,P1 - fix immediately,Core Web Vitals,LCP poor,Largest Contentful Paint is slow: the main content appears late.,12.18 s,<= 2.5 s,"Optimise the LCP element (Element): priority on the hero image, smaller image, less render-blocking CSS/JS, faster TTFB.",img image?url=%2Fimages%2Fphotos%2Fpages%2Ffaq.webp&w=1920&q=75,"mobile (Slow 4G, 4x CPU), median of 1 run(s)",200,yes,Core Web Vitals Report
http://localhost:3000/technologies/fastapi-development,Critical,P1 - fix immediately,Core Web Vitals,LCP poor,Largest Contentful Paint is slow: the main content appears late.,11.16 s,<= 2.5 s,"Optimise the LCP element (Element): priority on the hero image, smaller image, less render-blocking CSS/JS, faster TTFB.",img image?url=%2Fimages%2Fphotos%2Fpages%2Ffaq.webp&w=1920&q=75,"mobile (Slow 4G, 4x CPU), median of 1 run(s)",200,yes,Core Web Vitals Report
http://localhost:3000/technologies/figma-design,Critical,P1 - fix immediately,Core Web Vitals,LCP poor,Largest Contentful Paint is slow: the main content appears late.,10.41 s,<= 2.5 s,"Optimise the LCP element (Element): priority on the hero image, smaller image, less render-blocking CSS/JS, faster TTFB.",img image?url=%2Fimages%2Fphotos%2Ftechnologies%2Ffigma-design.w,"mobile (Slow 4G, 4x CPU), median of 1 run(s)",200,yes,Core Web Vitals Report
http://localhost:3000/technologies/firebase-cloud-development,Critical,P1 - fix immediately,Core Web Vitals,LCP poor,Largest Contentful Paint is slow: the main content appears late.,9.86 s,<= 2.5 s,"Optimise the LCP element (Element): priority on the hero image, smaller image, less render-blocking CSS/JS, faster TTFB.",img image?url=%2Fimages%2Fphotos%2Fpages%2Ffaq.webp&w=1920&q=75,"mobile (Slow 4G, 4x CPU), median of 1 run(s)",200,yes,Core Web Vitals Report
http://localhost:3000/technologies/firebase-development,Critical,P1 - fix immediately,Core Web Vitals,LCP poor,Largest Contentful Paint is slow: the main content appears late.,11.20 s,<= 2.5 s,"Optimise the LCP element (Element): priority on the hero image, smaller image, less render-blocking CSS/JS, faster TTFB.",img image?url=%2Fimages%2Fphotos%2Fpages%2Ffaq.webp&w=1920&q=75,"mobile (Slow 4G, 4x CPU), median of 1 run(s)",200,yes,Core Web Vitals Report
http://localhost:3000/technologies/flask-development,Critical,P1 - fix immediately,Core Web Vitals,LCP poor,Largest Contentful Paint is slow: the main content appears late.,8.38 s,<= 2.5 s,"Optimise the LCP element (Element): priority on the hero image, smaller image, less render-blocking CSS/JS, faster TTFB.",img image?url=%2Fimages%2Fphotos%2Ftechnologies%2Fbackend.webp&w,"mobile (Slow 4G, 4x CPU), median of 1 run(s)",200,yes,Core Web Vitals Report
http://localhost:3000/technologies/flutter-development,Critical,P1 - fix immediately,Core Web Vitals,LCP poor,Largest Contentful Paint is slow: the main content appears late.,12.30 s,<= 2.5 s,"Optimise the LCP element (Element): priority on the hero image, smaller image, less render-blocking CSS/JS, faster TTFB.",img image?url=%2Fimages%2Fphotos%2Fpages%2Ffaq.webp&w=1920&q=75,"mobile (Slow 4G, 4x CPU), median of 1 run(s)",200,yes,Core Web Vitals Report
http://localhost:3000/technologies/framer-development,Critical,P1 - fix immediately,Core Web Vitals,LCP poor,Largest Contentful Paint is slow: the main content appears late.,9.45 s,<= 2.5 s,"Optimise the LCP element (Element): priority on the hero image, smaller image, less render-blocking CSS/JS, faster TTFB.",img image?url=%2Fimages%2Fphotos%2Ftechnologies%2Fframer-develop,"mobile (Slow 4G, 4x CPU), median of 1 run(s)",200,yes,Core Web Vitals Report
http://localhost:3000/technologies/gemini-development,Critical,P1 - fix immediately,Core Web Vitals,LCP poor,Largest Contentful Paint is slow: the main content appears late.,8.36 s,<= 2.5 s,"Optimise the LCP element (Element): priority on the hero image, smaller image, less render-blocking CSS/JS, faster TTFB.",img image?url=%2Fimages%2Fphotos%2Ftechnologies%2Fai-ml.webp&w=1,"mobile (Slow 4G, 4x CPU), median of 1 run(s)",200,yes,Core Web Vitals Report
http://localhost:3000/technologies/generative-ai-development,Critical,P1 - fix immediately,Core Web Vitals,LCP poor,Largest Contentful Paint is slow: the main content appears late.,9.24 s,<= 2.5 s,"Optimise the LCP element (Element): priority on the hero image, smaller image, less render-blocking CSS/JS, faster TTFB.",img image?url=%2Fimages%2Fphotos%2Fpages%2Ffaq.webp&w=1920&q=75,"mobile (Slow 4G, 4x CPU), median of 1 run(s)",200,yes,Core Web Vitals Report
http://localhost:3000/technologies/github-actions-development,Critical,P1 - fix immediately,Core Web Vitals,LCP poor,Largest Contentful Paint is slow: the main content appears late.,10.36 s,<= 2.5 s,"Optimise the LCP element (Element): priority on the hero image, smaller image, less render-blocking CSS/JS, faster TTFB.",img image?url=%2Fimages%2Fphotos%2Ftechnologies%2Fgithub-actions,"mobile (Slow 4G, 4x CPU), median of 1 run(s)",200,yes,Core Web Vitals Report
http://localhost:3000/technologies/gitlab-development,Critical,P1 - fix immediately,Core Web Vitals,LCP poor,Largest Contentful Paint is slow: the main content appears late.,8.35 s,<= 2.5 s,"Optimise the LCP element (Element): priority on the hero image, smaller image, less render-blocking CSS/JS, faster TTFB.",img image?url=%2Fimages%2Fphotos%2Ftechnologies%2Fdevops.webp&w=,"mobile (Slow 4G, 4x CPU), median of 1 run(s)",200,yes,Core Web Vitals Report
http://localhost:3000/technologies/golang-development,Critical,P1 - fix immediately,Core Web Vitals,LCP poor,Largest Contentful Paint is slow: the main content appears late.,10.62 s,<= 2.5 s,"Optimise the LCP element (Element): priority on the hero image, smaller image, less render-blocking CSS/JS, faster TTFB.",img image?url=%2Fimages%2Fphotos%2Fpages%2Ffaq.webp&w=1920&q=75,"mobile (Slow 4G, 4x CPU), median of 1 run(s)",200,yes,Core Web Vitals Report
http://localhost:3000/technologies/google-ads-management,Critical,P1 - fix immediately,Core Web Vitals,LCP poor,Largest Contentful Paint is slow: the main content appears late.,8.60 s,<= 2.5 s,"Optimise the LCP element (Element): priority on the hero image, smaller image, less render-blocking CSS/JS, faster TTFB.",img image?url=%2Fimages%2Fphotos%2Ftechnologies%2Fdigital-market,"mobile (Slow 4G, 4x CPU), median of 1 run(s)",200,yes,Core Web Vitals Report
http://localhost:3000/technologies/google-analytics-setup,Critical,P1 - fix immediately,Core Web Vitals,LCP poor,Largest Contentful Paint is slow: the main content appears late.,9.20 s,<= 2.5 s,"Optimise the LCP element (Element): priority on the hero image, smaller image, less render-blocking CSS/JS, faster TTFB.",img image?url=%2Fimages%2Fphotos%2Fpages%2Ffaq.webp&w=1920&q=75,"mobile (Slow 4G, 4x CPU), median of 1 run(s)",200,yes,Core Web Vitals Report
http://localhost:3000/technologies/google-cloud-computing,Critical,P1 - fix immediately,Core Web Vitals,LCP poor,Largest Contentful Paint is slow: the main content appears late.,11.02 s,<= 2.5 s,"Optimise the LCP element (Element): priority on the hero image, smaller image, less render-blocking CSS/JS, faster TTFB.",img image?url=%2Fimages%2Fphotos%2Ftechnologies%2Fgoogle-cloud-c,"mobile (Slow 4G, 4x CPU), median of 1 run(s)",200,yes,Core Web Vitals Report
http://localhost:3000/technologies/google-cloud-development,Critical,P1 - fix immediately,Core Web Vitals,LCP poor,Largest Contentful Paint is slow: the main content appears late.,11.10 s,<= 2.5 s,"Optimise the LCP element (Element): priority on the hero image, smaller image, less render-blocking CSS/JS, faster TTFB.",img image?url=%2Fimages%2Fphotos%2Ftechnologies%2Fcloud.webp&w=1,"mobile (Slow 4G, 4x CPU), median of 1 run(s)",200,yes,Core Web Vitals Report
http://localhost:3000/technologies/google-search-console-optimization,Critical,P1 - fix immediately,Core Web Vitals,LCP poor,Largest Contentful Paint is slow: the main content appears late.,9.50 s,<= 2.5 s,"Optimise the LCP element (Element): priority on the hero image, smaller image, less render-blocking CSS/JS, faster TTFB.",img image?url=%2Fimages%2Fphotos%2Fpages%2Ffaq.webp&w=1920&q=75,"mobile (Slow 4G, 4x CPU), median of 1 run(s)",200,yes,Core Web Vitals Report
http://localhost:3000/technologies/grafana-development,Critical,P1 - fix immediately,Core Web Vitals,LCP poor,Largest Contentful Paint is slow: the main content appears late.,9.47 s,<= 2.5 s,"Optimise the LCP element (Element): priority on the hero image, smaller image, less render-blocking CSS/JS, faster TTFB.",img image?url=%2Fimages%2Fphotos%2Fprojects%2Fhospitalhybrid-clo,"mobile (Slow 4G, 4x CPU), median of 1 run(s)",200,yes,Core Web Vitals Report
http://localhost:3000/technologies/graphql-development,Critical,P1 - fix immediately,Core Web Vitals,LCP poor,Largest Contentful Paint is slow: the main content appears late.,9.56 s,<= 2.5 s,"Optimise the LCP element (Element): priority on the hero image, smaller image, less render-blocking CSS/JS, faster TTFB.",img image?url=%2Fimages%2Fphotos%2Ftechnologies%2Fgraphql-develo,"mobile (Slow 4G, 4x CPU), median of 1 run(s)",200,yes,Core Web Vitals Report
http://localhost:3000/technologies/html5-development,Critical,P1 - fix immediately,Core Web Vitals,LCP poor,Largest Contentful Paint is slow: the main content appears late.,9.89 s,<= 2.5 s,"Optimise the LCP element (Element): priority on the hero image, smaller image, less render-blocking CSS/JS, faster TTFB.",img image?url=%2Fimages%2Fphotos%2Ftechnologies%2Fhtml5-developm,"mobile (Slow 4G, 4x CPU), median of 1 run(s)",200,yes,Core Web Vitals Report
http://localhost:3000/technologies/hugging-face-development,Critical,P1 - fix immediately,Core Web Vitals,LCP poor,Largest Contentful Paint is slow: the main content appears late.,9.48 s,<= 2.5 s,"Optimise the LCP element (Element): priority on the hero image, smaller image, less render-blocking CSS/JS, faster TTFB.",img image?url=%2Fimages%2Fphotos%2Ftechnologies%2Fhugging-face-d,"mobile (Slow 4G, 4x CPU), median of 1 run(s)",200,yes,Core Web Vitals Report
http://localhost:3000/technologies/hybrid-cloud-computing,Critical,P1 - fix immediately,Core Web Vitals,LCP poor,Largest Contentful Paint is slow: the main content appears late.,10.00 s,<= 2.5 s,"Optimise the LCP element (Element): priority on the hero image, smaller image, less render-blocking CSS/JS, faster TTFB.",img image?url=%2Fimages%2Fphotos%2Fprojects%2Fhospitalhybrid-clo,"mobile (Slow 4G, 4x CPU), median of 1 run(s)",200,yes,Core Web Vitals Report
http://localhost:3000/technologies/ibm-cloud-development,Critical,P1 - fix immediately,Core Web Vitals,LCP poor,Largest Contentful Paint is slow: the main content appears late.,8.81 s,<= 2.5 s,"Optimise the LCP element (Element): priority on the hero image, smaller image, less render-blocking CSS/JS, faster TTFB.",img image?url=%2Fimages%2Fphotos%2Ftechnologies%2Fcloud.webp&w=1,"mobile (Slow 4G, 4x CPU), median of 1 run(s)",200,yes,Core Web Vitals Report
http://localhost:3000/technologies/influencer-marketing,Critical,P1 - fix immediately,Core Web Vitals,LCP poor,Largest Contentful Paint is slow: the main content appears late.,9.19 s,<= 2.5 s,"Optimise the LCP element (Element): priority on the hero image, smaller image, less render-blocking CSS/JS, faster TTFB.",img image?url=%2Fimages%2Fphotos%2Fpages%2Ffaq.webp&w=1920&q=75,"mobile (Slow 4G, 4x CPU), median of 1 run(s)",200,yes,Core Web Vitals Report
http://localhost:3000/technologies/integration-testing,Critical,P1 - fix immediately,Core Web Vitals,LCP poor,Largest Contentful Paint is slow: the main content appears late.,9.28 s,<= 2.5 s,"Optimise the LCP element (Element): priority on the hero image, smaller image, less render-blocking CSS/JS, faster TTFB.",img image?url=%2Fimages%2Fphotos%2Fpages%2Ffaq.webp&w=1920&q=75,"mobile (Slow 4G, 4x CPU), median of 1 run(s)",200,yes,Core Web Vitals Report
http://localhost:3000/technologies/interaction-design,Critical,P1 - fix immediately,Core Web Vitals,LCP poor,Largest Contentful Paint is slow: the main content appears late.,9.20 s,<= 2.5 s,"Optimise the LCP element (Element): priority on the hero image, smaller image, less render-blocking CSS/JS, faster TTFB.",img image?url=%2Fimages%2Fphotos%2Fpages%2Ffaq.webp&w=1920&q=75,"mobile (Slow 4G, 4x CPU), median of 1 run(s)",200,yes,Core Web Vitals Report
http://localhost:3000/technologies/inventory-management-development,Critical,P1 - fix immediately,Core Web Vitals,LCP poor,Largest Contentful Paint is slow: the main content appears late.,9.21 s,<= 2.5 s,"Optimise the LCP element (Element): priority on the hero image, smaller image, less render-blocking CSS/JS, faster TTFB.",img image?url=%2Fimages%2Fphotos%2Fpages%2Ffaq.webp&w=1920&q=75,"mobile (Slow 4G, 4x CPU), median of 1 run(s)",200,yes,Core Web Vitals Report
http://localhost:3000/technologies/ionic-development,Critical,P1 - fix immediately,Core Web Vitals,LCP poor,Largest Contentful Paint is slow: the main content appears late.,10.23 s,<= 2.5 s,"Optimise the LCP element (Element): priority on the hero image, smaller image, less render-blocking CSS/JS, faster TTFB.",img image?url=%2Fimages%2Fphotos%2Fpages%2Ffaq.webp&w=1920&q=75,"mobile (Slow 4G, 4x CPU), median of 1 run(s)",200,yes,Core Web Vitals Report
http://localhost:3000/technologies/ios-app-development,Critical,P1 - fix immediately,Core Web Vitals,LCP poor,Largest Contentful Paint is slow: the main content appears late.,11.68 s,<= 2.5 s,"Optimise the LCP element (Element): priority on the hero image, smaller image, less render-blocking CSS/JS, faster TTFB.",img image?url=%2Fimages%2Fphotos%2Fpages%2Ffaq.webp&w=1920&q=75,"mobile (Slow 4G, 4x CPU), median of 1 run(s)",200,yes,Core Web Vitals Report
http://localhost:3000/technologies/java-development,Critical,P1 - fix immediately,Core Web Vitals,LCP poor,Largest Contentful Paint is slow: the main content appears late.,12.10 s,<= 2.5 s,"Optimise the LCP element (Element): priority on the hero image, smaller image, less render-blocking CSS/JS, faster TTFB.",img image?url=%2Fimages%2Fphotos%2Fpages%2Ffaq.webp&w=1920&q=75,"mobile (Slow 4G, 4x CPU), median of 1 run(s)",200,yes,Core Web Vitals Report
http://localhost:3000/technologies/java-mobile-development,Critical,P1 - fix immediately,Core Web Vitals,LCP poor,Largest Contentful Paint is slow: the main content appears late.,10.17 s,<= 2.5 s,"Optimise the LCP element (Element): priority on the hero image, smaller image, less render-blocking CSS/JS, faster TTFB.",img image?url=%2Fimages%2Fphotos%2Fpages%2Ffaq.webp&w=1920&q=75,"mobile (Slow 4G, 4x CPU), median of 1 run(s)",200,yes,Core Web Vitals Report
http://localhost:3000/technologies/javascript-development,Critical,P1 - fix immediately,Core Web Vitals,LCP poor,Largest Contentful Paint is slow: the main content appears late.,11.33 s,<= 2.5 s,"Optimise the LCP element (Element): priority on the hero image, smaller image, less render-blocking CSS/JS, faster TTFB.",img image?url=%2Fimages%2Fphotos%2Ftechnologies%2Fjavascript-dev,"mobile (Slow 4G, 4x CPU), median of 1 run(s)",200,yes,Core Web Vitals Report
http://localhost:3000/technologies/jenkins-development,Critical,P1 - fix immediately,Core Web Vitals,LCP poor,Largest Contentful Paint is slow: the main content appears late.,11.41 s,<= 2.5 s,"Optimise the LCP element (Element): priority on the hero image, smaller image, less render-blocking CSS/JS, faster TTFB.",img image?url=%2Fimages%2Fphotos%2Ftechnologies%2Fjenkins-develo,"mobile (Slow 4G, 4x CPU), median of 1 run(s)",200,yes,Core Web Vitals Report
http://localhost:3000/technologies/jest-testing,Critical,P1 - fix immediately,Core Web Vitals,LCP poor,Largest Contentful Paint is slow: the main content appears late.,10.79 s,<= 2.5 s,"Optimise the LCP element (Element): priority on the hero image, smaller image, less render-blocking CSS/JS, faster TTFB.",img image?url=%2Fimages%2Fphotos%2Fpages%2Ffaq.webp&w=1920&q=75,"mobile (Slow 4G, 4x CPU), median of 1 run(s)",200,yes,Core Web Vitals Report
http://localhost:3000/technologies/joomla-development,Critical,P1 - fix immediately,Core Web Vitals,LCP poor,Largest Contentful Paint is slow: the main content appears late.,10.12 s,<= 2.5 s,"Optimise the LCP element (Element): priority on the hero image, smaller image, less render-blocking CSS/JS, faster TTFB.",img image?url=%2Fimages%2Fphotos%2Ftechnologies%2Fjoomla-develop,"mobile (Slow 4G, 4x CPU), median of 1 run(s)",200,yes,Core Web Vitals Report
http://localhost:3000/technologies/jquery-development,Critical,P1 - fix immediately,Core Web Vitals,LCP poor,Largest Contentful Paint is slow: the main content appears late.,8.31 s,<= 2.5 s,"Optimise the LCP element (Element): priority on the hero image, smaller image, less render-blocking CSS/JS, faster TTFB.",img image?url=%2Fimages%2Fphotos%2Ftechnologies%2Ffrontend.webp&,"mobile (Slow 4G, 4x CPU), median of 1 run(s)",200,yes,Core Web Vitals Report
http://localhost:3000/technologies/kotlin-development,Critical,P1 - fix immediately,Core Web Vitals,LCP poor,Largest Contentful Paint is slow: the main content appears late.,11.98 s,<= 2.5 s,"Optimise the LCP element (Element): priority on the hero image, smaller image, less render-blocking CSS/JS, faster TTFB.",img image?url=%2Fimages%2Fphotos%2Fpages%2Ffaq.webp&w=1920&q=75,"mobile (Slow 4G, 4x CPU), median of 1 run(s)",200,yes,Core Web Vitals Report
http://localhost:3000/technologies/kubernetes-development,Critical,P1 - fix immediately,Core Web Vitals,LCP poor,Largest Contentful Paint is slow: the main content appears late.,10.36 s,<= 2.5 s,"Optimise the LCP element (Element): priority on the hero image, smaller image, less render-blocking CSS/JS, faster TTFB.",img image?url=%2Fimages%2Fphotos%2Ftechnologies%2Fkubernetes-dev,"mobile (Slow 4G, 4x CPU), median of 1 run(s)",200,yes,Core Web Vitals Report
http://localhost:3000/technologies/langchain-development,Critical,P1 - fix immediately,Core Web Vitals,LCP poor,Largest Contentful Paint is slow: the main content appears late.,9.88 s,<= 2.5 s,"Optimise the LCP element (Element): priority on the hero image, smaller image, less render-blocking CSS/JS, faster TTFB.",img image?url=%2Fimages%2Fphotos%2Ftechnologies%2Flangchain-deve,"mobile (Slow 4G, 4x CPU), median of 1 run(s)",200,yes,Core Web Vitals Report
http://localhost:3000/technologies/laravel-development,Critical,P1 - fix immediately,Core Web Vitals,LCP poor,Largest Contentful Paint is slow: the main content appears late.,11.07 s,<= 2.5 s,"Optimise the LCP element (Element): priority on the hero image, smaller image, less render-blocking CSS/JS, faster TTFB.",img image?url=%2Fimages%2Fphotos%2Fpages%2Ffaq.webp&w=1920&q=75,"mobile (Slow 4G, 4x CPU), median of 1 run(s)",200,yes,Core Web Vitals Report
http://localhost:3000/technologies/linux-development,Critical,P1 - fix immediately,Core Web Vitals,LCP poor,Largest Contentful Paint is slow: the main content appears late.,8.40 s,<= 2.5 s,"Optimise the LCP element (Element): priority on the hero image, smaller image, less render-blocking CSS/JS, faster TTFB.",img image?url=%2Fimages%2Fphotos%2Ftechnologies%2Fdevops.webp&w=,"mobile (Slow 4G, 4x CPU), median of 1 run(s)",200,yes,Core Web Vitals Report
http://localhost:3000/technologies/local-seo-services,Critical,P1 - fix immediately,Core Web Vitals,LCP poor,Largest Contentful Paint is slow: the main content appears late.,8.30 s,<= 2.5 s,"Optimise the LCP element (Element): priority on the hero image, smaller image, less render-blocking CSS/JS, faster TTFB.",img image?url=%2Fimages%2Fphotos%2Ftechnologies%2Fdigital-market,"mobile (Slow 4G, 4x CPU), median of 1 run(s)",200,yes,Core Web Vitals Report
http://localhost:3000/technologies/machine-learning-development,Critical,P1 - fix immediately,Core Web Vitals,LCP poor,Largest Contentful Paint is slow: the main content appears late.,8.52 s,<= 2.5 s,"Optimise the LCP element (Element): priority on the hero image, smaller image, less render-blocking CSS/JS, faster TTFB.",img image?url=%2Fimages%2Fphotos%2Ftechnologies%2Fai-ml.webp&w=1,"mobile (Slow 4G, 4x CPU), median of 1 run(s)",200,yes,Core Web Vitals Report
http://localhost:3000/technologies/magento-cms-development,Critical,P1 - fix immediately,Core Web Vitals,LCP poor,Largest Contentful Paint is slow: the main content appears late.,8.32 s,<= 2.5 s,"Optimise the LCP element (Element): priority on the hero image, smaller image, less render-blocking CSS/JS, faster TTFB.",img image?url=%2Fimages%2Fphotos%2Ftechnologies%2Fcms.webp&w=192,"mobile (Slow 4G, 4x CPU), median of 1 run(s)",200,yes,Core Web Vitals Report
http://localhost:3000/technologies/magento-development,Critical,P1 - fix immediately,Core Web Vitals,LCP poor,Largest Contentful Paint is slow: the main content appears late.,10.60 s,<= 2.5 s,"Optimise the LCP element (Element): priority on the hero image, smaller image, less render-blocking CSS/JS, faster TTFB.",img image?url=%2Fimages%2Fphotos%2Ftechnologies%2Fmagento-develo,"mobile (Slow 4G, 4x CPU), median of 1 run(s)",200,yes,Core Web Vitals Report
http://localhost:3000/technologies/manual-testing,Critical,P1 - fix immediately,Core Web Vitals,LCP poor,Largest Contentful Paint is slow: the main content appears late.,9.25 s,<= 2.5 s,"Optimise the LCP element (Element): priority on the hero image, smaller image, less render-blocking CSS/JS, faster TTFB.",img image?url=%2Fimages%2Fphotos%2Fpages%2Ffaq.webp&w=1920&q=75,"mobile (Slow 4G, 4x CPU), median of 1 run(s)",200,yes,Core Web Vitals Report
http://localhost:3000/technologies/mariadb-development,Critical,P1 - fix immediately,Core Web Vitals,LCP poor,Largest Contentful Paint is slow: the main content appears late.,8.57 s,<= 2.5 s,"Optimise the LCP element (Element): priority on the hero image, smaller image, less render-blocking CSS/JS, faster TTFB.",img image?url=%2Fimages%2Fphotos%2Ftechnologies%2Fdatabase.webp&,"mobile (Slow 4G, 4x CPU), median of 1 run(s)",200,yes,Core Web Vitals Report
http://localhost:3000/technologies/marketing-automation,Critical,P1 - fix immediately,Core Web Vitals,LCP poor,Largest Contentful Paint is slow: the main content appears late.,9.30 s,<= 2.5 s,"Optimise the LCP element (Element): priority on the hero image, smaller image, less render-blocking CSS/JS, faster TTFB.",img image?url=%2Fimages%2Fphotos%2Ftechnologies%2Fmarketing-auto,"mobile (Slow 4G, 4x CPU), median of 1 run(s)",200,yes,Core Web Vitals Report
http://localhost:3000/technologies/material-ui-development,Critical,P1 - fix immediately,Core Web Vitals,LCP poor,Largest Contentful Paint is slow: the main content appears late.,10.67 s,<= 2.5 s,"Optimise the LCP element (Element): priority on the hero image, smaller image, less render-blocking CSS/JS, faster TTFB.",img image?url=%2Fimages%2Fphotos%2Fpages%2Ffaq.webp&w=1920&q=75,"mobile (Slow 4G, 4x CPU), median of 1 run(s)",200,yes,Core Web Vitals Report
http://localhost:3000/technologies/mobile-app-marketing,Critical,P1 - fix immediately,Core Web Vitals,LCP poor,Largest Contentful Paint is slow: the main content appears late.,9.31 s,<= 2.5 s,"Optimise the LCP element (Element): priority on the hero image, smaller image, less render-blocking CSS/JS, faster TTFB.",img image?url=%2Fimages%2Fphotos%2Ftechnologies%2Fmobile-app-mar,"mobile (Slow 4G, 4x CPU), median of 1 run(s)",200,yes,Core Web Vitals Report
http://localhost:3000/technologies/mongodb-development,Critical,P1 - fix immediately,Core Web Vitals,LCP poor,Largest Contentful Paint is slow: the main content appears late.,10.72 s,<= 2.5 s,"Optimise the LCP element (Element): priority on the hero image, smaller image, less render-blocking CSS/JS, faster TTFB.",img image?url=%2Fimages%2Fphotos%2Ftechnologies%2Fmongodb-develo,"mobile (Slow 4G, 4x CPU), median of 1 run(s)",200,yes,Core Web Vitals Report
http://localhost:3000/technologies/mysql-development,Critical,P1 - fix immediately,Core Web Vitals,LCP poor,Largest Contentful Paint is slow: the main content appears late.,11.41 s,<= 2.5 s,"Optimise the LCP element (Element): priority on the hero image, smaller image, less render-blocking CSS/JS, faster TTFB.",img image?url=%2Fimages%2Fphotos%2Fpages%2Ffaq.webp&w=1920&q=75,"mobile (Slow 4G, 4x CPU), median of 1 run(s)",200,yes,Core Web Vitals Report
http://localhost:3000/technologies/nestjs-development,Critical,P1 - fix immediately,Core Web Vitals,LCP poor,Largest Contentful Paint is slow: the main content appears late.,10.51 s,<= 2.5 s,"Optimise the LCP element (Element): priority on the hero image, smaller image, less render-blocking CSS/JS, faster TTFB.",img image?url=%2Fimages%2Fphotos%2Ftechnologies%2Fnestjs-develop,"mobile (Slow 4G, 4x CPU), median of 1 run(s)",200,yes,Core Web Vitals Report
http://localhost:3000/technologies/net-development,Critical,P1 - fix immediately,Core Web Vitals,LCP poor,Largest Contentful Paint is slow: the main content appears late.,12.42 s,<= 2.5 s,"Optimise the LCP element (Element): priority on the hero image, smaller image, less render-blocking CSS/JS, faster TTFB.",img image?url=%2Fimages%2Fphotos%2Fpages%2Ffaq.webp&w=1920&q=75,"mobile (Slow 4G, 4x CPU), median of 1 run(s)",200,yes,Core Web Vitals Report
http://localhost:3000/technologies/netlify-development,Critical,P1 - fix immediately,Core Web Vitals,LCP poor,Largest Contentful Paint is slow: the main content appears late.,9.40 s,<= 2.5 s,"Optimise the LCP element (Element): priority on the hero image, smaller image, less render-blocking CSS/JS, faster TTFB.",img image?url=%2Fimages%2Fphotos%2Fpages%2Ffaq.webp&w=1920&q=75,"mobile (Slow 4G, 4x CPU), median of 1 run(s)",200,yes,Core Web Vitals Report
http://localhost:3000/technologies/nextjs-development,Critical,P1 - fix immediately,Core Web Vitals,LCP poor,Largest Contentful Paint is slow: the main content appears late.,11.42 s,<= 2.5 s,"Optimise the LCP element (Element): priority on the hero image, smaller image, less render-blocking CSS/JS, faster TTFB.",img image?url=%2Fimages%2Fphotos%2Ftechnologies%2Fnextjs-develop,"mobile (Slow 4G, 4x CPU), median of 1 run(s)",200,yes,Core Web Vitals Report
http://localhost:3000/technologies/nginx-development,Critical,P1 - fix immediately,Core Web Vitals,LCP poor,Largest Contentful Paint is slow: the main content appears late.,9.53 s,<= 2.5 s,"Optimise the LCP element (Element): priority on the hero image, smaller image, less render-blocking CSS/JS, faster TTFB.",img image?url=%2Fimages%2Fphotos%2Ftechnologies%2Fnginx-developm,"mobile (Slow 4G, 4x CPU), median of 1 run(s)",200,yes,Core Web Vitals Report
http://localhost:3000/technologies/nlp-development,Critical,P1 - fix immediately,Core Web Vitals,LCP poor,Largest Contentful Paint is slow: the main content appears late.,8.51 s,<= 2.5 s,"Optimise the LCP element (Element): priority on the hero image, smaller image, less render-blocking CSS/JS, faster TTFB.",img image?url=%2Fimages%2Fphotos%2Ftechnologies%2Fai-ml.webp&w=1,"mobile (Slow 4G, 4x CPU), median of 1 run(s)",200,yes,Core Web Vitals Report
http://localhost:3000/technologies/nodejs-development,Critical,P1 - fix immediately,Core Web Vitals,LCP poor,Largest Contentful Paint is slow: the main content appears late.,12.18 s,<= 2.5 s,"Optimise the LCP element (Element): priority on the hero image, smaller image, less render-blocking CSS/JS, faster TTFB.",img image?url=%2Fimages%2Fphotos%2Fpages%2Ffaq.webp&w=1920&q=75,"mobile (Slow 4G, 4x CPU), median of 1 run(s)",200,yes,Core Web Vitals Report
http://localhost:3000/technologies/nopcommerce-development,Critical,P1 - fix immediately,Core Web Vitals,LCP poor,Largest Contentful Paint is slow: the main content appears late.,9.87 s,<= 2.5 s,"Optimise the LCP element (Element): priority on the hero image, smaller image, less render-blocking CSS/JS, faster TTFB.",img image?url=%2Fimages%2Fphotos%2Fprojects%2Fpharmacy-nopcommer,"mobile (Slow 4G, 4x CPU), median of 1 run(s)",200,yes,Core Web Vitals Report
http://localhost:3000/technologies/nuxtjs-development,Critical,P1 - fix immediately,Core Web Vitals,LCP poor,Largest Contentful Paint is slow: the main content appears late.,8.35 s,<= 2.5 s,"Optimise the LCP element (Element): priority on the hero image, smaller image, less render-blocking CSS/JS, faster TTFB.",img image?url=%2Fimages%2Fphotos%2Ftechnologies%2Ffrontend.webp&,"mobile (Slow 4G, 4x CPU), median of 1 run(s)",200,yes,Core Web Vitals Report
http://localhost:3000/technologies/online-reputation-management,Critical,P1 - fix immediately,Core Web Vitals,LCP poor,Largest Contentful Paint is slow: the main content appears late.,8.45 s,<= 2.5 s,"Optimise the LCP element (Element): priority on the hero image, smaller image, less render-blocking CSS/JS, faster TTFB.",img image?url=%2Fimages%2Fphotos%2Ftechnologies%2Fdigital-market,"mobile (Slow 4G, 4x CPU), median of 1 run(s)",200,yes,Core Web Vitals Report
http://localhost:3000/technologies/online-reputation-management-orm,Critical,P1 - fix immediately,Core Web Vitals,LCP poor,Largest Contentful Paint is slow: the main content appears late.,9.12 s,<= 2.5 s,"Optimise the LCP element (Element): priority on the hero image, smaller image, less render-blocking CSS/JS, faster TTFB.",img image?url=%2Fimages%2Fphotos%2Ftechnologies%2Fonline-reputat,"mobile (Slow 4G, 4x CPU), median of 1 run(s)",200,yes,Core Web Vitals Report
http://localhost:3000/technologies/open-cart-development,Critical,P1 - fix immediately,Core Web Vitals,LCP poor,Largest Contentful Paint is slow: the main content appears late.,11.10 s,<= 2.5 s,"Optimise the LCP element (Element): priority on the hero image, smaller image, less render-blocking CSS/JS, faster TTFB.",img image?url=%2Fimages%2Fphotos%2Fpages%2Ffaq.webp&w=1920&q=75,"mobile (Slow 4G, 4x CPU), median of 1 run(s)",200,yes,Core Web Vitals Report
http://localhost:3000/technologies/openai-development,Critical,P1 - fix immediately,Core Web Vitals,LCP poor,Largest Contentful Paint is slow: the main content appears late.,9.74 s,<= 2.5 s,"Optimise the LCP element (Element): priority on the hero image, smaller image, less render-blocking CSS/JS, faster TTFB.",img image?url=%2Fimages%2Fphotos%2Ftechnologies%2Fopenai-develop,"mobile (Slow 4G, 4x CPU), median of 1 run(s)",200,yes,Core Web Vitals Report
http://localhost:3000/technologies/opencv-development,Critical,P1 - fix immediately,Core Web Vitals,LCP poor,Largest Contentful Paint is slow: the main content appears late.,9.46 s,<= 2.5 s,"Optimise the LCP element (Element): priority on the hero image, smaller image, less render-blocking CSS/JS, faster TTFB.",img image?url=%2Fimages%2Fphotos%2Fprojects%2Fsmartcampus-attend,"mobile (Slow 4G, 4x CPU), median of 1 run(s)",200,yes,Core Web Vitals Report
http://localhost:3000/technologies/oracle-cloud-development,Critical,P1 - fix immediately,Core Web Vitals,LCP poor,Largest Contentful Paint is slow: the main content appears late.,8.78 s,<= 2.5 s,"Optimise the LCP element (Element): priority on the hero image, smaller image, less render-blocking CSS/JS, faster TTFB.",img image?url=%2Fimages%2Fphotos%2Ftechnologies%2Fcloud.webp&w=1,"mobile (Slow 4G, 4x CPU), median of 1 run(s)",200,yes,Core Web Vitals Report
http://localhost:3000/technologies/oracle-development,Critical,P1 - fix immediately,Core Web Vitals,LCP poor,Largest Contentful Paint is slow: the main content appears late.,9.57 s,<= 2.5 s,"Optimise the LCP element (Element): priority on the hero image, smaller image, less render-blocking CSS/JS, faster TTFB.",img image?url=%2Fimages%2Fphotos%2Fpages%2Ffaq.webp&w=1920&q=75,"mobile (Slow 4G, 4x CPU), median of 1 run(s)",200,yes,Core Web Vitals Report
http://localhost:3000/technologies/order-management-development,Critical,P1 - fix immediately,Core Web Vitals,LCP poor,Largest Contentful Paint is slow: the main content appears late.,9.21 s,<= 2.5 s,"Optimise the LCP element (Element): priority on the hero image, smaller image, less render-blocking CSS/JS, faster TTFB.",img image?url=%2Fimages%2Fphotos%2Fpages%2Ffaq.webp&w=1920&q=75,"mobile (Slow 4G, 4x CPU), median of 1 run(s)",200,yes,Core Web Vitals Report
http://localhost:3000/technologies/pandas-development,Critical,P1 - fix immediately,Core Web Vitals,LCP poor,Largest Contentful Paint is slow: the main content appears late.,9.48 s,<= 2.5 s,"Optimise the LCP element (Element): priority on the hero image, smaller image, less render-blocking CSS/JS, faster TTFB.",img image?url=%2Fimages%2Fphotos%2Ftechnologies%2Fpandas-develop,"mobile (Slow 4G, 4x CPU), median of 1 run(s)",200,yes,Core Web Vitals Report
http://localhost:3000/technologies/pay-per-click-advertising-ppc,Critical,P1 - fix immediately,Core Web Vitals,LCP poor,Largest Contentful Paint is slow: the main content appears late.,9.61 s,<= 2.5 s,"Optimise the LCP element (Element): priority on the hero image, smaller image, less render-blocking CSS/JS, faster TTFB.",img image?url=%2Fimages%2Fphotos%2Fprojects%2Fppc-leadgen-reales,"mobile (Slow 4G, 4x CPU), median of 1 run(s)",200,yes,Core Web Vitals Report
http://localhost:3000/technologies/payment-gateway-integration,Critical,P1 - fix immediately,Core Web Vitals,LCP poor,Largest Contentful Paint is slow: the main content appears late.,9.23 s,<= 2.5 s,"Optimise the LCP element (Element): priority on the hero image, smaller image, less render-blocking CSS/JS, faster TTFB.",img image?url=%2Fimages%2Fphotos%2Fpages%2Ffaq.webp&w=1920&q=75,"mobile (Slow 4G, 4x CPU), median of 1 run(s)",200,yes,Core Web Vitals Report
http://localhost:3000/technologies/paypal-integration,Critical,P1 - fix immediately,Core Web Vitals,LCP poor,Largest Contentful Paint is slow: the main content appears late.,9.39 s,<= 2.5 s,"Optimise the LCP element (Element): priority on the hero image, smaller image, less render-blocking CSS/JS, faster TTFB.",img image?url=%2Fimages%2Fphotos%2Fpages%2Ffaq.webp&w=1920&q=75,"mobile (Slow 4G, 4x CPU), median of 1 run(s)",200,yes,Core Web Vitals Report
http://localhost:3000/technologies/performance-testing,Critical,P1 - fix immediately,Core Web Vitals,LCP poor,Largest Contentful Paint is slow: the main content appears late.,9.22 s,<= 2.5 s,"Optimise the LCP element (Element): priority on the hero image, smaller image, less render-blocking CSS/JS, faster TTFB.",img image?url=%2Fimages%2Fphotos%2Fpages%2Ffaq.webp&w=1920&q=75,"mobile (Slow 4G, 4x CPU), median of 1 run(s)",200,yes,Core Web Vitals Report
http://localhost:3000/technologies/php-development,Critical,P1 - fix immediately,Core Web Vitals,LCP poor,Largest Contentful Paint is slow: the main content appears late.,11.57 s,<= 2.5 s,"Optimise the LCP element (Element): priority on the hero image, smaller image, less render-blocking CSS/JS, faster TTFB.",img image?url=%2Fimages%2Fphotos%2Ftechnologies%2Fphp-developmen,"mobile (Slow 4G, 4x CPU), median of 1 run(s)",200,yes,Core Web Vitals Report
http://localhost:3000/technologies/playwright-testing,Critical,P1 - fix immediately,Core Web Vitals,LCP poor,Largest Contentful Paint is slow: the main content appears late.,8.65 s,<= 2.5 s,"Optimise the LCP element (Element): priority on the hero image, smaller image, less render-blocking CSS/JS, faster TTFB.",img image?url=%2Fimages%2Fphotos%2Ftechnologies%2Ftesting.webp&w,"mobile (Slow 4G, 4x CPU), median of 1 run(s)",200,yes,Core Web Vitals Report
http://localhost:3000/technologies/postgresql-development,Critical,P1 - fix immediately,Core Web Vitals,LCP poor,Largest Contentful Paint is slow: the main content appears late.,11.52 s,<= 2.5 s,"Optimise the LCP element (Element): priority on the hero image, smaller image, less render-blocking CSS/JS, faster TTFB.",img image?url=%2Fimages%2Fphotos%2Fpages%2Ffaq.webp&w=1920&q=75,"mobile (Slow 4G, 4x CPU), median of 1 run(s)",200,yes,Core Web Vitals Report
http://localhost:3000/technologies/postman-api-testing,Critical,P1 - fix immediately,Core Web Vitals,LCP poor,Largest Contentful Paint is slow: the main content appears late.,9.86 s,<= 2.5 s,"Optimise the LCP element (Element): priority on the hero image, smaller image, less render-blocking CSS/JS, faster TTFB.",img image?url=%2Fimages%2Fphotos%2Ftechnologies%2Fpostman-api-te,"mobile (Slow 4G, 4x CPU), median of 1 run(s)",200,yes,Core Web Vitals Report
http://localhost:3000/technologies/postman-testing,Critical,P1 - fix immediately,Core Web Vitals,LCP poor,Largest Contentful Paint is slow: the main content appears late.,9.54 s,<= 2.5 s,"Optimise the LCP element (Element): priority on the hero image, smaller image, less render-blocking CSS/JS, faster TTFB.",img image?url=%2Fimages%2Fphotos%2Fpages%2Ffaq.webp&w=1920&q=75,"mobile (Slow 4G, 4x CPU), median of 1 run(s)",200,yes,Core Web Vitals Report
http://localhost:3000/technologies/ppc-advertising,Critical,P1 - fix immediately,Core Web Vitals,LCP poor,Largest Contentful Paint is slow: the main content appears late.,8.29 s,<= 2.5 s,"Optimise the LCP element (Element): priority on the hero image, smaller image, less render-blocking CSS/JS, faster TTFB.",img image?url=%2Fimages%2Fphotos%2Ftechnologies%2Fdigital-market,"mobile (Slow 4G, 4x CPU), median of 1 run(s)",200,yes,Core Web Vitals Report
http://localhost:3000/technologies/prestashop-development,Critical,P1 - fix immediately,Core Web Vitals,LCP poor,Largest Contentful Paint is slow: the main content appears late.,8.31 s,<= 2.5 s,"Optimise the LCP element (Element): priority on the hero image, smaller image, less render-blocking CSS/JS, faster TTFB.",img image?url=%2Fimages%2Fphotos%2Ftechnologies%2Fecommerce.webp,"mobile (Slow 4G, 4x CPU), median of 1 run(s)",200,yes,Core Web Vitals Report
http://localhost:3000/technologies/prisma-orm-development,Critical,P1 - fix immediately,Core Web Vitals,LCP poor,Largest Contentful Paint is slow: the main content appears late.,9.53 s,<= 2.5 s,"Optimise the LCP element (Element): priority on the hero image, smaller image, less render-blocking CSS/JS, faster TTFB.",img image?url=%2Fimages%2Fphotos%2Ftechnologies%2Fprisma-orm-dev,"mobile (Slow 4G, 4x CPU), median of 1 run(s)",200,yes,Core Web Vitals Report
http://localhost:3000/technologies/prototyping,Critical,P1 - fix immediately,Core Web Vitals,LCP poor,Largest Contentful Paint is slow: the main content appears late.,9.66 s,<= 2.5 s,"Optimise the LCP element (Element): priority on the hero image, smaller image, less render-blocking CSS/JS, faster TTFB.",img image?url=%2Fimages%2Fphotos%2Ftechnologies%2Fprototyping.we,"mobile (Slow 4G, 4x CPU), median of 1 run(s)",200,yes,Core Web Vitals Report
http://localhost:3000/technologies/prototyping-services,Critical,P1 - fix immediately,Core Web Vitals,LCP poor,Largest Contentful Paint is slow: the main content appears late.,8.28 s,<= 2.5 s,"Optimise the LCP element (Element): priority on the hero image, smaller image, less render-blocking CSS/JS, faster TTFB.",img image?url=%2Fimages%2Fphotos%2Ftechnologies%2Fui-ux.webp&w=1,"mobile (Slow 4G, 4x CPU), median of 1 run(s)",200,yes,Core Web Vitals Report
http://localhost:3000/technologies/python-development,Critical,P1 - fix immediately,Core Web Vitals,LCP poor,Largest Contentful Paint is slow: the main content appears late.,12.26 s,<= 2.5 s,"Optimise the LCP element (Element): priority on the hero image, smaller image, less render-blocking CSS/JS, faster TTFB.",img image?url=%2Fimages%2Fphotos%2Fpages%2Ffaq.webp&w=1920&q=75,"mobile (Slow 4G, 4x CPU), median of 1 run(s)",200,yes,Core Web Vitals Report
http://localhost:3000/technologies/pytorch-development,Critical,P1 - fix immediately,Core Web Vitals,LCP poor,Largest Contentful Paint is slow: the main content appears late.,10.48 s,<= 2.5 s,"Optimise the LCP element (Element): priority on the hero image, smaller image, less render-blocking CSS/JS, faster TTFB.",img image?url=%2Fimages%2Fphotos%2Fpages%2Ffaq.webp&w=1920&q=75,"mobile (Slow 4G, 4x CPU), median of 1 run(s)",200,yes,Core Web Vitals Report
http://localhost:3000/technologies/rag-development,Critical,P1 - fix immediately,Core Web Vitals,LCP poor,Largest Contentful Paint is slow: the main content appears late.,8.37 s,<= 2.5 s,"Optimise the LCP element (Element): priority on the hero image, smaller image, less render-blocking CSS/JS, faster TTFB.",img image?url=%2Fimages%2Fphotos%2Ftechnologies%2Fai-ml.webp&w=1,"mobile (Slow 4G, 4x CPU), median of 1 run(s)",200,yes,Core Web Vitals Report
http://localhost:3000/technologies/razorpay-integration,Critical,P1 - fix immediately,Core Web Vitals,LCP poor,Largest Contentful Paint is slow: the main content appears late.,10.22 s,<= 2.5 s,"Optimise the LCP element (Element): priority on the hero image, smaller image, less render-blocking CSS/JS, faster TTFB.",img image?url=%2Fimages%2Fphotos%2Ftechnologies%2Fecommerce.webp,"mobile (Slow 4G, 4x CPU), median of 1 run(s)",200,yes,Core Web Vitals Report
http://localhost:3000/technologies/react-native-development,Critical,P1 - fix immediately,Core Web Vitals,LCP poor,Largest Contentful Paint is slow: the main content appears late.,11.38 s,<= 2.5 s,"Optimise the LCP element (Element): priority on the hero image, smaller image, less render-blocking CSS/JS, faster TTFB.",img image?url=%2Fimages%2Fphotos%2Ftechnologies%2Freact-native-d,"mobile (Slow 4G, 4x CPU), median of 1 run(s)",200,yes,Core Web Vitals Report
http://localhost:3000/technologies/react-testing-library,Critical,P1 - fix immediately,Core Web Vitals,LCP poor,Largest Contentful Paint is slow: the main content appears late.,9.23 s,<= 2.5 s,"Optimise the LCP element (Element): priority on the hero image, smaller image, less render-blocking CSS/JS, faster TTFB.",img image?url=%2Fimages%2Fphotos%2Fpages%2Ffaq.webp&w=1920&q=75,"mobile (Slow 4G, 4x CPU), median of 1 run(s)",200,yes,Core Web Vitals Report
http://localhost:3000/technologies/reactjs-development,Critical,P1 - fix immediately,Core Web Vitals,LCP poor,Largest Contentful Paint is slow: the main content appears late.,11.45 s,<= 2.5 s,"Optimise the LCP element (Element): priority on the hero image, smaller image, less render-blocking CSS/JS, faster TTFB.",img image?url=%2Fimages%2Fphotos%2Ftechnologies%2Freactjs-develo,"mobile (Slow 4G, 4x CPU), median of 1 run(s)",200,yes,Core Web Vitals Report
http://localhost:3000/technologies/redis-development,Critical,P1 - fix immediately,Core Web Vitals,LCP poor,Largest Contentful Paint is slow: the main content appears late.,10.50 s,<= 2.5 s,"Optimise the LCP element (Element): priority on the hero image, smaller image, less render-blocking CSS/JS, faster TTFB.",img image?url=%2Fimages%2Fphotos%2Ftechnologies%2Fredis-developm,"mobile (Slow 4G, 4x CPU), median of 1 run(s)",200,yes,Core Web Vitals Report
http://localhost:3000/technologies/redux-development,Critical,P1 - fix immediately,Core Web Vitals,LCP poor,Largest Contentful Paint is slow: the main content appears late.,9.54 s,<= 2.5 s,"Optimise the LCP element (Element): priority on the hero image, smaller image, less render-blocking CSS/JS, faster TTFB.",img image?url=%2Fimages%2Fphotos%2Ftechnologies%2Fredux-developm,"mobile (Slow 4G, 4x CPU), median of 1 run(s)",200,yes,Core Web Vitals Report
http://localhost:3000/technologies/responsive-design,Critical,P1 - fix immediately,Core Web Vitals,LCP poor,Largest Contentful Paint is slow: the main content appears late.,9.19 s,<= 2.5 s,"Optimise the LCP element (Element): priority on the hero image, smaller image, less render-blocking CSS/JS, faster TTFB.",img image?url=%2Fimages%2Fphotos%2Fpages%2Ffaq.webp&w=1920&q=75,"mobile (Slow 4G, 4x CPU), median of 1 run(s)",200,yes,Core Web Vitals Report
http://localhost:3000/technologies/rest-api-development,Critical,P1 - fix immediately,Core Web Vitals,LCP poor,Largest Contentful Paint is slow: the main content appears late.,8.39 s,<= 2.5 s,"Optimise the LCP element (Element): priority on the hero image, smaller image, less render-blocking CSS/JS, faster TTFB.",img image?url=%2Fimages%2Fphotos%2Ftechnologies%2Fbackend.webp&w,"mobile (Slow 4G, 4x CPU), median of 1 run(s)",200,yes,Core Web Vitals Report
http://localhost:3000/technologies/ruby-on-rails-development,Critical,P1 - fix immediately,Core Web Vitals,LCP poor,Largest Contentful Paint is slow: the main content appears late.,10.75 s,<= 2.5 s,"Optimise the LCP element (Element): priority on the hero image, smaller image, less render-blocking CSS/JS, faster TTFB.",img image?url=%2Fimages%2Fphotos%2Ftechnologies%2Fruby-on-rails-,"mobile (Slow 4G, 4x CPU), median of 1 run(s)",200,yes,Core Web Vitals Report
http://localhost:3000/technologies/salesforce-commerce-development,Critical,P1 - fix immediately,Core Web Vitals,LCP poor,Largest Contentful Paint is slow: the main content appears late.,8.48 s,<= 2.5 s,"Optimise the LCP element (Element): priority on the hero image, smaller image, less render-blocking CSS/JS, faster TTFB.",img image?url=%2Fimages%2Fphotos%2Ftechnologies%2Fecommerce.webp,"mobile (Slow 4G, 4x CPU), median of 1 run(s)",200,yes,Core Web Vitals Report
http://localhost:3000/technologies/sanity-development,Critical,P1 - fix immediately,Core Web Vitals,LCP poor,Largest Contentful Paint is slow: the main content appears late.,10.65 s,<= 2.5 s,"Optimise the LCP element (Element): priority on the hero image, smaller image, less render-blocking CSS/JS, faster TTFB.",img image?url=%2Fimages%2Fphotos%2Fpages%2Ffaq.webp&w=1920&q=75,"mobile (Slow 4G, 4x CPU), median of 1 run(s)",200,yes,Core Web Vitals Report
http://localhost:3000/technologies/scikit-learn-development,Critical,P1 - fix immediately,Core Web Vitals,LCP poor,Largest Contentful Paint is slow: the main content appears late.,9.89 s,<= 2.5 s,"Optimise the LCP element (Element): priority on the hero image, smaller image, less render-blocking CSS/JS, faster TTFB.",img image?url=%2Fimages%2Fphotos%2Ftechnologies%2Fscikit-learn-d,"mobile (Slow 4G, 4x CPU), median of 1 run(s)",200,yes,Core Web Vitals Report
http://localhost:3000/technologies/search-engine-optimization-seo,Critical,P1 - fix immediately,Core Web Vitals,LCP poor,Largest Contentful Paint is slow: the main content appears late.,10.45 s,<= 2.5 s,"Optimise the LCP element (Element): priority on the hero image, smaller image, less render-blocking CSS/JS, faster TTFB.",img image?url=%2Fimages%2Fphotos%2Fpages%2Ffaq.webp&w=1920&q=75,"mobile (Slow 4G, 4x CPU), median of 1 run(s)",200,yes,Core Web Vitals Report
http://localhost:3000/technologies/security-testing,Critical,P1 - fix immediately,Core Web Vitals,LCP poor,Largest Contentful Paint is slow: the main content appears late.,9.22 s,<= 2.5 s,"Optimise the LCP element (Element): priority on the hero image, smaller image, less render-blocking CSS/JS, faster TTFB.",img image?url=%2Fimages%2Fphotos%2Fpages%2Ffaq.webp&w=1920&q=75,"mobile (Slow 4G, 4x CPU), median of 1 run(s)",200,yes,Core Web Vitals Report
http://localhost:3000/technologies/selenium-development,Critical,P1 - fix immediately,Core Web Vitals,LCP poor,Largest Contentful Paint is slow: the main content appears late.,10.64 s,<= 2.5 s,"Optimise the LCP element (Element): priority on the hero image, smaller image, less render-blocking CSS/JS, faster TTFB.",img image?url=%2Fimages%2Fphotos%2Ftechnologies%2Fselenium-devel,"mobile (Slow 4G, 4x CPU), median of 1 run(s)",200,yes,Core Web Vitals Report
http://localhost:3000/technologies/selenium-testing,Critical,P1 - fix immediately,Core Web Vitals,LCP poor,Largest Contentful Paint is slow: the main content appears late.,9.57 s,<= 2.5 s,"Optimise the LCP element (Element): priority on the hero image, smaller image, less render-blocking CSS/JS, faster TTFB.",img image?url=%2Fimages%2Fphotos%2Fpages%2Ffaq.webp&w=1920&q=75,"mobile (Slow 4G, 4x CPU), median of 1 run(s)",200,yes,Core Web Vitals Report
http://localhost:3000/technologies/seo-services,Critical,P1 - fix immediately,Core Web Vitals,LCP poor,Largest Contentful Paint is slow: the main content appears late.,8.30 s,<= 2.5 s,"Optimise the LCP element (Element): priority on the hero image, smaller image, less render-blocking CSS/JS, faster TTFB.",img image?url=%2Fimages%2Fphotos%2Ftechnologies%2Fdigital-market,"mobile (Slow 4G, 4x CPU), median of 1 run(s)",200,yes,Core Web Vitals Report
http://localhost:3000/technologies/shopify-cms-development,Critical,P1 - fix immediately,Core Web Vitals,LCP poor,Largest Contentful Paint is slow: the main content appears late.,9.70 s,<= 2.5 s,"Optimise the LCP element (Element): priority on the hero image, smaller image, less render-blocking CSS/JS, faster TTFB.",img image?url=%2Fimages%2Fphotos%2Fpages%2Ffaq.webp&w=1920&q=75,"mobile (Slow 4G, 4x CPU), median of 1 run(s)",200,yes,Core Web Vitals Report
http://localhost:3000/technologies/shopify-development,Critical,P1 - fix immediately,Core Web Vitals,LCP poor,Largest Contentful Paint is slow: the main content appears late.,11.39 s,<= 2.5 s,"Optimise the LCP element (Element): priority on the hero image, smaller image, less render-blocking CSS/JS, faster TTFB.",img image?url=%2Fimages%2Fphotos%2Fpages%2Ffaq.webp&w=1920&q=75,"mobile (Slow 4G, 4x CPU), median of 1 run(s)",200,yes,Core Web Vitals Report
http://localhost:3000/technologies/sitecore-development,Critical,P1 - fix immediately,Core Web Vitals,LCP poor,Largest Contentful Paint is slow: the main content appears late.,10.96 s,<= 2.5 s,"Optimise the LCP element (Element): priority on the hero image, smaller image, less render-blocking CSS/JS, faster TTFB.",img image?url=%2Fimages%2Fphotos%2Fpages%2Ffaq.webp&w=1920&q=75,"mobile (Slow 4G, 4x CPU), median of 1 run(s)",200,yes,Core Web Vitals Report
http://localhost:3000/technologies/sketch-design,Critical,P1 - fix immediately,Core Web Vitals,LCP poor,Largest Contentful Paint is slow: the main content appears late.,8.28 s,<= 2.5 s,"Optimise the LCP element (Element): priority on the hero image, smaller image, less render-blocking CSS/JS, faster TTFB.",img image?url=%2Fimages%2Fphotos%2Ftechnologies%2Fui-ux.webp&w=1,"mobile (Slow 4G, 4x CPU), median of 1 run(s)",200,yes,Core Web Vitals Report
http://localhost:3000/technologies/social-media-marketing,Critical,P1 - fix immediately,Core Web Vitals,LCP poor,Largest Contentful Paint is slow: the main content appears late.,9.19 s,<= 2.5 s,"Optimise the LCP element (Element): priority on the hero image, smaller image, less render-blocking CSS/JS, faster TTFB.",img image?url=%2Fimages%2Fphotos%2Fpages%2Ffaq.webp&w=1920&q=75,"mobile (Slow 4G, 4x CPU), median of 1 run(s)",200,yes,Core Web Vitals Report
http://localhost:3000/technologies/social-media-marketing-smm,Critical,P1 - fix immediately,Core Web Vitals,LCP poor,Largest Contentful Paint is slow: the main content appears late.,9.76 s,<= 2.5 s,"Optimise the LCP element (Element): priority on the hero image, smaller image, less render-blocking CSS/JS, faster TTFB.",img image?url=%2Fimages%2Fphotos%2Ftechnologies%2Fsocial-media-m,"mobile (Slow 4G, 4x CPU), median of 1 run(s)",200,yes,Core Web Vitals Report
http://localhost:3000/technologies/spring-boot-development,Critical,P1 - fix immediately,Core Web Vitals,LCP poor,Largest Contentful Paint is slow: the main content appears late.,11.37 s,<= 2.5 s,"Optimise the LCP element (Element): priority on the hero image, smaller image, less render-blocking CSS/JS, faster TTFB.",img image?url=%2Fimages%2Fphotos%2Fpages%2Ffaq.webp&w=1920&q=75,"mobile (Slow 4G, 4x CPU), median of 1 run(s)",200,yes,Core Web Vitals Report
http://localhost:3000/technologies/sql-server-development,Critical,P1 - fix immediately,Core Web Vitals,LCP poor,Largest Contentful Paint is slow: the main content appears late.,9.26 s,<= 2.5 s,"Optimise the LCP element (Element): priority on the hero image, smaller image, less render-blocking CSS/JS, faster TTFB.",img image?url=%2Fimages%2Fphotos%2Fpages%2Ffaq.webp&w=1920&q=75,"mobile (Slow 4G, 4x CPU), median of 1 run(s)",200,yes,Core Web Vitals Report
http://localhost:3000/technologies/sqlite-development,Critical,P1 - fix immediately,Core Web Vitals,LCP poor,Largest Contentful Paint is slow: the main content appears late.,9.43 s,<= 2.5 s,"Optimise the LCP element (Element): priority on the hero image, smaller image, less render-blocking CSS/JS, faster TTFB.",img image?url=%2Fimages%2Fphotos%2Fpages%2Ffaq.webp&w=1920&q=75,"mobile (Slow 4G, 4x CPU), median of 1 run(s)",200,yes,Core Web Vitals Report
http://localhost:3000/technologies/squarespace-development,Critical,P1 - fix immediately,Core Web Vitals,LCP poor,Largest Contentful Paint is slow: the main content appears late.,8.33 s,<= 2.5 s,"Optimise the LCP element (Element): priority on the hero image, smaller image, less render-blocking CSS/JS, faster TTFB.",img image?url=%2Fimages%2Fphotos%2Ftechnologies%2Fcms.webp&w=192,"mobile (Slow 4G, 4x CPU), median of 1 run(s)",200,yes,Core Web Vitals Report
http://localhost:3000/technologies/storybook-development,Critical,P1 - fix immediately,Core Web Vitals,LCP poor,Largest Contentful Paint is slow: the main content appears late.,9.51 s,<= 2.5 s,"Optimise the LCP element (Element): priority on the hero image, smaller image, less render-blocking CSS/JS, faster TTFB.",img image?url=%2Fimages%2Fphotos%2Fprojects%2Fdocuflow-saas-webs,"mobile (Slow 4G, 4x CPU), median of 1 run(s)",200,yes,Core Web Vitals Report
http://localhost:3000/technologies/strapi-development,Critical,P1 - fix immediately,Core Web Vitals,LCP poor,Largest Contentful Paint is slow: the main content appears late.,9.51 s,<= 2.5 s,"Optimise the LCP element (Element): priority on the hero image, smaller image, less render-blocking CSS/JS, faster TTFB.",img image?url=%2Fimages%2Fphotos%2Ftechnologies%2Fstrapi-develop,"mobile (Slow 4G, 4x CPU), median of 1 run(s)",200,yes,Core Web Vitals Report
http://localhost:3000/technologies/stripe-integration,Critical,P1 - fix immediately,Core Web Vitals,LCP poor,Largest Contentful Paint is slow: the main content appears late.,10.13 s,<= 2.5 s,"Optimise the LCP element (Element): priority on the hero image, smaller image, less render-blocking CSS/JS, faster TTFB.",img image?url=%2Fimages%2Fphotos%2Fpages%2Ffaq.webp&w=1920&q=75,"mobile (Slow 4G, 4x CPU), median of 1 run(s)",200,yes,Core Web Vitals Report
http://localhost:3000/technologies/supabase-development,Critical,P1 - fix immediately,Core Web Vitals,LCP poor,Largest Contentful Paint is slow: the main content appears late.,9.56 s,<= 2.5 s,"Optimise the LCP element (Element): priority on the hero image, smaller image, less render-blocking CSS/JS, faster TTFB.",img image?url=%2Fimages%2Fphotos%2Ftechnologies%2Fsupabase-devel,"mobile (Slow 4G, 4x CPU), median of 1 run(s)",200,yes,Core Web Vitals Report
http://localhost:3000/technologies/svelte-development,Critical,P1 - fix immediately,Core Web Vitals,LCP poor,Largest Contentful Paint is slow: the main content appears late.,8.31 s,<= 2.5 s,"Optimise the LCP element (Element): priority on the hero image, smaller image, less render-blocking CSS/JS, faster TTFB.",img image?url=%2Fimages%2Fphotos%2Ftechnologies%2Ffrontend.webp&,"mobile (Slow 4G, 4x CPU), median of 1 run(s)",200,yes,Core Web Vitals Report
http://localhost:3000/technologies/sveltekit-development,Critical,P1 - fix immediately,Core Web Vitals,LCP poor,Largest Contentful Paint is slow: the main content appears late.,8.30 s,<= 2.5 s,"Optimise the LCP element (Element): priority on the hero image, smaller image, less render-blocking CSS/JS, faster TTFB.",img image?url=%2Fimages%2Fphotos%2Ftechnologies%2Ffrontend.webp&,"mobile (Slow 4G, 4x CPU), median of 1 run(s)",200,yes,Core Web Vitals Report
http://localhost:3000/technologies/swift-development,Critical,P1 - fix immediately,Core Web Vitals,LCP poor,Largest Contentful Paint is slow: the main content appears late.,10.74 s,<= 2.5 s,"Optimise the LCP element (Element): priority on the hero image, smaller image, less render-blocking CSS/JS, faster TTFB.",img image?url=%2Fimages%2Fphotos%2Fpages%2Ffaq.webp&w=1920&q=75,"mobile (Slow 4G, 4x CPU), median of 1 run(s)",200,yes,Core Web Vitals Report
http://localhost:3000/technologies/swiftui-development,Critical,P1 - fix immediately,Core Web Vitals,LCP poor,Largest Contentful Paint is slow: the main content appears late.,9.57 s,<= 2.5 s,"Optimise the LCP element (Element): priority on the hero image, smaller image, less render-blocking CSS/JS, faster TTFB.",img image?url=%2Fimages%2Fphotos%2Fpages%2Ffaq.webp&w=1920&q=75,"mobile (Slow 4G, 4x CPU), median of 1 run(s)",200,yes,Core Web Vitals Report
http://localhost:3000/technologies/tailwind-css-development,Critical,P1 - fix immediately,Core Web Vitals,LCP poor,Largest Contentful Paint is slow: the main content appears late.,10.66 s,<= 2.5 s,"Optimise the LCP element (Element): priority on the hero image, smaller image, less render-blocking CSS/JS, faster TTFB.",img image?url=%2Fimages%2Fphotos%2Ftechnologies%2Ftailwind-css-d,"mobile (Slow 4G, 4x CPU), median of 1 run(s)",200,yes,Core Web Vitals Report
http://localhost:3000/technologies/technical-seo-services,Critical,P1 - fix immediately,Core Web Vitals,LCP poor,Largest Contentful Paint is slow: the main content appears late.,9.20 s,<= 2.5 s,"Optimise the LCP element (Element): priority on the hero image, smaller image, less render-blocking CSS/JS, faster TTFB.",img image?url=%2Fimages%2Fphotos%2Fpages%2Ffaq.webp&w=1920&q=75,"mobile (Slow 4G, 4x CPU), median of 1 run(s)",200,yes,Core Web Vitals Report
http://localhost:3000/technologies/tensorflow-development,Critical,P1 - fix immediately,Core Web Vitals,LCP poor,Largest Contentful Paint is slow: the main content appears late.,9.52 s,<= 2.5 s,"Optimise the LCP element (Element): priority on the hero image, smaller image, less render-blocking CSS/JS, faster TTFB.",img image?url=%2Fimages%2Fphotos%2Ftechnologies%2Ftensorflow-dev,"mobile (Slow 4G, 4x CPU), median of 1 run(s)",200,yes,Core Web Vitals Report
http://localhost:3000/technologies/terraform-development,Critical,P1 - fix immediately,Core Web Vitals,LCP poor,Largest Contentful Paint is slow: the main content appears late.,10.34 s,<= 2.5 s,"Optimise the LCP element (Element): priority on the hero image, smaller image, less render-blocking CSS/JS, faster TTFB.",img image?url=%2Fimages%2Fphotos%2Ftechnologies%2Fterraform-deve,"mobile (Slow 4G, 4x CPU), median of 1 run(s)",200,yes,Core Web Vitals Report
http://localhost:3000/technologies/test-management,Critical,P1 - fix immediately,Core Web Vitals,LCP poor,Largest Contentful Paint is slow: the main content appears late.,9.23 s,<= 2.5 s,"Optimise the LCP element (Element): priority on the hero image, smaller image, less render-blocking CSS/JS, faster TTFB.",img image?url=%2Fimages%2Fphotos%2Fpages%2Ffaq.webp&w=1920&q=75,"mobile (Slow 4G, 4x CPU), median of 1 run(s)",200,yes,Core Web Vitals Report
http://localhost:3000/technologies/typescript-development,Critical,P1 - fix immediately,Core Web Vitals,LCP poor,Largest Contentful Paint is slow: the main content appears late.,10.48 s,<= 2.5 s,"Optimise the LCP element (Element): priority on the hero image, smaller image, less render-blocking CSS/JS, faster TTFB.",img image?url=%2Fimages%2Fphotos%2Ftechnologies%2Ftypescript-dev,"mobile (Slow 4G, 4x CPU), median of 1 run(s)",200,yes,Core Web Vitals Report
http://localhost:3000/technologies/ui-design,Critical,P1 - fix immediately,Core Web Vitals,LCP poor,Largest Contentful Paint is slow: the main content appears late.,8.29 s,<= 2.5 s,"Optimise the LCP element (Element): priority on the hero image, smaller image, less render-blocking CSS/JS, faster TTFB.",img image?url=%2Fimages%2Fphotos%2Ftechnologies%2Fui-ux.webp&w=1,"mobile (Slow 4G, 4x CPU), median of 1 run(s)",200,yes,Core Web Vitals Report
http://localhost:3000/technologies/umbraco-development,Critical,P1 - fix immediately,Core Web Vitals,LCP poor,Largest Contentful Paint is slow: the main content appears late.,10.86 s,<= 2.5 s,"Optimise the LCP element (Element): priority on the hero image, smaller image, less render-blocking CSS/JS, faster TTFB.",img image?url=%2Fimages%2Fphotos%2Fpages%2Ffaq.webp&w=1920&q=75,"mobile (Slow 4G, 4x CPU), median of 1 run(s)",200,yes,Core Web Vitals Report
http://localhost:3000/technologies/unit-testing,Critical,P1 - fix immediately,Core Web Vitals,LCP poor,Largest Contentful Paint is slow: the main content appears late.,8.32 s,<= 2.5 s,"Optimise the LCP element (Element): priority on the hero image, smaller image, less render-blocking CSS/JS, faster TTFB.",img image?url=%2Fimages%2Fphotos%2Ftechnologies%2Ftesting.webp&w,"mobile (Slow 4G, 4x CPU), median of 1 run(s)",200,yes,Core Web Vitals Report
http://localhost:3000/technologies/usability-testing,Critical,P1 - fix immediately,Core Web Vitals,LCP poor,Largest Contentful Paint is slow: the main content appears late.,9.20 s,<= 2.5 s,"Optimise the LCP element (Element): priority on the hero image, smaller image, less render-blocking CSS/JS, faster TTFB.",img image?url=%2Fimages%2Fphotos%2Fpages%2Ffaq.webp&w=1920&q=75,"mobile (Slow 4G, 4x CPU), median of 1 run(s)",200,yes,Core Web Vitals Report
http://localhost:3000/technologies/user-research-services,Critical,P1 - fix immediately,Core Web Vitals,LCP poor,Largest Contentful Paint is slow: the main content appears late.,9.21 s,<= 2.5 s,"Optimise the LCP element (Element): priority on the hero image, smaller image, less render-blocking CSS/JS, faster TTFB.",img image?url=%2Fimages%2Fphotos%2Fpages%2Ffaq.webp&w=1920&q=75,"mobile (Slow 4G, 4x CPU), median of 1 run(s)",200,yes,Core Web Vitals Report
http://localhost:3000/technologies/ux-design,Critical,P1 - fix immediately,Core Web Vitals,LCP poor,Largest Contentful Paint is slow: the main content appears late.,8.30 s,<= 2.5 s,"Optimise the LCP element (Element): priority on the hero image, smaller image, less render-blocking CSS/JS, faster TTFB.",img image?url=%2Fimages%2Fphotos%2Ftechnologies%2Fui-ux.webp&w=1,"mobile (Slow 4G, 4x CPU), median of 1 run(s)",200,yes,Core Web Vitals Report
http://localhost:3000/technologies/ux-writing-services,Critical,P1 - fix immediately,Core Web Vitals,LCP poor,Largest Contentful Paint is slow: the main content appears late.,8.30 s,<= 2.5 s,"Optimise the LCP element (Element): priority on the hero image, smaller image, less render-blocking CSS/JS, faster TTFB.",img image?url=%2Fimages%2Fphotos%2Ftechnologies%2Fui-ux.webp&w=1,"mobile (Slow 4G, 4x CPU), median of 1 run(s)",200,yes,Core Web Vitals Report
http://localhost:3000/technologies/vercel-development,Critical,P1 - fix immediately,Core Web Vitals,LCP poor,Largest Contentful Paint is slow: the main content appears late.,10.29 s,<= 2.5 s,"Optimise the LCP element (Element): priority on the hero image, smaller image, less render-blocking CSS/JS, faster TTFB.",img image?url=%2Fimages%2Fphotos%2Ftechnologies%2Fvercel-develop,"mobile (Slow 4G, 4x CPU), median of 1 run(s)",200,yes,Core Web Vitals Report
http://localhost:3000/technologies/vitest-testing,Critical,P1 - fix immediately,Core Web Vitals,LCP poor,Largest Contentful Paint is slow: the main content appears late.,10.62 s,<= 2.5 s,"Optimise the LCP element (Element): priority on the hero image, smaller image, less render-blocking CSS/JS, faster TTFB.",img image?url=%2Fimages%2Fphotos%2Fpages%2Ffaq.webp&w=1920&q=75,"mobile (Slow 4G, 4x CPU), median of 1 run(s)",200,yes,Core Web Vitals Report
http://localhost:3000/technologies/vuejs-development,Critical,P1 - fix immediately,Core Web Vitals,LCP poor,Largest Contentful Paint is slow: the main content appears late.,11.08 s,<= 2.5 s,"Optimise the LCP element (Element): priority on the hero image, smaller image, less render-blocking CSS/JS, faster TTFB.",img image?url=%2Fimages%2Fphotos%2Ftechnologies%2Fvuejs-developm,"mobile (Slow 4G, 4x CPU), median of 1 run(s)",200,yes,Core Web Vitals Report
http://localhost:3000/technologies/web-components-development,Critical,P1 - fix immediately,Core Web Vitals,LCP poor,Largest Contentful Paint is slow: the main content appears late.,9.53 s,<= 2.5 s,"Optimise the LCP element (Element): priority on the hero image, smaller image, less render-blocking CSS/JS, faster TTFB.",img image?url=%2Fimages%2Fphotos%2Fpages%2Ffaq.webp&w=1920&q=75,"mobile (Slow 4G, 4x CPU), median of 1 run(s)",200,yes,Core Web Vitals Report
http://localhost:3000/technologies/web-design-development,Critical,P1 - fix immediately,Core Web Vitals,LCP poor,Largest Contentful Paint is slow: the main content appears late.,10.02 s,<= 2.5 s,"Optimise the LCP element (Element): priority on the hero image, smaller image, less render-blocking CSS/JS, faster TTFB.",img image?url=%2Fimages%2Fphotos%2Fpages%2Ffaq.webp&w=1920&q=75,"mobile (Slow 4G, 4x CPU), median of 1 run(s)",200,yes,Core Web Vitals Report
http://localhost:3000/technologies/webflow-development,Critical,P1 - fix immediately,Core Web Vitals,LCP poor,Largest Contentful Paint is slow: the main content appears late.,10.31 s,<= 2.5 s,"Optimise the LCP element (Element): priority on the hero image, smaller image, less render-blocking CSS/JS, faster TTFB.",img image?url=%2Fimages%2Fphotos%2Fpages%2Ffaq.webp&w=1920&q=75,"mobile (Slow 4G, 4x CPU), median of 1 run(s)",200,yes,Core Web Vitals Report
http://localhost:3000/technologies/wireframing-services,Critical,P1 - fix immediately,Core Web Vitals,LCP poor,Largest Contentful Paint is slow: the main content appears late.,8.29 s,<= 2.5 s,"Optimise the LCP element (Element): priority on the hero image, smaller image, less render-blocking CSS/JS, faster TTFB.",img image?url=%2Fimages%2Fphotos%2Ftechnologies%2Fui-ux.webp&w=1,"mobile (Slow 4G, 4x CPU), median of 1 run(s)",200,yes,Core Web Vitals Report
http://localhost:3000/technologies/wix-development,Critical,P1 - fix immediately,Core Web Vitals,LCP poor,Largest Contentful Paint is slow: the main content appears late.,8.33 s,<= 2.5 s,"Optimise the LCP element (Element): priority on the hero image, smaller image, less render-blocking CSS/JS, faster TTFB.",img image?url=%2Fimages%2Fphotos%2Ftechnologies%2Fcms.webp&w=192,"mobile (Slow 4G, 4x CPU), median of 1 run(s)",200,yes,Core Web Vitals Report
http://localhost:3000/technologies/woocommerce-cms-development,Critical,P1 - fix immediately,Core Web Vitals,LCP poor,Largest Contentful Paint is slow: the main content appears late.,8.82 s,<= 2.5 s,"Optimise the LCP element (Element): priority on the hero image, smaller image, less render-blocking CSS/JS, faster TTFB.",img image?url=%2Fimages%2Fphotos%2Ftechnologies%2Fcms.webp&w=192,"mobile (Slow 4G, 4x CPU), median of 1 run(s)",200,yes,Core Web Vitals Report
http://localhost:3000/technologies/woocommerce-development,Critical,P1 - fix immediately,Core Web Vitals,LCP poor,Largest Contentful Paint is slow: the main content appears late.,10.36 s,<= 2.5 s,"Optimise the LCP element (Element): priority on the hero image, smaller image, less render-blocking CSS/JS, faster TTFB.",img image?url=%2Fimages%2Fphotos%2Ftechnologies%2Fwoocommerce-de,"mobile (Slow 4G, 4x CPU), median of 1 run(s)",200,yes,Core Web Vitals Report
http://localhost:3000/technologies/wordpress-development,Critical,P1 - fix immediately,Core Web Vitals,LCP poor,Largest Contentful Paint is slow: the main content appears late.,11.82 s,<= 2.5 s,"Optimise the LCP element (Element): priority on the hero image, smaller image, less render-blocking CSS/JS, faster TTFB.",img image?url=%2Fimages%2Fphotos%2Fpages%2Ffaq.webp&w=1920&q=75,"mobile (Slow 4G, 4x CPU), median of 1 run(s)",200,yes,Core Web Vitals Report
http://localhost:3000/technologies/xamarin-development,Critical,P1 - fix immediately,Core Web Vitals,LCP poor,Largest Contentful Paint is slow: the main content appears late.,10.66 s,<= 2.5 s,"Optimise the LCP element (Element): priority on the hero image, smaller image, less render-blocking CSS/JS, faster TTFB.",img image?url=%2Fimages%2Fphotos%2Ftechnologies%2Fxamarin-develo,"mobile (Slow 4G, 4x CPU), median of 1 run(s)",200,yes,Core Web Vitals Report
http://localhost:3000/terms-of-service,Important,P2 - fix soon,Core Web Vitals,LCP needs improvement,Largest Contentful Paint is slow: the main content appears late.,3.41 s,<= 2.5 s,"Optimise the LCP element (Element): priority on the hero image, smaller image, less render-blocking CSS/JS, faster TTFB.","p ""Without prior written approval of Excell""","mobile (Slow 4G, 4x CPU), median of 1 run(s)",200,yes,Core Web Vitals Report
