URL,Severity,Priority,Category,Issue,Description,Current value,Expected / recommended value,Recommended fix,Element / resource,Details,Page HTTP,In sitemap,Report
http://localhost:3000/,Optimization,P3 - improve,Headings,Duplicate heading text on page,The same heading text appears more than once on the page.,'get a free consultation' used 2 times,unique heading text,Reword repeated headings so each section is distinct.,,,200,yes,Heading Structure Report
http://localhost:3000/blog,Optimization,P3 - improve,Headings,Duplicate heading text on page,The same heading text appears more than once on the page.,'mastering next.js 15 server components & turbopack' used 2 times,unique heading text,Reword repeated headings so each section is distinct.,,,200,yes,Heading Structure Report
http://localhost:3000/contact-us,Optimization,P3 - improve,Headings,Duplicate heading text on page,The same heading text appears more than once on the page.,'get a free consultation' used 2 times,unique heading text,Reword repeated headings so each section is distinct.,,,200,yes,Heading Structure Report
http://localhost:3000/digital-services,Optimization,P3 - improve,Headings,Duplicate heading text on page,The same heading text appears more than once on the page.,'e-commerce brands aiming to skyrocket roas' used 2 times,unique heading text,Reword repeated headings so each section is distinct.,,,200,yes,Heading Structure Report
http://localhost:3000/digital-services,Optimization,P3 - improve,Headings,Duplicate heading text on page,The same heading text appears more than once on the page.,'get a free consultation' used 2 times,unique heading text,Reword repeated headings so each section is distinct.,,,200,yes,Heading Structure Report
http://localhost:3000/digital-services/ad-creative-design,Optimization,P3 - improve,Headings,Duplicate heading text on page,The same heading text appears more than once on the page.,'discovery' used 2 times,unique heading text,Reword repeated headings so each section is distinct.,,,200,yes,Heading Structure Report
http://localhost:3000/digital-services/ad-creative-design,Optimization,P3 - improve,Headings,Duplicate heading text on page,The same heading text appears more than once on the page.,'get a free consultation' used 2 times,unique heading text,Reword repeated headings so each section is distinct.,,,200,yes,Heading Structure Report
http://localhost:3000/digital-services/analytics-reporting,Optimization,P3 - improve,Headings,Duplicate heading text on page,The same heading text appears more than once on the page.,'discovery' used 2 times,unique heading text,Reword repeated headings so each section is distinct.,,,200,yes,Heading Structure Report
http://localhost:3000/digital-services/analytics-reporting,Optimization,P3 - improve,Headings,Duplicate heading text on page,The same heading text appears more than once on the page.,'get a free consultation' used 2 times,unique heading text,Reword repeated headings so each section is distinct.,,,200,yes,Heading Structure Report
http://localhost:3000/digital-services/branding-logo-design,Optimization,P3 - improve,Headings,Duplicate heading text on page,The same heading text appears more than once on the page.,'discovery' used 2 times,unique heading text,Reword repeated headings so each section is distinct.,,,200,yes,Heading Structure Report
http://localhost:3000/digital-services/branding-logo-design,Optimization,P3 - improve,Headings,Duplicate heading text on page,The same heading text appears more than once on the page.,'get a free consultation' used 2 times,unique heading text,Reword repeated headings so each section is distinct.,,,200,yes,Heading Structure Report
http://localhost:3000/digital-services/content-marketing,Optimization,P3 - improve,Headings,Duplicate heading text on page,The same heading text appears more than once on the page.,'discovery' used 2 times,unique heading text,Reword repeated headings so each section is distinct.,,,200,yes,Heading Structure Report
http://localhost:3000/digital-services/content-marketing,Optimization,P3 - improve,Headings,Duplicate heading text on page,The same heading text appears more than once on the page.,'get a free consultation' used 2 times,unique heading text,Reword repeated headings so each section is distinct.,,,200,yes,Heading Structure Report
http://localhost:3000/digital-services/copywriting-blog-writing,Optimization,P3 - improve,Headings,Duplicate heading text on page,The same heading text appears more than once on the page.,'discovery' used 2 times,unique heading text,Reword repeated headings so each section is distinct.,,,200,yes,Heading Structure Report
http://localhost:3000/digital-services/copywriting-blog-writing,Optimization,P3 - improve,Headings,Duplicate heading text on page,The same heading text appears more than once on the page.,'get a free consultation' used 2 times,unique heading text,Reword repeated headings so each section is distinct.,,,200,yes,Heading Structure Report
http://localhost:3000/digital-services/cro,Optimization,P3 - improve,Headings,Duplicate heading text on page,The same heading text appears more than once on the page.,'discovery' used 2 times,unique heading text,Reword repeated headings so each section is distinct.,,,200,yes,Heading Structure Report
http://localhost:3000/digital-services/cro,Optimization,P3 - improve,Headings,Duplicate heading text on page,The same heading text appears more than once on the page.,'get a free consultation' used 2 times,unique heading text,Reword repeated headings so each section is distinct.,,,200,yes,Heading Structure Report
http://localhost:3000/digital-services/email-marketing,Optimization,P3 - improve,Headings,Duplicate heading text on page,The same heading text appears more than once on the page.,'discovery' used 2 times,unique heading text,Reword repeated headings so each section is distinct.,,,200,yes,Heading Structure Report
http://localhost:3000/digital-services/email-marketing,Optimization,P3 - improve,Headings,Duplicate heading text on page,The same heading text appears more than once on the page.,'get a free consultation' used 2 times,unique heading text,Reword repeated headings so each section is distinct.,,,200,yes,Heading Structure Report
http://localhost:3000/digital-services/graphic-design-ad-creatives,Optimization,P3 - improve,Headings,Duplicate heading text on page,The same heading text appears more than once on the page.,'discovery' used 2 times,unique heading text,Reword repeated headings so each section is distinct.,,,200,yes,Heading Structure Report
http://localhost:3000/digital-services/graphic-design-ad-creatives,Optimization,P3 - improve,Headings,Duplicate heading text on page,The same heading text appears more than once on the page.,'get a free consultation' used 2 times,unique heading text,Reword repeated headings so each section is distinct.,,,200,yes,Heading Structure Report
http://localhost:3000/digital-services/influencer-marketing,Optimization,P3 - improve,Headings,Duplicate heading text on page,The same heading text appears more than once on the page.,'discovery' used 2 times,unique heading text,Reword repeated headings so each section is distinct.,,,200,yes,Heading Structure Report
http://localhost:3000/digital-services/influencer-marketing,Optimization,P3 - improve,Headings,Duplicate heading text on page,The same heading text appears more than once on the page.,'get a free consultation' used 2 times,unique heading text,Reword repeated headings so each section is distinct.,,,200,yes,Heading Structure Report
http://localhost:3000/digital-services/infographics-visual-content,Optimization,P3 - improve,Headings,Duplicate heading text on page,The same heading text appears more than once on the page.,'discovery' used 2 times,unique heading text,Reword repeated headings so each section is distinct.,,,200,yes,Heading Structure Report
http://localhost:3000/digital-services/infographics-visual-content,Optimization,P3 - improve,Headings,Duplicate heading text on page,The same heading text appears more than once on the page.,'get a free consultation' used 2 times,unique heading text,Reword repeated headings so each section is distinct.,,,200,yes,Heading Structure Report
http://localhost:3000/digital-services/landing-page-design,Optimization,P3 - improve,Headings,Duplicate heading text on page,The same heading text appears more than once on the page.,'discovery' used 2 times,unique heading text,Reword repeated headings so each section is distinct.,,,200,yes,Heading Structure Report
http://localhost:3000/digital-services/landing-page-design,Optimization,P3 - improve,Headings,Duplicate heading text on page,The same heading text appears more than once on the page.,'get a free consultation' used 2 times,unique heading text,Reword repeated headings so each section is distinct.,,,200,yes,Heading Structure Report
http://localhost:3000/digital-services/local-seo,Optimization,P3 - improve,Headings,Duplicate heading text on page,The same heading text appears more than once on the page.,'google business profile' used 2 times,unique heading text,Reword repeated headings so each section is distinct.,,,200,yes,Heading Structure Report
http://localhost:3000/digital-services/local-seo,Optimization,P3 - improve,Headings,Duplicate heading text on page,The same heading text appears more than once on the page.,'discovery' used 2 times,unique heading text,Reword repeated headings so each section is distinct.,,,200,yes,Heading Structure Report
http://localhost:3000/digital-services/local-seo,Optimization,P3 - improve,Headings,Duplicate heading text on page,The same heading text appears more than once on the page.,'get a free consultation' used 2 times,unique heading text,Reword repeated headings so each section is distinct.,,,200,yes,Heading Structure Report
http://localhost:3000/digital-services/marketing-automation-crm,Optimization,P3 - improve,Headings,Duplicate heading text on page,The same heading text appears more than once on the page.,'discovery' used 2 times,unique heading text,Reword repeated headings so each section is distinct.,,,200,yes,Heading Structure Report
http://localhost:3000/digital-services/marketing-automation-crm,Optimization,P3 - improve,Headings,Duplicate heading text on page,The same heading text appears more than once on the page.,'get a free consultation' used 2 times,unique heading text,Reword repeated headings so each section is distinct.,,,200,yes,Heading Structure Report
http://localhost:3000/digital-services/seo-ppc,Optimization,P3 - improve,Headings,Duplicate heading text on page,The same heading text appears more than once on the page.,'audit & tracking' used 2 times,unique heading text,Reword repeated headings so each section is distinct.,,,200,yes,Heading Structure Report
http://localhost:3000/digital-services/seo-ppc,Optimization,P3 - improve,Headings,Duplicate heading text on page,The same heading text appears more than once on the page.,'get a free consultation' used 2 times,unique heading text,Reword repeated headings so each section is distinct.,,,200,yes,Heading Structure Report
http://localhost:3000/digital-services/social-media-content-creation,Optimization,P3 - improve,Headings,Duplicate heading text on page,The same heading text appears more than once on the page.,'brand & audience brief' used 2 times,unique heading text,Reword repeated headings so each section is distinct.,,,200,yes,Heading Structure Report
http://localhost:3000/digital-services/social-media-content-creation,Optimization,P3 - improve,Headings,Duplicate heading text on page,The same heading text appears more than once on the page.,'get a free consultation' used 2 times,unique heading text,Reword repeated headings so each section is distinct.,,,200,yes,Heading Structure Report
http://localhost:3000/digital-services/social-media-marketing,Optimization,P3 - improve,Headings,Duplicate heading text on page,The same heading text appears more than once on the page.,'discovery' used 2 times,unique heading text,Reword repeated headings so each section is distinct.,,,200,yes,Heading Structure Report
http://localhost:3000/digital-services/social-media-marketing,Optimization,P3 - improve,Headings,Duplicate heading text on page,The same heading text appears more than once on the page.,'get a free consultation' used 2 times,unique heading text,Reword repeated headings so each section is distinct.,,,200,yes,Heading Structure Report
http://localhost:3000/digital-services/video-editing,Optimization,P3 - improve,Headings,Duplicate heading text on page,The same heading text appears more than once on the page.,'brief & style guide' used 2 times,unique heading text,Reword repeated headings so each section is distinct.,,,200,yes,Heading Structure Report
http://localhost:3000/digital-services/video-editing,Optimization,P3 - improve,Headings,Duplicate heading text on page,The same heading text appears more than once on the page.,'get a free consultation' used 2 times,unique heading text,Reword repeated headings so each section is distinct.,,,200,yes,Heading Structure Report
http://localhost:3000/industries/agriculture,Optimization,P3 - improve,Headings,Duplicate heading text on page,The same heading text appears more than once on the page.,'traceability' used 2 times,unique heading text,Reword repeated headings so each section is distinct.,,,200,yes,Heading Structure Report
http://localhost:3000/industries/banking-finance,Optimization,P3 - improve,Headings,Duplicate heading text on page,The same heading text appears more than once on the page.,'blockchain' used 2 times,unique heading text,Reword repeated headings so each section is distinct.,,,200,yes,Heading Structure Report
http://localhost:3000/industries/healthcare,Optimization,P3 - improve,Headings,Duplicate heading text on page,The same heading text appears more than once on the page.,'remote patient monitoring' used 2 times,unique heading text,Reword repeated headings so each section is distinct.,,,200,yes,Heading Structure Report
http://localhost:3000/industries/hr-recruitment,Optimization,P3 - improve,Headings,Duplicate heading text on page,The same heading text appears more than once on the page.,'interview scheduling' used 2 times,unique heading text,Reword repeated headings so each section is distinct.,,,200,yes,Heading Structure Report
http://localhost:3000/industries/retail-ecommerce,Optimization,P3 - improve,Headings,Duplicate heading text on page,The same heading text appears more than once on the page.,'inventory management' used 2 times,unique heading text,Reword repeated headings so each section is distinct.,,,200,yes,Heading Structure Report
http://localhost:3000/intelligent-data-services,Optimization,P3 - improve,Headings,Duplicate heading text on page,The same heading text appears more than once on the page.,'fintechs needing fraud detection' used 2 times,unique heading text,Reword repeated headings so each section is distinct.,,,200,yes,Heading Structure Report
http://localhost:3000/intelligent-data-services,Optimization,P3 - improve,Headings,Duplicate heading text on page,The same heading text appears more than once on the page.,'get a free consultation' used 2 times,unique heading text,Reword repeated headings so each section is distinct.,,,200,yes,Heading Structure Report
http://localhost:3000/intelligent-data-services/ai-app-development,Optimization,P3 - improve,Headings,Duplicate heading text on page,The same heading text appears more than once on the page.,'discovery & use-case selection' used 2 times,unique heading text,Reword repeated headings so each section is distinct.,,,200,yes,Heading Structure Report
http://localhost:3000/intelligent-data-services/ai-app-development,Optimization,P3 - improve,Headings,Duplicate heading text on page,The same heading text appears more than once on the page.,'get a free consultation' used 2 times,unique heading text,Reword repeated headings so each section is distinct.,,,200,yes,Heading Structure Report
http://localhost:3000/intelligent-data-services/blockchain-development,Optimization,P3 - improve,Headings,Duplicate heading text on page,The same heading text appears more than once on the page.,'discovery' used 2 times,unique heading text,Reword repeated headings so each section is distinct.,,,200,yes,Heading Structure Report
http://localhost:3000/intelligent-data-services/blockchain-development,Optimization,P3 - improve,Headings,Duplicate heading text on page,The same heading text appears more than once on the page.,'get a free consultation' used 2 times,unique heading text,Reword repeated headings so each section is distinct.,,,200,yes,Heading Structure Report
http://localhost:3000/intelligent-data-services/chatbot-development,Optimization,P3 - improve,Headings,Duplicate heading text on page,The same heading text appears more than once on the page.,'discovery' used 2 times,unique heading text,Reword repeated headings so each section is distinct.,,,200,yes,Heading Structure Report
http://localhost:3000/intelligent-data-services/chatbot-development,Optimization,P3 - improve,Headings,Duplicate heading text on page,The same heading text appears more than once on the page.,'get a free consultation' used 2 times,unique heading text,Reword repeated headings so each section is distinct.,,,200,yes,Heading Structure Report
http://localhost:3000/intelligent-data-services/iot-development,Optimization,P3 - improve,Headings,Duplicate heading text on page,The same heading text appears more than once on the page.,'discovery' used 2 times,unique heading text,Reword repeated headings so each section is distinct.,,,200,yes,Heading Structure Report
http://localhost:3000/intelligent-data-services/iot-development,Optimization,P3 - improve,Headings,Duplicate heading text on page,The same heading text appears more than once on the page.,'get a free consultation' used 2 times,unique heading text,Reword repeated headings so each section is distinct.,,,200,yes,Heading Structure Report
http://localhost:3000/intelligent-data-services/ml-development,Optimization,P3 - improve,Headings,Duplicate heading text on page,The same heading text appears more than once on the page.,'discovery' used 2 times,unique heading text,Reword repeated headings so each section is distinct.,,,200,yes,Heading Structure Report
http://localhost:3000/intelligent-data-services/ml-development,Optimization,P3 - improve,Headings,Duplicate heading text on page,The same heading text appears more than once on the page.,'get a free consultation' used 2 times,unique heading text,Reword repeated headings so each section is distinct.,,,200,yes,Heading Structure Report
http://localhost:3000/our-process,Optimization,P3 - improve,Headings,Duplicate heading text on page,The same heading text appears more than once on the page.,'discovery & requirement analysis' used 2 times,unique heading text,Reword repeated headings so each section is distinct.,,,200,yes,Heading Structure Report
http://localhost:3000/our-process,Optimization,P3 - improve,Headings,Duplicate heading text on page,The same heading text appears more than once on the page.,'planning & architecture' used 2 times,unique heading text,Reword repeated headings so each section is distinct.,,,200,yes,Heading Structure Report
http://localhost:3000/our-process,Optimization,P3 - improve,Headings,Duplicate heading text on page,The same heading text appears more than once on the page.,'design & development' used 2 times,unique heading text,Reword repeated headings so each section is distinct.,,,200,yes,Heading Structure Report
http://localhost:3000/our-process,Optimization,P3 - improve,Headings,Duplicate heading text on page,The same heading text appears more than once on the page.,'testing & qa' used 2 times,unique heading text,Reword repeated headings so each section is distinct.,,,200,yes,Heading Structure Report
http://localhost:3000/our-process,Optimization,P3 - improve,Headings,Duplicate heading text on page,The same heading text appears more than once on the page.,'deployment' used 2 times,unique heading text,Reword repeated headings so each section is distinct.,,,200,yes,Heading Structure Report
http://localhost:3000/our-process,Optimization,P3 - improve,Headings,Duplicate heading text on page,The same heading text appears more than once on the page.,'support & optimization' used 2 times,unique heading text,Reword repeated headings so each section is distinct.,,,200,yes,Heading Structure Report
http://localhost:3000/sitemap,Optimization,P3 - improve,Headings,Duplicate heading text on page,The same heading text appears more than once on the page.,'company' used 2 times,unique heading text,Reword repeated headings so each section is distinct.,,,200,yes,Heading Structure Report
http://localhost:3000/sitemap,Optimization,P3 - improve,Headings,Duplicate heading text on page,The same heading text appears more than once on the page.,'services' used 2 times,unique heading text,Reword repeated headings so each section is distinct.,,,200,yes,Heading Structure Report
http://localhost:3000/sitemap,Optimization,P3 - improve,Headings,Duplicate heading text on page,The same heading text appears more than once on the page.,'digital marketing' used 3 times,unique heading text,Reword repeated headings so each section is distinct.,,,200,yes,Heading Structure Report
http://localhost:3000/sitemap,Optimization,P3 - improve,Headings,Duplicate heading text on page,The same heading text appears more than once on the page.,'testing & qa' used 2 times,unique heading text,Reword repeated headings so each section is distinct.,,,200,yes,Heading Structure Report
http://localhost:3000/sitemap,Optimization,P3 - improve,Headings,Duplicate heading text on page,The same heading text appears more than once on the page.,'technologies' used 2 times,unique heading text,Reword repeated headings so each section is distinct.,,,200,yes,Heading Structure Report
http://localhost:3000/sitemap,Optimization,P3 - improve,Headings,Duplicate heading text on page,The same heading text appears more than once on the page.,'e-commerce' used 2 times,unique heading text,Reword repeated headings so each section is distinct.,,,200,yes,Heading Structure Report
http://localhost:3000/sitemap,Optimization,P3 - improve,Headings,Duplicate heading text on page,The same heading text appears more than once on the page.,'industries' used 2 times,unique heading text,Reword repeated headings so each section is distinct.,,,200,yes,Heading Structure Report
http://localhost:3000/software-services,Optimization,P3 - improve,Headings,Duplicate heading text on page,The same heading text appears more than once on the page.,'get a free consultation' used 2 times,unique heading text,Reword repeated headings so each section is distinct.,,,200,yes,Heading Structure Report
http://localhost:3000/software-services/api-development,Optimization,P3 - improve,Headings,Duplicate heading text on page,The same heading text appears more than once on the page.,'what this service includes' used 2 times,unique heading text,Reword repeated headings so each section is distinct.,,,200,yes,Heading Structure Report
http://localhost:3000/software-services/api-development,Optimization,P3 - improve,Headings,Duplicate heading text on page,The same heading text appears more than once on the page.,'restful apis' used 2 times,unique heading text,Reword repeated headings so each section is distinct.,,,200,yes,Heading Structure Report
http://localhost:3000/software-services/api-development,Optimization,P3 - improve,Headings,Duplicate heading text on page,The same heading text appears more than once on the page.,'graphql' used 2 times,unique heading text,Reword repeated headings so each section is distinct.,,,200,yes,Heading Structure Report
http://localhost:3000/software-services/api-development,Optimization,P3 - improve,Headings,Duplicate heading text on page,The same heading text appears more than once on the page.,'third-party integration' used 2 times,unique heading text,Reword repeated headings so each section is distinct.,,,200,yes,Heading Structure Report
http://localhost:3000/software-services/api-development,Optimization,P3 - improve,Headings,Duplicate heading text on page,The same heading text appears more than once on the page.,'microservices' used 2 times,unique heading text,Reword repeated headings so each section is distinct.,,,200,yes,Heading Structure Report
http://localhost:3000/software-services/api-development,Optimization,P3 - improve,Headings,Duplicate heading text on page,The same heading text appears more than once on the page.,'requirements' used 2 times,unique heading text,Reword repeated headings so each section is distinct.,,,200,yes,Heading Structure Report
http://localhost:3000/software-services/api-development,Optimization,P3 - improve,Headings,Duplicate heading text on page,The same heading text appears more than once on the page.,'get a free consultation' used 2 times,unique heading text,Reword repeated headings so each section is distinct.,,,200,yes,Heading Structure Report
http://localhost:3000/software-services/cms-development,Optimization,P3 - improve,Headings,Duplicate heading text on page,The same heading text appears more than once on the page.,'what this service includes' used 2 times,unique heading text,Reword repeated headings so each section is distinct.,,,200,yes,Heading Structure Report
http://localhost:3000/software-services/cms-development,Optimization,P3 - improve,Headings,Duplicate heading text on page,The same heading text appears more than once on the page.,'custom themes' used 2 times,unique heading text,Reword repeated headings so each section is distinct.,,,200,yes,Heading Structure Report
http://localhost:3000/software-services/cms-development,Optimization,P3 - improve,Headings,Duplicate heading text on page,The same heading text appears more than once on the page.,'plugin dev' used 2 times,unique heading text,Reword repeated headings so each section is distinct.,,,200,yes,Heading Structure Report
http://localhost:3000/software-services/cms-development,Optimization,P3 - improve,Headings,Duplicate heading text on page,The same heading text appears more than once on the page.,'headless cms' used 2 times,unique heading text,Reword repeated headings so each section is distinct.,,,200,yes,Heading Structure Report
http://localhost:3000/software-services/cms-development,Optimization,P3 - improve,Headings,Duplicate heading text on page,The same heading text appears more than once on the page.,'migration' used 2 times,unique heading text,Reword repeated headings so each section is distinct.,,,200,yes,Heading Structure Report
http://localhost:3000/software-services/cms-development,Optimization,P3 - improve,Headings,Duplicate heading text on page,The same heading text appears more than once on the page.,'requirements' used 2 times,unique heading text,Reword repeated headings so each section is distinct.,,,200,yes,Heading Structure Report
http://localhost:3000/software-services/cms-development,Optimization,P3 - improve,Headings,Duplicate heading text on page,The same heading text appears more than once on the page.,'get a free consultation' used 2 times,unique heading text,Reword repeated headings so each section is distinct.,,,200,yes,Heading Structure Report
http://localhost:3000/software-services/cross-platform-app-development,Optimization,P3 - improve,Headings,Duplicate heading text on page,The same heading text appears more than once on the page.,'react native' used 2 times,unique heading text,Reword repeated headings so each section is distinct.,,,200,yes,Heading Structure Report
http://localhost:3000/software-services/cross-platform-app-development,Optimization,P3 - improve,Headings,Duplicate heading text on page,The same heading text appears more than once on the page.,'flutter' used 2 times,unique heading text,Reword repeated headings so each section is distinct.,,,200,yes,Heading Structure Report
http://localhost:3000/software-services/cross-platform-app-development,Optimization,P3 - improve,Headings,Duplicate heading text on page,The same heading text appears more than once on the page.,'.net maui' used 2 times,unique heading text,Reword repeated headings so each section is distinct.,,,200,yes,Heading Structure Report
http://localhost:3000/software-services/cross-platform-app-development,Optimization,P3 - improve,Headings,Duplicate heading text on page,The same heading text appears more than once on the page.,'app migration' used 2 times,unique heading text,Reword repeated headings so each section is distinct.,,,200,yes,Heading Structure Report
http://localhost:3000/software-services/cross-platform-app-development,Optimization,P3 - improve,Headings,Duplicate heading text on page,The same heading text appears more than once on the page.,'architecture' used 2 times,unique heading text,Reword repeated headings so each section is distinct.,,,200,yes,Heading Structure Report
http://localhost:3000/software-services/cross-platform-app-development,Optimization,P3 - improve,Headings,Duplicate heading text on page,The same heading text appears more than once on the page.,'get a free consultation' used 2 times,unique heading text,Reword repeated headings so each section is distinct.,,,200,yes,Heading Structure Report
http://localhost:3000/software-services/custom-software-development,Optimization,P3 - improve,Headings,Duplicate heading text on page,The same heading text appears more than once on the page.,'what this service includes' used 2 times,unique heading text,Reword repeated headings so each section is distinct.,,,200,yes,Heading Structure Report
http://localhost:3000/software-services/custom-software-development,Optimization,P3 - improve,Headings,Duplicate heading text on page,The same heading text appears more than once on the page.,'requirements analysis' used 2 times,unique heading text,Reword repeated headings so each section is distinct.,,,200,yes,Heading Structure Report
http://localhost:3000/software-services/custom-software-development,Optimization,P3 - improve,Headings,Duplicate heading text on page,The same heading text appears more than once on the page.,'prototype design' used 2 times,unique heading text,Reword repeated headings so each section is distinct.,,,200,yes,Heading Structure Report
http://localhost:3000/software-services/custom-software-development,Optimization,P3 - improve,Headings,Duplicate heading text on page,The same heading text appears more than once on the page.,'full-stack dev' used 2 times,unique heading text,Reword repeated headings so each section is distinct.,,,200,yes,Heading Structure Report
http://localhost:3000/software-services/custom-software-development,Optimization,P3 - improve,Headings,Duplicate heading text on page,The same heading text appears more than once on the page.,'maintenance' used 3 times,unique heading text,Reword repeated headings so each section is distinct.,,,200,yes,Heading Structure Report
http://localhost:3000/software-services/custom-software-development,Optimization,P3 - improve,Headings,Duplicate heading text on page,The same heading text appears more than once on the page.,'requirements' used 2 times,unique heading text,Reword repeated headings so each section is distinct.,,,200,yes,Heading Structure Report
http://localhost:3000/software-services/custom-software-development,Optimization,P3 - improve,Headings,Duplicate heading text on page,The same heading text appears more than once on the page.,'get a free consultation' used 2 times,unique heading text,Reword repeated headings so each section is distinct.,,,200,yes,Heading Structure Report
http://localhost:3000/software-services/ecommerce-development,Important,P2 - fix soon,Headings,Empty heading,A heading element contains no text (often icons only or content rendered later).,(empty),Every heading has meaningful text,Add text to the heading or replace it with a non-heading element.,heading #10: <h2>,,200,yes,Heading Structure Report
http://localhost:3000/software-services/ecommerce-development,Optimization,P3 - improve,Headings,Duplicate heading text on page,The same heading text appears more than once on the page.,'get a free consultation' used 3 times,unique heading text,Reword repeated headings so each section is distinct.,,,200,yes,Heading Structure Report
http://localhost:3000/software-services/ecommerce-testing,Optimization,P3 - improve,Headings,Duplicate heading text on page,The same heading text appears more than once on the page.,'flow analysis' used 2 times,unique heading text,Reword repeated headings so each section is distinct.,,,200,yes,Heading Structure Report
http://localhost:3000/software-services/ecommerce-testing,Optimization,P3 - improve,Headings,Duplicate heading text on page,The same heading text appears more than once on the page.,'get a free consultation' used 2 times,unique heading text,Reword repeated headings so each section is distinct.,,,200,yes,Heading Structure Report
http://localhost:3000/software-services/enterprise-software,Important,P2 - fix soon,Headings,Empty heading,A heading element contains no text (often icons only or content rendered later).,(empty),Every heading has meaningful text,Add text to the heading or replace it with a non-heading element.,heading #10: <h2>,,200,yes,Heading Structure Report
http://localhost:3000/software-services/enterprise-software,Optimization,P3 - improve,Headings,Duplicate heading text on page,The same heading text appears more than once on the page.,'get a free consultation' used 3 times,unique heading text,Reword repeated headings so each section is distinct.,,,200,yes,Heading Structure Report
http://localhost:3000/software-services/hybrid-app-development,Optimization,P3 - improve,Headings,Duplicate heading text on page,The same heading text appears more than once on the page.,'ionic development' used 2 times,unique heading text,Reword repeated headings so each section is distinct.,,,200,yes,Heading Structure Report
http://localhost:3000/software-services/hybrid-app-development,Optimization,P3 - improve,Headings,Duplicate heading text on page,The same heading text appears more than once on the page.,'pwa development' used 2 times,unique heading text,Reword repeated headings so each section is distinct.,,,200,yes,Heading Structure Report
http://localhost:3000/software-services/hybrid-app-development,Optimization,P3 - improve,Headings,Duplicate heading text on page,The same heading text appears more than once on the page.,'cordova/phonegap' used 2 times,unique heading text,Reword repeated headings so each section is distinct.,,,200,yes,Heading Structure Report
http://localhost:3000/software-services/hybrid-app-development,Optimization,P3 - improve,Headings,Duplicate heading text on page,The same heading text appears more than once on the page.,'maintenance' used 2 times,unique heading text,Reword repeated headings so each section is distinct.,,,200,yes,Heading Structure Report
http://localhost:3000/software-services/hybrid-app-development,Optimization,P3 - improve,Headings,Duplicate heading text on page,The same heading text appears more than once on the page.,'concept' used 2 times,unique heading text,Reword repeated headings so each section is distinct.,,,200,yes,Heading Structure Report
http://localhost:3000/software-services/hybrid-app-development,Optimization,P3 - improve,Headings,Duplicate heading text on page,The same heading text appears more than once on the page.,'get a free consultation' used 2 times,unique heading text,Reword repeated headings so each section is distinct.,,,200,yes,Heading Structure Report
http://localhost:3000/software-services/mobile-app-testing,Optimization,P3 - improve,Headings,Duplicate heading text on page,The same heading text appears more than once on the page.,'device selection' used 2 times,unique heading text,Reword repeated headings so each section is distinct.,,,200,yes,Heading Structure Report
http://localhost:3000/software-services/mobile-app-testing,Optimization,P3 - improve,Headings,Duplicate heading text on page,The same heading text appears more than once on the page.,'get a free consultation' used 2 times,unique heading text,Reword repeated headings so each section is distinct.,,,200,yes,Heading Structure Report
http://localhost:3000/software-services/mobile-game-development,Optimization,P3 - improve,Headings,Duplicate heading text on page,The same heading text appears more than once on the page.,'what this service includes' used 2 times,unique heading text,Reword repeated headings so each section is distinct.,,,200,yes,Heading Structure Report
http://localhost:3000/software-services/mobile-game-development,Optimization,P3 - improve,Headings,Duplicate heading text on page,The same heading text appears more than once on the page.,'2d/3d art' used 2 times,unique heading text,Reword repeated headings so each section is distinct.,,,200,yes,Heading Structure Report
http://localhost:3000/software-services/mobile-game-development,Optimization,P3 - improve,Headings,Duplicate heading text on page,The same heading text appears more than once on the page.,'game physics' used 2 times,unique heading text,Reword repeated headings so each section is distinct.,,,200,yes,Heading Structure Report
http://localhost:3000/software-services/mobile-game-development,Optimization,P3 - improve,Headings,Duplicate heading text on page,The same heading text appears more than once on the page.,'multiplayer' used 2 times,unique heading text,Reword repeated headings so each section is distinct.,,,200,yes,Heading Structure Report
http://localhost:3000/software-services/mobile-game-development,Optimization,P3 - improve,Headings,Duplicate heading text on page,The same heading text appears more than once on the page.,'monetization' used 2 times,unique heading text,Reword repeated headings so each section is distinct.,,,200,yes,Heading Structure Report
http://localhost:3000/software-services/mobile-game-development,Optimization,P3 - improve,Headings,Duplicate heading text on page,The same heading text appears more than once on the page.,'requirements' used 2 times,unique heading text,Reword repeated headings so each section is distinct.,,,200,yes,Heading Structure Report
http://localhost:3000/software-services/mobile-game-development,Optimization,P3 - improve,Headings,Duplicate heading text on page,The same heading text appears more than once on the page.,'get a free consultation' used 2 times,unique heading text,Reword repeated headings so each section is distinct.,,,200,yes,Heading Structure Report
http://localhost:3000/software-services/native-app-development,Optimization,P3 - improve,Headings,Duplicate heading text on page,The same heading text appears more than once on the page.,'ios development' used 2 times,unique heading text,Reword repeated headings so each section is distinct.,,,200,yes,Heading Structure Report
http://localhost:3000/software-services/native-app-development,Optimization,P3 - improve,Headings,Duplicate heading text on page,The same heading text appears more than once on the page.,'android development' used 2 times,unique heading text,Reword repeated headings so each section is distinct.,,,200,yes,Heading Structure Report
http://localhost:3000/software-services/native-app-development,Optimization,P3 - improve,Headings,Duplicate heading text on page,The same heading text appears more than once on the page.,'wearable apps' used 2 times,unique heading text,Reword repeated headings so each section is distinct.,,,200,yes,Heading Structure Report
http://localhost:3000/software-services/native-app-development,Optimization,P3 - improve,Headings,Duplicate heading text on page,The same heading text appears more than once on the page.,'app store optimization' used 2 times,unique heading text,Reword repeated headings so each section is distinct.,,,200,yes,Heading Structure Report
http://localhost:3000/software-services/native-app-development,Optimization,P3 - improve,Headings,Duplicate heading text on page,The same heading text appears more than once on the page.,'strategy' used 2 times,unique heading text,Reword repeated headings so each section is distinct.,,,200,yes,Heading Structure Report
http://localhost:3000/software-services/native-app-development,Optimization,P3 - improve,Headings,Duplicate heading text on page,The same heading text appears more than once on the page.,'get a free consultation' used 2 times,unique heading text,Reword repeated headings so each section is distinct.,,,200,yes,Heading Structure Report
http://localhost:3000/software-services/native-cross-platform-apps,Optimization,P3 - improve,Headings,Duplicate heading text on page,The same heading text appears more than once on the page.,'what this service includes' used 2 times,unique heading text,Reword repeated headings so each section is distinct.,,,200,yes,Heading Structure Report
http://localhost:3000/software-services/native-cross-platform-apps,Optimization,P3 - improve,Headings,Duplicate heading text on page,The same heading text appears more than once on the page.,'hybrid apps' used 2 times,unique heading text,Reword repeated headings so each section is distinct.,,,200,yes,Heading Structure Report
http://localhost:3000/software-services/native-cross-platform-apps,Optimization,P3 - improve,Headings,Duplicate heading text on page,The same heading text appears more than once on the page.,'flutter dev' used 2 times,unique heading text,Reword repeated headings so each section is distinct.,,,200,yes,Heading Structure Report
http://localhost:3000/software-services/native-cross-platform-apps,Optimization,P3 - improve,Headings,Duplicate heading text on page,The same heading text appears more than once on the page.,'native performance' used 2 times,unique heading text,Reword repeated headings so each section is distinct.,,,200,yes,Heading Structure Report
http://localhost:3000/software-services/native-cross-platform-apps,Optimization,P3 - improve,Headings,Duplicate heading text on page,The same heading text appears more than once on the page.,'maintenance' used 3 times,unique heading text,Reword repeated headings so each section is distinct.,,,200,yes,Heading Structure Report
http://localhost:3000/software-services/native-cross-platform-apps,Optimization,P3 - improve,Headings,Duplicate heading text on page,The same heading text appears more than once on the page.,'requirements' used 2 times,unique heading text,Reword repeated headings so each section is distinct.,,,200,yes,Heading Structure Report
http://localhost:3000/software-services/native-cross-platform-apps,Optimization,P3 - improve,Headings,Duplicate heading text on page,The same heading text appears more than once on the page.,'get a free consultation' used 2 times,unique heading text,Reword repeated headings so each section is distinct.,,,200,yes,Heading Structure Report
http://localhost:3000/software-services/product-development,Important,P2 - fix soon,Headings,Empty heading,A heading element contains no text (often icons only or content rendered later).,(empty),Every heading has meaningful text,Add text to the heading or replace it with a non-heading element.,heading #10: <h2>,,200,yes,Heading Structure Report
http://localhost:3000/software-services/product-development,Optimization,P3 - improve,Headings,Duplicate heading text on page,The same heading text appears more than once on the page.,'get a free consultation' used 3 times,unique heading text,Reword repeated headings so each section is distinct.,,,200,yes,Heading Structure Report
http://localhost:3000/software-services/product-re-engineering,Important,P2 - fix soon,Headings,Empty heading,A heading element contains no text (often icons only or content rendered later).,(empty),Every heading has meaningful text,Add text to the heading or replace it with a non-heading element.,heading #10: <h2>,,200,yes,Heading Structure Report
http://localhost:3000/software-services/product-re-engineering,Optimization,P3 - improve,Headings,Duplicate heading text on page,The same heading text appears more than once on the page.,'get a free consultation' used 3 times,unique heading text,Reword repeated headings so each section is distinct.,,,200,yes,Heading Structure Report
http://localhost:3000/software-services/pwa-development,Important,P2 - fix soon,Headings,Empty heading,A heading element contains no text (often icons only or content rendered later).,(empty),Every heading has meaningful text,Add text to the heading or replace it with a non-heading element.,heading #10: <h2>,,200,yes,Heading Structure Report
http://localhost:3000/software-services/pwa-development,Optimization,P3 - improve,Headings,Duplicate heading text on page,The same heading text appears more than once on the page.,'get a free consultation' used 3 times,unique heading text,Reword repeated headings so each section is distinct.,,,200,yes,Heading Structure Report
http://localhost:3000/software-services/software-consulting,Optimization,P3 - improve,Headings,Duplicate heading text on page,The same heading text appears more than once on the page.,'technology strategy' used 2 times,unique heading text,Reword repeated headings so each section is distinct.,,,200,yes,Heading Structure Report
http://localhost:3000/software-services/software-consulting,Optimization,P3 - improve,Headings,Duplicate heading text on page,The same heading text appears more than once on the page.,'software architecture' used 2 times,unique heading text,Reword repeated headings so each section is distinct.,,,200,yes,Heading Structure Report
http://localhost:3000/software-services/software-consulting,Optimization,P3 - improve,Headings,Duplicate heading text on page,The same heading text appears more than once on the page.,'process optimization' used 2 times,unique heading text,Reword repeated headings so each section is distinct.,,,200,yes,Heading Structure Report
http://localhost:3000/software-services/software-consulting,Optimization,P3 - improve,Headings,Duplicate heading text on page,The same heading text appears more than once on the page.,'tech stack selection' used 2 times,unique heading text,Reword repeated headings so each section is distinct.,,,200,yes,Heading Structure Report
http://localhost:3000/software-services/software-consulting,Optimization,P3 - improve,Headings,Duplicate heading text on page,The same heading text appears more than once on the page.,'discovery' used 2 times,unique heading text,Reword repeated headings so each section is distinct.,,,200,yes,Heading Structure Report
http://localhost:3000/software-services/software-consulting,Optimization,P3 - improve,Headings,Duplicate heading text on page,The same heading text appears more than once on the page.,'get a free consultation' used 2 times,unique heading text,Reword repeated headings so each section is distinct.,,,200,yes,Heading Structure Report
http://localhost:3000/software-services/software-maintenance,Important,P2 - fix soon,Headings,Empty heading,A heading element contains no text (often icons only or content rendered later).,(empty),Every heading has meaningful text,Add text to the heading or replace it with a non-heading element.,heading #10: <h2>,,200,yes,Heading Structure Report
http://localhost:3000/software-services/software-maintenance,Optimization,P3 - improve,Headings,Duplicate heading text on page,The same heading text appears more than once on the page.,'get a free consultation' used 3 times,unique heading text,Reword repeated headings so each section is distinct.,,,200,yes,Heading Structure Report
http://localhost:3000/software-services/web-app-development,Optimization,P3 - improve,Headings,Duplicate heading text on page,The same heading text appears more than once on the page.,'what this service includes' used 2 times,unique heading text,Reword repeated headings so each section is distinct.,,,200,yes,Heading Structure Report
http://localhost:3000/software-services/web-app-development,Optimization,P3 - improve,Headings,Duplicate heading text on page,The same heading text appears more than once on the page.,'spa development' used 2 times,unique heading text,Reword repeated headings so each section is distinct.,,,200,yes,Heading Structure Report
http://localhost:3000/software-services/web-app-development,Optimization,P3 - improve,Headings,Duplicate heading text on page,The same heading text appears more than once on the page.,'saas platforms' used 2 times,unique heading text,Reword repeated headings so each section is distinct.,,,200,yes,Heading Structure Report
http://localhost:3000/software-services/web-app-development,Optimization,P3 - improve,Headings,Duplicate heading text on page,The same heading text appears more than once on the page.,'customer portals' used 2 times,unique heading text,Reword repeated headings so each section is distinct.,,,200,yes,Heading Structure Report
http://localhost:3000/software-services/web-app-development,Optimization,P3 - improve,Headings,Duplicate heading text on page,The same heading text appears more than once on the page.,'internal tools' used 2 times,unique heading text,Reword repeated headings so each section is distinct.,,,200,yes,Heading Structure Report
http://localhost:3000/software-services/web-app-development,Optimization,P3 - improve,Headings,Duplicate heading text on page,The same heading text appears more than once on the page.,'requirements' used 2 times,unique heading text,Reword repeated headings so each section is distinct.,,,200,yes,Heading Structure Report
http://localhost:3000/software-services/web-app-development,Optimization,P3 - improve,Headings,Duplicate heading text on page,The same heading text appears more than once on the page.,'get a free consultation' used 2 times,unique heading text,Reword repeated headings so each section is distinct.,,,200,yes,Heading Structure Report
http://localhost:3000/software-services/web-app-testing,Optimization,P3 - improve,Headings,Duplicate heading text on page,The same heading text appears more than once on the page.,'environment setup' used 2 times,unique heading text,Reword repeated headings so each section is distinct.,,,200,yes,Heading Structure Report
http://localhost:3000/software-services/web-app-testing,Optimization,P3 - improve,Headings,Duplicate heading text on page,The same heading text appears more than once on the page.,'get a free consultation' used 2 times,unique heading text,Reword repeated headings so each section is distinct.,,,200,yes,Heading Structure Report
http://localhost:3000/technologies/accessibility-audit,Optimization,P3 - improve,Headings,Duplicate heading text on page,The same heading text appears more than once on the page.,'get a free consultation' used 3 times,unique heading text,Reword repeated headings so each section is distinct.,,,200,yes,Heading Structure Report
http://localhost:3000/technologies/accessibility-audit,Optimization,P3 - improve,Headings,Duplicate heading text on page,The same heading text appears more than once on the page.,'discovery' used 2 times,unique heading text,Reword repeated headings so each section is distinct.,,,200,yes,Heading Structure Report
http://localhost:3000/technologies/adobe-xd-design,Optimization,P3 - improve,Headings,Duplicate heading text on page,The same heading text appears more than once on the page.,'get a free consultation' used 3 times,unique heading text,Reword repeated headings so each section is distinct.,,,200,yes,Heading Structure Report
http://localhost:3000/technologies/adobe-xd-design,Optimization,P3 - improve,Headings,Duplicate heading text on page,The same heading text appears more than once on the page.,'discovery' used 2 times,unique heading text,Reword repeated headings so each section is distinct.,,,200,yes,Heading Structure Report
http://localhost:3000/technologies/affiliate-marketing,Optimization,P3 - improve,Headings,Duplicate heading text on page,The same heading text appears more than once on the page.,'get a free consultation' used 3 times,unique heading text,Reword repeated headings so each section is distinct.,,,200,yes,Heading Structure Report
http://localhost:3000/technologies/affiliate-marketing,Optimization,P3 - improve,Headings,Duplicate heading text on page,The same heading text appears more than once on the page.,'discovery' used 2 times,unique heading text,Reword repeated headings so each section is distinct.,,,200,yes,Heading Structure Report
http://localhost:3000/technologies/ai-agents-development,Optimization,P3 - improve,Headings,Duplicate heading text on page,The same heading text appears more than once on the page.,'get a free consultation' used 3 times,unique heading text,Reword repeated headings so each section is distinct.,,,200,yes,Heading Structure Report
http://localhost:3000/technologies/ai-agents-development,Optimization,P3 - improve,Headings,Duplicate heading text on page,The same heading text appears more than once on the page.,'discovery' used 2 times,unique heading text,Reword repeated headings so each section is distinct.,,,200,yes,Heading Structure Report
http://localhost:3000/technologies/ai-development,Optimization,P3 - improve,Headings,Duplicate heading text on page,The same heading text appears more than once on the page.,'get a free consultation' used 3 times,unique heading text,Reword repeated headings so each section is distinct.,,,200,yes,Heading Structure Report
http://localhost:3000/technologies/ai-development,Optimization,P3 - improve,Headings,Duplicate heading text on page,The same heading text appears more than once on the page.,'discovery' used 2 times,unique heading text,Reword repeated headings so each section is distinct.,,,200,yes,Heading Structure Report
http://localhost:3000/technologies/analytics-reporting,Optimization,P3 - improve,Headings,Duplicate heading text on page,The same heading text appears more than once on the page.,'get a free consultation' used 3 times,unique heading text,Reword repeated headings so each section is distinct.,,,200,yes,Heading Structure Report
http://localhost:3000/technologies/analytics-reporting,Optimization,P3 - improve,Headings,Duplicate heading text on page,The same heading text appears more than once on the page.,'audit' used 2 times,unique heading text,Reword repeated headings so each section is distinct.,,,200,yes,Heading Structure Report
http://localhost:3000/technologies/android-app-development,Optimization,P3 - improve,Headings,Duplicate heading text on page,The same heading text appears more than once on the page.,'get a free consultation' used 3 times,unique heading text,Reword repeated headings so each section is distinct.,,,200,yes,Heading Structure Report
http://localhost:3000/technologies/android-app-development,Optimization,P3 - improve,Headings,Duplicate heading text on page,The same heading text appears more than once on the page.,'discovery' used 2 times,unique heading text,Reword repeated headings so each section is distinct.,,,200,yes,Heading Structure Report
http://localhost:3000/technologies/angularjs-development,Optimization,P3 - improve,Headings,Duplicate heading text on page,The same heading text appears more than once on the page.,'get a free consultation' used 3 times,unique heading text,Reword repeated headings so each section is distinct.,,,200,yes,Heading Structure Report
http://localhost:3000/technologies/angularjs-development,Optimization,P3 - improve,Headings,Duplicate heading text on page,The same heading text appears more than once on the page.,'discovery' used 2 times,unique heading text,Reword repeated headings so each section is distinct.,,,200,yes,Heading Structure Report
http://localhost:3000/technologies/ansible-development,Optimization,P3 - improve,Headings,Duplicate heading text on page,The same heading text appears more than once on the page.,'get a free consultation' used 3 times,unique heading text,Reword repeated headings so each section is distinct.,,,200,yes,Heading Structure Report
http://localhost:3000/technologies/ansible-development,Optimization,P3 - improve,Headings,Duplicate heading text on page,The same heading text appears more than once on the page.,'discovery' used 2 times,unique heading text,Reword repeated headings so each section is distinct.,,,200,yes,Heading Structure Report
http://localhost:3000/technologies/ant-design-development,Optimization,P3 - improve,Headings,Duplicate heading text on page,The same heading text appears more than once on the page.,'get a free consultation' used 3 times,unique heading text,Reword repeated headings so each section is distinct.,,,200,yes,Heading Structure Report
http://localhost:3000/technologies/ant-design-development,Optimization,P3 - improve,Headings,Duplicate heading text on page,The same heading text appears more than once on the page.,'discovery' used 2 times,unique heading text,Reword repeated headings so each section is distinct.,,,200,yes,Heading Structure Report
http://localhost:3000/technologies/apache-development,Optimization,P3 - improve,Headings,Duplicate heading text on page,The same heading text appears more than once on the page.,'get a free consultation' used 3 times,unique heading text,Reword repeated headings so each section is distinct.,,,200,yes,Heading Structure Report
http://localhost:3000/technologies/apache-development,Optimization,P3 - improve,Headings,Duplicate heading text on page,The same heading text appears more than once on the page.,'discovery' used 2 times,unique heading text,Reword repeated headings so each section is distinct.,,,200,yes,Heading Structure Report
http://localhost:3000/technologies/api-testing,Optimization,P3 - improve,Headings,Duplicate heading text on page,The same heading text appears more than once on the page.,'get a free consultation' used 3 times,unique heading text,Reword repeated headings so each section is distinct.,,,200,yes,Heading Structure Report
http://localhost:3000/technologies/api-testing,Optimization,P3 - improve,Headings,Duplicate heading text on page,The same heading text appears more than once on the page.,'discovery' used 2 times,unique heading text,Reword repeated headings so each section is distinct.,,,200,yes,Heading Structure Report
http://localhost:3000/technologies/app-store-optimization,Optimization,P3 - improve,Headings,Duplicate heading text on page,The same heading text appears more than once on the page.,'get a free consultation' used 3 times,unique heading text,Reword repeated headings so each section is distinct.,,,200,yes,Heading Structure Report
http://localhost:3000/technologies/app-store-optimization,Optimization,P3 - improve,Headings,Duplicate heading text on page,The same heading text appears more than once on the page.,'discovery' used 2 times,unique heading text,Reword repeated headings so each section is distinct.,,,200,yes,Heading Structure Report
http://localhost:3000/technologies/aspnet-core-development,Optimization,P3 - improve,Headings,Duplicate heading text on page,The same heading text appears more than once on the page.,'get a free consultation' used 3 times,unique heading text,Reword repeated headings so each section is distinct.,,,200,yes,Heading Structure Report
http://localhost:3000/technologies/aspnet-core-development,Optimization,P3 - improve,Headings,Duplicate heading text on page,The same heading text appears more than once on the page.,'discovery' used 2 times,unique heading text,Reword repeated headings so each section is distinct.,,,200,yes,Heading Structure Report
http://localhost:3000/technologies/automation-testing,Optimization,P3 - improve,Headings,Duplicate heading text on page,The same heading text appears more than once on the page.,'get a free consultation' used 3 times,unique heading text,Reword repeated headings so each section is distinct.,,,200,yes,Heading Structure Report
http://localhost:3000/technologies/automation-testing,Optimization,P3 - improve,Headings,Duplicate heading text on page,The same heading text appears more than once on the page.,'discovery' used 2 times,unique heading text,Reword repeated headings so each section is distinct.,,,200,yes,Heading Structure Report
http://localhost:3000/technologies/aws-development,Optimization,P3 - improve,Headings,Duplicate heading text on page,The same heading text appears more than once on the page.,'get a free consultation' used 3 times,unique heading text,Reword repeated headings so each section is distinct.,,,200,yes,Heading Structure Report
http://localhost:3000/technologies/aws-development,Optimization,P3 - improve,Headings,Duplicate heading text on page,The same heading text appears more than once on the page.,'discovery' used 2 times,unique heading text,Reword repeated headings so each section is distinct.,,,200,yes,Heading Structure Report
http://localhost:3000/technologies/aws-devops-development,Optimization,P3 - improve,Headings,Duplicate heading text on page,The same heading text appears more than once on the page.,'get a free consultation' used 3 times,unique heading text,Reword repeated headings so each section is distinct.,,,200,yes,Heading Structure Report
http://localhost:3000/technologies/aws-devops-development,Optimization,P3 - improve,Headings,Duplicate heading text on page,The same heading text appears more than once on the page.,'discovery' used 2 times,unique heading text,Reword repeated headings so each section is distinct.,,,200,yes,Heading Structure Report
http://localhost:3000/technologies/azure-development,Optimization,P3 - improve,Headings,Duplicate heading text on page,The same heading text appears more than once on the page.,'get a free consultation' used 3 times,unique heading text,Reword repeated headings so each section is distinct.,,,200,yes,Heading Structure Report
http://localhost:3000/technologies/azure-development,Optimization,P3 - improve,Headings,Duplicate heading text on page,The same heading text appears more than once on the page.,'discovery' used 2 times,unique heading text,Reword repeated headings so each section is distinct.,,,200,yes,Heading Structure Report
http://localhost:3000/technologies/azure-devops-development,Optimization,P3 - improve,Headings,Duplicate heading text on page,The same heading text appears more than once on the page.,'get a free consultation' used 3 times,unique heading text,Reword repeated headings so each section is distinct.,,,200,yes,Heading Structure Report
http://localhost:3000/technologies/azure-devops-development,Optimization,P3 - improve,Headings,Duplicate heading text on page,The same heading text appears more than once on the page.,'discovery' used 2 times,unique heading text,Reword repeated headings so each section is distinct.,,,200,yes,Heading Structure Report
http://localhost:3000/technologies/bigcommerce-development,Optimization,P3 - improve,Headings,Duplicate heading text on page,The same heading text appears more than once on the page.,'get a free consultation' used 3 times,unique heading text,Reword repeated headings so each section is distinct.,,,200,yes,Heading Structure Report
http://localhost:3000/technologies/bigcommerce-development,Optimization,P3 - improve,Headings,Duplicate heading text on page,The same heading text appears more than once on the page.,'discovery' used 2 times,unique heading text,Reword repeated headings so each section is distinct.,,,200,yes,Heading Structure Report
http://localhost:3000/technologies/bitbucket-development,Optimization,P3 - improve,Headings,Duplicate heading text on page,The same heading text appears more than once on the page.,'get a free consultation' used 3 times,unique heading text,Reword repeated headings so each section is distinct.,,,200,yes,Heading Structure Report
http://localhost:3000/technologies/bitbucket-development,Optimization,P3 - improve,Headings,Duplicate heading text on page,The same heading text appears more than once on the page.,'discovery' used 2 times,unique heading text,Reword repeated headings so each section is distinct.,,,200,yes,Heading Structure Report
http://localhost:3000/technologies/bootstrap-development,Optimization,P3 - improve,Headings,Duplicate heading text on page,The same heading text appears more than once on the page.,'get a free consultation' used 3 times,unique heading text,Reword repeated headings so each section is distinct.,,,200,yes,Heading Structure Report
http://localhost:3000/technologies/bootstrap-development,Optimization,P3 - improve,Headings,Duplicate heading text on page,The same heading text appears more than once on the page.,'discovery' used 2 times,unique heading text,Reword repeated headings so each section is distinct.,,,200,yes,Heading Structure Report
http://localhost:3000/technologies/cassandra-development,Optimization,P3 - improve,Headings,Duplicate heading text on page,The same heading text appears more than once on the page.,'get a free consultation' used 3 times,unique heading text,Reword repeated headings so each section is distinct.,,,200,yes,Heading Structure Report
http://localhost:3000/technologies/cassandra-development,Optimization,P3 - improve,Headings,Duplicate heading text on page,The same heading text appears more than once on the page.,'discovery' used 2 times,unique heading text,Reword repeated headings so each section is distinct.,,,200,yes,Heading Structure Report
http://localhost:3000/technologies/ci-cd-development,Optimization,P3 - improve,Headings,Duplicate heading text on page,The same heading text appears more than once on the page.,'get a free consultation' used 3 times,unique heading text,Reword repeated headings so each section is distinct.,,,200,yes,Heading Structure Report
http://localhost:3000/technologies/ci-cd-development,Optimization,P3 - improve,Headings,Duplicate heading text on page,The same heading text appears more than once on the page.,'discovery' used 2 times,unique heading text,Reword repeated headings so each section is distinct.,,,200,yes,Heading Structure Report
http://localhost:3000/technologies/claude-development,Optimization,P3 - improve,Headings,Duplicate heading text on page,The same heading text appears more than once on the page.,'get a free consultation' used 3 times,unique heading text,Reword repeated headings so each section is distinct.,,,200,yes,Heading Structure Report
http://localhost:3000/technologies/claude-development,Optimization,P3 - improve,Headings,Duplicate heading text on page,The same heading text appears more than once on the page.,'discovery' used 2 times,unique heading text,Reword repeated headings so each section is distinct.,,,200,yes,Heading Structure Report
http://localhost:3000/technologies/cloudflare-development,Optimization,P3 - improve,Headings,Duplicate heading text on page,The same heading text appears more than once on the page.,'get a free consultation' used 3 times,unique heading text,Reword repeated headings so each section is distinct.,,,200,yes,Heading Structure Report
http://localhost:3000/technologies/cloudflare-development,Optimization,P3 - improve,Headings,Duplicate heading text on page,The same heading text appears more than once on the page.,'discovery' used 2 times,unique heading text,Reword repeated headings so each section is distinct.,,,200,yes,Heading Structure Report
http://localhost:3000/technologies/computer-vision-development,Optimization,P3 - improve,Headings,Duplicate heading text on page,The same heading text appears more than once on the page.,'get a free consultation' used 3 times,unique heading text,Reword repeated headings so each section is distinct.,,,200,yes,Heading Structure Report
http://localhost:3000/technologies/computer-vision-development,Optimization,P3 - improve,Headings,Duplicate heading text on page,The same heading text appears more than once on the page.,'discovery' used 2 times,unique heading text,Reword repeated headings so each section is distinct.,,,200,yes,Heading Structure Report
http://localhost:3000/technologies/content-marketing,Optimization,P3 - improve,Headings,Duplicate heading text on page,The same heading text appears more than once on the page.,'get a free consultation' used 3 times,unique heading text,Reword repeated headings so each section is distinct.,,,200,yes,Heading Structure Report
http://localhost:3000/technologies/content-marketing,Optimization,P3 - improve,Headings,Duplicate heading text on page,The same heading text appears more than once on the page.,'audit' used 2 times,unique heading text,Reword repeated headings so each section is distinct.,,,200,yes,Heading Structure Report
http://localhost:3000/technologies/content-marketing-services,Optimization,P3 - improve,Headings,Duplicate heading text on page,The same heading text appears more than once on the page.,'get a free consultation' used 3 times,unique heading text,Reword repeated headings so each section is distinct.,,,200,yes,Heading Structure Report
http://localhost:3000/technologies/content-marketing-services,Optimization,P3 - improve,Headings,Duplicate heading text on page,The same heading text appears more than once on the page.,'discovery' used 2 times,unique heading text,Reword repeated headings so each section is distinct.,,,200,yes,Heading Structure Report
http://localhost:3000/technologies/contentful-development,Optimization,P3 - improve,Headings,Duplicate heading text on page,The same heading text appears more than once on the page.,'get a free consultation' used 3 times,unique heading text,Reword repeated headings so each section is distinct.,,,200,yes,Heading Structure Report
http://localhost:3000/technologies/contentful-development,Optimization,P3 - improve,Headings,Duplicate heading text on page,The same heading text appears more than once on the page.,'discovery' used 2 times,unique heading text,Reword repeated headings so each section is distinct.,,,200,yes,Heading Structure Report
http://localhost:3000/technologies/conversion-rate-optimization-cro,Optimization,P3 - improve,Headings,Duplicate heading text on page,The same heading text appears more than once on the page.,'get a free consultation' used 3 times,unique heading text,Reword repeated headings so each section is distinct.,,,200,yes,Heading Structure Report
http://localhost:3000/technologies/conversion-rate-optimization-cro,Optimization,P3 - improve,Headings,Duplicate heading text on page,The same heading text appears more than once on the page.,'audit' used 2 times,unique heading text,Reword repeated headings so each section is distinct.,,,200,yes,Heading Structure Report
http://localhost:3000/technologies/cro-services,Optimization,P3 - improve,Headings,Duplicate heading text on page,The same heading text appears more than once on the page.,'get a free consultation' used 3 times,unique heading text,Reword repeated headings so each section is distinct.,,,200,yes,Heading Structure Report
http://localhost:3000/technologies/cro-services,Optimization,P3 - improve,Headings,Duplicate heading text on page,The same heading text appears more than once on the page.,'discovery' used 2 times,unique heading text,Reword repeated headings so each section is distinct.,,,200,yes,Heading Structure Report
http://localhost:3000/technologies/css3-development,Optimization,P3 - improve,Headings,Duplicate heading text on page,The same heading text appears more than once on the page.,'get a free consultation' used 3 times,unique heading text,Reword repeated headings so each section is distinct.,,,200,yes,Heading Structure Report
http://localhost:3000/technologies/css3-development,Optimization,P3 - improve,Headings,Duplicate heading text on page,The same heading text appears more than once on the page.,'discovery' used 2 times,unique heading text,Reword repeated headings so each section is distinct.,,,200,yes,Heading Structure Report
http://localhost:3000/technologies/custom-ecommerce-development,Optimization,P3 - improve,Headings,Duplicate heading text on page,The same heading text appears more than once on the page.,'get a free consultation' used 3 times,unique heading text,Reword repeated headings so each section is distinct.,,,200,yes,Heading Structure Report
http://localhost:3000/technologies/custom-ecommerce-development,Optimization,P3 - improve,Headings,Duplicate heading text on page,The same heading text appears more than once on the page.,'discovery' used 2 times,unique heading text,Reword repeated headings so each section is distinct.,,,200,yes,Heading Structure Report
http://localhost:3000/technologies/cypress-testing,Optimization,P3 - improve,Headings,Duplicate heading text on page,The same heading text appears more than once on the page.,'get a free consultation' used 3 times,unique heading text,Reword repeated headings so each section is distinct.,,,200,yes,Heading Structure Report
http://localhost:3000/technologies/cypress-testing,Optimization,P3 - improve,Headings,Duplicate heading text on page,The same heading text appears more than once on the page.,'discovery' used 2 times,unique heading text,Reword repeated headings so each section is distinct.,,,200,yes,Heading Structure Report
http://localhost:3000/technologies/deep-learning-development,Optimization,P3 - improve,Headings,Duplicate heading text on page,The same heading text appears more than once on the page.,'get a free consultation' used 3 times,unique heading text,Reword repeated headings so each section is distinct.,,,200,yes,Heading Structure Report
http://localhost:3000/technologies/deep-learning-development,Optimization,P3 - improve,Headings,Duplicate heading text on page,The same heading text appears more than once on the page.,'discovery' used 2 times,unique heading text,Reword repeated headings so each section is distinct.,,,200,yes,Heading Structure Report
http://localhost:3000/technologies/design-system-development,Optimization,P3 - improve,Headings,Duplicate heading text on page,The same heading text appears more than once on the page.,'get a free consultation' used 3 times,unique heading text,Reword repeated headings so each section is distinct.,,,200,yes,Heading Structure Report
http://localhost:3000/technologies/design-system-development,Optimization,P3 - improve,Headings,Duplicate heading text on page,The same heading text appears more than once on the page.,'discovery' used 2 times,unique heading text,Reword repeated headings so each section is distinct.,,,200,yes,Heading Structure Report
http://localhost:3000/technologies/design-systems,Optimization,P3 - improve,Headings,Duplicate heading text on page,The same heading text appears more than once on the page.,'get a free consultation' used 3 times,unique heading text,Reword repeated headings so each section is distinct.,,,200,yes,Heading Structure Report
http://localhost:3000/technologies/design-systems,Optimization,P3 - improve,Headings,Duplicate heading text on page,The same heading text appears more than once on the page.,'discovery' used 2 times,unique heading text,Reword repeated headings so each section is distinct.,,,200,yes,Heading Structure Report
http://localhost:3000/technologies/digitalocean-development,Optimization,P3 - improve,Headings,Duplicate heading text on page,The same heading text appears more than once on the page.,'get a free consultation' used 3 times,unique heading text,Reword repeated headings so each section is distinct.,,,200,yes,Heading Structure Report
http://localhost:3000/technologies/digitalocean-development,Optimization,P3 - improve,Headings,Duplicate heading text on page,The same heading text appears more than once on the page.,'discovery' used 2 times,unique heading text,Reword repeated headings so each section is distinct.,,,200,yes,Heading Structure Report
http://localhost:3000/technologies/django-development,Optimization,P3 - improve,Headings,Duplicate heading text on page,The same heading text appears more than once on the page.,'get a free consultation' used 3 times,unique heading text,Reword repeated headings so each section is distinct.,,,200,yes,Heading Structure Report
http://localhost:3000/technologies/django-development,Optimization,P3 - improve,Headings,Duplicate heading text on page,The same heading text appears more than once on the page.,'discovery' used 2 times,unique heading text,Reword repeated headings so each section is distinct.,,,200,yes,Heading Structure Report
http://localhost:3000/technologies/docker-development,Optimization,P3 - improve,Headings,Duplicate heading text on page,The same heading text appears more than once on the page.,'get a free consultation' used 3 times,unique heading text,Reword repeated headings so each section is distinct.,,,200,yes,Heading Structure Report
http://localhost:3000/technologies/docker-development,Optimization,P3 - improve,Headings,Duplicate heading text on page,The same heading text appears more than once on the page.,'discovery' used 2 times,unique heading text,Reword repeated headings so each section is distinct.,,,200,yes,Heading Structure Report
http://localhost:3000/technologies/dotnet-maui-development,Optimization,P3 - improve,Headings,Duplicate heading text on page,The same heading text appears more than once on the page.,'get a free consultation' used 3 times,unique heading text,Reword repeated headings so each section is distinct.,,,200,yes,Heading Structure Report
http://localhost:3000/technologies/dotnet-maui-development,Optimization,P3 - improve,Headings,Duplicate heading text on page,The same heading text appears more than once on the page.,'discovery' used 2 times,unique heading text,Reword repeated headings so each section is distinct.,,,200,yes,Heading Structure Report
http://localhost:3000/technologies/drupal-development,Optimization,P3 - improve,Headings,Duplicate heading text on page,The same heading text appears more than once on the page.,'get a free consultation' used 3 times,unique heading text,Reword repeated headings so each section is distinct.,,,200,yes,Heading Structure Report
http://localhost:3000/technologies/drupal-development,Optimization,P3 - improve,Headings,Duplicate heading text on page,The same heading text appears more than once on the page.,'discovery' used 2 times,unique heading text,Reword repeated headings so each section is distinct.,,,200,yes,Heading Structure Report
http://localhost:3000/technologies/dynamodb-development,Optimization,P3 - improve,Headings,Duplicate heading text on page,The same heading text appears more than once on the page.,'get a free consultation' used 3 times,unique heading text,Reword repeated headings so each section is distinct.,,,200,yes,Heading Structure Report
http://localhost:3000/technologies/dynamodb-development,Optimization,P3 - improve,Headings,Duplicate heading text on page,The same heading text appears more than once on the page.,'discovery' used 2 times,unique heading text,Reword repeated headings so each section is distinct.,,,200,yes,Heading Structure Report
http://localhost:3000/technologies/e-commerce-marketing,Optimization,P3 - improve,Headings,Duplicate heading text on page,The same heading text appears more than once on the page.,'get a free consultation' used 3 times,unique heading text,Reword repeated headings so each section is distinct.,,,200,yes,Heading Structure Report
http://localhost:3000/technologies/e-commerce-marketing,Optimization,P3 - improve,Headings,Duplicate heading text on page,The same heading text appears more than once on the page.,'audit' used 2 times,unique heading text,Reword repeated headings so each section is distinct.,,,200,yes,Heading Structure Report
http://localhost:3000/technologies/e2e-testing,Optimization,P3 - improve,Headings,Duplicate heading text on page,The same heading text appears more than once on the page.,'get a free consultation' used 3 times,unique heading text,Reword repeated headings so each section is distinct.,,,200,yes,Heading Structure Report
http://localhost:3000/technologies/e2e-testing,Optimization,P3 - improve,Headings,Duplicate heading text on page,The same heading text appears more than once on the page.,'discovery' used 2 times,unique heading text,Reword repeated headings so each section is distinct.,,,200,yes,Heading Structure Report
http://localhost:3000/technologies/elasticsearch-development,Optimization,P3 - improve,Headings,Duplicate heading text on page,The same heading text appears more than once on the page.,'get a free consultation' used 3 times,unique heading text,Reword repeated headings so each section is distinct.,,,200,yes,Heading Structure Report
http://localhost:3000/technologies/elasticsearch-development,Optimization,P3 - improve,Headings,Duplicate heading text on page,The same heading text appears more than once on the page.,'discovery' used 2 times,unique heading text,Reword repeated headings so each section is distinct.,,,200,yes,Heading Structure Report
http://localhost:3000/technologies/email-marketing,Optimization,P3 - improve,Headings,Duplicate heading text on page,The same heading text appears more than once on the page.,'get a free consultation' used 3 times,unique heading text,Reword repeated headings so each section is distinct.,,,200,yes,Heading Structure Report
http://localhost:3000/technologies/email-marketing,Optimization,P3 - improve,Headings,Duplicate heading text on page,The same heading text appears more than once on the page.,'audit' used 2 times,unique heading text,Reword repeated headings so each section is distinct.,,,200,yes,Heading Structure Report
http://localhost:3000/technologies/email-marketing-services,Optimization,P3 - improve,Headings,Duplicate heading text on page,The same heading text appears more than once on the page.,'get a free consultation' used 3 times,unique heading text,Reword repeated headings so each section is distinct.,,,200,yes,Heading Structure Report
http://localhost:3000/technologies/email-marketing-services,Optimization,P3 - improve,Headings,Duplicate heading text on page,The same heading text appears more than once on the page.,'discovery' used 2 times,unique heading text,Reword repeated headings so each section is distinct.,,,200,yes,Heading Structure Report
http://localhost:3000/technologies/expo-development,Optimization,P3 - improve,Headings,Duplicate heading text on page,The same heading text appears more than once on the page.,'get a free consultation' used 3 times,unique heading text,Reword repeated headings so each section is distinct.,,,200,yes,Heading Structure Report
http://localhost:3000/technologies/expo-development,Optimization,P3 - improve,Headings,Duplicate heading text on page,The same heading text appears more than once on the page.,'discovery' used 2 times,unique heading text,Reword repeated headings so each section is distinct.,,,200,yes,Heading Structure Report
http://localhost:3000/technologies/expressjs-development,Optimization,P3 - improve,Headings,Duplicate heading text on page,The same heading text appears more than once on the page.,'get a free consultation' used 3 times,unique heading text,Reword repeated headings so each section is distinct.,,,200,yes,Heading Structure Report
http://localhost:3000/technologies/expressjs-development,Optimization,P3 - improve,Headings,Duplicate heading text on page,The same heading text appears more than once on the page.,'discovery' used 2 times,unique heading text,Reword repeated headings so each section is distinct.,,,200,yes,Heading Structure Report
http://localhost:3000/technologies/fastapi-development,Optimization,P3 - improve,Headings,Duplicate heading text on page,The same heading text appears more than once on the page.,'get a free consultation' used 3 times,unique heading text,Reword repeated headings so each section is distinct.,,,200,yes,Heading Structure Report
http://localhost:3000/technologies/fastapi-development,Optimization,P3 - improve,Headings,Duplicate heading text on page,The same heading text appears more than once on the page.,'discovery' used 2 times,unique heading text,Reword repeated headings so each section is distinct.,,,200,yes,Heading Structure Report
http://localhost:3000/technologies/figma-design,Optimization,P3 - improve,Headings,Duplicate heading text on page,The same heading text appears more than once on the page.,'get a free consultation' used 3 times,unique heading text,Reword repeated headings so each section is distinct.,,,200,yes,Heading Structure Report
http://localhost:3000/technologies/figma-design,Optimization,P3 - improve,Headings,Duplicate heading text on page,The same heading text appears more than once on the page.,'discovery' used 2 times,unique heading text,Reword repeated headings so each section is distinct.,,,200,yes,Heading Structure Report
http://localhost:3000/technologies/firebase-cloud-development,Optimization,P3 - improve,Headings,Duplicate heading text on page,The same heading text appears more than once on the page.,'get a free consultation' used 3 times,unique heading text,Reword repeated headings so each section is distinct.,,,200,yes,Heading Structure Report
http://localhost:3000/technologies/firebase-cloud-development,Optimization,P3 - improve,Headings,Duplicate heading text on page,The same heading text appears more than once on the page.,'discovery' used 2 times,unique heading text,Reword repeated headings so each section is distinct.,,,200,yes,Heading Structure Report
http://localhost:3000/technologies/firebase-development,Optimization,P3 - improve,Headings,Duplicate heading text on page,The same heading text appears more than once on the page.,'get a free consultation' used 3 times,unique heading text,Reword repeated headings so each section is distinct.,,,200,yes,Heading Structure Report
http://localhost:3000/technologies/firebase-development,Optimization,P3 - improve,Headings,Duplicate heading text on page,The same heading text appears more than once on the page.,'discovery' used 2 times,unique heading text,Reword repeated headings so each section is distinct.,,,200,yes,Heading Structure Report
http://localhost:3000/technologies/flask-development,Optimization,P3 - improve,Headings,Duplicate heading text on page,The same heading text appears more than once on the page.,'get a free consultation' used 3 times,unique heading text,Reword repeated headings so each section is distinct.,,,200,yes,Heading Structure Report
http://localhost:3000/technologies/flask-development,Optimization,P3 - improve,Headings,Duplicate heading text on page,The same heading text appears more than once on the page.,'discovery' used 2 times,unique heading text,Reword repeated headings so each section is distinct.,,,200,yes,Heading Structure Report
http://localhost:3000/technologies/flutter-development,Optimization,P3 - improve,Headings,Duplicate heading text on page,The same heading text appears more than once on the page.,'get a free consultation' used 3 times,unique heading text,Reword repeated headings so each section is distinct.,,,200,yes,Heading Structure Report
http://localhost:3000/technologies/flutter-development,Optimization,P3 - improve,Headings,Duplicate heading text on page,The same heading text appears more than once on the page.,'discovery' used 2 times,unique heading text,Reword repeated headings so each section is distinct.,,,200,yes,Heading Structure Report
http://localhost:3000/technologies/framer-development,Optimization,P3 - improve,Headings,Duplicate heading text on page,The same heading text appears more than once on the page.,'get a free consultation' used 3 times,unique heading text,Reword repeated headings so each section is distinct.,,,200,yes,Heading Structure Report
http://localhost:3000/technologies/framer-development,Optimization,P3 - improve,Headings,Duplicate heading text on page,The same heading text appears more than once on the page.,'discovery' used 2 times,unique heading text,Reword repeated headings so each section is distinct.,,,200,yes,Heading Structure Report
http://localhost:3000/technologies/gemini-development,Optimization,P3 - improve,Headings,Duplicate heading text on page,The same heading text appears more than once on the page.,'get a free consultation' used 3 times,unique heading text,Reword repeated headings so each section is distinct.,,,200,yes,Heading Structure Report
http://localhost:3000/technologies/gemini-development,Optimization,P3 - improve,Headings,Duplicate heading text on page,The same heading text appears more than once on the page.,'discovery' used 2 times,unique heading text,Reword repeated headings so each section is distinct.,,,200,yes,Heading Structure Report
http://localhost:3000/technologies/generative-ai-development,Optimization,P3 - improve,Headings,Duplicate heading text on page,The same heading text appears more than once on the page.,'get a free consultation' used 3 times,unique heading text,Reword repeated headings so each section is distinct.,,,200,yes,Heading Structure Report
http://localhost:3000/technologies/generative-ai-development,Optimization,P3 - improve,Headings,Duplicate heading text on page,The same heading text appears more than once on the page.,'discovery' used 2 times,unique heading text,Reword repeated headings so each section is distinct.,,,200,yes,Heading Structure Report
http://localhost:3000/technologies/github-actions-development,Optimization,P3 - improve,Headings,Duplicate heading text on page,The same heading text appears more than once on the page.,'get a free consultation' used 3 times,unique heading text,Reword repeated headings so each section is distinct.,,,200,yes,Heading Structure Report
http://localhost:3000/technologies/github-actions-development,Optimization,P3 - improve,Headings,Duplicate heading text on page,The same heading text appears more than once on the page.,'discovery' used 2 times,unique heading text,Reword repeated headings so each section is distinct.,,,200,yes,Heading Structure Report
http://localhost:3000/technologies/gitlab-ci-development,Optimization,P3 - improve,Headings,Duplicate heading text on page,The same heading text appears more than once on the page.,'get a free consultation' used 3 times,unique heading text,Reword repeated headings so each section is distinct.,,,200,yes,Heading Structure Report
http://localhost:3000/technologies/gitlab-ci-development,Optimization,P3 - improve,Headings,Duplicate heading text on page,The same heading text appears more than once on the page.,'discovery' used 2 times,unique heading text,Reword repeated headings so each section is distinct.,,,200,yes,Heading Structure Report
http://localhost:3000/technologies/gitlab-development,Optimization,P3 - improve,Headings,Duplicate heading text on page,The same heading text appears more than once on the page.,'get a free consultation' used 3 times,unique heading text,Reword repeated headings so each section is distinct.,,,200,yes,Heading Structure Report
http://localhost:3000/technologies/gitlab-development,Optimization,P3 - improve,Headings,Duplicate heading text on page,The same heading text appears more than once on the page.,'discovery' used 2 times,unique heading text,Reword repeated headings so each section is distinct.,,,200,yes,Heading Structure Report
http://localhost:3000/technologies/golang-development,Optimization,P3 - improve,Headings,Duplicate heading text on page,The same heading text appears more than once on the page.,'get a free consultation' used 3 times,unique heading text,Reword repeated headings so each section is distinct.,,,200,yes,Heading Structure Report
http://localhost:3000/technologies/golang-development,Optimization,P3 - improve,Headings,Duplicate heading text on page,The same heading text appears more than once on the page.,'discovery' used 2 times,unique heading text,Reword repeated headings so each section is distinct.,,,200,yes,Heading Structure Report
http://localhost:3000/technologies/google-ads-management,Optimization,P3 - improve,Headings,Duplicate heading text on page,The same heading text appears more than once on the page.,'get a free consultation' used 3 times,unique heading text,Reword repeated headings so each section is distinct.,,,200,yes,Heading Structure Report
http://localhost:3000/technologies/google-ads-management,Optimization,P3 - improve,Headings,Duplicate heading text on page,The same heading text appears more than once on the page.,'discovery' used 2 times,unique heading text,Reword repeated headings so each section is distinct.,,,200,yes,Heading Structure Report
http://localhost:3000/technologies/google-analytics-setup,Optimization,P3 - improve,Headings,Duplicate heading text on page,The same heading text appears more than once on the page.,'get a free consultation' used 3 times,unique heading text,Reword repeated headings so each section is distinct.,,,200,yes,Heading Structure Report
http://localhost:3000/technologies/google-analytics-setup,Optimization,P3 - improve,Headings,Duplicate heading text on page,The same heading text appears more than once on the page.,'discovery' used 2 times,unique heading text,Reword repeated headings so each section is distinct.,,,200,yes,Heading Structure Report
http://localhost:3000/technologies/google-cloud-computing,Optimization,P3 - improve,Headings,Duplicate heading text on page,The same heading text appears more than once on the page.,'get a free consultation' used 3 times,unique heading text,Reword repeated headings so each section is distinct.,,,200,yes,Heading Structure Report
http://localhost:3000/technologies/google-cloud-computing,Optimization,P3 - improve,Headings,Duplicate heading text on page,The same heading text appears more than once on the page.,'discovery' used 2 times,unique heading text,Reword repeated headings so each section is distinct.,,,200,yes,Heading Structure Report
http://localhost:3000/technologies/google-cloud-development,Optimization,P3 - improve,Headings,Duplicate heading text on page,The same heading text appears more than once on the page.,'get a free consultation' used 3 times,unique heading text,Reword repeated headings so each section is distinct.,,,200,yes,Heading Structure Report
http://localhost:3000/technologies/google-cloud-development,Optimization,P3 - improve,Headings,Duplicate heading text on page,The same heading text appears more than once on the page.,'discovery' used 2 times,unique heading text,Reword repeated headings so each section is distinct.,,,200,yes,Heading Structure Report
http://localhost:3000/technologies/google-search-console-optimization,Optimization,P3 - improve,Headings,Duplicate heading text on page,The same heading text appears more than once on the page.,'get a free consultation' used 3 times,unique heading text,Reword repeated headings so each section is distinct.,,,200,yes,Heading Structure Report
http://localhost:3000/technologies/google-search-console-optimization,Optimization,P3 - improve,Headings,Duplicate heading text on page,The same heading text appears more than once on the page.,'discovery' used 2 times,unique heading text,Reword repeated headings so each section is distinct.,,,200,yes,Heading Structure Report
http://localhost:3000/technologies/grafana-development,Optimization,P3 - improve,Headings,Duplicate heading text on page,The same heading text appears more than once on the page.,'get a free consultation' used 3 times,unique heading text,Reword repeated headings so each section is distinct.,,,200,yes,Heading Structure Report
http://localhost:3000/technologies/grafana-development,Optimization,P3 - improve,Headings,Duplicate heading text on page,The same heading text appears more than once on the page.,'discovery' used 2 times,unique heading text,Reword repeated headings so each section is distinct.,,,200,yes,Heading Structure Report
http://localhost:3000/technologies/graphql-development,Optimization,P3 - improve,Headings,Duplicate heading text on page,The same heading text appears more than once on the page.,'get a free consultation' used 3 times,unique heading text,Reword repeated headings so each section is distinct.,,,200,yes,Heading Structure Report
http://localhost:3000/technologies/graphql-development,Optimization,P3 - improve,Headings,Duplicate heading text on page,The same heading text appears more than once on the page.,'discovery' used 2 times,unique heading text,Reword repeated headings so each section is distinct.,,,200,yes,Heading Structure Report
http://localhost:3000/technologies/html5-development,Optimization,P3 - improve,Headings,Duplicate heading text on page,The same heading text appears more than once on the page.,'get a free consultation' used 3 times,unique heading text,Reword repeated headings so each section is distinct.,,,200,yes,Heading Structure Report
http://localhost:3000/technologies/html5-development,Optimization,P3 - improve,Headings,Duplicate heading text on page,The same heading text appears more than once on the page.,'discovery' used 2 times,unique heading text,Reword repeated headings so each section is distinct.,,,200,yes,Heading Structure Report
http://localhost:3000/technologies/hugging-face-development,Optimization,P3 - improve,Headings,Duplicate heading text on page,The same heading text appears more than once on the page.,'get a free consultation' used 3 times,unique heading text,Reword repeated headings so each section is distinct.,,,200,yes,Heading Structure Report
http://localhost:3000/technologies/hugging-face-development,Optimization,P3 - improve,Headings,Duplicate heading text on page,The same heading text appears more than once on the page.,'discovery' used 2 times,unique heading text,Reword repeated headings so each section is distinct.,,,200,yes,Heading Structure Report
http://localhost:3000/technologies/hybrid-cloud-computing,Optimization,P3 - improve,Headings,Duplicate heading text on page,The same heading text appears more than once on the page.,'get a free consultation' used 3 times,unique heading text,Reword repeated headings so each section is distinct.,,,200,yes,Heading Structure Report
http://localhost:3000/technologies/hybrid-cloud-computing,Optimization,P3 - improve,Headings,Duplicate heading text on page,The same heading text appears more than once on the page.,'discovery' used 2 times,unique heading text,Reword repeated headings so each section is distinct.,,,200,yes,Heading Structure Report
http://localhost:3000/technologies/ibm-cloud-development,Optimization,P3 - improve,Headings,Duplicate heading text on page,The same heading text appears more than once on the page.,'get a free consultation' used 3 times,unique heading text,Reword repeated headings so each section is distinct.,,,200,yes,Heading Structure Report
http://localhost:3000/technologies/ibm-cloud-development,Optimization,P3 - improve,Headings,Duplicate heading text on page,The same heading text appears more than once on the page.,'discovery' used 2 times,unique heading text,Reword repeated headings so each section is distinct.,,,200,yes,Heading Structure Report
http://localhost:3000/technologies/influencer-marketing,Optimization,P3 - improve,Headings,Duplicate heading text on page,The same heading text appears more than once on the page.,'get a free consultation' used 3 times,unique heading text,Reword repeated headings so each section is distinct.,,,200,yes,Heading Structure Report
http://localhost:3000/technologies/influencer-marketing,Optimization,P3 - improve,Headings,Duplicate heading text on page,The same heading text appears more than once on the page.,'discovery' used 2 times,unique heading text,Reword repeated headings so each section is distinct.,,,200,yes,Heading Structure Report
http://localhost:3000/technologies/integration-testing,Optimization,P3 - improve,Headings,Duplicate heading text on page,The same heading text appears more than once on the page.,'get a free consultation' used 3 times,unique heading text,Reword repeated headings so each section is distinct.,,,200,yes,Heading Structure Report
http://localhost:3000/technologies/integration-testing,Optimization,P3 - improve,Headings,Duplicate heading text on page,The same heading text appears more than once on the page.,'discovery' used 2 times,unique heading text,Reword repeated headings so each section is distinct.,,,200,yes,Heading Structure Report
http://localhost:3000/technologies/interaction-design,Optimization,P3 - improve,Headings,Duplicate heading text on page,The same heading text appears more than once on the page.,'get a free consultation' used 3 times,unique heading text,Reword repeated headings so each section is distinct.,,,200,yes,Heading Structure Report
http://localhost:3000/technologies/interaction-design,Optimization,P3 - improve,Headings,Duplicate heading text on page,The same heading text appears more than once on the page.,'discovery' used 2 times,unique heading text,Reword repeated headings so each section is distinct.,,,200,yes,Heading Structure Report
http://localhost:3000/technologies/inventory-management-development,Optimization,P3 - improve,Headings,Duplicate heading text on page,The same heading text appears more than once on the page.,'get a free consultation' used 3 times,unique heading text,Reword repeated headings so each section is distinct.,,,200,yes,Heading Structure Report
http://localhost:3000/technologies/inventory-management-development,Optimization,P3 - improve,Headings,Duplicate heading text on page,The same heading text appears more than once on the page.,'discovery' used 2 times,unique heading text,Reword repeated headings so each section is distinct.,,,200,yes,Heading Structure Report
http://localhost:3000/technologies/ionic-development,Optimization,P3 - improve,Headings,Duplicate heading text on page,The same heading text appears more than once on the page.,'get a free consultation' used 3 times,unique heading text,Reword repeated headings so each section is distinct.,,,200,yes,Heading Structure Report
http://localhost:3000/technologies/ionic-development,Optimization,P3 - improve,Headings,Duplicate heading text on page,The same heading text appears more than once on the page.,'discovery' used 2 times,unique heading text,Reword repeated headings so each section is distinct.,,,200,yes,Heading Structure Report
http://localhost:3000/technologies/ios-app-development,Optimization,P3 - improve,Headings,Duplicate heading text on page,The same heading text appears more than once on the page.,'get a free consultation' used 3 times,unique heading text,Reword repeated headings so each section is distinct.,,,200,yes,Heading Structure Report
http://localhost:3000/technologies/ios-app-development,Optimization,P3 - improve,Headings,Duplicate heading text on page,The same heading text appears more than once on the page.,'discovery' used 2 times,unique heading text,Reword repeated headings so each section is distinct.,,,200,yes,Heading Structure Report
http://localhost:3000/technologies/java-development,Optimization,P3 - improve,Headings,Duplicate heading text on page,The same heading text appears more than once on the page.,'get a free consultation' used 3 times,unique heading text,Reword repeated headings so each section is distinct.,,,200,yes,Heading Structure Report
http://localhost:3000/technologies/java-development,Optimization,P3 - improve,Headings,Duplicate heading text on page,The same heading text appears more than once on the page.,'discovery' used 2 times,unique heading text,Reword repeated headings so each section is distinct.,,,200,yes,Heading Structure Report
http://localhost:3000/technologies/java-mobile-development,Optimization,P3 - improve,Headings,Duplicate heading text on page,The same heading text appears more than once on the page.,'get a free consultation' used 3 times,unique heading text,Reword repeated headings so each section is distinct.,,,200,yes,Heading Structure Report
http://localhost:3000/technologies/java-mobile-development,Optimization,P3 - improve,Headings,Duplicate heading text on page,The same heading text appears more than once on the page.,'discovery' used 2 times,unique heading text,Reword repeated headings so each section is distinct.,,,200,yes,Heading Structure Report
http://localhost:3000/technologies/javascript-development,Optimization,P3 - improve,Headings,Duplicate heading text on page,The same heading text appears more than once on the page.,'get a free consultation' used 3 times,unique heading text,Reword repeated headings so each section is distinct.,,,200,yes,Heading Structure Report
http://localhost:3000/technologies/javascript-development,Optimization,P3 - improve,Headings,Duplicate heading text on page,The same heading text appears more than once on the page.,'discovery' used 2 times,unique heading text,Reword repeated headings so each section is distinct.,,,200,yes,Heading Structure Report
http://localhost:3000/technologies/jenkins-development,Optimization,P3 - improve,Headings,Duplicate heading text on page,The same heading text appears more than once on the page.,'get a free consultation' used 3 times,unique heading text,Reword repeated headings so each section is distinct.,,,200,yes,Heading Structure Report
http://localhost:3000/technologies/jenkins-development,Optimization,P3 - improve,Headings,Duplicate heading text on page,The same heading text appears more than once on the page.,'discovery' used 2 times,unique heading text,Reword repeated headings so each section is distinct.,,,200,yes,Heading Structure Report
http://localhost:3000/technologies/jest-testing,Optimization,P3 - improve,Headings,Duplicate heading text on page,The same heading text appears more than once on the page.,'get a free consultation' used 3 times,unique heading text,Reword repeated headings so each section is distinct.,,,200,yes,Heading Structure Report
http://localhost:3000/technologies/jest-testing,Optimization,P3 - improve,Headings,Duplicate heading text on page,The same heading text appears more than once on the page.,'discovery' used 2 times,unique heading text,Reword repeated headings so each section is distinct.,,,200,yes,Heading Structure Report
http://localhost:3000/technologies/joomla-development,Optimization,P3 - improve,Headings,Duplicate heading text on page,The same heading text appears more than once on the page.,'get a free consultation' used 3 times,unique heading text,Reword repeated headings so each section is distinct.,,,200,yes,Heading Structure Report
http://localhost:3000/technologies/joomla-development,Optimization,P3 - improve,Headings,Duplicate heading text on page,The same heading text appears more than once on the page.,'discovery' used 2 times,unique heading text,Reword repeated headings so each section is distinct.,,,200,yes,Heading Structure Report
http://localhost:3000/technologies/jquery-development,Optimization,P3 - improve,Headings,Duplicate heading text on page,The same heading text appears more than once on the page.,'get a free consultation' used 3 times,unique heading text,Reword repeated headings so each section is distinct.,,,200,yes,Heading Structure Report
http://localhost:3000/technologies/jquery-development,Optimization,P3 - improve,Headings,Duplicate heading text on page,The same heading text appears more than once on the page.,'discovery' used 2 times,unique heading text,Reword repeated headings so each section is distinct.,,,200,yes,Heading Structure Report
http://localhost:3000/technologies/kotlin-development,Optimization,P3 - improve,Headings,Duplicate heading text on page,The same heading text appears more than once on the page.,'get a free consultation' used 3 times,unique heading text,Reword repeated headings so each section is distinct.,,,200,yes,Heading Structure Report
http://localhost:3000/technologies/kotlin-development,Optimization,P3 - improve,Headings,Duplicate heading text on page,The same heading text appears more than once on the page.,'discovery' used 2 times,unique heading text,Reword repeated headings so each section is distinct.,,,200,yes,Heading Structure Report
http://localhost:3000/technologies/kubernetes-development,Optimization,P3 - improve,Headings,Duplicate heading text on page,The same heading text appears more than once on the page.,'get a free consultation' used 3 times,unique heading text,Reword repeated headings so each section is distinct.,,,200,yes,Heading Structure Report
http://localhost:3000/technologies/kubernetes-development,Optimization,P3 - improve,Headings,Duplicate heading text on page,The same heading text appears more than once on the page.,'discovery' used 2 times,unique heading text,Reword repeated headings so each section is distinct.,,,200,yes,Heading Structure Report
http://localhost:3000/technologies/langchain-development,Optimization,P3 - improve,Headings,Duplicate heading text on page,The same heading text appears more than once on the page.,'get a free consultation' used 3 times,unique heading text,Reword repeated headings so each section is distinct.,,,200,yes,Heading Structure Report
http://localhost:3000/technologies/langchain-development,Optimization,P3 - improve,Headings,Duplicate heading text on page,The same heading text appears more than once on the page.,'discovery' used 2 times,unique heading text,Reword repeated headings so each section is distinct.,,,200,yes,Heading Structure Report
http://localhost:3000/technologies/laravel-development,Optimization,P3 - improve,Headings,Duplicate heading text on page,The same heading text appears more than once on the page.,'get a free consultation' used 3 times,unique heading text,Reword repeated headings so each section is distinct.,,,200,yes,Heading Structure Report
http://localhost:3000/technologies/laravel-development,Optimization,P3 - improve,Headings,Duplicate heading text on page,The same heading text appears more than once on the page.,'discovery' used 2 times,unique heading text,Reword repeated headings so each section is distinct.,,,200,yes,Heading Structure Report
http://localhost:3000/technologies/linux-development,Optimization,P3 - improve,Headings,Duplicate heading text on page,The same heading text appears more than once on the page.,'get a free consultation' used 3 times,unique heading text,Reword repeated headings so each section is distinct.,,,200,yes,Heading Structure Report
http://localhost:3000/technologies/linux-development,Optimization,P3 - improve,Headings,Duplicate heading text on page,The same heading text appears more than once on the page.,'discovery' used 2 times,unique heading text,Reword repeated headings so each section is distinct.,,,200,yes,Heading Structure Report
http://localhost:3000/technologies/local-seo-services,Optimization,P3 - improve,Headings,Duplicate heading text on page,The same heading text appears more than once on the page.,'get a free consultation' used 3 times,unique heading text,Reword repeated headings so each section is distinct.,,,200,yes,Heading Structure Report
http://localhost:3000/technologies/local-seo-services,Optimization,P3 - improve,Headings,Duplicate heading text on page,The same heading text appears more than once on the page.,'discovery' used 2 times,unique heading text,Reword repeated headings so each section is distinct.,,,200,yes,Heading Structure Report
http://localhost:3000/technologies/machine-learning-development,Optimization,P3 - improve,Headings,Duplicate heading text on page,The same heading text appears more than once on the page.,'get a free consultation' used 3 times,unique heading text,Reword repeated headings so each section is distinct.,,,200,yes,Heading Structure Report
http://localhost:3000/technologies/machine-learning-development,Optimization,P3 - improve,Headings,Duplicate heading text on page,The same heading text appears more than once on the page.,'discovery' used 2 times,unique heading text,Reword repeated headings so each section is distinct.,,,200,yes,Heading Structure Report
http://localhost:3000/technologies/magento-cms-development,Optimization,P3 - improve,Headings,Duplicate heading text on page,The same heading text appears more than once on the page.,'get a free consultation' used 3 times,unique heading text,Reword repeated headings so each section is distinct.,,,200,yes,Heading Structure Report
http://localhost:3000/technologies/magento-cms-development,Optimization,P3 - improve,Headings,Duplicate heading text on page,The same heading text appears more than once on the page.,'discovery' used 2 times,unique heading text,Reword repeated headings so each section is distinct.,,,200,yes,Heading Structure Report
http://localhost:3000/technologies/magento-development,Optimization,P3 - improve,Headings,Duplicate heading text on page,The same heading text appears more than once on the page.,'get a free consultation' used 3 times,unique heading text,Reword repeated headings so each section is distinct.,,,200,yes,Heading Structure Report
http://localhost:3000/technologies/magento-development,Optimization,P3 - improve,Headings,Duplicate heading text on page,The same heading text appears more than once on the page.,'discovery' used 2 times,unique heading text,Reword repeated headings so each section is distinct.,,,200,yes,Heading Structure Report
http://localhost:3000/technologies/manual-testing,Optimization,P3 - improve,Headings,Duplicate heading text on page,The same heading text appears more than once on the page.,'get a free consultation' used 3 times,unique heading text,Reword repeated headings so each section is distinct.,,,200,yes,Heading Structure Report
http://localhost:3000/technologies/manual-testing,Optimization,P3 - improve,Headings,Duplicate heading text on page,The same heading text appears more than once on the page.,'discovery' used 2 times,unique heading text,Reword repeated headings so each section is distinct.,,,200,yes,Heading Structure Report
http://localhost:3000/technologies/mariadb-development,Optimization,P3 - improve,Headings,Duplicate heading text on page,The same heading text appears more than once on the page.,'get a free consultation' used 3 times,unique heading text,Reword repeated headings so each section is distinct.,,,200,yes,Heading Structure Report
http://localhost:3000/technologies/mariadb-development,Optimization,P3 - improve,Headings,Duplicate heading text on page,The same heading text appears more than once on the page.,'discovery' used 2 times,unique heading text,Reword repeated headings so each section is distinct.,,,200,yes,Heading Structure Report
http://localhost:3000/technologies/marketing-automation,Optimization,P3 - improve,Headings,Duplicate heading text on page,The same heading text appears more than once on the page.,'get a free consultation' used 3 times,unique heading text,Reword repeated headings so each section is distinct.,,,200,yes,Heading Structure Report
http://localhost:3000/technologies/marketing-automation,Optimization,P3 - improve,Headings,Duplicate heading text on page,The same heading text appears more than once on the page.,'audit' used 2 times,unique heading text,Reword repeated headings so each section is distinct.,,,200,yes,Heading Structure Report
http://localhost:3000/technologies/material-ui-development,Optimization,P3 - improve,Headings,Duplicate heading text on page,The same heading text appears more than once on the page.,'get a free consultation' used 3 times,unique heading text,Reword repeated headings so each section is distinct.,,,200,yes,Heading Structure Report
http://localhost:3000/technologies/material-ui-development,Optimization,P3 - improve,Headings,Duplicate heading text on page,The same heading text appears more than once on the page.,'discovery' used 2 times,unique heading text,Reword repeated headings so each section is distinct.,,,200,yes,Heading Structure Report
http://localhost:3000/technologies/mobile-app-marketing,Optimization,P3 - improve,Headings,Duplicate heading text on page,The same heading text appears more than once on the page.,'get a free consultation' used 3 times,unique heading text,Reword repeated headings so each section is distinct.,,,200,yes,Heading Structure Report
http://localhost:3000/technologies/mobile-app-marketing,Optimization,P3 - improve,Headings,Duplicate heading text on page,The same heading text appears more than once on the page.,'audit' used 2 times,unique heading text,Reword repeated headings so each section is distinct.,,,200,yes,Heading Structure Report
http://localhost:3000/technologies/mongodb-development,Optimization,P3 - improve,Headings,Duplicate heading text on page,The same heading text appears more than once on the page.,'get a free consultation' used 3 times,unique heading text,Reword repeated headings so each section is distinct.,,,200,yes,Heading Structure Report
http://localhost:3000/technologies/mongodb-development,Optimization,P3 - improve,Headings,Duplicate heading text on page,The same heading text appears more than once on the page.,'discovery' used 2 times,unique heading text,Reword repeated headings so each section is distinct.,,,200,yes,Heading Structure Report
http://localhost:3000/technologies/mysql-development,Optimization,P3 - improve,Headings,Duplicate heading text on page,The same heading text appears more than once on the page.,'get a free consultation' used 3 times,unique heading text,Reword repeated headings so each section is distinct.,,,200,yes,Heading Structure Report
http://localhost:3000/technologies/mysql-development,Optimization,P3 - improve,Headings,Duplicate heading text on page,The same heading text appears more than once on the page.,'discovery' used 2 times,unique heading text,Reword repeated headings so each section is distinct.,,,200,yes,Heading Structure Report
http://localhost:3000/technologies/nestjs-development,Optimization,P3 - improve,Headings,Duplicate heading text on page,The same heading text appears more than once on the page.,'get a free consultation' used 3 times,unique heading text,Reword repeated headings so each section is distinct.,,,200,yes,Heading Structure Report
http://localhost:3000/technologies/nestjs-development,Optimization,P3 - improve,Headings,Duplicate heading text on page,The same heading text appears more than once on the page.,'discovery' used 2 times,unique heading text,Reword repeated headings so each section is distinct.,,,200,yes,Heading Structure Report
http://localhost:3000/technologies/net-development,Optimization,P3 - improve,Headings,Duplicate heading text on page,The same heading text appears more than once on the page.,'get a free consultation' used 3 times,unique heading text,Reword repeated headings so each section is distinct.,,,200,yes,Heading Structure Report
http://localhost:3000/technologies/net-development,Optimization,P3 - improve,Headings,Duplicate heading text on page,The same heading text appears more than once on the page.,'discovery' used 2 times,unique heading text,Reword repeated headings so each section is distinct.,,,200,yes,Heading Structure Report
http://localhost:3000/technologies/netlify-development,Optimization,P3 - improve,Headings,Duplicate heading text on page,The same heading text appears more than once on the page.,'get a free consultation' used 3 times,unique heading text,Reword repeated headings so each section is distinct.,,,200,yes,Heading Structure Report
http://localhost:3000/technologies/netlify-development,Optimization,P3 - improve,Headings,Duplicate heading text on page,The same heading text appears more than once on the page.,'discovery' used 2 times,unique heading text,Reword repeated headings so each section is distinct.,,,200,yes,Heading Structure Report
http://localhost:3000/technologies/nextjs-development,Optimization,P3 - improve,Headings,Duplicate heading text on page,The same heading text appears more than once on the page.,'get a free consultation' used 3 times,unique heading text,Reword repeated headings so each section is distinct.,,,200,yes,Heading Structure Report
http://localhost:3000/technologies/nextjs-development,Optimization,P3 - improve,Headings,Duplicate heading text on page,The same heading text appears more than once on the page.,'discovery' used 2 times,unique heading text,Reword repeated headings so each section is distinct.,,,200,yes,Heading Structure Report
http://localhost:3000/technologies/nginx-development,Optimization,P3 - improve,Headings,Duplicate heading text on page,The same heading text appears more than once on the page.,'get a free consultation' used 3 times,unique heading text,Reword repeated headings so each section is distinct.,,,200,yes,Heading Structure Report
http://localhost:3000/technologies/nginx-development,Optimization,P3 - improve,Headings,Duplicate heading text on page,The same heading text appears more than once on the page.,'discovery' used 2 times,unique heading text,Reword repeated headings so each section is distinct.,,,200,yes,Heading Structure Report
http://localhost:3000/technologies/nlp-development,Optimization,P3 - improve,Headings,Duplicate heading text on page,The same heading text appears more than once on the page.,'get a free consultation' used 3 times,unique heading text,Reword repeated headings so each section is distinct.,,,200,yes,Heading Structure Report
http://localhost:3000/technologies/nlp-development,Optimization,P3 - improve,Headings,Duplicate heading text on page,The same heading text appears more than once on the page.,'discovery' used 2 times,unique heading text,Reword repeated headings so each section is distinct.,,,200,yes,Heading Structure Report
http://localhost:3000/technologies/nodejs-development,Optimization,P3 - improve,Headings,Duplicate heading text on page,The same heading text appears more than once on the page.,'get a free consultation' used 3 times,unique heading text,Reword repeated headings so each section is distinct.,,,200,yes,Heading Structure Report
http://localhost:3000/technologies/nodejs-development,Optimization,P3 - improve,Headings,Duplicate heading text on page,The same heading text appears more than once on the page.,'discovery' used 2 times,unique heading text,Reword repeated headings so each section is distinct.,,,200,yes,Heading Structure Report
http://localhost:3000/technologies/nopcommerce-development,Optimization,P3 - improve,Headings,Duplicate heading text on page,The same heading text appears more than once on the page.,'get a free consultation' used 3 times,unique heading text,Reword repeated headings so each section is distinct.,,,200,yes,Heading Structure Report
http://localhost:3000/technologies/nopcommerce-development,Optimization,P3 - improve,Headings,Duplicate heading text on page,The same heading text appears more than once on the page.,'discovery' used 2 times,unique heading text,Reword repeated headings so each section is distinct.,,,200,yes,Heading Structure Report
http://localhost:3000/technologies/nuxtjs-development,Optimization,P3 - improve,Headings,Duplicate heading text on page,The same heading text appears more than once on the page.,'get a free consultation' used 3 times,unique heading text,Reword repeated headings so each section is distinct.,,,200,yes,Heading Structure Report
http://localhost:3000/technologies/nuxtjs-development,Optimization,P3 - improve,Headings,Duplicate heading text on page,The same heading text appears more than once on the page.,'discovery' used 2 times,unique heading text,Reword repeated headings so each section is distinct.,,,200,yes,Heading Structure Report
http://localhost:3000/technologies/online-reputation-management,Optimization,P3 - improve,Headings,Duplicate heading text on page,The same heading text appears more than once on the page.,'get a free consultation' used 3 times,unique heading text,Reword repeated headings so each section is distinct.,,,200,yes,Heading Structure Report
http://localhost:3000/technologies/online-reputation-management,Optimization,P3 - improve,Headings,Duplicate heading text on page,The same heading text appears more than once on the page.,'discovery' used 2 times,unique heading text,Reword repeated headings so each section is distinct.,,,200,yes,Heading Structure Report
http://localhost:3000/technologies/online-reputation-management-orm,Optimization,P3 - improve,Headings,Duplicate heading text on page,The same heading text appears more than once on the page.,'get a free consultation' used 3 times,unique heading text,Reword repeated headings so each section is distinct.,,,200,yes,Heading Structure Report
http://localhost:3000/technologies/online-reputation-management-orm,Optimization,P3 - improve,Headings,Duplicate heading text on page,The same heading text appears more than once on the page.,'audit' used 2 times,unique heading text,Reword repeated headings so each section is distinct.,,,200,yes,Heading Structure Report
http://localhost:3000/technologies/open-cart-development,Optimization,P3 - improve,Headings,Duplicate heading text on page,The same heading text appears more than once on the page.,'get a free consultation' used 3 times,unique heading text,Reword repeated headings so each section is distinct.,,,200,yes,Heading Structure Report
http://localhost:3000/technologies/open-cart-development,Optimization,P3 - improve,Headings,Duplicate heading text on page,The same heading text appears more than once on the page.,'discovery' used 2 times,unique heading text,Reword repeated headings so each section is distinct.,,,200,yes,Heading Structure Report
http://localhost:3000/technologies/openai-development,Optimization,P3 - improve,Headings,Duplicate heading text on page,The same heading text appears more than once on the page.,'get a free consultation' used 3 times,unique heading text,Reword repeated headings so each section is distinct.,,,200,yes,Heading Structure Report
http://localhost:3000/technologies/openai-development,Optimization,P3 - improve,Headings,Duplicate heading text on page,The same heading text appears more than once on the page.,'discovery' used 2 times,unique heading text,Reword repeated headings so each section is distinct.,,,200,yes,Heading Structure Report
http://localhost:3000/technologies/opencv-development,Optimization,P3 - improve,Headings,Duplicate heading text on page,The same heading text appears more than once on the page.,'get a free consultation' used 3 times,unique heading text,Reword repeated headings so each section is distinct.,,,200,yes,Heading Structure Report
http://localhost:3000/technologies/opencv-development,Optimization,P3 - improve,Headings,Duplicate heading text on page,The same heading text appears more than once on the page.,'discovery' used 2 times,unique heading text,Reword repeated headings so each section is distinct.,,,200,yes,Heading Structure Report
http://localhost:3000/technologies/oracle-cloud-development,Optimization,P3 - improve,Headings,Duplicate heading text on page,The same heading text appears more than once on the page.,'get a free consultation' used 3 times,unique heading text,Reword repeated headings so each section is distinct.,,,200,yes,Heading Structure Report
http://localhost:3000/technologies/oracle-cloud-development,Optimization,P3 - improve,Headings,Duplicate heading text on page,The same heading text appears more than once on the page.,'discovery' used 2 times,unique heading text,Reword repeated headings so each section is distinct.,,,200,yes,Heading Structure Report
http://localhost:3000/technologies/oracle-development,Optimization,P3 - improve,Headings,Duplicate heading text on page,The same heading text appears more than once on the page.,'get a free consultation' used 3 times,unique heading text,Reword repeated headings so each section is distinct.,,,200,yes,Heading Structure Report
http://localhost:3000/technologies/oracle-development,Optimization,P3 - improve,Headings,Duplicate heading text on page,The same heading text appears more than once on the page.,'discovery' used 2 times,unique heading text,Reword repeated headings so each section is distinct.,,,200,yes,Heading Structure Report
http://localhost:3000/technologies/order-management-development,Optimization,P3 - improve,Headings,Duplicate heading text on page,The same heading text appears more than once on the page.,'get a free consultation' used 3 times,unique heading text,Reword repeated headings so each section is distinct.,,,200,yes,Heading Structure Report
http://localhost:3000/technologies/order-management-development,Optimization,P3 - improve,Headings,Duplicate heading text on page,The same heading text appears more than once on the page.,'discovery' used 2 times,unique heading text,Reword repeated headings so each section is distinct.,,,200,yes,Heading Structure Report
http://localhost:3000/technologies/pandas-development,Optimization,P3 - improve,Headings,Duplicate heading text on page,The same heading text appears more than once on the page.,'get a free consultation' used 3 times,unique heading text,Reword repeated headings so each section is distinct.,,,200,yes,Heading Structure Report
http://localhost:3000/technologies/pandas-development,Optimization,P3 - improve,Headings,Duplicate heading text on page,The same heading text appears more than once on the page.,'discovery' used 2 times,unique heading text,Reword repeated headings so each section is distinct.,,,200,yes,Heading Structure Report
http://localhost:3000/technologies/pay-per-click-advertising-ppc,Optimization,P3 - improve,Headings,Duplicate heading text on page,The same heading text appears more than once on the page.,'get a free consultation' used 3 times,unique heading text,Reword repeated headings so each section is distinct.,,,200,yes,Heading Structure Report
http://localhost:3000/technologies/pay-per-click-advertising-ppc,Optimization,P3 - improve,Headings,Duplicate heading text on page,The same heading text appears more than once on the page.,'audit' used 2 times,unique heading text,Reword repeated headings so each section is distinct.,,,200,yes,Heading Structure Report
http://localhost:3000/technologies/payment-gateway-integration,Optimization,P3 - improve,Headings,Duplicate heading text on page,The same heading text appears more than once on the page.,'get a free consultation' used 3 times,unique heading text,Reword repeated headings so each section is distinct.,,,200,yes,Heading Structure Report
http://localhost:3000/technologies/payment-gateway-integration,Optimization,P3 - improve,Headings,Duplicate heading text on page,The same heading text appears more than once on the page.,'discovery' used 2 times,unique heading text,Reword repeated headings so each section is distinct.,,,200,yes,Heading Structure Report
http://localhost:3000/technologies/paypal-integration,Optimization,P3 - improve,Headings,Duplicate heading text on page,The same heading text appears more than once on the page.,'get a free consultation' used 3 times,unique heading text,Reword repeated headings so each section is distinct.,,,200,yes,Heading Structure Report
http://localhost:3000/technologies/paypal-integration,Optimization,P3 - improve,Headings,Duplicate heading text on page,The same heading text appears more than once on the page.,'discovery' used 2 times,unique heading text,Reword repeated headings so each section is distinct.,,,200,yes,Heading Structure Report
http://localhost:3000/technologies/performance-testing,Optimization,P3 - improve,Headings,Duplicate heading text on page,The same heading text appears more than once on the page.,'get a free consultation' used 3 times,unique heading text,Reword repeated headings so each section is distinct.,,,200,yes,Heading Structure Report
http://localhost:3000/technologies/performance-testing,Optimization,P3 - improve,Headings,Duplicate heading text on page,The same heading text appears more than once on the page.,'discovery' used 2 times,unique heading text,Reword repeated headings so each section is distinct.,,,200,yes,Heading Structure Report
http://localhost:3000/technologies/php-development,Optimization,P3 - improve,Headings,Duplicate heading text on page,The same heading text appears more than once on the page.,'get a free consultation' used 3 times,unique heading text,Reword repeated headings so each section is distinct.,,,200,yes,Heading Structure Report
http://localhost:3000/technologies/php-development,Optimization,P3 - improve,Headings,Duplicate heading text on page,The same heading text appears more than once on the page.,'discovery' used 2 times,unique heading text,Reword repeated headings so each section is distinct.,,,200,yes,Heading Structure Report
http://localhost:3000/technologies/playwright-testing,Optimization,P3 - improve,Headings,Duplicate heading text on page,The same heading text appears more than once on the page.,'get a free consultation' used 3 times,unique heading text,Reword repeated headings so each section is distinct.,,,200,yes,Heading Structure Report
http://localhost:3000/technologies/playwright-testing,Optimization,P3 - improve,Headings,Duplicate heading text on page,The same heading text appears more than once on the page.,'discovery' used 2 times,unique heading text,Reword repeated headings so each section is distinct.,,,200,yes,Heading Structure Report
http://localhost:3000/technologies/postgresql-development,Optimization,P3 - improve,Headings,Duplicate heading text on page,The same heading text appears more than once on the page.,'get a free consultation' used 3 times,unique heading text,Reword repeated headings so each section is distinct.,,,200,yes,Heading Structure Report
http://localhost:3000/technologies/postgresql-development,Optimization,P3 - improve,Headings,Duplicate heading text on page,The same heading text appears more than once on the page.,'discovery' used 2 times,unique heading text,Reword repeated headings so each section is distinct.,,,200,yes,Heading Structure Report
http://localhost:3000/technologies/postman-api-testing,Optimization,P3 - improve,Headings,Duplicate heading text on page,The same heading text appears more than once on the page.,'get a free consultation' used 3 times,unique heading text,Reword repeated headings so each section is distinct.,,,200,yes,Heading Structure Report
http://localhost:3000/technologies/postman-api-testing,Optimization,P3 - improve,Headings,Duplicate heading text on page,The same heading text appears more than once on the page.,'discovery' used 2 times,unique heading text,Reword repeated headings so each section is distinct.,,,200,yes,Heading Structure Report
http://localhost:3000/technologies/postman-testing,Optimization,P3 - improve,Headings,Duplicate heading text on page,The same heading text appears more than once on the page.,'get a free consultation' used 3 times,unique heading text,Reword repeated headings so each section is distinct.,,,200,yes,Heading Structure Report
http://localhost:3000/technologies/postman-testing,Optimization,P3 - improve,Headings,Duplicate heading text on page,The same heading text appears more than once on the page.,'discovery' used 2 times,unique heading text,Reword repeated headings so each section is distinct.,,,200,yes,Heading Structure Report
http://localhost:3000/technologies/ppc-advertising,Optimization,P3 - improve,Headings,Duplicate heading text on page,The same heading text appears more than once on the page.,'get a free consultation' used 3 times,unique heading text,Reword repeated headings so each section is distinct.,,,200,yes,Heading Structure Report
http://localhost:3000/technologies/ppc-advertising,Optimization,P3 - improve,Headings,Duplicate heading text on page,The same heading text appears more than once on the page.,'discovery' used 2 times,unique heading text,Reword repeated headings so each section is distinct.,,,200,yes,Heading Structure Report
http://localhost:3000/technologies/prestashop-development,Optimization,P3 - improve,Headings,Duplicate heading text on page,The same heading text appears more than once on the page.,'get a free consultation' used 3 times,unique heading text,Reword repeated headings so each section is distinct.,,,200,yes,Heading Structure Report
http://localhost:3000/technologies/prestashop-development,Optimization,P3 - improve,Headings,Duplicate heading text on page,The same heading text appears more than once on the page.,'discovery' used 2 times,unique heading text,Reword repeated headings so each section is distinct.,,,200,yes,Heading Structure Report
http://localhost:3000/technologies/prisma-orm-development,Optimization,P3 - improve,Headings,Duplicate heading text on page,The same heading text appears more than once on the page.,'get a free consultation' used 3 times,unique heading text,Reword repeated headings so each section is distinct.,,,200,yes,Heading Structure Report
http://localhost:3000/technologies/prisma-orm-development,Optimization,P3 - improve,Headings,Duplicate heading text on page,The same heading text appears more than once on the page.,'discovery' used 2 times,unique heading text,Reword repeated headings so each section is distinct.,,,200,yes,Heading Structure Report
http://localhost:3000/technologies/prometheus-development,Optimization,P3 - improve,Headings,Duplicate heading text on page,The same heading text appears more than once on the page.,'get a free consultation' used 3 times,unique heading text,Reword repeated headings so each section is distinct.,,,200,yes,Heading Structure Report
http://localhost:3000/technologies/prometheus-development,Optimization,P3 - improve,Headings,Duplicate heading text on page,The same heading text appears more than once on the page.,'discovery' used 2 times,unique heading text,Reword repeated headings so each section is distinct.,,,200,yes,Heading Structure Report
http://localhost:3000/technologies/prototyping,Optimization,P3 - improve,Headings,Duplicate heading text on page,The same heading text appears more than once on the page.,'get a free consultation' used 3 times,unique heading text,Reword repeated headings so each section is distinct.,,,200,yes,Heading Structure Report
http://localhost:3000/technologies/prototyping,Optimization,P3 - improve,Headings,Duplicate heading text on page,The same heading text appears more than once on the page.,'discovery' used 2 times,unique heading text,Reword repeated headings so each section is distinct.,,,200,yes,Heading Structure Report
http://localhost:3000/technologies/prototyping-services,Optimization,P3 - improve,Headings,Duplicate heading text on page,The same heading text appears more than once on the page.,'get a free consultation' used 3 times,unique heading text,Reword repeated headings so each section is distinct.,,,200,yes,Heading Structure Report
http://localhost:3000/technologies/prototyping-services,Optimization,P3 - improve,Headings,Duplicate heading text on page,The same heading text appears more than once on the page.,'discovery' used 2 times,unique heading text,Reword repeated headings so each section is distinct.,,,200,yes,Heading Structure Report
http://localhost:3000/technologies/python-development,Optimization,P3 - improve,Headings,Duplicate heading text on page,The same heading text appears more than once on the page.,'get a free consultation' used 3 times,unique heading text,Reword repeated headings so each section is distinct.,,,200,yes,Heading Structure Report
http://localhost:3000/technologies/python-development,Optimization,P3 - improve,Headings,Duplicate heading text on page,The same heading text appears more than once on the page.,'discovery' used 2 times,unique heading text,Reword repeated headings so each section is distinct.,,,200,yes,Heading Structure Report
http://localhost:3000/technologies/pytorch-development,Optimization,P3 - improve,Headings,Duplicate heading text on page,The same heading text appears more than once on the page.,'get a free consultation' used 3 times,unique heading text,Reword repeated headings so each section is distinct.,,,200,yes,Heading Structure Report
http://localhost:3000/technologies/pytorch-development,Optimization,P3 - improve,Headings,Duplicate heading text on page,The same heading text appears more than once on the page.,'discovery' used 2 times,unique heading text,Reword repeated headings so each section is distinct.,,,200,yes,Heading Structure Report
http://localhost:3000/technologies/rag-development,Optimization,P3 - improve,Headings,Duplicate heading text on page,The same heading text appears more than once on the page.,'get a free consultation' used 3 times,unique heading text,Reword repeated headings so each section is distinct.,,,200,yes,Heading Structure Report
http://localhost:3000/technologies/rag-development,Optimization,P3 - improve,Headings,Duplicate heading text on page,The same heading text appears more than once on the page.,'discovery' used 2 times,unique heading text,Reword repeated headings so each section is distinct.,,,200,yes,Heading Structure Report
http://localhost:3000/technologies/razorpay-integration,Optimization,P3 - improve,Headings,Duplicate heading text on page,The same heading text appears more than once on the page.,'get a free consultation' used 3 times,unique heading text,Reword repeated headings so each section is distinct.,,,200,yes,Heading Structure Report
http://localhost:3000/technologies/razorpay-integration,Optimization,P3 - improve,Headings,Duplicate heading text on page,The same heading text appears more than once on the page.,'discovery' used 2 times,unique heading text,Reword repeated headings so each section is distinct.,,,200,yes,Heading Structure Report
http://localhost:3000/technologies/react-native-development,Optimization,P3 - improve,Headings,Duplicate heading text on page,The same heading text appears more than once on the page.,'get a free consultation' used 3 times,unique heading text,Reword repeated headings so each section is distinct.,,,200,yes,Heading Structure Report
http://localhost:3000/technologies/react-native-development,Optimization,P3 - improve,Headings,Duplicate heading text on page,The same heading text appears more than once on the page.,'discovery' used 2 times,unique heading text,Reword repeated headings so each section is distinct.,,,200,yes,Heading Structure Report
http://localhost:3000/technologies/react-testing-library,Optimization,P3 - improve,Headings,Duplicate heading text on page,The same heading text appears more than once on the page.,'get a free consultation' used 3 times,unique heading text,Reword repeated headings so each section is distinct.,,,200,yes,Heading Structure Report
http://localhost:3000/technologies/react-testing-library,Optimization,P3 - improve,Headings,Duplicate heading text on page,The same heading text appears more than once on the page.,'discovery' used 2 times,unique heading text,Reword repeated headings so each section is distinct.,,,200,yes,Heading Structure Report
http://localhost:3000/technologies/reactjs-development,Optimization,P3 - improve,Headings,Duplicate heading text on page,The same heading text appears more than once on the page.,'get a free consultation' used 3 times,unique heading text,Reword repeated headings so each section is distinct.,,,200,yes,Heading Structure Report
http://localhost:3000/technologies/reactjs-development,Optimization,P3 - improve,Headings,Duplicate heading text on page,The same heading text appears more than once on the page.,'discovery' used 2 times,unique heading text,Reword repeated headings so each section is distinct.,,,200,yes,Heading Structure Report
http://localhost:3000/technologies/redis-development,Optimization,P3 - improve,Headings,Duplicate heading text on page,The same heading text appears more than once on the page.,'get a free consultation' used 3 times,unique heading text,Reword repeated headings so each section is distinct.,,,200,yes,Heading Structure Report
http://localhost:3000/technologies/redis-development,Optimization,P3 - improve,Headings,Duplicate heading text on page,The same heading text appears more than once on the page.,'discovery' used 2 times,unique heading text,Reword repeated headings so each section is distinct.,,,200,yes,Heading Structure Report
http://localhost:3000/technologies/redux-development,Optimization,P3 - improve,Headings,Duplicate heading text on page,The same heading text appears more than once on the page.,'get a free consultation' used 3 times,unique heading text,Reword repeated headings so each section is distinct.,,,200,yes,Heading Structure Report
http://localhost:3000/technologies/redux-development,Optimization,P3 - improve,Headings,Duplicate heading text on page,The same heading text appears more than once on the page.,'discovery' used 2 times,unique heading text,Reword repeated headings so each section is distinct.,,,200,yes,Heading Structure Report
http://localhost:3000/technologies/responsive-design,Optimization,P3 - improve,Headings,Duplicate heading text on page,The same heading text appears more than once on the page.,'get a free consultation' used 3 times,unique heading text,Reword repeated headings so each section is distinct.,,,200,yes,Heading Structure Report
http://localhost:3000/technologies/responsive-design,Optimization,P3 - improve,Headings,Duplicate heading text on page,The same heading text appears more than once on the page.,'discovery' used 2 times,unique heading text,Reword repeated headings so each section is distinct.,,,200,yes,Heading Structure Report
http://localhost:3000/technologies/rest-api-development,Optimization,P3 - improve,Headings,Duplicate heading text on page,The same heading text appears more than once on the page.,'get a free consultation' used 3 times,unique heading text,Reword repeated headings so each section is distinct.,,,200,yes,Heading Structure Report
http://localhost:3000/technologies/rest-api-development,Optimization,P3 - improve,Headings,Duplicate heading text on page,The same heading text appears more than once on the page.,'discovery' used 2 times,unique heading text,Reword repeated headings so each section is distinct.,,,200,yes,Heading Structure Report
http://localhost:3000/technologies/ruby-on-rails-development,Optimization,P3 - improve,Headings,Duplicate heading text on page,The same heading text appears more than once on the page.,'get a free consultation' used 3 times,unique heading text,Reword repeated headings so each section is distinct.,,,200,yes,Heading Structure Report
http://localhost:3000/technologies/ruby-on-rails-development,Optimization,P3 - improve,Headings,Duplicate heading text on page,The same heading text appears more than once on the page.,'discovery' used 2 times,unique heading text,Reword repeated headings so each section is distinct.,,,200,yes,Heading Structure Report
http://localhost:3000/technologies/salesforce-commerce-development,Optimization,P3 - improve,Headings,Duplicate heading text on page,The same heading text appears more than once on the page.,'get a free consultation' used 3 times,unique heading text,Reword repeated headings so each section is distinct.,,,200,yes,Heading Structure Report
http://localhost:3000/technologies/salesforce-commerce-development,Optimization,P3 - improve,Headings,Duplicate heading text on page,The same heading text appears more than once on the page.,'discovery' used 2 times,unique heading text,Reword repeated headings so each section is distinct.,,,200,yes,Heading Structure Report
http://localhost:3000/technologies/sanity-development,Optimization,P3 - improve,Headings,Duplicate heading text on page,The same heading text appears more than once on the page.,'get a free consultation' used 3 times,unique heading text,Reword repeated headings so each section is distinct.,,,200,yes,Heading Structure Report
http://localhost:3000/technologies/sanity-development,Optimization,P3 - improve,Headings,Duplicate heading text on page,The same heading text appears more than once on the page.,'discovery' used 2 times,unique heading text,Reword repeated headings so each section is distinct.,,,200,yes,Heading Structure Report
http://localhost:3000/technologies/scikit-learn-development,Optimization,P3 - improve,Headings,Duplicate heading text on page,The same heading text appears more than once on the page.,'get a free consultation' used 3 times,unique heading text,Reword repeated headings so each section is distinct.,,,200,yes,Heading Structure Report
http://localhost:3000/technologies/scikit-learn-development,Optimization,P3 - improve,Headings,Duplicate heading text on page,The same heading text appears more than once on the page.,'discovery' used 2 times,unique heading text,Reword repeated headings so each section is distinct.,,,200,yes,Heading Structure Report
http://localhost:3000/technologies/search-engine-optimization-seo,Optimization,P3 - improve,Headings,Duplicate heading text on page,The same heading text appears more than once on the page.,'get a free consultation' used 3 times,unique heading text,Reword repeated headings so each section is distinct.,,,200,yes,Heading Structure Report
http://localhost:3000/technologies/search-engine-optimization-seo,Optimization,P3 - improve,Headings,Duplicate heading text on page,The same heading text appears more than once on the page.,'audit' used 2 times,unique heading text,Reword repeated headings so each section is distinct.,,,200,yes,Heading Structure Report
http://localhost:3000/technologies/security-testing,Optimization,P3 - improve,Headings,Duplicate heading text on page,The same heading text appears more than once on the page.,'get a free consultation' used 3 times,unique heading text,Reword repeated headings so each section is distinct.,,,200,yes,Heading Structure Report
http://localhost:3000/technologies/security-testing,Optimization,P3 - improve,Headings,Duplicate heading text on page,The same heading text appears more than once on the page.,'discovery' used 2 times,unique heading text,Reword repeated headings so each section is distinct.,,,200,yes,Heading Structure Report
http://localhost:3000/technologies/selenium-development,Optimization,P3 - improve,Headings,Duplicate heading text on page,The same heading text appears more than once on the page.,'get a free consultation' used 3 times,unique heading text,Reword repeated headings so each section is distinct.,,,200,yes,Heading Structure Report
http://localhost:3000/technologies/selenium-development,Optimization,P3 - improve,Headings,Duplicate heading text on page,The same heading text appears more than once on the page.,'discovery' used 2 times,unique heading text,Reword repeated headings so each section is distinct.,,,200,yes,Heading Structure Report
http://localhost:3000/technologies/selenium-testing,Optimization,P3 - improve,Headings,Duplicate heading text on page,The same heading text appears more than once on the page.,'get a free consultation' used 3 times,unique heading text,Reword repeated headings so each section is distinct.,,,200,yes,Heading Structure Report
http://localhost:3000/technologies/selenium-testing,Optimization,P3 - improve,Headings,Duplicate heading text on page,The same heading text appears more than once on the page.,'discovery' used 2 times,unique heading text,Reword repeated headings so each section is distinct.,,,200,yes,Heading Structure Report
http://localhost:3000/technologies/seo-services,Optimization,P3 - improve,Headings,Duplicate heading text on page,The same heading text appears more than once on the page.,'get a free consultation' used 3 times,unique heading text,Reword repeated headings so each section is distinct.,,,200,yes,Heading Structure Report
http://localhost:3000/technologies/seo-services,Optimization,P3 - improve,Headings,Duplicate heading text on page,The same heading text appears more than once on the page.,'discovery' used 2 times,unique heading text,Reword repeated headings so each section is distinct.,,,200,yes,Heading Structure Report
http://localhost:3000/technologies/shopify-cms-development,Optimization,P3 - improve,Headings,Duplicate heading text on page,The same heading text appears more than once on the page.,'get a free consultation' used 3 times,unique heading text,Reword repeated headings so each section is distinct.,,,200,yes,Heading Structure Report
http://localhost:3000/technologies/shopify-cms-development,Optimization,P3 - improve,Headings,Duplicate heading text on page,The same heading text appears more than once on the page.,'discovery' used 2 times,unique heading text,Reword repeated headings so each section is distinct.,,,200,yes,Heading Structure Report
http://localhost:3000/technologies/shopify-development,Optimization,P3 - improve,Headings,Duplicate heading text on page,The same heading text appears more than once on the page.,'get a free consultation' used 3 times,unique heading text,Reword repeated headings so each section is distinct.,,,200,yes,Heading Structure Report
http://localhost:3000/technologies/shopify-development,Optimization,P3 - improve,Headings,Duplicate heading text on page,The same heading text appears more than once on the page.,'discovery' used 2 times,unique heading text,Reword repeated headings so each section is distinct.,,,200,yes,Heading Structure Report
http://localhost:3000/technologies/sitecore-development,Optimization,P3 - improve,Headings,Duplicate heading text on page,The same heading text appears more than once on the page.,'get a free consultation' used 3 times,unique heading text,Reword repeated headings so each section is distinct.,,,200,yes,Heading Structure Report
http://localhost:3000/technologies/sitecore-development,Optimization,P3 - improve,Headings,Duplicate heading text on page,The same heading text appears more than once on the page.,'discovery' used 2 times,unique heading text,Reword repeated headings so each section is distinct.,,,200,yes,Heading Structure Report
http://localhost:3000/technologies/sketch-design,Optimization,P3 - improve,Headings,Duplicate heading text on page,The same heading text appears more than once on the page.,'get a free consultation' used 3 times,unique heading text,Reword repeated headings so each section is distinct.,,,200,yes,Heading Structure Report
http://localhost:3000/technologies/sketch-design,Optimization,P3 - improve,Headings,Duplicate heading text on page,The same heading text appears more than once on the page.,'discovery' used 2 times,unique heading text,Reword repeated headings so each section is distinct.,,,200,yes,Heading Structure Report
http://localhost:3000/technologies/social-media-marketing,Optimization,P3 - improve,Headings,Duplicate heading text on page,The same heading text appears more than once on the page.,'get a free consultation' used 3 times,unique heading text,Reword repeated headings so each section is distinct.,,,200,yes,Heading Structure Report
http://localhost:3000/technologies/social-media-marketing,Optimization,P3 - improve,Headings,Duplicate heading text on page,The same heading text appears more than once on the page.,'discovery' used 2 times,unique heading text,Reword repeated headings so each section is distinct.,,,200,yes,Heading Structure Report
http://localhost:3000/technologies/social-media-marketing-smm,Optimization,P3 - improve,Headings,Duplicate heading text on page,The same heading text appears more than once on the page.,'get a free consultation' used 3 times,unique heading text,Reword repeated headings so each section is distinct.,,,200,yes,Heading Structure Report
http://localhost:3000/technologies/social-media-marketing-smm,Optimization,P3 - improve,Headings,Duplicate heading text on page,The same heading text appears more than once on the page.,'audit' used 2 times,unique heading text,Reword repeated headings so each section is distinct.,,,200,yes,Heading Structure Report
http://localhost:3000/technologies/spring-boot-development,Optimization,P3 - improve,Headings,Duplicate heading text on page,The same heading text appears more than once on the page.,'get a free consultation' used 3 times,unique heading text,Reword repeated headings so each section is distinct.,,,200,yes,Heading Structure Report
http://localhost:3000/technologies/spring-boot-development,Optimization,P3 - improve,Headings,Duplicate heading text on page,The same heading text appears more than once on the page.,'discovery' used 2 times,unique heading text,Reword repeated headings so each section is distinct.,,,200,yes,Heading Structure Report
http://localhost:3000/technologies/sql-server-development,Optimization,P3 - improve,Headings,Duplicate heading text on page,The same heading text appears more than once on the page.,'get a free consultation' used 3 times,unique heading text,Reword repeated headings so each section is distinct.,,,200,yes,Heading Structure Report
http://localhost:3000/technologies/sql-server-development,Optimization,P3 - improve,Headings,Duplicate heading text on page,The same heading text appears more than once on the page.,'discovery' used 2 times,unique heading text,Reword repeated headings so each section is distinct.,,,200,yes,Heading Structure Report
http://localhost:3000/technologies/sqlite-development,Optimization,P3 - improve,Headings,Duplicate heading text on page,The same heading text appears more than once on the page.,'get a free consultation' used 3 times,unique heading text,Reword repeated headings so each section is distinct.,,,200,yes,Heading Structure Report
http://localhost:3000/technologies/sqlite-development,Optimization,P3 - improve,Headings,Duplicate heading text on page,The same heading text appears more than once on the page.,'discovery' used 2 times,unique heading text,Reword repeated headings so each section is distinct.,,,200,yes,Heading Structure Report
http://localhost:3000/technologies/squarespace-development,Optimization,P3 - improve,Headings,Duplicate heading text on page,The same heading text appears more than once on the page.,'get a free consultation' used 3 times,unique heading text,Reword repeated headings so each section is distinct.,,,200,yes,Heading Structure Report
http://localhost:3000/technologies/squarespace-development,Optimization,P3 - improve,Headings,Duplicate heading text on page,The same heading text appears more than once on the page.,'discovery' used 2 times,unique heading text,Reword repeated headings so each section is distinct.,,,200,yes,Heading Structure Report
http://localhost:3000/technologies/storybook-development,Optimization,P3 - improve,Headings,Duplicate heading text on page,The same heading text appears more than once on the page.,'get a free consultation' used 3 times,unique heading text,Reword repeated headings so each section is distinct.,,,200,yes,Heading Structure Report
http://localhost:3000/technologies/storybook-development,Optimization,P3 - improve,Headings,Duplicate heading text on page,The same heading text appears more than once on the page.,'discovery' used 2 times,unique heading text,Reword repeated headings so each section is distinct.,,,200,yes,Heading Structure Report
http://localhost:3000/technologies/strapi-development,Optimization,P3 - improve,Headings,Duplicate heading text on page,The same heading text appears more than once on the page.,'get a free consultation' used 3 times,unique heading text,Reword repeated headings so each section is distinct.,,,200,yes,Heading Structure Report
http://localhost:3000/technologies/strapi-development,Optimization,P3 - improve,Headings,Duplicate heading text on page,The same heading text appears more than once on the page.,'discovery' used 2 times,unique heading text,Reword repeated headings so each section is distinct.,,,200,yes,Heading Structure Report
http://localhost:3000/technologies/stripe-integration,Optimization,P3 - improve,Headings,Duplicate heading text on page,The same heading text appears more than once on the page.,'get a free consultation' used 3 times,unique heading text,Reword repeated headings so each section is distinct.,,,200,yes,Heading Structure Report
http://localhost:3000/technologies/stripe-integration,Optimization,P3 - improve,Headings,Duplicate heading text on page,The same heading text appears more than once on the page.,'discovery' used 2 times,unique heading text,Reword repeated headings so each section is distinct.,,,200,yes,Heading Structure Report
http://localhost:3000/technologies/supabase-development,Optimization,P3 - improve,Headings,Duplicate heading text on page,The same heading text appears more than once on the page.,'get a free consultation' used 3 times,unique heading text,Reword repeated headings so each section is distinct.,,,200,yes,Heading Structure Report
http://localhost:3000/technologies/supabase-development,Optimization,P3 - improve,Headings,Duplicate heading text on page,The same heading text appears more than once on the page.,'discovery' used 2 times,unique heading text,Reword repeated headings so each section is distinct.,,,200,yes,Heading Structure Report
http://localhost:3000/technologies/svelte-development,Optimization,P3 - improve,Headings,Duplicate heading text on page,The same heading text appears more than once on the page.,'get a free consultation' used 3 times,unique heading text,Reword repeated headings so each section is distinct.,,,200,yes,Heading Structure Report
http://localhost:3000/technologies/svelte-development,Optimization,P3 - improve,Headings,Duplicate heading text on page,The same heading text appears more than once on the page.,'discovery' used 2 times,unique heading text,Reword repeated headings so each section is distinct.,,,200,yes,Heading Structure Report
http://localhost:3000/technologies/sveltekit-development,Optimization,P3 - improve,Headings,Duplicate heading text on page,The same heading text appears more than once on the page.,'get a free consultation' used 3 times,unique heading text,Reword repeated headings so each section is distinct.,,,200,yes,Heading Structure Report
http://localhost:3000/technologies/sveltekit-development,Optimization,P3 - improve,Headings,Duplicate heading text on page,The same heading text appears more than once on the page.,'discovery' used 2 times,unique heading text,Reword repeated headings so each section is distinct.,,,200,yes,Heading Structure Report
http://localhost:3000/technologies/swift-development,Optimization,P3 - improve,Headings,Duplicate heading text on page,The same heading text appears more than once on the page.,'get a free consultation' used 3 times,unique heading text,Reword repeated headings so each section is distinct.,,,200,yes,Heading Structure Report
http://localhost:3000/technologies/swift-development,Optimization,P3 - improve,Headings,Duplicate heading text on page,The same heading text appears more than once on the page.,'discovery' used 2 times,unique heading text,Reword repeated headings so each section is distinct.,,,200,yes,Heading Structure Report
http://localhost:3000/technologies/swiftui-development,Optimization,P3 - improve,Headings,Duplicate heading text on page,The same heading text appears more than once on the page.,'get a free consultation' used 3 times,unique heading text,Reword repeated headings so each section is distinct.,,,200,yes,Heading Structure Report
http://localhost:3000/technologies/swiftui-development,Optimization,P3 - improve,Headings,Duplicate heading text on page,The same heading text appears more than once on the page.,'discovery' used 2 times,unique heading text,Reword repeated headings so each section is distinct.,,,200,yes,Heading Structure Report
http://localhost:3000/technologies/tailwind-css-development,Optimization,P3 - improve,Headings,Duplicate heading text on page,The same heading text appears more than once on the page.,'get a free consultation' used 3 times,unique heading text,Reword repeated headings so each section is distinct.,,,200,yes,Heading Structure Report
http://localhost:3000/technologies/tailwind-css-development,Optimization,P3 - improve,Headings,Duplicate heading text on page,The same heading text appears more than once on the page.,'discovery' used 2 times,unique heading text,Reword repeated headings so each section is distinct.,,,200,yes,Heading Structure Report
http://localhost:3000/technologies/technical-seo-services,Optimization,P3 - improve,Headings,Duplicate heading text on page,The same heading text appears more than once on the page.,'get a free consultation' used 3 times,unique heading text,Reword repeated headings so each section is distinct.,,,200,yes,Heading Structure Report
http://localhost:3000/technologies/technical-seo-services,Optimization,P3 - improve,Headings,Duplicate heading text on page,The same heading text appears more than once on the page.,'discovery' used 2 times,unique heading text,Reword repeated headings so each section is distinct.,,,200,yes,Heading Structure Report
http://localhost:3000/technologies/tensorflow-development,Optimization,P3 - improve,Headings,Duplicate heading text on page,The same heading text appears more than once on the page.,'get a free consultation' used 3 times,unique heading text,Reword repeated headings so each section is distinct.,,,200,yes,Heading Structure Report
http://localhost:3000/technologies/tensorflow-development,Optimization,P3 - improve,Headings,Duplicate heading text on page,The same heading text appears more than once on the page.,'discovery' used 2 times,unique heading text,Reword repeated headings so each section is distinct.,,,200,yes,Heading Structure Report
http://localhost:3000/technologies/terraform-development,Optimization,P3 - improve,Headings,Duplicate heading text on page,The same heading text appears more than once on the page.,'get a free consultation' used 3 times,unique heading text,Reword repeated headings so each section is distinct.,,,200,yes,Heading Structure Report
http://localhost:3000/technologies/terraform-development,Optimization,P3 - improve,Headings,Duplicate heading text on page,The same heading text appears more than once on the page.,'discovery' used 2 times,unique heading text,Reword repeated headings so each section is distinct.,,,200,yes,Heading Structure Report
http://localhost:3000/technologies/test-management,Optimization,P3 - improve,Headings,Duplicate heading text on page,The same heading text appears more than once on the page.,'get a free consultation' used 3 times,unique heading text,Reword repeated headings so each section is distinct.,,,200,yes,Heading Structure Report
http://localhost:3000/technologies/test-management,Optimization,P3 - improve,Headings,Duplicate heading text on page,The same heading text appears more than once on the page.,'discovery' used 2 times,unique heading text,Reword repeated headings so each section is distinct.,,,200,yes,Heading Structure Report
http://localhost:3000/technologies/typescript-development,Optimization,P3 - improve,Headings,Duplicate heading text on page,The same heading text appears more than once on the page.,'get a free consultation' used 3 times,unique heading text,Reword repeated headings so each section is distinct.,,,200,yes,Heading Structure Report
http://localhost:3000/technologies/typescript-development,Optimization,P3 - improve,Headings,Duplicate heading text on page,The same heading text appears more than once on the page.,'discovery' used 2 times,unique heading text,Reword repeated headings so each section is distinct.,,,200,yes,Heading Structure Report
http://localhost:3000/technologies/ui-design,Optimization,P3 - improve,Headings,Duplicate heading text on page,The same heading text appears more than once on the page.,'get a free consultation' used 3 times,unique heading text,Reword repeated headings so each section is distinct.,,,200,yes,Heading Structure Report
http://localhost:3000/technologies/ui-design,Optimization,P3 - improve,Headings,Duplicate heading text on page,The same heading text appears more than once on the page.,'discovery' used 2 times,unique heading text,Reword repeated headings so each section is distinct.,,,200,yes,Heading Structure Report
http://localhost:3000/technologies/umbraco-development,Optimization,P3 - improve,Headings,Duplicate heading text on page,The same heading text appears more than once on the page.,'get a free consultation' used 3 times,unique heading text,Reword repeated headings so each section is distinct.,,,200,yes,Heading Structure Report
http://localhost:3000/technologies/umbraco-development,Optimization,P3 - improve,Headings,Duplicate heading text on page,The same heading text appears more than once on the page.,'discovery' used 2 times,unique heading text,Reword repeated headings so each section is distinct.,,,200,yes,Heading Structure Report
http://localhost:3000/technologies/unit-testing,Optimization,P3 - improve,Headings,Duplicate heading text on page,The same heading text appears more than once on the page.,'get a free consultation' used 3 times,unique heading text,Reword repeated headings so each section is distinct.,,,200,yes,Heading Structure Report
http://localhost:3000/technologies/unit-testing,Optimization,P3 - improve,Headings,Duplicate heading text on page,The same heading text appears more than once on the page.,'discovery' used 2 times,unique heading text,Reword repeated headings so each section is distinct.,,,200,yes,Heading Structure Report
http://localhost:3000/technologies/usability-testing,Optimization,P3 - improve,Headings,Duplicate heading text on page,The same heading text appears more than once on the page.,'get a free consultation' used 3 times,unique heading text,Reword repeated headings so each section is distinct.,,,200,yes,Heading Structure Report
http://localhost:3000/technologies/usability-testing,Optimization,P3 - improve,Headings,Duplicate heading text on page,The same heading text appears more than once on the page.,'discovery' used 2 times,unique heading text,Reword repeated headings so each section is distinct.,,,200,yes,Heading Structure Report
http://localhost:3000/technologies/user-research-services,Optimization,P3 - improve,Headings,Duplicate heading text on page,The same heading text appears more than once on the page.,'get a free consultation' used 3 times,unique heading text,Reword repeated headings so each section is distinct.,,,200,yes,Heading Structure Report
http://localhost:3000/technologies/user-research-services,Optimization,P3 - improve,Headings,Duplicate heading text on page,The same heading text appears more than once on the page.,'discovery' used 2 times,unique heading text,Reword repeated headings so each section is distinct.,,,200,yes,Heading Structure Report
http://localhost:3000/technologies/ux-design,Optimization,P3 - improve,Headings,Duplicate heading text on page,The same heading text appears more than once on the page.,'get a free consultation' used 3 times,unique heading text,Reword repeated headings so each section is distinct.,,,200,yes,Heading Structure Report
http://localhost:3000/technologies/ux-design,Optimization,P3 - improve,Headings,Duplicate heading text on page,The same heading text appears more than once on the page.,'discovery' used 2 times,unique heading text,Reword repeated headings so each section is distinct.,,,200,yes,Heading Structure Report
http://localhost:3000/technologies/ux-writing-services,Optimization,P3 - improve,Headings,Duplicate heading text on page,The same heading text appears more than once on the page.,'get a free consultation' used 3 times,unique heading text,Reword repeated headings so each section is distinct.,,,200,yes,Heading Structure Report
http://localhost:3000/technologies/ux-writing-services,Optimization,P3 - improve,Headings,Duplicate heading text on page,The same heading text appears more than once on the page.,'discovery' used 2 times,unique heading text,Reword repeated headings so each section is distinct.,,,200,yes,Heading Structure Report
http://localhost:3000/technologies/vercel-development,Optimization,P3 - improve,Headings,Duplicate heading text on page,The same heading text appears more than once on the page.,'get a free consultation' used 3 times,unique heading text,Reword repeated headings so each section is distinct.,,,200,yes,Heading Structure Report
http://localhost:3000/technologies/vercel-development,Optimization,P3 - improve,Headings,Duplicate heading text on page,The same heading text appears more than once on the page.,'discovery' used 2 times,unique heading text,Reword repeated headings so each section is distinct.,,,200,yes,Heading Structure Report
http://localhost:3000/technologies/vitest-testing,Optimization,P3 - improve,Headings,Duplicate heading text on page,The same heading text appears more than once on the page.,'get a free consultation' used 3 times,unique heading text,Reword repeated headings so each section is distinct.,,,200,yes,Heading Structure Report
http://localhost:3000/technologies/vitest-testing,Optimization,P3 - improve,Headings,Duplicate heading text on page,The same heading text appears more than once on the page.,'discovery' used 2 times,unique heading text,Reword repeated headings so each section is distinct.,,,200,yes,Heading Structure Report
http://localhost:3000/technologies/vuejs-development,Optimization,P3 - improve,Headings,Duplicate heading text on page,The same heading text appears more than once on the page.,'get a free consultation' used 3 times,unique heading text,Reword repeated headings so each section is distinct.,,,200,yes,Heading Structure Report
http://localhost:3000/technologies/vuejs-development,Optimization,P3 - improve,Headings,Duplicate heading text on page,The same heading text appears more than once on the page.,'discovery' used 2 times,unique heading text,Reword repeated headings so each section is distinct.,,,200,yes,Heading Structure Report
http://localhost:3000/technologies/web-components-development,Optimization,P3 - improve,Headings,Duplicate heading text on page,The same heading text appears more than once on the page.,'get a free consultation' used 3 times,unique heading text,Reword repeated headings so each section is distinct.,,,200,yes,Heading Structure Report
http://localhost:3000/technologies/web-components-development,Optimization,P3 - improve,Headings,Duplicate heading text on page,The same heading text appears more than once on the page.,'discovery' used 2 times,unique heading text,Reword repeated headings so each section is distinct.,,,200,yes,Heading Structure Report
http://localhost:3000/technologies/web-design-development,Optimization,P3 - improve,Headings,Duplicate heading text on page,The same heading text appears more than once on the page.,'get a free consultation' used 3 times,unique heading text,Reword repeated headings so each section is distinct.,,,200,yes,Heading Structure Report
http://localhost:3000/technologies/web-design-development,Optimization,P3 - improve,Headings,Duplicate heading text on page,The same heading text appears more than once on the page.,'audit' used 2 times,unique heading text,Reword repeated headings so each section is distinct.,,,200,yes,Heading Structure Report
http://localhost:3000/technologies/webflow-development,Optimization,P3 - improve,Headings,Duplicate heading text on page,The same heading text appears more than once on the page.,'get a free consultation' used 3 times,unique heading text,Reword repeated headings so each section is distinct.,,,200,yes,Heading Structure Report
http://localhost:3000/technologies/webflow-development,Optimization,P3 - improve,Headings,Duplicate heading text on page,The same heading text appears more than once on the page.,'discovery' used 2 times,unique heading text,Reword repeated headings so each section is distinct.,,,200,yes,Heading Structure Report
http://localhost:3000/technologies/wireframing-services,Optimization,P3 - improve,Headings,Duplicate heading text on page,The same heading text appears more than once on the page.,'get a free consultation' used 3 times,unique heading text,Reword repeated headings so each section is distinct.,,,200,yes,Heading Structure Report
http://localhost:3000/technologies/wireframing-services,Optimization,P3 - improve,Headings,Duplicate heading text on page,The same heading text appears more than once on the page.,'discovery' used 2 times,unique heading text,Reword repeated headings so each section is distinct.,,,200,yes,Heading Structure Report
http://localhost:3000/technologies/wix-development,Optimization,P3 - improve,Headings,Duplicate heading text on page,The same heading text appears more than once on the page.,'get a free consultation' used 3 times,unique heading text,Reword repeated headings so each section is distinct.,,,200,yes,Heading Structure Report
http://localhost:3000/technologies/wix-development,Optimization,P3 - improve,Headings,Duplicate heading text on page,The same heading text appears more than once on the page.,'discovery' used 2 times,unique heading text,Reword repeated headings so each section is distinct.,,,200,yes,Heading Structure Report
http://localhost:3000/technologies/woocommerce-cms-development,Optimization,P3 - improve,Headings,Duplicate heading text on page,The same heading text appears more than once on the page.,'get a free consultation' used 3 times,unique heading text,Reword repeated headings so each section is distinct.,,,200,yes,Heading Structure Report
http://localhost:3000/technologies/woocommerce-cms-development,Optimization,P3 - improve,Headings,Duplicate heading text on page,The same heading text appears more than once on the page.,'discovery' used 2 times,unique heading text,Reword repeated headings so each section is distinct.,,,200,yes,Heading Structure Report
http://localhost:3000/technologies/woocommerce-development,Optimization,P3 - improve,Headings,Duplicate heading text on page,The same heading text appears more than once on the page.,'get a free consultation' used 3 times,unique heading text,Reword repeated headings so each section is distinct.,,,200,yes,Heading Structure Report
http://localhost:3000/technologies/woocommerce-development,Optimization,P3 - improve,Headings,Duplicate heading text on page,The same heading text appears more than once on the page.,'discovery' used 2 times,unique heading text,Reword repeated headings so each section is distinct.,,,200,yes,Heading Structure Report
http://localhost:3000/technologies/wordpress-development,Optimization,P3 - improve,Headings,Duplicate heading text on page,The same heading text appears more than once on the page.,'get a free consultation' used 3 times,unique heading text,Reword repeated headings so each section is distinct.,,,200,yes,Heading Structure Report
http://localhost:3000/technologies/wordpress-development,Optimization,P3 - improve,Headings,Duplicate heading text on page,The same heading text appears more than once on the page.,'discovery' used 2 times,unique heading text,Reword repeated headings so each section is distinct.,,,200,yes,Heading Structure Report
http://localhost:3000/technologies/xamarin-development,Optimization,P3 - improve,Headings,Duplicate heading text on page,The same heading text appears more than once on the page.,'get a free consultation' used 3 times,unique heading text,Reword repeated headings so each section is distinct.,,,200,yes,Heading Structure Report
http://localhost:3000/technologies/xamarin-development,Optimization,P3 - improve,Headings,Duplicate heading text on page,The same heading text appears more than once on the page.,'discovery' used 2 times,unique heading text,Reword repeated headings so each section is distinct.,,,200,yes,Heading Structure Report
