URL,Severity,Priority,Category,Issue,Description,Current value,Expected / recommended value,Recommended fix,Element / resource,Details,Page HTTP,In sitemap,Report
http://localhost:3000/,Optimization,P3 - improve,Completeness,Organization missing recommended properties,A schema object lacks recommended properties that improve rich results.,no 'sameAs','sameAs' property on Organization,Add the properties listed in Current value.,Organization 'Semicolon',,200,yes,Structured Data Report
http://localhost:3000/,Optimization,P3 - improve,Completeness,Organization missing recommended properties,A schema object lacks recommended properties that improve rich results.,no 'contactPoint','contactPoint' property on Organization,Add the properties listed in Current value.,Organization 'Semicolon',,200,yes,Structured Data Report
http://localhost:3000/,Optimization,P3 - improve,Completeness,WebSite missing recommended properties,A schema object lacks recommended properties that improve rich results.,no 'potentialAction','potentialAction' property on WebSite,Add the properties listed in Current value.,WebSite 'Semicolon',,200,yes,Structured Data Report
http://localhost:3000/,Optimization,P3 - improve,Page type,Address shown but no LocalBusiness/ProfessionalService schema,An address is shown but there is no LocalBusiness/ProfessionalService schema.,,"LocalBusiness or ProfessionalService with address, telephone, geo",Add LocalBusiness JSON-LD to the contact page / home page.,,,200,yes,Structured Data Report
http://localhost:3000/,Optimization,P3 - improve,Page type,FAQ section without FAQPage schema,The page has an FAQ section but no FAQPage schema.,,FAQPage JSON-LD with each question and answer,Generate FAQPage JSON-LD from the same FAQ data the page renders.,,,200,yes,Structured Data Report
http://localhost:3000/Infrastructure,Optimization,P3 - improve,Completeness,Organization missing recommended properties,A schema object lacks recommended properties that improve rich results.,no 'sameAs','sameAs' property on Organization,Add the properties listed in Current value.,Organization 'Semicolon',,200,yes,Structured Data Report
http://localhost:3000/Infrastructure,Optimization,P3 - improve,Completeness,Organization missing recommended properties,A schema object lacks recommended properties that improve rich results.,no 'contactPoint','contactPoint' property on Organization,Add the properties listed in Current value.,Organization 'Semicolon',,200,yes,Structured Data Report
http://localhost:3000/Infrastructure,Optimization,P3 - improve,Completeness,WebSite missing recommended properties,A schema object lacks recommended properties that improve rich results.,no 'potentialAction','potentialAction' property on WebSite,Add the properties listed in Current value.,WebSite 'Semicolon',,200,yes,Structured Data Report
http://localhost:3000/about-us,Optimization,P3 - improve,Completeness,Organization missing recommended properties,A schema object lacks recommended properties that improve rich results.,no 'sameAs','sameAs' property on Organization,Add the properties listed in Current value.,Organization 'Semicolon',,200,yes,Structured Data Report
http://localhost:3000/about-us,Optimization,P3 - improve,Completeness,Organization missing recommended properties,A schema object lacks recommended properties that improve rich results.,no 'contactPoint','contactPoint' property on Organization,Add the properties listed in Current value.,Organization 'Semicolon',,200,yes,Structured Data Report
http://localhost:3000/about-us,Optimization,P3 - improve,Completeness,WebSite missing recommended properties,A schema object lacks recommended properties that improve rich results.,no 'potentialAction','potentialAction' property on WebSite,Add the properties listed in Current value.,WebSite 'Semicolon',,200,yes,Structured Data Report
http://localhost:3000/blog,Important,P2 - fix soon,Page type,Missing CollectionPage/Blog schema,The page lacks the structured-data type expected for this kind of page.,"types found: BreadcrumbList, ListItem, Organization, PostalAddress, WebSite","one of: Blog, CollectionPage",Add JSON-LD of that type with its required properties.,,,200,yes,Structured Data Report
http://localhost:3000/blog,Optimization,P3 - improve,Completeness,Organization missing recommended properties,A schema object lacks recommended properties that improve rich results.,no 'sameAs','sameAs' property on Organization,Add the properties listed in Current value.,Organization 'Semicolon',,200,yes,Structured Data Report
http://localhost:3000/blog,Optimization,P3 - improve,Completeness,Organization missing recommended properties,A schema object lacks recommended properties that improve rich results.,no 'contactPoint','contactPoint' property on Organization,Add the properties listed in Current value.,Organization 'Semicolon',,200,yes,Structured Data Report
http://localhost:3000/blog,Optimization,P3 - improve,Completeness,WebSite missing recommended properties,A schema object lacks recommended properties that improve rich results.,no 'potentialAction','potentialAction' property on WebSite,Add the properties listed in Current value.,WebSite 'Semicolon',,200,yes,Structured Data Report
http://localhost:3000/blog/agentic-rag-with-self-corrective-graph-search,Optimization,P3 - improve,Completeness,Organization missing recommended properties,A schema object lacks recommended properties that improve rich results.,no 'sameAs','sameAs' property on Organization,Add the properties listed in Current value.,Organization 'Semicolon',,200,yes,Structured Data Report
http://localhost:3000/blog/agentic-rag-with-self-corrective-graph-search,Optimization,P3 - improve,Completeness,Organization missing recommended properties,A schema object lacks recommended properties that improve rich results.,no 'contactPoint','contactPoint' property on Organization,Add the properties listed in Current value.,Organization 'Semicolon',,200,yes,Structured Data Report
http://localhost:3000/blog/agentic-rag-with-self-corrective-graph-search,Optimization,P3 - improve,Completeness,WebSite missing recommended properties,A schema object lacks recommended properties that improve rich results.,no 'potentialAction','potentialAction' property on WebSite,Add the properties listed in Current value.,WebSite 'Semicolon',,200,yes,Structured Data Report
http://localhost:3000/blog/ai-governance-safety-and-compliance-eu-ai-act,Optimization,P3 - improve,Completeness,Organization missing recommended properties,A schema object lacks recommended properties that improve rich results.,no 'sameAs','sameAs' property on Organization,Add the properties listed in Current value.,Organization 'Semicolon',,200,yes,Structured Data Report
http://localhost:3000/blog/ai-governance-safety-and-compliance-eu-ai-act,Optimization,P3 - improve,Completeness,Organization missing recommended properties,A schema object lacks recommended properties that improve rich results.,no 'contactPoint','contactPoint' property on Organization,Add the properties listed in Current value.,Organization 'Semicolon',,200,yes,Structured Data Report
http://localhost:3000/blog/ai-governance-safety-and-compliance-eu-ai-act,Optimization,P3 - improve,Completeness,WebSite missing recommended properties,A schema object lacks recommended properties that improve rich results.,no 'potentialAction','potentialAction' property on WebSite,Add the properties listed in Current value.,WebSite 'Semicolon',,200,yes,Structured Data Report
http://localhost:3000/blog/ai-powered-semantic-vulnerability-detection-in-ci,Optimization,P3 - improve,Completeness,Organization missing recommended properties,A schema object lacks recommended properties that improve rich results.,no 'sameAs','sameAs' property on Organization,Add the properties listed in Current value.,Organization 'Semicolon',,200,yes,Structured Data Report
http://localhost:3000/blog/ai-powered-semantic-vulnerability-detection-in-ci,Optimization,P3 - improve,Completeness,Organization missing recommended properties,A schema object lacks recommended properties that improve rich results.,no 'contactPoint','contactPoint' property on Organization,Add the properties listed in Current value.,Organization 'Semicolon',,200,yes,Structured Data Report
http://localhost:3000/blog/ai-powered-semantic-vulnerability-detection-in-ci,Optimization,P3 - improve,Completeness,WebSite missing recommended properties,A schema object lacks recommended properties that improve rich results.,no 'potentialAction','potentialAction' property on WebSite,Add the properties listed in Current value.,WebSite 'Semicolon',,200,yes,Structured Data Report
http://localhost:3000/blog/angular-18-signals-deferrable-views-zoneless,Optimization,P3 - improve,Completeness,Organization missing recommended properties,A schema object lacks recommended properties that improve rich results.,no 'sameAs','sameAs' property on Organization,Add the properties listed in Current value.,Organization 'Semicolon',,200,yes,Structured Data Report
http://localhost:3000/blog/angular-18-signals-deferrable-views-zoneless,Optimization,P3 - improve,Completeness,Organization missing recommended properties,A schema object lacks recommended properties that improve rich results.,no 'contactPoint','contactPoint' property on Organization,Add the properties listed in Current value.,Organization 'Semicolon',,200,yes,Structured Data Report
http://localhost:3000/blog/angular-18-signals-deferrable-views-zoneless,Optimization,P3 - improve,Completeness,WebSite missing recommended properties,A schema object lacks recommended properties that improve rich results.,no 'potentialAction','potentialAction' property on WebSite,Add the properties listed in Current value.,WebSite 'Semicolon',,200,yes,Structured Data Report
http://localhost:3000/blog/ansible-fleet-automation-immutable-server-hardening,Optimization,P3 - improve,Completeness,Organization missing recommended properties,A schema object lacks recommended properties that improve rich results.,no 'sameAs','sameAs' property on Organization,Add the properties listed in Current value.,Organization 'Semicolon',,200,yes,Structured Data Report
http://localhost:3000/blog/ansible-fleet-automation-immutable-server-hardening,Optimization,P3 - improve,Completeness,Organization missing recommended properties,A schema object lacks recommended properties that improve rich results.,no 'contactPoint','contactPoint' property on Organization,Add the properties listed in Current value.,Organization 'Semicolon',,200,yes,Structured Data Report
http://localhost:3000/blog/ansible-fleet-automation-immutable-server-hardening,Optimization,P3 - improve,Completeness,WebSite missing recommended properties,A schema object lacks recommended properties that improve rich results.,no 'potentialAction','potentialAction' property on WebSite,Add the properties listed in Current value.,WebSite 'Semicolon',,200,yes,Structured Data Report
http://localhost:3000/blog/asp-net-core-8-web-api-minimal-apis-native-aot,Optimization,P3 - improve,Completeness,Organization missing recommended properties,A schema object lacks recommended properties that improve rich results.,no 'sameAs','sameAs' property on Organization,Add the properties listed in Current value.,Organization 'Semicolon',,200,yes,Structured Data Report
http://localhost:3000/blog/asp-net-core-8-web-api-minimal-apis-native-aot,Optimization,P3 - improve,Completeness,Organization missing recommended properties,A schema object lacks recommended properties that improve rich results.,no 'contactPoint','contactPoint' property on Organization,Add the properties listed in Current value.,Organization 'Semicolon',,200,yes,Structured Data Report
http://localhost:3000/blog/asp-net-core-8-web-api-minimal-apis-native-aot,Optimization,P3 - improve,Completeness,WebSite missing recommended properties,A schema object lacks recommended properties that improve rich results.,no 'potentialAction','potentialAction' property on WebSite,Add the properties listed in Current value.,WebSite 'Semicolon',,200,yes,Structured Data Report
http://localhost:3000/blog/automated-database-disaster-recovery-testing-ci,Optimization,P3 - improve,Completeness,Organization missing recommended properties,A schema object lacks recommended properties that improve rich results.,no 'sameAs','sameAs' property on Organization,Add the properties listed in Current value.,Organization 'Semicolon',,200,yes,Structured Data Report
http://localhost:3000/blog/automated-database-disaster-recovery-testing-ci,Optimization,P3 - improve,Completeness,Organization missing recommended properties,A schema object lacks recommended properties that improve rich results.,no 'contactPoint','contactPoint' property on Organization,Add the properties listed in Current value.,Organization 'Semicolon',,200,yes,Structured Data Report
http://localhost:3000/blog/automated-database-disaster-recovery-testing-ci,Optimization,P3 - improve,Completeness,WebSite missing recommended properties,A schema object lacks recommended properties that improve rich results.,no 'potentialAction','potentialAction' property on WebSite,Add the properties listed in Current value.,WebSite 'Semicolon',,200,yes,Structured Data Report
http://localhost:3000/blog/azure-devops-to-github-actions-migration-blueprint,Optimization,P3 - improve,Completeness,Organization missing recommended properties,A schema object lacks recommended properties that improve rich results.,no 'sameAs','sameAs' property on Organization,Add the properties listed in Current value.,Organization 'Semicolon',,200,yes,Structured Data Report
http://localhost:3000/blog/azure-devops-to-github-actions-migration-blueprint,Optimization,P3 - improve,Completeness,Organization missing recommended properties,A schema object lacks recommended properties that improve rich results.,no 'contactPoint','contactPoint' property on Organization,Add the properties listed in Current value.,Organization 'Semicolon',,200,yes,Structured Data Report
http://localhost:3000/blog/azure-devops-to-github-actions-migration-blueprint,Optimization,P3 - improve,Completeness,WebSite missing recommended properties,A schema object lacks recommended properties that improve rich results.,no 'potentialAction','potentialAction' property on WebSite,Add the properties listed in Current value.,WebSite 'Semicolon',,200,yes,Structured Data Report
http://localhost:3000/blog/big-data-pipelines-apache-spark-dbt-snowflake,Optimization,P3 - improve,Completeness,Organization missing recommended properties,A schema object lacks recommended properties that improve rich results.,no 'sameAs','sameAs' property on Organization,Add the properties listed in Current value.,Organization 'Semicolon',,200,yes,Structured Data Report
http://localhost:3000/blog/big-data-pipelines-apache-spark-dbt-snowflake,Optimization,P3 - improve,Completeness,Organization missing recommended properties,A schema object lacks recommended properties that improve rich results.,no 'contactPoint','contactPoint' property on Organization,Add the properties listed in Current value.,Organization 'Semicolon',,200,yes,Structured Data Report
http://localhost:3000/blog/big-data-pipelines-apache-spark-dbt-snowflake,Optimization,P3 - improve,Completeness,WebSite missing recommended properties,A schema object lacks recommended properties that improve rich results.,no 'potentialAction','potentialAction' property on WebSite,Add the properties listed in Current value.,WebSite 'Semicolon',,200,yes,Structured Data Report
http://localhost:3000/blog/building-accessible-web-applications-wcag-2-2-aa,Optimization,P3 - improve,Completeness,Organization missing recommended properties,A schema object lacks recommended properties that improve rich results.,no 'sameAs','sameAs' property on Organization,Add the properties listed in Current value.,Organization 'Semicolon',,200,yes,Structured Data Report
http://localhost:3000/blog/building-accessible-web-applications-wcag-2-2-aa,Optimization,P3 - improve,Completeness,Organization missing recommended properties,A schema object lacks recommended properties that improve rich results.,no 'contactPoint','contactPoint' property on Organization,Add the properties listed in Current value.,Organization 'Semicolon',,200,yes,Structured Data Report
http://localhost:3000/blog/building-accessible-web-applications-wcag-2-2-aa,Optimization,P3 - improve,Completeness,WebSite missing recommended properties,A schema object lacks recommended properties that improve rich results.,no 'potentialAction','potentialAction' property on WebSite,Add the properties listed in Current value.,WebSite 'Semicolon',,200,yes,Structured Data Report
http://localhost:3000/blog/building-autonomous-multi-agent-ai-workflows,Optimization,P3 - improve,Completeness,Organization missing recommended properties,A schema object lacks recommended properties that improve rich results.,no 'sameAs','sameAs' property on Organization,Add the properties listed in Current value.,Organization 'Semicolon',,200,yes,Structured Data Report
http://localhost:3000/blog/building-autonomous-multi-agent-ai-workflows,Optimization,P3 - improve,Completeness,Organization missing recommended properties,A schema object lacks recommended properties that improve rich results.,no 'contactPoint','contactPoint' property on Organization,Add the properties listed in Current value.,Organization 'Semicolon',,200,yes,Structured Data Report
http://localhost:3000/blog/building-autonomous-multi-agent-ai-workflows,Optimization,P3 - improve,Completeness,WebSite missing recommended properties,A schema object lacks recommended properties that improve rich results.,no 'potentialAction','potentialAction' property on WebSite,Add the properties listed in Current value.,WebSite 'Semicolon',,200,yes,Structured Data Report
http://localhost:3000/blog/building-fast-and-safe-webhooks-for-saas-platforms,Optimization,P3 - improve,Completeness,Organization missing recommended properties,A schema object lacks recommended properties that improve rich results.,no 'sameAs','sameAs' property on Organization,Add the properties listed in Current value.,Organization 'Semicolon',,200,yes,Structured Data Report
http://localhost:3000/blog/building-fast-and-safe-webhooks-for-saas-platforms,Optimization,P3 - improve,Completeness,Organization missing recommended properties,A schema object lacks recommended properties that improve rich results.,no 'contactPoint','contactPoint' property on Organization,Add the properties listed in Current value.,Organization 'Semicolon',,200,yes,Structured Data Report
http://localhost:3000/blog/building-fast-and-safe-webhooks-for-saas-platforms,Optimization,P3 - improve,Completeness,WebSite missing recommended properties,A schema object lacks recommended properties that improve rich results.,no 'potentialAction','potentialAction' property on WebSite,Add the properties listed in Current value.,WebSite 'Semicolon',,200,yes,Structured Data Report
http://localhost:3000/blog/building-function-calling-systems-with-open-llms,Optimization,P3 - improve,Completeness,Organization missing recommended properties,A schema object lacks recommended properties that improve rich results.,no 'sameAs','sameAs' property on Organization,Add the properties listed in Current value.,Organization 'Semicolon',,200,yes,Structured Data Report
http://localhost:3000/blog/building-function-calling-systems-with-open-llms,Optimization,P3 - improve,Completeness,Organization missing recommended properties,A schema object lacks recommended properties that improve rich results.,no 'contactPoint','contactPoint' property on Organization,Add the properties listed in Current value.,Organization 'Semicolon',,200,yes,Structured Data Report
http://localhost:3000/blog/building-function-calling-systems-with-open-llms,Optimization,P3 - improve,Completeness,WebSite missing recommended properties,A schema object lacks recommended properties that improve rich results.,no 'potentialAction','potentialAction' property on WebSite,Add the properties listed in Current value.,WebSite 'Semicolon',,200,yes,Structured Data Report
http://localhost:3000/blog/building-real-time-audio-chat-webrtc-mobile,Optimization,P3 - improve,Completeness,Organization missing recommended properties,A schema object lacks recommended properties that improve rich results.,no 'sameAs','sameAs' property on Organization,Add the properties listed in Current value.,Organization 'Semicolon',,200,yes,Structured Data Report
http://localhost:3000/blog/building-real-time-audio-chat-webrtc-mobile,Optimization,P3 - improve,Completeness,Organization missing recommended properties,A schema object lacks recommended properties that improve rich results.,no 'contactPoint','contactPoint' property on Organization,Add the properties listed in Current value.,Organization 'Semicolon',,200,yes,Structured Data Report
http://localhost:3000/blog/building-real-time-audio-chat-webrtc-mobile,Optimization,P3 - improve,Completeness,WebSite missing recommended properties,A schema object lacks recommended properties that improve rich results.,no 'potentialAction','potentialAction' property on WebSite,Add the properties listed in Current value.,WebSite 'Semicolon',,200,yes,Structured Data Report
http://localhost:3000/blog/building-resilient-background-workers-bullmq,Optimization,P3 - improve,Completeness,Organization missing recommended properties,A schema object lacks recommended properties that improve rich results.,no 'sameAs','sameAs' property on Organization,Add the properties listed in Current value.,Organization 'Semicolon',,200,yes,Structured Data Report
http://localhost:3000/blog/building-resilient-background-workers-bullmq,Optimization,P3 - improve,Completeness,Organization missing recommended properties,A schema object lacks recommended properties that improve rich results.,no 'contactPoint','contactPoint' property on Organization,Add the properties listed in Current value.,Organization 'Semicolon',,200,yes,Structured Data Report
http://localhost:3000/blog/building-resilient-background-workers-bullmq,Optimization,P3 - improve,Completeness,WebSite missing recommended properties,A schema object lacks recommended properties that improve rich results.,no 'potentialAction','potentialAction' property on WebSite,Add the properties listed in Current value.,WebSite 'Semicolon',,200,yes,Structured Data Report
http://localhost:3000/blog/building-ultra-low-latency-apis-rust-axum,Optimization,P3 - improve,Completeness,Organization missing recommended properties,A schema object lacks recommended properties that improve rich results.,no 'sameAs','sameAs' property on Organization,Add the properties listed in Current value.,Organization 'Semicolon',,200,yes,Structured Data Report
http://localhost:3000/blog/building-ultra-low-latency-apis-rust-axum,Optimization,P3 - improve,Completeness,Organization missing recommended properties,A schema object lacks recommended properties that improve rich results.,no 'contactPoint','contactPoint' property on Organization,Add the properties listed in Current value.,Organization 'Semicolon',,200,yes,Structured Data Report
http://localhost:3000/blog/building-ultra-low-latency-apis-rust-axum,Optimization,P3 - improve,Completeness,WebSite missing recommended properties,A schema object lacks recommended properties that improve rich results.,no 'potentialAction','potentialAction' property on WebSite,Add the properties listed in Current value.,WebSite 'Semicolon',,200,yes,Structured Data Report
http://localhost:3000/blog/cdc-change-data-capture-debezium-kafka-connect,Optimization,P3 - improve,Completeness,Organization missing recommended properties,A schema object lacks recommended properties that improve rich results.,no 'sameAs','sameAs' property on Organization,Add the properties listed in Current value.,Organization 'Semicolon',,200,yes,Structured Data Report
http://localhost:3000/blog/cdc-change-data-capture-debezium-kafka-connect,Optimization,P3 - improve,Completeness,Organization missing recommended properties,A schema object lacks recommended properties that improve rich results.,no 'contactPoint','contactPoint' property on Organization,Add the properties listed in Current value.,Organization 'Semicolon',,200,yes,Structured Data Report
http://localhost:3000/blog/cdc-change-data-capture-debezium-kafka-connect,Optimization,P3 - improve,Completeness,WebSite missing recommended properties,A schema object lacks recommended properties that improve rich results.,no 'potentialAction','potentialAction' property on WebSite,Add the properties listed in Current value.,WebSite 'Semicolon',,200,yes,Structured Data Report
http://localhost:3000/blog/cicd-pipelines-github-actions-dagger,Optimization,P3 - improve,Completeness,Organization missing recommended properties,A schema object lacks recommended properties that improve rich results.,no 'sameAs','sameAs' property on Organization,Add the properties listed in Current value.,Organization 'Semicolon',,200,yes,Structured Data Report
http://localhost:3000/blog/cicd-pipelines-github-actions-dagger,Optimization,P3 - improve,Completeness,Organization missing recommended properties,A schema object lacks recommended properties that improve rich results.,no 'contactPoint','contactPoint' property on Organization,Add the properties listed in Current value.,Organization 'Semicolon',,200,yes,Structured Data Report
http://localhost:3000/blog/cicd-pipelines-github-actions-dagger,Optimization,P3 - improve,Completeness,WebSite missing recommended properties,A schema object lacks recommended properties that improve rich results.,no 'potentialAction','potentialAction' property on WebSite,Add the properties listed in Current value.,WebSite 'Semicolon',,200,yes,Structured Data Report
http://localhost:3000/blog/cloud-cost-optimization-finops-strategies-aws-gcp,Optimization,P3 - improve,Completeness,Organization missing recommended properties,A schema object lacks recommended properties that improve rich results.,no 'sameAs','sameAs' property on Organization,Add the properties listed in Current value.,Organization 'Semicolon',,200,yes,Structured Data Report
http://localhost:3000/blog/cloud-cost-optimization-finops-strategies-aws-gcp,Optimization,P3 - improve,Completeness,Organization missing recommended properties,A schema object lacks recommended properties that improve rich results.,no 'contactPoint','contactPoint' property on Organization,Add the properties listed in Current value.,Organization 'Semicolon',,200,yes,Structured Data Report
http://localhost:3000/blog/cloud-cost-optimization-finops-strategies-aws-gcp,Optimization,P3 - improve,Completeness,WebSite missing recommended properties,A schema object lacks recommended properties that improve rich results.,no 'potentialAction','potentialAction' property on WebSite,Add the properties listed in Current value.,WebSite 'Semicolon',,200,yes,Structured Data Report
http://localhost:3000/blog/cloud-security-posture-management-cspm-automated-audits,Optimization,P3 - improve,Completeness,Organization missing recommended properties,A schema object lacks recommended properties that improve rich results.,no 'sameAs','sameAs' property on Organization,Add the properties listed in Current value.,Organization 'Semicolon',,200,yes,Structured Data Report
http://localhost:3000/blog/cloud-security-posture-management-cspm-automated-audits,Optimization,P3 - improve,Completeness,Organization missing recommended properties,A schema object lacks recommended properties that improve rich results.,no 'contactPoint','contactPoint' property on Organization,Add the properties listed in Current value.,Organization 'Semicolon',,200,yes,Structured Data Report
http://localhost:3000/blog/cloud-security-posture-management-cspm-automated-audits,Optimization,P3 - improve,Completeness,WebSite missing recommended properties,A schema object lacks recommended properties that improve rich results.,no 'potentialAction','potentialAction' property on WebSite,Add the properties listed in Current value.,WebSite 'Semicolon',,200,yes,Structured Data Report
http://localhost:3000/blog/computer-vision-pytorch-opencv-industrial-iot,Optimization,P3 - improve,Completeness,Organization missing recommended properties,A schema object lacks recommended properties that improve rich results.,no 'sameAs','sameAs' property on Organization,Add the properties listed in Current value.,Organization 'Semicolon',,200,yes,Structured Data Report
http://localhost:3000/blog/computer-vision-pytorch-opencv-industrial-iot,Optimization,P3 - improve,Completeness,Organization missing recommended properties,A schema object lacks recommended properties that improve rich results.,no 'contactPoint','contactPoint' property on Organization,Add the properties listed in Current value.,Organization 'Semicolon',,200,yes,Structured Data Report
http://localhost:3000/blog/computer-vision-pytorch-opencv-industrial-iot,Optimization,P3 - improve,Completeness,WebSite missing recommended properties,A schema object lacks recommended properties that improve rich results.,no 'potentialAction','potentialAction' property on WebSite,Add the properties listed in Current value.,WebSite 'Semicolon',,200,yes,Structured Data Report
http://localhost:3000/blog/css-container-queries-modular-responsive-design,Optimization,P3 - improve,Completeness,Organization missing recommended properties,A schema object lacks recommended properties that improve rich results.,no 'sameAs','sameAs' property on Organization,Add the properties listed in Current value.,Organization 'Semicolon',,200,yes,Structured Data Report
http://localhost:3000/blog/css-container-queries-modular-responsive-design,Optimization,P3 - improve,Completeness,Organization missing recommended properties,A schema object lacks recommended properties that improve rich results.,no 'contactPoint','contactPoint' property on Organization,Add the properties listed in Current value.,Organization 'Semicolon',,200,yes,Structured Data Report
http://localhost:3000/blog/css-container-queries-modular-responsive-design,Optimization,P3 - improve,Completeness,WebSite missing recommended properties,A schema object lacks recommended properties that improve rich results.,no 'potentialAction','potentialAction' property on WebSite,Add the properties listed in Current value.,WebSite 'Semicolon',,200,yes,Structured Data Report
http://localhost:3000/blog/cypress-testing-best-practices-component-vs-e2e,Optimization,P3 - improve,Completeness,Organization missing recommended properties,A schema object lacks recommended properties that improve rich results.,no 'sameAs','sameAs' property on Organization,Add the properties listed in Current value.,Organization 'Semicolon',,200,yes,Structured Data Report
http://localhost:3000/blog/cypress-testing-best-practices-component-vs-e2e,Optimization,P3 - improve,Completeness,Organization missing recommended properties,A schema object lacks recommended properties that improve rich results.,no 'contactPoint','contactPoint' property on Organization,Add the properties listed in Current value.,Organization 'Semicolon',,200,yes,Structured Data Report
http://localhost:3000/blog/cypress-testing-best-practices-component-vs-e2e,Optimization,P3 - improve,Completeness,WebSite missing recommended properties,A schema object lacks recommended properties that improve rich results.,no 'potentialAction','potentialAction' property on WebSite,Add the properties listed in Current value.,WebSite 'Semicolon',,200,yes,Structured Data Report
http://localhost:3000/blog/data-encryption-at-rest-and-in-transit-envelope-encryption,Optimization,P3 - improve,Completeness,Organization missing recommended properties,A schema object lacks recommended properties that improve rich results.,no 'sameAs','sameAs' property on Organization,Add the properties listed in Current value.,Organization 'Semicolon',,200,yes,Structured Data Report
http://localhost:3000/blog/data-encryption-at-rest-and-in-transit-envelope-encryption,Optimization,P3 - improve,Completeness,Organization missing recommended properties,A schema object lacks recommended properties that improve rich results.,no 'contactPoint','contactPoint' property on Organization,Add the properties listed in Current value.,Organization 'Semicolon',,200,yes,Structured Data Report
http://localhost:3000/blog/data-encryption-at-rest-and-in-transit-envelope-encryption,Optimization,P3 - improve,Completeness,WebSite missing recommended properties,A schema object lacks recommended properties that improve rich results.,no 'potentialAction','potentialAction' property on WebSite,Add the properties listed in Current value.,WebSite 'Semicolon',,200,yes,Structured Data Report
http://localhost:3000/blog/data-lakes-vs-data-warehouses-vs-lakehouses-explained,Optimization,P3 - improve,Completeness,Organization missing recommended properties,A schema object lacks recommended properties that improve rich results.,no 'sameAs','sameAs' property on Organization,Add the properties listed in Current value.,Organization 'Semicolon',,200,yes,Structured Data Report
http://localhost:3000/blog/data-lakes-vs-data-warehouses-vs-lakehouses-explained,Optimization,P3 - improve,Completeness,Organization missing recommended properties,A schema object lacks recommended properties that improve rich results.,no 'contactPoint','contactPoint' property on Organization,Add the properties listed in Current value.,Organization 'Semicolon',,200,yes,Structured Data Report
http://localhost:3000/blog/data-lakes-vs-data-warehouses-vs-lakehouses-explained,Optimization,P3 - improve,Completeness,WebSite missing recommended properties,A schema object lacks recommended properties that improve rich results.,no 'potentialAction','potentialAction' property on WebSite,Add the properties listed in Current value.,WebSite 'Semicolon',,200,yes,Structured Data Report
http://localhost:3000/blog/ddos-mitigation-strategies-high-traffic-infrastructure,Optimization,P3 - improve,Completeness,Organization missing recommended properties,A schema object lacks recommended properties that improve rich results.,no 'sameAs','sameAs' property on Organization,Add the properties listed in Current value.,Organization 'Semicolon',,200,yes,Structured Data Report
http://localhost:3000/blog/ddos-mitigation-strategies-high-traffic-infrastructure,Optimization,P3 - improve,Completeness,Organization missing recommended properties,A schema object lacks recommended properties that improve rich results.,no 'contactPoint','contactPoint' property on Organization,Add the properties listed in Current value.,Organization 'Semicolon',,200,yes,Structured Data Report
http://localhost:3000/blog/ddos-mitigation-strategies-high-traffic-infrastructure,Optimization,P3 - improve,Completeness,WebSite missing recommended properties,A schema object lacks recommended properties that improve rich results.,no 'potentialAction','potentialAction' property on WebSite,Add the properties listed in Current value.,WebSite 'Semicolon',,200,yes,Structured Data Report
http://localhost:3000/blog/deep-linking-universal-links-mobile-attribution,Optimization,P3 - improve,Completeness,Organization missing recommended properties,A schema object lacks recommended properties that improve rich results.,no 'sameAs','sameAs' property on Organization,Add the properties listed in Current value.,Organization 'Semicolon',,200,yes,Structured Data Report
http://localhost:3000/blog/deep-linking-universal-links-mobile-attribution,Optimization,P3 - improve,Completeness,Organization missing recommended properties,A schema object lacks recommended properties that improve rich results.,no 'contactPoint','contactPoint' property on Organization,Add the properties listed in Current value.,Organization 'Semicolon',,200,yes,Structured Data Report
http://localhost:3000/blog/deep-linking-universal-links-mobile-attribution,Optimization,P3 - improve,Completeness,WebSite missing recommended properties,A schema object lacks recommended properties that improve rich results.,no 'potentialAction','potentialAction' property on WebSite,Add the properties listed in Current value.,WebSite 'Semicolon',,200,yes,Structured Data Report
http://localhost:3000/blog/design-systems-with-storybook-design-tokens,Optimization,P3 - improve,Completeness,Organization missing recommended properties,A schema object lacks recommended properties that improve rich results.,no 'sameAs','sameAs' property on Organization,Add the properties listed in Current value.,Organization 'Semicolon',,200,yes,Structured Data Report
http://localhost:3000/blog/design-systems-with-storybook-design-tokens,Optimization,P3 - improve,Completeness,Organization missing recommended properties,A schema object lacks recommended properties that improve rich results.,no 'contactPoint','contactPoint' property on Organization,Add the properties listed in Current value.,Organization 'Semicolon',,200,yes,Structured Data Report
http://localhost:3000/blog/design-systems-with-storybook-design-tokens,Optimization,P3 - improve,Completeness,WebSite missing recommended properties,A schema object lacks recommended properties that improve rich results.,no 'potentialAction','potentialAction' property on WebSite,Add the properties listed in Current value.,WebSite 'Semicolon',,200,yes,Structured Data Report
http://localhost:3000/blog/designing-for-dark-mode-contrast-ratios-color-tokens,Optimization,P3 - improve,Completeness,Organization missing recommended properties,A schema object lacks recommended properties that improve rich results.,no 'sameAs','sameAs' property on Organization,Add the properties listed in Current value.,Organization 'Semicolon',,200,yes,Structured Data Report
http://localhost:3000/blog/designing-for-dark-mode-contrast-ratios-color-tokens,Optimization,P3 - improve,Completeness,Organization missing recommended properties,A schema object lacks recommended properties that improve rich results.,no 'contactPoint','contactPoint' property on Organization,Add the properties listed in Current value.,Organization 'Semicolon',,200,yes,Structured Data Report
http://localhost:3000/blog/designing-for-dark-mode-contrast-ratios-color-tokens,Optimization,P3 - improve,Completeness,WebSite missing recommended properties,A schema object lacks recommended properties that improve rich results.,no 'potentialAction','potentialAction' property on WebSite,Add the properties listed in Current value.,WebSite 'Semicolon',,200,yes,Structured Data Report
http://localhost:3000/blog/designing-resilient-rest-apis-idempotency-rate-limiting,Optimization,P3 - improve,Completeness,Organization missing recommended properties,A schema object lacks recommended properties that improve rich results.,no 'sameAs','sameAs' property on Organization,Add the properties listed in Current value.,Organization 'Semicolon',,200,yes,Structured Data Report
http://localhost:3000/blog/designing-resilient-rest-apis-idempotency-rate-limiting,Optimization,P3 - improve,Completeness,Organization missing recommended properties,A schema object lacks recommended properties that improve rich results.,no 'contactPoint','contactPoint' property on Organization,Add the properties listed in Current value.,Organization 'Semicolon',,200,yes,Structured Data Report
http://localhost:3000/blog/designing-resilient-rest-apis-idempotency-rate-limiting,Optimization,P3 - improve,Completeness,WebSite missing recommended properties,A schema object lacks recommended properties that improve rich results.,no 'potentialAction','potentialAction' property on WebSite,Add the properties listed in Current value.,WebSite 'Semicolon',,200,yes,Structured Data Report
http://localhost:3000/blog/devsecops-automated-security-guardrails-cicd,Optimization,P3 - improve,Completeness,Organization missing recommended properties,A schema object lacks recommended properties that improve rich results.,no 'sameAs','sameAs' property on Organization,Add the properties listed in Current value.,Organization 'Semicolon',,200,yes,Structured Data Report
http://localhost:3000/blog/devsecops-automated-security-guardrails-cicd,Optimization,P3 - improve,Completeness,Organization missing recommended properties,A schema object lacks recommended properties that improve rich results.,no 'contactPoint','contactPoint' property on Organization,Add the properties listed in Current value.,Organization 'Semicolon',,200,yes,Structured Data Report
http://localhost:3000/blog/devsecops-automated-security-guardrails-cicd,Optimization,P3 - improve,Completeness,WebSite missing recommended properties,A schema object lacks recommended properties that improve rich results.,no 'potentialAction','potentialAction' property on WebSite,Add the properties listed in Current value.,WebSite 'Semicolon',,200,yes,Structured Data Report
http://localhost:3000/blog/diffusion-models-beyond-images-audio-chemistry,Optimization,P3 - improve,Completeness,Organization missing recommended properties,A schema object lacks recommended properties that improve rich results.,no 'sameAs','sameAs' property on Organization,Add the properties listed in Current value.,Organization 'Semicolon',,200,yes,Structured Data Report
http://localhost:3000/blog/diffusion-models-beyond-images-audio-chemistry,Optimization,P3 - improve,Completeness,Organization missing recommended properties,A schema object lacks recommended properties that improve rich results.,no 'contactPoint','contactPoint' property on Organization,Add the properties listed in Current value.,Organization 'Semicolon',,200,yes,Structured Data Report
http://localhost:3000/blog/diffusion-models-beyond-images-audio-chemistry,Optimization,P3 - improve,Completeness,WebSite missing recommended properties,A schema object lacks recommended properties that improve rich results.,no 'potentialAction','potentialAction' property on WebSite,Add the properties listed in Current value.,WebSite 'Semicolon',,200,yes,Structured Data Report
http://localhost:3000/blog/distributed-caching-redis-cluster-stampede-prevention,Optimization,P3 - improve,Completeness,Organization missing recommended properties,A schema object lacks recommended properties that improve rich results.,no 'sameAs','sameAs' property on Organization,Add the properties listed in Current value.,Organization 'Semicolon',,200,yes,Structured Data Report
http://localhost:3000/blog/distributed-caching-redis-cluster-stampede-prevention,Optimization,P3 - improve,Completeness,Organization missing recommended properties,A schema object lacks recommended properties that improve rich results.,no 'contactPoint','contactPoint' property on Organization,Add the properties listed in Current value.,Organization 'Semicolon',,200,yes,Structured Data Report
http://localhost:3000/blog/distributed-caching-redis-cluster-stampede-prevention,Optimization,P3 - improve,Completeness,WebSite missing recommended properties,A schema object lacks recommended properties that improve rich results.,no 'potentialAction','potentialAction' property on WebSite,Add the properties listed in Current value.,WebSite 'Semicolon',,200,yes,Structured Data Report
http://localhost:3000/blog/django-5-in-production-async-orm-reusable-apps,Optimization,P3 - improve,Completeness,Organization missing recommended properties,A schema object lacks recommended properties that improve rich results.,no 'sameAs','sameAs' property on Organization,Add the properties listed in Current value.,Organization 'Semicolon',,200,yes,Structured Data Report
http://localhost:3000/blog/django-5-in-production-async-orm-reusable-apps,Optimization,P3 - improve,Completeness,Organization missing recommended properties,A schema object lacks recommended properties that improve rich results.,no 'contactPoint','contactPoint' property on Organization,Add the properties listed in Current value.,Organization 'Semicolon',,200,yes,Structured Data Report
http://localhost:3000/blog/django-5-in-production-async-orm-reusable-apps,Optimization,P3 - improve,Completeness,WebSite missing recommended properties,A schema object lacks recommended properties that improve rich results.,no 'potentialAction','potentialAction' property on WebSite,Add the properties listed in Current value.,WebSite 'Semicolon',,200,yes,Structured Data Report
http://localhost:3000/blog/docker-container-security-distroless-rootless-daemons,Optimization,P3 - improve,Completeness,Organization missing recommended properties,A schema object lacks recommended properties that improve rich results.,no 'sameAs','sameAs' property on Organization,Add the properties listed in Current value.,Organization 'Semicolon',,200,yes,Structured Data Report
http://localhost:3000/blog/docker-container-security-distroless-rootless-daemons,Optimization,P3 - improve,Completeness,Organization missing recommended properties,A schema object lacks recommended properties that improve rich results.,no 'contactPoint','contactPoint' property on Organization,Add the properties listed in Current value.,Organization 'Semicolon',,200,yes,Structured Data Report
http://localhost:3000/blog/docker-container-security-distroless-rootless-daemons,Optimization,P3 - improve,Completeness,WebSite missing recommended properties,A schema object lacks recommended properties that improve rich results.,no 'potentialAction','potentialAction' property on WebSite,Add the properties listed in Current value.,WebSite 'Semicolon',,200,yes,Structured Data Report
http://localhost:3000/blog/edge-ai-running-small-language-models-locally,Optimization,P3 - improve,Completeness,Organization missing recommended properties,A schema object lacks recommended properties that improve rich results.,no 'sameAs','sameAs' property on Organization,Add the properties listed in Current value.,Organization 'Semicolon',,200,yes,Structured Data Report
http://localhost:3000/blog/edge-ai-running-small-language-models-locally,Optimization,P3 - improve,Completeness,Organization missing recommended properties,A schema object lacks recommended properties that improve rich results.,no 'contactPoint','contactPoint' property on Organization,Add the properties listed in Current value.,Organization 'Semicolon',,200,yes,Structured Data Report
http://localhost:3000/blog/edge-ai-running-small-language-models-locally,Optimization,P3 - improve,Completeness,WebSite missing recommended properties,A schema object lacks recommended properties that improve rich results.,no 'potentialAction','potentialAction' property on WebSite,Add the properties listed in Current value.,WebSite 'Semicolon',,200,yes,Structured Data Report
http://localhost:3000/blog/elasticsearch-vs-opensearch-full-text-search-relevance,Optimization,P3 - improve,Completeness,Organization missing recommended properties,A schema object lacks recommended properties that improve rich results.,no 'sameAs','sameAs' property on Organization,Add the properties listed in Current value.,Organization 'Semicolon',,200,yes,Structured Data Report
http://localhost:3000/blog/elasticsearch-vs-opensearch-full-text-search-relevance,Optimization,P3 - improve,Completeness,Organization missing recommended properties,A schema object lacks recommended properties that improve rich results.,no 'contactPoint','contactPoint' property on Organization,Add the properties listed in Current value.,Organization 'Semicolon',,200,yes,Structured Data Report
http://localhost:3000/blog/elasticsearch-vs-opensearch-full-text-search-relevance,Optimization,P3 - improve,Completeness,WebSite missing recommended properties,A schema object lacks recommended properties that improve rich results.,no 'potentialAction','potentialAction' property on WebSite,Add the properties listed in Current value.,WebSite 'Semicolon',,200,yes,Structured Data Report
http://localhost:3000/blog/end-to-end-testing-with-playwright-parallel-execution,Optimization,P3 - improve,Completeness,Organization missing recommended properties,A schema object lacks recommended properties that improve rich results.,no 'sameAs','sameAs' property on Organization,Add the properties listed in Current value.,Organization 'Semicolon',,200,yes,Structured Data Report
http://localhost:3000/blog/end-to-end-testing-with-playwright-parallel-execution,Optimization,P3 - improve,Completeness,Organization missing recommended properties,A schema object lacks recommended properties that improve rich results.,no 'contactPoint','contactPoint' property on Organization,Add the properties listed in Current value.,Organization 'Semicolon',,200,yes,Structured Data Report
http://localhost:3000/blog/end-to-end-testing-with-playwright-parallel-execution,Optimization,P3 - improve,Completeness,WebSite missing recommended properties,A schema object lacks recommended properties that improve rich results.,no 'potentialAction','potentialAction' property on WebSite,Add the properties listed in Current value.,WebSite 'Semicolon',,200,yes,Structured Data Report
http://localhost:3000/blog/end-to-end-type-safety-with-trpc-prisma-zod,Optimization,P3 - improve,Completeness,Organization missing recommended properties,A schema object lacks recommended properties that improve rich results.,no 'sameAs','sameAs' property on Organization,Add the properties listed in Current value.,Organization 'Semicolon',,200,yes,Structured Data Report
http://localhost:3000/blog/end-to-end-type-safety-with-trpc-prisma-zod,Optimization,P3 - improve,Completeness,Organization missing recommended properties,A schema object lacks recommended properties that improve rich results.,no 'contactPoint','contactPoint' property on Organization,Add the properties listed in Current value.,Organization 'Semicolon',,200,yes,Structured Data Report
http://localhost:3000/blog/end-to-end-type-safety-with-trpc-prisma-zod,Optimization,P3 - improve,Completeness,WebSite missing recommended properties,A schema object lacks recommended properties that improve rich results.,no 'potentialAction','potentialAction' property on WebSite,Add the properties listed in Current value.,WebSite 'Semicolon',,200,yes,Structured Data Report
http://localhost:3000/blog/event-driven-architecture-apache-kafka,Optimization,P3 - improve,Completeness,Organization missing recommended properties,A schema object lacks recommended properties that improve rich results.,no 'sameAs','sameAs' property on Organization,Add the properties listed in Current value.,Organization 'Semicolon',,200,yes,Structured Data Report
http://localhost:3000/blog/event-driven-architecture-apache-kafka,Optimization,P3 - improve,Completeness,Organization missing recommended properties,A schema object lacks recommended properties that improve rich results.,no 'contactPoint','contactPoint' property on Organization,Add the properties listed in Current value.,Organization 'Semicolon',,200,yes,Structured Data Report
http://localhost:3000/blog/event-driven-architecture-apache-kafka,Optimization,P3 - improve,Completeness,WebSite missing recommended properties,A schema object lacks recommended properties that improve rich results.,no 'potentialAction','potentialAction' property on WebSite,Add the properties listed in Current value.,WebSite 'Semicolon',,200,yes,Structured Data Report
http://localhost:3000/blog/figma-to-code-design-systems-tokens-dev-mode,Optimization,P3 - improve,Completeness,Organization missing recommended properties,A schema object lacks recommended properties that improve rich results.,no 'sameAs','sameAs' property on Organization,Add the properties listed in Current value.,Organization 'Semicolon',,200,yes,Structured Data Report
http://localhost:3000/blog/figma-to-code-design-systems-tokens-dev-mode,Optimization,P3 - improve,Completeness,Organization missing recommended properties,A schema object lacks recommended properties that improve rich results.,no 'contactPoint','contactPoint' property on Organization,Add the properties listed in Current value.,Organization 'Semicolon',,200,yes,Structured Data Report
http://localhost:3000/blog/figma-to-code-design-systems-tokens-dev-mode,Optimization,P3 - improve,Completeness,WebSite missing recommended properties,A schema object lacks recommended properties that improve rich results.,no 'potentialAction','potentialAction' property on WebSite,Add the properties listed in Current value.,WebSite 'Semicolon',,200,yes,Structured Data Report
http://localhost:3000/blog/fine-tuning-open-source-llms-llama-3-mistral,Optimization,P3 - improve,Completeness,Organization missing recommended properties,A schema object lacks recommended properties that improve rich results.,no 'sameAs','sameAs' property on Organization,Add the properties listed in Current value.,Organization 'Semicolon',,200,yes,Structured Data Report
http://localhost:3000/blog/fine-tuning-open-source-llms-llama-3-mistral,Optimization,P3 - improve,Completeness,Organization missing recommended properties,A schema object lacks recommended properties that improve rich results.,no 'contactPoint','contactPoint' property on Organization,Add the properties listed in Current value.,Organization 'Semicolon',,200,yes,Structured Data Report
http://localhost:3000/blog/fine-tuning-open-source-llms-llama-3-mistral,Optimization,P3 - improve,Completeness,WebSite missing recommended properties,A schema object lacks recommended properties that improve rich results.,no 'potentialAction','potentialAction' property on WebSite,Add the properties listed in Current value.,WebSite 'Semicolon',,200,yes,Structured Data Report
http://localhost:3000/blog/flutter-3-22-vs-react-native-0-74-architecture-comparison,Optimization,P3 - improve,Completeness,Organization missing recommended properties,A schema object lacks recommended properties that improve rich results.,no 'sameAs','sameAs' property on Organization,Add the properties listed in Current value.,Organization 'Semicolon',,200,yes,Structured Data Report
http://localhost:3000/blog/flutter-3-22-vs-react-native-0-74-architecture-comparison,Optimization,P3 - improve,Completeness,Organization missing recommended properties,A schema object lacks recommended properties that improve rich results.,no 'contactPoint','contactPoint' property on Organization,Add the properties listed in Current value.,Organization 'Semicolon',,200,yes,Structured Data Report
http://localhost:3000/blog/flutter-3-22-vs-react-native-0-74-architecture-comparison,Optimization,P3 - improve,Completeness,WebSite missing recommended properties,A schema object lacks recommended properties that improve rich results.,no 'potentialAction','potentialAction' property on WebSite,Add the properties listed in Current value.,WebSite 'Semicolon',,200,yes,Structured Data Report
http://localhost:3000/blog/framer-motion-recipes-premium-web-interactions,Optimization,P3 - improve,Completeness,Organization missing recommended properties,A schema object lacks recommended properties that improve rich results.,no 'sameAs','sameAs' property on Organization,Add the properties listed in Current value.,Organization 'Semicolon',,200,yes,Structured Data Report
http://localhost:3000/blog/framer-motion-recipes-premium-web-interactions,Optimization,P3 - improve,Completeness,Organization missing recommended properties,A schema object lacks recommended properties that improve rich results.,no 'contactPoint','contactPoint' property on Organization,Add the properties listed in Current value.,Organization 'Semicolon',,200,yes,Structured Data Report
http://localhost:3000/blog/framer-motion-recipes-premium-web-interactions,Optimization,P3 - improve,Completeness,WebSite missing recommended properties,A schema object lacks recommended properties that improve rich results.,no 'potentialAction','potentialAction' property on WebSite,Add the properties listed in Current value.,WebSite 'Semicolon',,200,yes,Structured Data Report
http://localhost:3000/blog/gitops-with-argocd-continuous-delivery-kubernetes,Optimization,P3 - improve,Completeness,Organization missing recommended properties,A schema object lacks recommended properties that improve rich results.,no 'sameAs','sameAs' property on Organization,Add the properties listed in Current value.,Organization 'Semicolon',,200,yes,Structured Data Report
http://localhost:3000/blog/gitops-with-argocd-continuous-delivery-kubernetes,Optimization,P3 - improve,Completeness,Organization missing recommended properties,A schema object lacks recommended properties that improve rich results.,no 'contactPoint','contactPoint' property on Organization,Add the properties listed in Current value.,Organization 'Semicolon',,200,yes,Structured Data Report
http://localhost:3000/blog/gitops-with-argocd-continuous-delivery-kubernetes,Optimization,P3 - improve,Completeness,WebSite missing recommended properties,A schema object lacks recommended properties that improve rich results.,no 'potentialAction','potentialAction' property on WebSite,Add the properties listed in Current value.,WebSite 'Semicolon',,200,yes,Structured Data Report
http://localhost:3000/blog/google-cloud-gke-enterprise-multi-cluster,Optimization,P3 - improve,Completeness,Organization missing recommended properties,A schema object lacks recommended properties that improve rich results.,no 'sameAs','sameAs' property on Organization,Add the properties listed in Current value.,Organization 'Semicolon',,200,yes,Structured Data Report
http://localhost:3000/blog/google-cloud-gke-enterprise-multi-cluster,Optimization,P3 - improve,Completeness,Organization missing recommended properties,A schema object lacks recommended properties that improve rich results.,no 'contactPoint','contactPoint' property on Organization,Add the properties listed in Current value.,Organization 'Semicolon',,200,yes,Structured Data Report
http://localhost:3000/blog/google-cloud-gke-enterprise-multi-cluster,Optimization,P3 - improve,Completeness,WebSite missing recommended properties,A schema object lacks recommended properties that improve rich results.,no 'potentialAction','potentialAction' property on WebSite,Add the properties listed in Current value.,WebSite 'Semicolon',,200,yes,Structured Data Report
http://localhost:3000/blog/graph-neural-networks-for-fintech-fraud-detection,Optimization,P3 - improve,Completeness,Organization missing recommended properties,A schema object lacks recommended properties that improve rich results.,no 'sameAs','sameAs' property on Organization,Add the properties listed in Current value.,Organization 'Semicolon',,200,yes,Structured Data Report
http://localhost:3000/blog/graph-neural-networks-for-fintech-fraud-detection,Optimization,P3 - improve,Completeness,Organization missing recommended properties,A schema object lacks recommended properties that improve rich results.,no 'contactPoint','contactPoint' property on Organization,Add the properties listed in Current value.,Organization 'Semicolon',,200,yes,Structured Data Report
http://localhost:3000/blog/graph-neural-networks-for-fintech-fraud-detection,Optimization,P3 - improve,Completeness,WebSite missing recommended properties,A schema object lacks recommended properties that improve rich results.,no 'potentialAction','potentialAction' property on WebSite,Add the properties listed in Current value.,WebSite 'Semicolon',,200,yes,Structured Data Report
http://localhost:3000/blog/graphql-federation-scalable-schema-stitching,Optimization,P3 - improve,Completeness,Organization missing recommended properties,A schema object lacks recommended properties that improve rich results.,no 'sameAs','sameAs' property on Organization,Add the properties listed in Current value.,Organization 'Semicolon',,200,yes,Structured Data Report
http://localhost:3000/blog/graphql-federation-scalable-schema-stitching,Optimization,P3 - improve,Completeness,Organization missing recommended properties,A schema object lacks recommended properties that improve rich results.,no 'contactPoint','contactPoint' property on Organization,Add the properties listed in Current value.,Organization 'Semicolon',,200,yes,Structured Data Report
http://localhost:3000/blog/graphql-federation-scalable-schema-stitching,Optimization,P3 - improve,Completeness,WebSite missing recommended properties,A schema object lacks recommended properties that improve rich results.,no 'potentialAction','potentialAction' property on WebSite,Add the properties listed in Current value.,WebSite 'Semicolon',,200,yes,Structured Data Report
http://localhost:3000/blog/headless-cms-integration-contentful-sanity-strapi,Optimization,P3 - improve,Completeness,Organization missing recommended properties,A schema object lacks recommended properties that improve rich results.,no 'sameAs','sameAs' property on Organization,Add the properties listed in Current value.,Organization 'Semicolon',,200,yes,Structured Data Report
http://localhost:3000/blog/headless-cms-integration-contentful-sanity-strapi,Optimization,P3 - improve,Completeness,Organization missing recommended properties,A schema object lacks recommended properties that improve rich results.,no 'contactPoint','contactPoint' property on Organization,Add the properties listed in Current value.,Organization 'Semicolon',,200,yes,Structured Data Report
http://localhost:3000/blog/headless-cms-integration-contentful-sanity-strapi,Optimization,P3 - improve,Completeness,WebSite missing recommended properties,A schema object lacks recommended properties that improve rich results.,no 'potentialAction','potentialAction' property on WebSite,Add the properties listed in Current value.,WebSite 'Semicolon',,200,yes,Structured Data Report
http://localhost:3000/blog/headless-shopify-nextjs-commerce-storefront-api,Optimization,P3 - improve,Completeness,Organization missing recommended properties,A schema object lacks recommended properties that improve rich results.,no 'sameAs','sameAs' property on Organization,Add the properties listed in Current value.,Organization 'Semicolon',,200,yes,Structured Data Report
http://localhost:3000/blog/headless-shopify-nextjs-commerce-storefront-api,Optimization,P3 - improve,Completeness,Organization missing recommended properties,A schema object lacks recommended properties that improve rich results.,no 'contactPoint','contactPoint' property on Organization,Add the properties listed in Current value.,Organization 'Semicolon',,200,yes,Structured Data Report
http://localhost:3000/blog/headless-shopify-nextjs-commerce-storefront-api,Optimization,P3 - improve,Completeness,WebSite missing recommended properties,A schema object lacks recommended properties that improve rich results.,no 'potentialAction','potentialAction' property on WebSite,Add the properties listed in Current value.,WebSite 'Semicolon',,200,yes,Structured Data Report
http://localhost:3000/blog/high-throughput-microservices-go-grpc,Optimization,P3 - improve,Completeness,Organization missing recommended properties,A schema object lacks recommended properties that improve rich results.,no 'sameAs','sameAs' property on Organization,Add the properties listed in Current value.,Organization 'Semicolon',,200,yes,Structured Data Report
http://localhost:3000/blog/high-throughput-microservices-go-grpc,Optimization,P3 - improve,Completeness,Organization missing recommended properties,A schema object lacks recommended properties that improve rich results.,no 'contactPoint','contactPoint' property on Organization,Add the properties listed in Current value.,Organization 'Semicolon',,200,yes,Structured Data Report
http://localhost:3000/blog/high-throughput-microservices-go-grpc,Optimization,P3 - improve,Completeness,WebSite missing recommended properties,A schema object lacks recommended properties that improve rich results.,no 'potentialAction','potentialAction' property on WebSite,Add the properties listed in Current value.,WebSite 'Semicolon',,200,yes,Structured Data Report
http://localhost:3000/blog/hybrid-cloud-networking-vpn-wireguard,Optimization,P3 - improve,Completeness,Organization missing recommended properties,A schema object lacks recommended properties that improve rich results.,no 'sameAs','sameAs' property on Organization,Add the properties listed in Current value.,Organization 'Semicolon',,200,yes,Structured Data Report
http://localhost:3000/blog/hybrid-cloud-networking-vpn-wireguard,Optimization,P3 - improve,Completeness,Organization missing recommended properties,A schema object lacks recommended properties that improve rich results.,no 'contactPoint','contactPoint' property on Organization,Add the properties listed in Current value.,Organization 'Semicolon',,200,yes,Structured Data Report
http://localhost:3000/blog/hybrid-cloud-networking-vpn-wireguard,Optimization,P3 - improve,Completeness,WebSite missing recommended properties,A schema object lacks recommended properties that improve rich results.,no 'potentialAction','potentialAction' property on WebSite,Add the properties listed in Current value.,WebSite 'Semicolon',,200,yes,Structured Data Report
http://localhost:3000/blog/in-app-purchases-subscription-architecture,Optimization,P3 - improve,Completeness,Organization missing recommended properties,A schema object lacks recommended properties that improve rich results.,no 'sameAs','sameAs' property on Organization,Add the properties listed in Current value.,Organization 'Semicolon',,200,yes,Structured Data Report
http://localhost:3000/blog/in-app-purchases-subscription-architecture,Optimization,P3 - improve,Completeness,Organization missing recommended properties,A schema object lacks recommended properties that improve rich results.,no 'contactPoint','contactPoint' property on Organization,Add the properties listed in Current value.,Organization 'Semicolon',,200,yes,Structured Data Report
http://localhost:3000/blog/in-app-purchases-subscription-architecture,Optimization,P3 - improve,Completeness,WebSite missing recommended properties,A schema object lacks recommended properties that improve rich results.,no 'potentialAction','potentialAction' property on WebSite,Add the properties listed in Current value.,WebSite 'Semicolon',,200,yes,Structured Data Report
http://localhost:3000/blog/jetpack-compose-android-recomposition-optimization,Optimization,P3 - improve,Completeness,Organization missing recommended properties,A schema object lacks recommended properties that improve rich results.,no 'sameAs','sameAs' property on Organization,Add the properties listed in Current value.,Organization 'Semicolon',,200,yes,Structured Data Report
http://localhost:3000/blog/jetpack-compose-android-recomposition-optimization,Optimization,P3 - improve,Completeness,Organization missing recommended properties,A schema object lacks recommended properties that improve rich results.,no 'contactPoint','contactPoint' property on Organization,Add the properties listed in Current value.,Organization 'Semicolon',,200,yes,Structured Data Report
http://localhost:3000/blog/jetpack-compose-android-recomposition-optimization,Optimization,P3 - improve,Completeness,WebSite missing recommended properties,A schema object lacks recommended properties that improve rich results.,no 'potentialAction','potentialAction' property on WebSite,Add the properties listed in Current value.,WebSite 'Semicolon',,200,yes,Structured Data Report
http://localhost:3000/blog/kotlin-multiplatform-kmp-sharing-logic-ios-android,Optimization,P3 - improve,Completeness,Organization missing recommended properties,A schema object lacks recommended properties that improve rich results.,no 'sameAs','sameAs' property on Organization,Add the properties listed in Current value.,Organization 'Semicolon',,200,yes,Structured Data Report
http://localhost:3000/blog/kotlin-multiplatform-kmp-sharing-logic-ios-android,Optimization,P3 - improve,Completeness,Organization missing recommended properties,A schema object lacks recommended properties that improve rich results.,no 'contactPoint','contactPoint' property on Organization,Add the properties listed in Current value.,Organization 'Semicolon',,200,yes,Structured Data Report
http://localhost:3000/blog/kotlin-multiplatform-kmp-sharing-logic-ios-android,Optimization,P3 - improve,Completeness,WebSite missing recommended properties,A schema object lacks recommended properties that improve rich results.,no 'potentialAction','potentialAction' property on WebSite,Add the properties listed in Current value.,WebSite 'Semicolon',,200,yes,Structured Data Report
http://localhost:3000/blog/kubernetes-cost-optimization-with-karpenter,Optimization,P3 - improve,Completeness,Organization missing recommended properties,A schema object lacks recommended properties that improve rich results.,no 'sameAs','sameAs' property on Organization,Add the properties listed in Current value.,Organization 'Semicolon',,200,yes,Structured Data Report
http://localhost:3000/blog/kubernetes-cost-optimization-with-karpenter,Optimization,P3 - improve,Completeness,Organization missing recommended properties,A schema object lacks recommended properties that improve rich results.,no 'contactPoint','contactPoint' property on Organization,Add the properties listed in Current value.,Organization 'Semicolon',,200,yes,Structured Data Report
http://localhost:3000/blog/kubernetes-cost-optimization-with-karpenter,Optimization,P3 - improve,Completeness,WebSite missing recommended properties,A schema object lacks recommended properties that improve rich results.,no 'potentialAction','potentialAction' property on WebSite,Add the properties listed in Current value.,WebSite 'Semicolon',,200,yes,Structured Data Report
http://localhost:3000/blog/local-llm-agents-on-raspberry-pi-nvidia-jetson,Optimization,P3 - improve,Completeness,Organization missing recommended properties,A schema object lacks recommended properties that improve rich results.,no 'sameAs','sameAs' property on Organization,Add the properties listed in Current value.,Organization 'Semicolon',,200,yes,Structured Data Report
http://localhost:3000/blog/local-llm-agents-on-raspberry-pi-nvidia-jetson,Optimization,P3 - improve,Completeness,Organization missing recommended properties,A schema object lacks recommended properties that improve rich results.,no 'contactPoint','contactPoint' property on Organization,Add the properties listed in Current value.,Organization 'Semicolon',,200,yes,Structured Data Report
http://localhost:3000/blog/local-llm-agents-on-raspberry-pi-nvidia-jetson,Optimization,P3 - improve,Completeness,WebSite missing recommended properties,A schema object lacks recommended properties that improve rich results.,no 'potentialAction','potentialAction' property on WebSite,Add the properties listed in Current value.,WebSite 'Semicolon',,200,yes,Structured Data Report
http://localhost:3000/blog/mastering-nextjs-15-server-components-turbopack,Optimization,P3 - improve,Completeness,Organization missing recommended properties,A schema object lacks recommended properties that improve rich results.,no 'sameAs','sameAs' property on Organization,Add the properties listed in Current value.,Organization 'Semicolon',,200,yes,Structured Data Report
http://localhost:3000/blog/mastering-nextjs-15-server-components-turbopack,Optimization,P3 - improve,Completeness,Organization missing recommended properties,A schema object lacks recommended properties that improve rich results.,no 'contactPoint','contactPoint' property on Organization,Add the properties listed in Current value.,Organization 'Semicolon',,200,yes,Structured Data Report
http://localhost:3000/blog/mastering-nextjs-15-server-components-turbopack,Optimization,P3 - improve,Completeness,WebSite missing recommended properties,A schema object lacks recommended properties that improve rich results.,no 'potentialAction','potentialAction' property on WebSite,Add the properties listed in Current value.,WebSite 'Semicolon',,200,yes,Structured Data Report
http://localhost:3000/blog/micro-frontends-module-federation-2026,Optimization,P3 - improve,Completeness,Organization missing recommended properties,A schema object lacks recommended properties that improve rich results.,no 'sameAs','sameAs' property on Organization,Add the properties listed in Current value.,Organization 'Semicolon',,200,yes,Structured Data Report
http://localhost:3000/blog/micro-frontends-module-federation-2026,Optimization,P3 - improve,Completeness,Organization missing recommended properties,A schema object lacks recommended properties that improve rich results.,no 'contactPoint','contactPoint' property on Organization,Add the properties listed in Current value.,Organization 'Semicolon',,200,yes,Structured Data Report
http://localhost:3000/blog/micro-frontends-module-federation-2026,Optimization,P3 - improve,Completeness,WebSite missing recommended properties,A schema object lacks recommended properties that improve rich results.,no 'potentialAction','potentialAction' property on WebSite,Add the properties listed in Current value.,WebSite 'Semicolon',,200,yes,Structured Data Report
http://localhost:3000/blog/micro-interactions-that-delight-users-ux-blueprint,Optimization,P3 - improve,Completeness,Organization missing recommended properties,A schema object lacks recommended properties that improve rich results.,no 'sameAs','sameAs' property on Organization,Add the properties listed in Current value.,Organization 'Semicolon',,200,yes,Structured Data Report
http://localhost:3000/blog/micro-interactions-that-delight-users-ux-blueprint,Optimization,P3 - improve,Completeness,Organization missing recommended properties,A schema object lacks recommended properties that improve rich results.,no 'contactPoint','contactPoint' property on Organization,Add the properties listed in Current value.,Organization 'Semicolon',,200,yes,Structured Data Report
http://localhost:3000/blog/micro-interactions-that-delight-users-ux-blueprint,Optimization,P3 - improve,Completeness,WebSite missing recommended properties,A schema object lacks recommended properties that improve rich results.,no 'potentialAction','potentialAction' property on WebSite,Add the properties listed in Current value.,WebSite 'Semicolon',,200,yes,Structured Data Report
http://localhost:3000/blog/mlops-best-practices-feature-stores-model-drift,Optimization,P3 - improve,Completeness,Organization missing recommended properties,A schema object lacks recommended properties that improve rich results.,no 'sameAs','sameAs' property on Organization,Add the properties listed in Current value.,Organization 'Semicolon',,200,yes,Structured Data Report
http://localhost:3000/blog/mlops-best-practices-feature-stores-model-drift,Optimization,P3 - improve,Completeness,Organization missing recommended properties,A schema object lacks recommended properties that improve rich results.,no 'contactPoint','contactPoint' property on Organization,Add the properties listed in Current value.,Organization 'Semicolon',,200,yes,Structured Data Report
http://localhost:3000/blog/mlops-best-practices-feature-stores-model-drift,Optimization,P3 - improve,Completeness,WebSite missing recommended properties,A schema object lacks recommended properties that improve rich results.,no 'potentialAction','potentialAction' property on WebSite,Add the properties listed in Current value.,WebSite 'Semicolon',,200,yes,Structured Data Report
http://localhost:3000/blog/mobile-security-certificate-pinning-biometrics-obfuscation,Optimization,P3 - improve,Completeness,Organization missing recommended properties,A schema object lacks recommended properties that improve rich results.,no 'sameAs','sameAs' property on Organization,Add the properties listed in Current value.,Organization 'Semicolon',,200,yes,Structured Data Report
http://localhost:3000/blog/mobile-security-certificate-pinning-biometrics-obfuscation,Optimization,P3 - improve,Completeness,Organization missing recommended properties,A schema object lacks recommended properties that improve rich results.,no 'contactPoint','contactPoint' property on Organization,Add the properties listed in Current value.,Organization 'Semicolon',,200,yes,Structured Data Report
http://localhost:3000/blog/mobile-security-certificate-pinning-biometrics-obfuscation,Optimization,P3 - improve,Completeness,WebSite missing recommended properties,A schema object lacks recommended properties that improve rich results.,no 'potentialAction','potentialAction' property on WebSite,Add the properties listed in Current value.,WebSite 'Semicolon',,200,yes,Structured Data Report
http://localhost:3000/blog/modern-headless-wordpress-graphql-nextjs-ssr,Optimization,P3 - improve,Completeness,Organization missing recommended properties,A schema object lacks recommended properties that improve rich results.,no 'sameAs','sameAs' property on Organization,Add the properties listed in Current value.,Organization 'Semicolon',,200,yes,Structured Data Report
http://localhost:3000/blog/modern-headless-wordpress-graphql-nextjs-ssr,Optimization,P3 - improve,Completeness,Organization missing recommended properties,A schema object lacks recommended properties that improve rich results.,no 'contactPoint','contactPoint' property on Organization,Add the properties listed in Current value.,Organization 'Semicolon',,200,yes,Structured Data Report
http://localhost:3000/blog/modern-headless-wordpress-graphql-nextjs-ssr,Optimization,P3 - improve,Completeness,WebSite missing recommended properties,A schema object lacks recommended properties that improve rich results.,no 'potentialAction','potentialAction' property on WebSite,Add the properties listed in Current value.,WebSite 'Semicolon',,200,yes,Structured Data Report
http://localhost:3000/blog/modern-monorepos-turborepo-bun-pnpm,Optimization,P3 - improve,Completeness,Organization missing recommended properties,A schema object lacks recommended properties that improve rich results.,no 'sameAs','sameAs' property on Organization,Add the properties listed in Current value.,Organization 'Semicolon',,200,yes,Structured Data Report
http://localhost:3000/blog/modern-monorepos-turborepo-bun-pnpm,Optimization,P3 - improve,Completeness,Organization missing recommended properties,A schema object lacks recommended properties that improve rich results.,no 'contactPoint','contactPoint' property on Organization,Add the properties listed in Current value.,Organization 'Semicolon',,200,yes,Structured Data Report
http://localhost:3000/blog/modern-monorepos-turborepo-bun-pnpm,Optimization,P3 - improve,Completeness,WebSite missing recommended properties,A schema object lacks recommended properties that improve rich results.,no 'potentialAction','potentialAction' property on WebSite,Add the properties listed in Current value.,WebSite 'Semicolon',,200,yes,Structured Data Report
http://localhost:3000/blog/mongodb-7-0-sharding-query-engine-atlas-search,Optimization,P3 - improve,Completeness,Organization missing recommended properties,A schema object lacks recommended properties that improve rich results.,no 'sameAs','sameAs' property on Organization,Add the properties listed in Current value.,Organization 'Semicolon',,200,yes,Structured Data Report
http://localhost:3000/blog/mongodb-7-0-sharding-query-engine-atlas-search,Optimization,P3 - improve,Completeness,Organization missing recommended properties,A schema object lacks recommended properties that improve rich results.,no 'contactPoint','contactPoint' property on Organization,Add the properties listed in Current value.,Organization 'Semicolon',,200,yes,Structured Data Report
http://localhost:3000/blog/mongodb-7-0-sharding-query-engine-atlas-search,Optimization,P3 - improve,Completeness,WebSite missing recommended properties,A schema object lacks recommended properties that improve rich results.,no 'potentialAction','potentialAction' property on WebSite,Add the properties listed in Current value.,WebSite 'Semicolon',,200,yes,Structured Data Report
http://localhost:3000/blog/multi-tenant-database-architecture-rls-vs-separate-schemas,Optimization,P3 - improve,Completeness,Organization missing recommended properties,A schema object lacks recommended properties that improve rich results.,no 'sameAs','sameAs' property on Organization,Add the properties listed in Current value.,Organization 'Semicolon',,200,yes,Structured Data Report
http://localhost:3000/blog/multi-tenant-database-architecture-rls-vs-separate-schemas,Optimization,P3 - improve,Completeness,Organization missing recommended properties,A schema object lacks recommended properties that improve rich results.,no 'contactPoint','contactPoint' property on Organization,Add the properties listed in Current value.,Organization 'Semicolon',,200,yes,Structured Data Report
http://localhost:3000/blog/multi-tenant-database-architecture-rls-vs-separate-schemas,Optimization,P3 - improve,Completeness,WebSite missing recommended properties,A schema object lacks recommended properties that improve rich results.,no 'potentialAction','potentialAction' property on WebSite,Add the properties listed in Current value.,WebSite 'Semicolon',,200,yes,Structured Data Report
http://localhost:3000/blog/multimodal-ai-integrating-voice-vision-text-saas,Optimization,P3 - improve,Completeness,Organization missing recommended properties,A schema object lacks recommended properties that improve rich results.,no 'sameAs','sameAs' property on Organization,Add the properties listed in Current value.,Organization 'Semicolon',,200,yes,Structured Data Report
http://localhost:3000/blog/multimodal-ai-integrating-voice-vision-text-saas,Optimization,P3 - improve,Completeness,Organization missing recommended properties,A schema object lacks recommended properties that improve rich results.,no 'contactPoint','contactPoint' property on Organization,Add the properties listed in Current value.,Organization 'Semicolon',,200,yes,Structured Data Report
http://localhost:3000/blog/multimodal-ai-integrating-voice-vision-text-saas,Optimization,P3 - improve,Completeness,WebSite missing recommended properties,A schema object lacks recommended properties that improve rich results.,no 'potentialAction','potentialAction' property on WebSite,Add the properties listed in Current value.,WebSite 'Semicolon',,200,yes,Structured Data Report
http://localhost:3000/blog/mysql-8-4-lts-thread-pooling-invisible-indexes-json,Optimization,P3 - improve,Completeness,Organization missing recommended properties,A schema object lacks recommended properties that improve rich results.,no 'sameAs','sameAs' property on Organization,Add the properties listed in Current value.,Organization 'Semicolon',,200,yes,Structured Data Report
http://localhost:3000/blog/mysql-8-4-lts-thread-pooling-invisible-indexes-json,Optimization,P3 - improve,Completeness,Organization missing recommended properties,A schema object lacks recommended properties that improve rich results.,no 'contactPoint','contactPoint' property on Organization,Add the properties listed in Current value.,Organization 'Semicolon',,200,yes,Structured Data Report
http://localhost:3000/blog/mysql-8-4-lts-thread-pooling-invisible-indexes-json,Optimization,P3 - improve,Completeness,WebSite missing recommended properties,A schema object lacks recommended properties that improve rich results.,no 'potentialAction','potentialAction' property on WebSite,Add the properties listed in Current value.,WebSite 'Semicolon',,200,yes,Structured Data Report
http://localhost:3000/blog/nestjs-enterprise-architecture-ddd-clean-code,Optimization,P3 - improve,Completeness,Organization missing recommended properties,A schema object lacks recommended properties that improve rich results.,no 'sameAs','sameAs' property on Organization,Add the properties listed in Current value.,Organization 'Semicolon',,200,yes,Structured Data Report
http://localhost:3000/blog/nestjs-enterprise-architecture-ddd-clean-code,Optimization,P3 - improve,Completeness,Organization missing recommended properties,A schema object lacks recommended properties that improve rich results.,no 'contactPoint','contactPoint' property on Organization,Add the properties listed in Current value.,Organization 'Semicolon',,200,yes,Structured Data Report
http://localhost:3000/blog/nestjs-enterprise-architecture-ddd-clean-code,Optimization,P3 - improve,Completeness,WebSite missing recommended properties,A schema object lacks recommended properties that improve rich results.,no 'potentialAction','potentialAction' property on WebSite,Add the properties listed in Current value.,WebSite 'Semicolon',,200,yes,Structured Data Report
http://localhost:3000/blog/nginx-vs-envoy-layer-7-reverse-proxy-benchmarks,Optimization,P3 - improve,Completeness,Organization missing recommended properties,A schema object lacks recommended properties that improve rich results.,no 'sameAs','sameAs' property on Organization,Add the properties listed in Current value.,Organization 'Semicolon',,200,yes,Structured Data Report
http://localhost:3000/blog/nginx-vs-envoy-layer-7-reverse-proxy-benchmarks,Optimization,P3 - improve,Completeness,Organization missing recommended properties,A schema object lacks recommended properties that improve rich results.,no 'contactPoint','contactPoint' property on Organization,Add the properties listed in Current value.,Organization 'Semicolon',,200,yes,Structured Data Report
http://localhost:3000/blog/nginx-vs-envoy-layer-7-reverse-proxy-benchmarks,Optimization,P3 - improve,Completeness,WebSite missing recommended properties,A schema object lacks recommended properties that improve rich results.,no 'potentialAction','potentialAction' property on WebSite,Add the properties listed in Current value.,WebSite 'Semicolon',,200,yes,Structured Data Report
http://localhost:3000/blog/oauth-2-1-openid-connect-token-security-pkce,Optimization,P3 - improve,Completeness,Organization missing recommended properties,A schema object lacks recommended properties that improve rich results.,no 'sameAs','sameAs' property on Organization,Add the properties listed in Current value.,Organization 'Semicolon',,200,yes,Structured Data Report
http://localhost:3000/blog/oauth-2-1-openid-connect-token-security-pkce,Optimization,P3 - improve,Completeness,Organization missing recommended properties,A schema object lacks recommended properties that improve rich results.,no 'contactPoint','contactPoint' property on Organization,Add the properties listed in Current value.,Organization 'Semicolon',,200,yes,Structured Data Report
http://localhost:3000/blog/oauth-2-1-openid-connect-token-security-pkce,Optimization,P3 - improve,Completeness,WebSite missing recommended properties,A schema object lacks recommended properties that improve rich results.,no 'potentialAction','potentialAction' property on WebSite,Add the properties listed in Current value.,WebSite 'Semicolon',,200,yes,Structured Data Report
http://localhost:3000/blog/offline-first-mobile-architecture-sqlite-sync-engines,Optimization,P3 - improve,Completeness,Organization missing recommended properties,A schema object lacks recommended properties that improve rich results.,no 'sameAs','sameAs' property on Organization,Add the properties listed in Current value.,Organization 'Semicolon',,200,yes,Structured Data Report
http://localhost:3000/blog/offline-first-mobile-architecture-sqlite-sync-engines,Optimization,P3 - improve,Completeness,Organization missing recommended properties,A schema object lacks recommended properties that improve rich results.,no 'contactPoint','contactPoint' property on Organization,Add the properties listed in Current value.,Organization 'Semicolon',,200,yes,Structured Data Report
http://localhost:3000/blog/offline-first-mobile-architecture-sqlite-sync-engines,Optimization,P3 - improve,Completeness,WebSite missing recommended properties,A schema object lacks recommended properties that improve rich results.,no 'potentialAction','potentialAction' property on WebSite,Add the properties listed in Current value.,WebSite 'Semicolon',,200,yes,Structured Data Report
http://localhost:3000/blog/opentelemetry-distributed-tracing-at-scale,Optimization,P3 - improve,Completeness,Organization missing recommended properties,A schema object lacks recommended properties that improve rich results.,no 'sameAs','sameAs' property on Organization,Add the properties listed in Current value.,Organization 'Semicolon',,200,yes,Structured Data Report
http://localhost:3000/blog/opentelemetry-distributed-tracing-at-scale,Optimization,P3 - improve,Completeness,Organization missing recommended properties,A schema object lacks recommended properties that improve rich results.,no 'contactPoint','contactPoint' property on Organization,Add the properties listed in Current value.,Organization 'Semicolon',,200,yes,Structured Data Report
http://localhost:3000/blog/opentelemetry-distributed-tracing-at-scale,Optimization,P3 - improve,Completeness,WebSite missing recommended properties,A schema object lacks recommended properties that improve rich results.,no 'potentialAction','potentialAction' property on WebSite,Add the properties listed in Current value.,WebSite 'Semicolon',,200,yes,Structured Data Report
http://localhost:3000/blog/optimizing-mobile-app-startup-time-memory-consumption,Optimization,P3 - improve,Completeness,Organization missing recommended properties,A schema object lacks recommended properties that improve rich results.,no 'sameAs','sameAs' property on Organization,Add the properties listed in Current value.,Organization 'Semicolon',,200,yes,Structured Data Report
http://localhost:3000/blog/optimizing-mobile-app-startup-time-memory-consumption,Optimization,P3 - improve,Completeness,Organization missing recommended properties,A schema object lacks recommended properties that improve rich results.,no 'contactPoint','contactPoint' property on Organization,Add the properties listed in Current value.,Organization 'Semicolon',,200,yes,Structured Data Report
http://localhost:3000/blog/optimizing-mobile-app-startup-time-memory-consumption,Optimization,P3 - improve,Completeness,WebSite missing recommended properties,A schema object lacks recommended properties that improve rich results.,no 'potentialAction','potentialAction' property on WebSite,Add the properties listed in Current value.,WebSite 'Semicolon',,200,yes,Structured Data Report
http://localhost:3000/blog/owasp-top-10-apis-preventing-bola-broken-auth,Optimization,P3 - improve,Completeness,Organization missing recommended properties,A schema object lacks recommended properties that improve rich results.,no 'sameAs','sameAs' property on Organization,Add the properties listed in Current value.,Organization 'Semicolon',,200,yes,Structured Data Report
http://localhost:3000/blog/owasp-top-10-apis-preventing-bola-broken-auth,Optimization,P3 - improve,Completeness,Organization missing recommended properties,A schema object lacks recommended properties that improve rich results.,no 'contactPoint','contactPoint' property on Organization,Add the properties listed in Current value.,Organization 'Semicolon',,200,yes,Structured Data Report
http://localhost:3000/blog/owasp-top-10-apis-preventing-bola-broken-auth,Optimization,P3 - improve,Completeness,WebSite missing recommended properties,A schema object lacks recommended properties that improve rich results.,no 'potentialAction','potentialAction' property on WebSite,Add the properties listed in Current value.,WebSite 'Semicolon',,200,yes,Structured Data Report
http://localhost:3000/blog/passkey-recovery-patterns-account-recovery-without-passwords,Optimization,P3 - improve,Completeness,Organization missing recommended properties,A schema object lacks recommended properties that improve rich results.,no 'sameAs','sameAs' property on Organization,Add the properties listed in Current value.,Organization 'Semicolon',,200,yes,Structured Data Report
http://localhost:3000/blog/passkey-recovery-patterns-account-recovery-without-passwords,Optimization,P3 - improve,Completeness,Organization missing recommended properties,A schema object lacks recommended properties that improve rich results.,no 'contactPoint','contactPoint' property on Organization,Add the properties listed in Current value.,Organization 'Semicolon',,200,yes,Structured Data Report
http://localhost:3000/blog/passkey-recovery-patterns-account-recovery-without-passwords,Optimization,P3 - improve,Completeness,WebSite missing recommended properties,A schema object lacks recommended properties that improve rich results.,no 'potentialAction','potentialAction' property on WebSite,Add the properties listed in Current value.,WebSite 'Semicolon',,200,yes,Structured Data Report
http://localhost:3000/blog/passkeys-webauthn-moving-beyond-passwords,Optimization,P3 - improve,Completeness,Organization missing recommended properties,A schema object lacks recommended properties that improve rich results.,no 'sameAs','sameAs' property on Organization,Add the properties listed in Current value.,Organization 'Semicolon',,200,yes,Structured Data Report
http://localhost:3000/blog/passkeys-webauthn-moving-beyond-passwords,Optimization,P3 - improve,Completeness,Organization missing recommended properties,A schema object lacks recommended properties that improve rich results.,no 'contactPoint','contactPoint' property on Organization,Add the properties listed in Current value.,Organization 'Semicolon',,200,yes,Structured Data Report
http://localhost:3000/blog/passkeys-webauthn-moving-beyond-passwords,Optimization,P3 - improve,Completeness,WebSite missing recommended properties,A schema object lacks recommended properties that improve rich results.,no 'potentialAction','potentialAction' property on WebSite,Add the properties listed in Current value.,WebSite 'Semicolon',,200,yes,Structured Data Report
http://localhost:3000/blog/postgresql-16-performance-tuning-indexes-query-plans,Optimization,P3 - improve,Completeness,Organization missing recommended properties,A schema object lacks recommended properties that improve rich results.,no 'sameAs','sameAs' property on Organization,Add the properties listed in Current value.,Organization 'Semicolon',,200,yes,Structured Data Report
http://localhost:3000/blog/postgresql-16-performance-tuning-indexes-query-plans,Optimization,P3 - improve,Completeness,Organization missing recommended properties,A schema object lacks recommended properties that improve rich results.,no 'contactPoint','contactPoint' property on Organization,Add the properties listed in Current value.,Organization 'Semicolon',,200,yes,Structured Data Report
http://localhost:3000/blog/postgresql-16-performance-tuning-indexes-query-plans,Optimization,P3 - improve,Completeness,WebSite missing recommended properties,A schema object lacks recommended properties that improve rich results.,no 'potentialAction','potentialAction' property on WebSite,Add the properties listed in Current value.,WebSite 'Semicolon',,200,yes,Structured Data Report
http://localhost:3000/blog/postman-newman-automated-api-contract-testing-ci,Optimization,P3 - improve,Completeness,Organization missing recommended properties,A schema object lacks recommended properties that improve rich results.,no 'sameAs','sameAs' property on Organization,Add the properties listed in Current value.,Organization 'Semicolon',,200,yes,Structured Data Report
http://localhost:3000/blog/postman-newman-automated-api-contract-testing-ci,Optimization,P3 - improve,Completeness,Organization missing recommended properties,A schema object lacks recommended properties that improve rich results.,no 'contactPoint','contactPoint' property on Organization,Add the properties listed in Current value.,Organization 'Semicolon',,200,yes,Structured Data Report
http://localhost:3000/blog/postman-newman-automated-api-contract-testing-ci,Optimization,P3 - improve,Completeness,WebSite missing recommended properties,A schema object lacks recommended properties that improve rich results.,no 'potentialAction','potentialAction' property on WebSite,Add the properties listed in Current value.,WebSite 'Semicolon',,200,yes,Structured Data Report
http://localhost:3000/blog/prisma-orm-vs-drizzle-orm-performance-ergonomics,Optimization,P3 - improve,Completeness,Organization missing recommended properties,A schema object lacks recommended properties that improve rich results.,no 'sameAs','sameAs' property on Organization,Add the properties listed in Current value.,Organization 'Semicolon',,200,yes,Structured Data Report
http://localhost:3000/blog/prisma-orm-vs-drizzle-orm-performance-ergonomics,Optimization,P3 - improve,Completeness,Organization missing recommended properties,A schema object lacks recommended properties that improve rich results.,no 'contactPoint','contactPoint' property on Organization,Add the properties listed in Current value.,Organization 'Semicolon',,200,yes,Structured Data Report
http://localhost:3000/blog/prisma-orm-vs-drizzle-orm-performance-ergonomics,Optimization,P3 - improve,Completeness,WebSite missing recommended properties,A schema object lacks recommended properties that improve rich results.,no 'potentialAction','potentialAction' property on WebSite,Add the properties listed in Current value.,WebSite 'Semicolon',,200,yes,Structured Data Report
http://localhost:3000/blog/production-grade-llm-rag-pipeline-architecture,Optimization,P3 - improve,Completeness,Organization missing recommended properties,A schema object lacks recommended properties that improve rich results.,no 'sameAs','sameAs' property on Organization,Add the properties listed in Current value.,Organization 'Semicolon',,200,yes,Structured Data Report
http://localhost:3000/blog/production-grade-llm-rag-pipeline-architecture,Optimization,P3 - improve,Completeness,Organization missing recommended properties,A schema object lacks recommended properties that improve rich results.,no 'contactPoint','contactPoint' property on Organization,Add the properties listed in Current value.,Organization 'Semicolon',,200,yes,Structured Data Report
http://localhost:3000/blog/production-grade-llm-rag-pipeline-architecture,Optimization,P3 - improve,Completeness,WebSite missing recommended properties,A schema object lacks recommended properties that improve rich results.,no 'potentialAction','potentialAction' property on WebSite,Add the properties listed in Current value.,WebSite 'Semicolon',,200,yes,Structured Data Report
http://localhost:3000/blog/progressive-web-apps-pwa-offline-background-sync,Optimization,P3 - improve,Completeness,Organization missing recommended properties,A schema object lacks recommended properties that improve rich results.,no 'sameAs','sameAs' property on Organization,Add the properties listed in Current value.,Organization 'Semicolon',,200,yes,Structured Data Report
http://localhost:3000/blog/progressive-web-apps-pwa-offline-background-sync,Optimization,P3 - improve,Completeness,Organization missing recommended properties,A schema object lacks recommended properties that improve rich results.,no 'contactPoint','contactPoint' property on Organization,Add the properties listed in Current value.,Organization 'Semicolon',,200,yes,Structured Data Report
http://localhost:3000/blog/progressive-web-apps-pwa-offline-background-sync,Optimization,P3 - improve,Completeness,WebSite missing recommended properties,A schema object lacks recommended properties that improve rich results.,no 'potentialAction','potentialAction' property on WebSite,Add the properties listed in Current value.,WebSite 'Semicolon',,200,yes,Structured Data Report
http://localhost:3000/blog/prometheus-grafana-engineering-slis-slos,Optimization,P3 - improve,Completeness,Organization missing recommended properties,A schema object lacks recommended properties that improve rich results.,no 'sameAs','sameAs' property on Organization,Add the properties listed in Current value.,Organization 'Semicolon',,200,yes,Structured Data Report
http://localhost:3000/blog/prometheus-grafana-engineering-slis-slos,Optimization,P3 - improve,Completeness,Organization missing recommended properties,A schema object lacks recommended properties that improve rich results.,no 'contactPoint','contactPoint' property on Organization,Add the properties listed in Current value.,Organization 'Semicolon',,200,yes,Structured Data Report
http://localhost:3000/blog/prometheus-grafana-engineering-slis-slos,Optimization,P3 - improve,Completeness,WebSite missing recommended properties,A schema object lacks recommended properties that improve rich results.,no 'potentialAction','potentialAction' property on WebSite,Add the properties listed in Current value.,WebSite 'Semicolon',,200,yes,Structured Data Report
http://localhost:3000/blog/prompt-caching-strategies-for-cost-effective-ai-saas,Optimization,P3 - improve,Completeness,Organization missing recommended properties,A schema object lacks recommended properties that improve rich results.,no 'sameAs','sameAs' property on Organization,Add the properties listed in Current value.,Organization 'Semicolon',,200,yes,Structured Data Report
http://localhost:3000/blog/prompt-caching-strategies-for-cost-effective-ai-saas,Optimization,P3 - improve,Completeness,Organization missing recommended properties,A schema object lacks recommended properties that improve rich results.,no 'contactPoint','contactPoint' property on Organization,Add the properties listed in Current value.,Organization 'Semicolon',,200,yes,Structured Data Report
http://localhost:3000/blog/prompt-caching-strategies-for-cost-effective-ai-saas,Optimization,P3 - improve,Completeness,WebSite missing recommended properties,A schema object lacks recommended properties that improve rich results.,no 'potentialAction','potentialAction' property on WebSite,Add the properties listed in Current value.,WebSite 'Semicolon',,200,yes,Structured Data Report
http://localhost:3000/blog/push-notification-reliability-apns-fcm,Optimization,P3 - improve,Completeness,Organization missing recommended properties,A schema object lacks recommended properties that improve rich results.,no 'sameAs','sameAs' property on Organization,Add the properties listed in Current value.,Organization 'Semicolon',,200,yes,Structured Data Report
http://localhost:3000/blog/push-notification-reliability-apns-fcm,Optimization,P3 - improve,Completeness,Organization missing recommended properties,A schema object lacks recommended properties that improve rich results.,no 'contactPoint','contactPoint' property on Organization,Add the properties listed in Current value.,Organization 'Semicolon',,200,yes,Structured Data Report
http://localhost:3000/blog/push-notification-reliability-apns-fcm,Optimization,P3 - improve,Completeness,WebSite missing recommended properties,A schema object lacks recommended properties that improve rich results.,no 'potentialAction','potentialAction' property on WebSite,Add the properties listed in Current value.,WebSite 'Semicolon',,200,yes,Structured Data Report
http://localhost:3000/blog/python-fastapi-production-async-db-pooling-workers,Optimization,P3 - improve,Completeness,Organization missing recommended properties,A schema object lacks recommended properties that improve rich results.,no 'sameAs','sameAs' property on Organization,Add the properties listed in Current value.,Organization 'Semicolon',,200,yes,Structured Data Report
http://localhost:3000/blog/python-fastapi-production-async-db-pooling-workers,Optimization,P3 - improve,Completeness,Organization missing recommended properties,A schema object lacks recommended properties that improve rich results.,no 'contactPoint','contactPoint' property on Organization,Add the properties listed in Current value.,Organization 'Semicolon',,200,yes,Structured Data Report
http://localhost:3000/blog/python-fastapi-production-async-db-pooling-workers,Optimization,P3 - improve,Completeness,WebSite missing recommended properties,A schema object lacks recommended properties that improve rich results.,no 'potentialAction','potentialAction' property on WebSite,Add the properties listed in Current value.,WebSite 'Semicolon',,200,yes,Structured Data Report
http://localhost:3000/blog/react-19-deep-dive-actions-useoptimistic-compiler,Optimization,P3 - improve,Completeness,Organization missing recommended properties,A schema object lacks recommended properties that improve rich results.,no 'sameAs','sameAs' property on Organization,Add the properties listed in Current value.,Organization 'Semicolon',,200,yes,Structured Data Report
http://localhost:3000/blog/react-19-deep-dive-actions-useoptimistic-compiler,Optimization,P3 - improve,Completeness,Organization missing recommended properties,A schema object lacks recommended properties that improve rich results.,no 'contactPoint','contactPoint' property on Organization,Add the properties listed in Current value.,Organization 'Semicolon',,200,yes,Structured Data Report
http://localhost:3000/blog/react-19-deep-dive-actions-useoptimistic-compiler,Optimization,P3 - improve,Completeness,WebSite missing recommended properties,A schema object lacks recommended properties that improve rich results.,no 'potentialAction','potentialAction' property on WebSite,Add the properties listed in Current value.,WebSite 'Semicolon',,200,yes,Structured Data Report
http://localhost:3000/blog/react-native-with-webpack-expo-universal-apps,Optimization,P3 - improve,Completeness,Organization missing recommended properties,A schema object lacks recommended properties that improve rich results.,no 'sameAs','sameAs' property on Organization,Add the properties listed in Current value.,Organization 'Semicolon',,200,yes,Structured Data Report
http://localhost:3000/blog/react-native-with-webpack-expo-universal-apps,Optimization,P3 - improve,Completeness,Organization missing recommended properties,A schema object lacks recommended properties that improve rich results.,no 'contactPoint','contactPoint' property on Organization,Add the properties listed in Current value.,Organization 'Semicolon',,200,yes,Structured Data Report
http://localhost:3000/blog/react-native-with-webpack-expo-universal-apps,Optimization,P3 - improve,Completeness,WebSite missing recommended properties,A schema object lacks recommended properties that improve rich results.,no 'potentialAction','potentialAction' property on WebSite,Add the properties listed in Current value.,WebSite 'Semicolon',,200,yes,Structured Data Report
http://localhost:3000/blog/real-time-analytics-clickhouse-apache-kafka,Optimization,P3 - improve,Completeness,Organization missing recommended properties,A schema object lacks recommended properties that improve rich results.,no 'sameAs','sameAs' property on Organization,Add the properties listed in Current value.,Organization 'Semicolon',,200,yes,Structured Data Report
http://localhost:3000/blog/real-time-analytics-clickhouse-apache-kafka,Optimization,P3 - improve,Completeness,Organization missing recommended properties,A schema object lacks recommended properties that improve rich results.,no 'contactPoint','contactPoint' property on Organization,Add the properties listed in Current value.,Organization 'Semicolon',,200,yes,Structured Data Report
http://localhost:3000/blog/real-time-analytics-clickhouse-apache-kafka,Optimization,P3 - improve,Completeness,WebSite missing recommended properties,A schema object lacks recommended properties that improve rich results.,no 'potentialAction','potentialAction' property on WebSite,Add the properties listed in Current value.,WebSite 'Semicolon',,200,yes,Structured Data Report
http://localhost:3000/blog/ruby-on-rails-7-2-hotwire-solid-cache-kamal,Optimization,P3 - improve,Completeness,Organization missing recommended properties,A schema object lacks recommended properties that improve rich results.,no 'sameAs','sameAs' property on Organization,Add the properties listed in Current value.,Organization 'Semicolon',,200,yes,Structured Data Report
http://localhost:3000/blog/ruby-on-rails-7-2-hotwire-solid-cache-kamal,Optimization,P3 - improve,Completeness,Organization missing recommended properties,A schema object lacks recommended properties that improve rich results.,no 'contactPoint','contactPoint' property on Organization,Add the properties listed in Current value.,Organization 'Semicolon',,200,yes,Structured Data Report
http://localhost:3000/blog/ruby-on-rails-7-2-hotwire-solid-cache-kamal,Optimization,P3 - improve,Completeness,WebSite missing recommended properties,A schema object lacks recommended properties that improve rich results.,no 'potentialAction','potentialAction' property on WebSite,Add the properties listed in Current value.,WebSite 'Semicolon',,200,yes,Structured Data Report
http://localhost:3000/blog/sanity-cms-structured-content-modeling-live-previews,Optimization,P3 - improve,Completeness,Organization missing recommended properties,A schema object lacks recommended properties that improve rich results.,no 'sameAs','sameAs' property on Organization,Add the properties listed in Current value.,Organization 'Semicolon',,200,yes,Structured Data Report
http://localhost:3000/blog/sanity-cms-structured-content-modeling-live-previews,Optimization,P3 - improve,Completeness,Organization missing recommended properties,A schema object lacks recommended properties that improve rich results.,no 'contactPoint','contactPoint' property on Organization,Add the properties listed in Current value.,Organization 'Semicolon',,200,yes,Structured Data Report
http://localhost:3000/blog/sanity-cms-structured-content-modeling-live-previews,Optimization,P3 - improve,Completeness,WebSite missing recommended properties,A schema object lacks recommended properties that improve rich results.,no 'potentialAction','potentialAction' property on WebSite,Add the properties listed in Current value.,WebSite 'Semicolon',,200,yes,Structured Data Report
http://localhost:3000/blog/server-sent-events-sse-vs-websockets-for-streaming,Optimization,P3 - improve,Completeness,Organization missing recommended properties,A schema object lacks recommended properties that improve rich results.,no 'sameAs','sameAs' property on Organization,Add the properties listed in Current value.,Organization 'Semicolon',,200,yes,Structured Data Report
http://localhost:3000/blog/server-sent-events-sse-vs-websockets-for-streaming,Optimization,P3 - improve,Completeness,Organization missing recommended properties,A schema object lacks recommended properties that improve rich results.,no 'contactPoint','contactPoint' property on Organization,Add the properties listed in Current value.,Organization 'Semicolon',,200,yes,Structured Data Report
http://localhost:3000/blog/server-sent-events-sse-vs-websockets-for-streaming,Optimization,P3 - improve,Completeness,WebSite missing recommended properties,A schema object lacks recommended properties that improve rich results.,no 'potentialAction','potentialAction' property on WebSite,Add the properties listed in Current value.,WebSite 'Semicolon',,200,yes,Structured Data Report
http://localhost:3000/blog/serverless-aws-lambda-cloudflare-workers-dynamodb,Optimization,P3 - improve,Completeness,Organization missing recommended properties,A schema object lacks recommended properties that improve rich results.,no 'sameAs','sameAs' property on Organization,Add the properties listed in Current value.,Organization 'Semicolon',,200,yes,Structured Data Report
http://localhost:3000/blog/serverless-aws-lambda-cloudflare-workers-dynamodb,Optimization,P3 - improve,Completeness,Organization missing recommended properties,A schema object lacks recommended properties that improve rich results.,no 'contactPoint','contactPoint' property on Organization,Add the properties listed in Current value.,Organization 'Semicolon',,200,yes,Structured Data Report
http://localhost:3000/blog/serverless-aws-lambda-cloudflare-workers-dynamodb,Optimization,P3 - improve,Completeness,WebSite missing recommended properties,A schema object lacks recommended properties that improve rich results.,no 'potentialAction','potentialAction' property on WebSite,Add the properties listed in Current value.,WebSite 'Semicolon',,200,yes,Structured Data Report
http://localhost:3000/blog/service-mesh-istio-mtls-traffic-shifting,Optimization,P3 - improve,Completeness,Organization missing recommended properties,A schema object lacks recommended properties that improve rich results.,no 'sameAs','sameAs' property on Organization,Add the properties listed in Current value.,Organization 'Semicolon',,200,yes,Structured Data Report
http://localhost:3000/blog/service-mesh-istio-mtls-traffic-shifting,Optimization,P3 - improve,Completeness,Organization missing recommended properties,A schema object lacks recommended properties that improve rich results.,no 'contactPoint','contactPoint' property on Organization,Add the properties listed in Current value.,Organization 'Semicolon',,200,yes,Structured Data Report
http://localhost:3000/blog/service-mesh-istio-mtls-traffic-shifting,Optimization,P3 - improve,Completeness,WebSite missing recommended properties,A schema object lacks recommended properties that improve rich results.,no 'potentialAction','potentialAction' property on WebSite,Add the properties listed in Current value.,WebSite 'Semicolon',,200,yes,Structured Data Report
http://localhost:3000/blog/software-bill-of-materials-sbom-supply-chain-security,Optimization,P3 - improve,Completeness,Organization missing recommended properties,A schema object lacks recommended properties that improve rich results.,no 'sameAs','sameAs' property on Organization,Add the properties listed in Current value.,Organization 'Semicolon',,200,yes,Structured Data Report
http://localhost:3000/blog/software-bill-of-materials-sbom-supply-chain-security,Optimization,P3 - improve,Completeness,Organization missing recommended properties,A schema object lacks recommended properties that improve rich results.,no 'contactPoint','contactPoint' property on Organization,Add the properties listed in Current value.,Organization 'Semicolon',,200,yes,Structured Data Report
http://localhost:3000/blog/software-bill-of-materials-sbom-supply-chain-security,Optimization,P3 - improve,Completeness,WebSite missing recommended properties,A schema object lacks recommended properties that improve rich results.,no 'potentialAction','potentialAction' property on WebSite,Add the properties listed in Current value.,WebSite 'Semicolon',,200,yes,Structured Data Report
http://localhost:3000/blog/spring-boot-3-3-with-graalvm-native-images,Optimization,P3 - improve,Completeness,Organization missing recommended properties,A schema object lacks recommended properties that improve rich results.,no 'sameAs','sameAs' property on Organization,Add the properties listed in Current value.,Organization 'Semicolon',,200,yes,Structured Data Report
http://localhost:3000/blog/spring-boot-3-3-with-graalvm-native-images,Optimization,P3 - improve,Completeness,Organization missing recommended properties,A schema object lacks recommended properties that improve rich results.,no 'contactPoint','contactPoint' property on Organization,Add the properties listed in Current value.,Organization 'Semicolon',,200,yes,Structured Data Report
http://localhost:3000/blog/spring-boot-3-3-with-graalvm-native-images,Optimization,P3 - improve,Completeness,WebSite missing recommended properties,A schema object lacks recommended properties that improve rich results.,no 'potentialAction','potentialAction' property on WebSite,Add the properties listed in Current value.,WebSite 'Semicolon',,200,yes,Structured Data Report
http://localhost:3000/blog/state-management-zustand-signals-react-query,Optimization,P3 - improve,Completeness,Organization missing recommended properties,A schema object lacks recommended properties that improve rich results.,no 'sameAs','sameAs' property on Organization,Add the properties listed in Current value.,Organization 'Semicolon',,200,yes,Structured Data Report
http://localhost:3000/blog/state-management-zustand-signals-react-query,Optimization,P3 - improve,Completeness,Organization missing recommended properties,A schema object lacks recommended properties that improve rich results.,no 'contactPoint','contactPoint' property on Organization,Add the properties listed in Current value.,Organization 'Semicolon',,200,yes,Structured Data Report
http://localhost:3000/blog/state-management-zustand-signals-react-query,Optimization,P3 - improve,Completeness,WebSite missing recommended properties,A schema object lacks recommended properties that improve rich results.,no 'potentialAction','potentialAction' property on WebSite,Add the properties listed in Current value.,WebSite 'Semicolon',,200,yes,Structured Data Report
http://localhost:3000/blog/supabase-architecture-postgresql-realtime-edge-functions,Optimization,P3 - improve,Completeness,Organization missing recommended properties,A schema object lacks recommended properties that improve rich results.,no 'sameAs','sameAs' property on Organization,Add the properties listed in Current value.,Organization 'Semicolon',,200,yes,Structured Data Report
http://localhost:3000/blog/supabase-architecture-postgresql-realtime-edge-functions,Optimization,P3 - improve,Completeness,Organization missing recommended properties,A schema object lacks recommended properties that improve rich results.,no 'contactPoint','contactPoint' property on Organization,Add the properties listed in Current value.,Organization 'Semicolon',,200,yes,Structured Data Report
http://localhost:3000/blog/supabase-architecture-postgresql-realtime-edge-functions,Optimization,P3 - improve,Completeness,WebSite missing recommended properties,A schema object lacks recommended properties that improve rich results.,no 'potentialAction','potentialAction' property on WebSite,Add the properties listed in Current value.,WebSite 'Semicolon',,200,yes,Structured Data Report
http://localhost:3000/blog/swift-6-swiftui-concurrency-safety-modern-ios,Optimization,P3 - improve,Completeness,Organization missing recommended properties,A schema object lacks recommended properties that improve rich results.,no 'sameAs','sameAs' property on Organization,Add the properties listed in Current value.,Organization 'Semicolon',,200,yes,Structured Data Report
http://localhost:3000/blog/swift-6-swiftui-concurrency-safety-modern-ios,Optimization,P3 - improve,Completeness,Organization missing recommended properties,A schema object lacks recommended properties that improve rich results.,no 'contactPoint','contactPoint' property on Organization,Add the properties listed in Current value.,Organization 'Semicolon',,200,yes,Structured Data Report
http://localhost:3000/blog/swift-6-swiftui-concurrency-safety-modern-ios,Optimization,P3 - improve,Completeness,WebSite missing recommended properties,A schema object lacks recommended properties that improve rich results.,no 'potentialAction','potentialAction' property on WebSite,Add the properties listed in Current value.,WebSite 'Semicolon',,200,yes,Structured Data Report
http://localhost:3000/blog/synthetic-data-generation-for-training-regulated-models,Optimization,P3 - improve,Completeness,Organization missing recommended properties,A schema object lacks recommended properties that improve rich results.,no 'sameAs','sameAs' property on Organization,Add the properties listed in Current value.,Organization 'Semicolon',,200,yes,Structured Data Report
http://localhost:3000/blog/synthetic-data-generation-for-training-regulated-models,Optimization,P3 - improve,Completeness,Organization missing recommended properties,A schema object lacks recommended properties that improve rich results.,no 'contactPoint','contactPoint' property on Organization,Add the properties listed in Current value.,Organization 'Semicolon',,200,yes,Structured Data Report
http://localhost:3000/blog/synthetic-data-generation-for-training-regulated-models,Optimization,P3 - improve,Completeness,WebSite missing recommended properties,A schema object lacks recommended properties that improve rich results.,no 'potentialAction','potentialAction' property on WebSite,Add the properties listed in Current value.,WebSite 'Semicolon',,200,yes,Structured Data Report
http://localhost:3000/blog/tailwind-css-v4-oxide-engine-zero-config,Optimization,P3 - improve,Completeness,Organization missing recommended properties,A schema object lacks recommended properties that improve rich results.,no 'sameAs','sameAs' property on Organization,Add the properties listed in Current value.,Organization 'Semicolon',,200,yes,Structured Data Report
http://localhost:3000/blog/tailwind-css-v4-oxide-engine-zero-config,Optimization,P3 - improve,Completeness,Organization missing recommended properties,A schema object lacks recommended properties that improve rich results.,no 'contactPoint','contactPoint' property on Organization,Add the properties listed in Current value.,Organization 'Semicolon',,200,yes,Structured Data Report
http://localhost:3000/blog/tailwind-css-v4-oxide-engine-zero-config,Optimization,P3 - improve,Completeness,WebSite missing recommended properties,A schema object lacks recommended properties that improve rich results.,no 'potentialAction','potentialAction' property on WebSite,Add the properties listed in Current value.,WebSite 'Semicolon',,200,yes,Structured Data Report
http://localhost:3000/blog/tensorflow-to-pytorch-enterprise-migration-playbook,Optimization,P3 - improve,Completeness,Organization missing recommended properties,A schema object lacks recommended properties that improve rich results.,no 'sameAs','sameAs' property on Organization,Add the properties listed in Current value.,Organization 'Semicolon',,200,yes,Structured Data Report
http://localhost:3000/blog/tensorflow-to-pytorch-enterprise-migration-playbook,Optimization,P3 - improve,Completeness,Organization missing recommended properties,A schema object lacks recommended properties that improve rich results.,no 'contactPoint','contactPoint' property on Organization,Add the properties listed in Current value.,Organization 'Semicolon',,200,yes,Structured Data Report
http://localhost:3000/blog/tensorflow-to-pytorch-enterprise-migration-playbook,Optimization,P3 - improve,Completeness,WebSite missing recommended properties,A schema object lacks recommended properties that improve rich results.,no 'potentialAction','potentialAction' property on WebSite,Add the properties listed in Current value.,WebSite 'Semicolon',,200,yes,Structured Data Report
http://localhost:3000/blog/terraform-vs-opentofu-infrastructure-as-code-2026,Optimization,P3 - improve,Completeness,Organization missing recommended properties,A schema object lacks recommended properties that improve rich results.,no 'sameAs','sameAs' property on Organization,Add the properties listed in Current value.,Organization 'Semicolon',,200,yes,Structured Data Report
http://localhost:3000/blog/terraform-vs-opentofu-infrastructure-as-code-2026,Optimization,P3 - improve,Completeness,Organization missing recommended properties,A schema object lacks recommended properties that improve rich results.,no 'contactPoint','contactPoint' property on Organization,Add the properties listed in Current value.,Organization 'Semicolon',,200,yes,Structured Data Report
http://localhost:3000/blog/terraform-vs-opentofu-infrastructure-as-code-2026,Optimization,P3 - improve,Completeness,WebSite missing recommended properties,A schema object lacks recommended properties that improve rich results.,no 'potentialAction','potentialAction' property on WebSite,Add the properties listed in Current value.,WebSite 'Semicolon',,200,yes,Structured Data Report
http://localhost:3000/blog/typescript-5-5-inferred-type-predicates-type-safety,Optimization,P3 - improve,Completeness,Organization missing recommended properties,A schema object lacks recommended properties that improve rich results.,no 'sameAs','sameAs' property on Organization,Add the properties listed in Current value.,Organization 'Semicolon',,200,yes,Structured Data Report
http://localhost:3000/blog/typescript-5-5-inferred-type-predicates-type-safety,Optimization,P3 - improve,Completeness,Organization missing recommended properties,A schema object lacks recommended properties that improve rich results.,no 'contactPoint','contactPoint' property on Organization,Add the properties listed in Current value.,Organization 'Semicolon',,200,yes,Structured Data Report
http://localhost:3000/blog/typescript-5-5-inferred-type-predicates-type-safety,Optimization,P3 - improve,Completeness,WebSite missing recommended properties,A schema object lacks recommended properties that improve rich results.,no 'potentialAction','potentialAction' property on WebSite,Add the properties listed in Current value.,WebSite 'Semicolon',,200,yes,Structured Data Report
http://localhost:3000/blog/vector-databases-compared-pinecone-qdrant-milvus-pgvector,Optimization,P3 - improve,Completeness,Organization missing recommended properties,A schema object lacks recommended properties that improve rich results.,no 'sameAs','sameAs' property on Organization,Add the properties listed in Current value.,Organization 'Semicolon',,200,yes,Structured Data Report
http://localhost:3000/blog/vector-databases-compared-pinecone-qdrant-milvus-pgvector,Optimization,P3 - improve,Completeness,Organization missing recommended properties,A schema object lacks recommended properties that improve rich results.,no 'contactPoint','contactPoint' property on Organization,Add the properties listed in Current value.,Organization 'Semicolon',,200,yes,Structured Data Report
http://localhost:3000/blog/vector-databases-compared-pinecone-qdrant-milvus-pgvector,Optimization,P3 - improve,Completeness,WebSite missing recommended properties,A schema object lacks recommended properties that improve rich results.,no 'potentialAction','potentialAction' property on WebSite,Add the properties listed in Current value.,WebSite 'Semicolon',,200,yes,Structured Data Report
http://localhost:3000/blog/vector-search-optimization-hnsw-vs-ivfflat,Optimization,P3 - improve,Completeness,Organization missing recommended properties,A schema object lacks recommended properties that improve rich results.,no 'sameAs','sameAs' property on Organization,Add the properties listed in Current value.,Organization 'Semicolon',,200,yes,Structured Data Report
http://localhost:3000/blog/vector-search-optimization-hnsw-vs-ivfflat,Optimization,P3 - improve,Completeness,Organization missing recommended properties,A schema object lacks recommended properties that improve rich results.,no 'contactPoint','contactPoint' property on Organization,Add the properties listed in Current value.,Organization 'Semicolon',,200,yes,Structured Data Report
http://localhost:3000/blog/vector-search-optimization-hnsw-vs-ivfflat,Optimization,P3 - improve,Completeness,WebSite missing recommended properties,A schema object lacks recommended properties that improve rich results.,no 'potentialAction','potentialAction' property on WebSite,Add the properties listed in Current value.,WebSite 'Semicolon',,200,yes,Structured Data Report
http://localhost:3000/blog/vitest-blazing-fast-unit-testing-vite-nextjs,Optimization,P3 - improve,Completeness,Organization missing recommended properties,A schema object lacks recommended properties that improve rich results.,no 'sameAs','sameAs' property on Organization,Add the properties listed in Current value.,Organization 'Semicolon',,200,yes,Structured Data Report
http://localhost:3000/blog/vitest-blazing-fast-unit-testing-vite-nextjs,Optimization,P3 - improve,Completeness,Organization missing recommended properties,A schema object lacks recommended properties that improve rich results.,no 'contactPoint','contactPoint' property on Organization,Add the properties listed in Current value.,Organization 'Semicolon',,200,yes,Structured Data Report
http://localhost:3000/blog/vitest-blazing-fast-unit-testing-vite-nextjs,Optimization,P3 - improve,Completeness,WebSite missing recommended properties,A schema object lacks recommended properties that improve rich results.,no 'potentialAction','potentialAction' property on WebSite,Add the properties listed in Current value.,WebSite 'Semicolon',,200,yes,Structured Data Report
http://localhost:3000/blog/vue-3-4-nuxt-3-enterprise-architecture-reactivity,Optimization,P3 - improve,Completeness,Organization missing recommended properties,A schema object lacks recommended properties that improve rich results.,no 'sameAs','sameAs' property on Organization,Add the properties listed in Current value.,Organization 'Semicolon',,200,yes,Structured Data Report
http://localhost:3000/blog/vue-3-4-nuxt-3-enterprise-architecture-reactivity,Optimization,P3 - improve,Completeness,Organization missing recommended properties,A schema object lacks recommended properties that improve rich results.,no 'contactPoint','contactPoint' property on Organization,Add the properties listed in Current value.,Organization 'Semicolon',,200,yes,Structured Data Report
http://localhost:3000/blog/vue-3-4-nuxt-3-enterprise-architecture-reactivity,Optimization,P3 - improve,Completeness,WebSite missing recommended properties,A schema object lacks recommended properties that improve rich results.,no 'potentialAction','potentialAction' property on WebSite,Add the properties listed in Current value.,WebSite 'Semicolon',,200,yes,Structured Data Report
http://localhost:3000/blog/web-performance-auditing-lighthouse-crux-rum,Optimization,P3 - improve,Completeness,Organization missing recommended properties,A schema object lacks recommended properties that improve rich results.,no 'sameAs','sameAs' property on Organization,Add the properties listed in Current value.,Organization 'Semicolon',,200,yes,Structured Data Report
http://localhost:3000/blog/web-performance-auditing-lighthouse-crux-rum,Optimization,P3 - improve,Completeness,Organization missing recommended properties,A schema object lacks recommended properties that improve rich results.,no 'contactPoint','contactPoint' property on Organization,Add the properties listed in Current value.,Organization 'Semicolon',,200,yes,Structured Data Report
http://localhost:3000/blog/web-performance-auditing-lighthouse-crux-rum,Optimization,P3 - improve,Completeness,WebSite missing recommended properties,A schema object lacks recommended properties that improve rich results.,no 'potentialAction','potentialAction' property on WebSite,Add the properties listed in Current value.,WebSite 'Semicolon',,200,yes,Structured Data Report
http://localhost:3000/blog/web-vitals-optimizing-inp-interaction-to-next-paint,Optimization,P3 - improve,Completeness,Organization missing recommended properties,A schema object lacks recommended properties that improve rich results.,no 'sameAs','sameAs' property on Organization,Add the properties listed in Current value.,Organization 'Semicolon',,200,yes,Structured Data Report
http://localhost:3000/blog/web-vitals-optimizing-inp-interaction-to-next-paint,Optimization,P3 - improve,Completeness,Organization missing recommended properties,A schema object lacks recommended properties that improve rich results.,no 'contactPoint','contactPoint' property on Organization,Add the properties listed in Current value.,Organization 'Semicolon',,200,yes,Structured Data Report
http://localhost:3000/blog/web-vitals-optimizing-inp-interaction-to-next-paint,Optimization,P3 - improve,Completeness,WebSite missing recommended properties,A schema object lacks recommended properties that improve rich results.,no 'potentialAction','potentialAction' property on WebSite,Add the properties listed in Current value.,WebSite 'Semicolon',,200,yes,Structured Data Report
http://localhost:3000/blog/webassembly-wasm-production-blazing-fast-web-apps,Optimization,P3 - improve,Completeness,Organization missing recommended properties,A schema object lacks recommended properties that improve rich results.,no 'sameAs','sameAs' property on Organization,Add the properties listed in Current value.,Organization 'Semicolon',,200,yes,Structured Data Report
http://localhost:3000/blog/webassembly-wasm-production-blazing-fast-web-apps,Optimization,P3 - improve,Completeness,Organization missing recommended properties,A schema object lacks recommended properties that improve rich results.,no 'contactPoint','contactPoint' property on Organization,Add the properties listed in Current value.,Organization 'Semicolon',,200,yes,Structured Data Report
http://localhost:3000/blog/webassembly-wasm-production-blazing-fast-web-apps,Optimization,P3 - improve,Completeness,WebSite missing recommended properties,A schema object lacks recommended properties that improve rich results.,no 'potentialAction','potentialAction' property on WebSite,Add the properties listed in Current value.,WebSite 'Semicolon',,200,yes,Structured Data Report
http://localhost:3000/blog/webflow-to-custom-nextjs-when-how-migrate,Optimization,P3 - improve,Completeness,Organization missing recommended properties,A schema object lacks recommended properties that improve rich results.,no 'sameAs','sameAs' property on Organization,Add the properties listed in Current value.,Organization 'Semicolon',,200,yes,Structured Data Report
http://localhost:3000/blog/webflow-to-custom-nextjs-when-how-migrate,Optimization,P3 - improve,Completeness,Organization missing recommended properties,A schema object lacks recommended properties that improve rich results.,no 'contactPoint','contactPoint' property on Organization,Add the properties listed in Current value.,Organization 'Semicolon',,200,yes,Structured Data Report
http://localhost:3000/blog/webflow-to-custom-nextjs-when-how-migrate,Optimization,P3 - improve,Completeness,WebSite missing recommended properties,A schema object lacks recommended properties that improve rich results.,no 'potentialAction','potentialAction' property on WebSite,Add the properties listed in Current value.,WebSite 'Semicolon',,200,yes,Structured Data Report
http://localhost:3000/blog/woocommerce-at-scale-caching-database-indexing,Optimization,P3 - improve,Completeness,Organization missing recommended properties,A schema object lacks recommended properties that improve rich results.,no 'sameAs','sameAs' property on Organization,Add the properties listed in Current value.,Organization 'Semicolon',,200,yes,Structured Data Report
http://localhost:3000/blog/woocommerce-at-scale-caching-database-indexing,Optimization,P3 - improve,Completeness,Organization missing recommended properties,A schema object lacks recommended properties that improve rich results.,no 'contactPoint','contactPoint' property on Organization,Add the properties listed in Current value.,Organization 'Semicolon',,200,yes,Structured Data Report
http://localhost:3000/blog/woocommerce-at-scale-caching-database-indexing,Optimization,P3 - improve,Completeness,WebSite missing recommended properties,A schema object lacks recommended properties that improve rich results.,no 'potentialAction','potentialAction' property on WebSite,Add the properties listed in Current value.,WebSite 'Semicolon',,200,yes,Structured Data Report
http://localhost:3000/blog/zero-downtime-database-migrations-expand-contract-pattern,Optimization,P3 - improve,Completeness,Organization missing recommended properties,A schema object lacks recommended properties that improve rich results.,no 'sameAs','sameAs' property on Organization,Add the properties listed in Current value.,Organization 'Semicolon',,200,yes,Structured Data Report
http://localhost:3000/blog/zero-downtime-database-migrations-expand-contract-pattern,Optimization,P3 - improve,Completeness,Organization missing recommended properties,A schema object lacks recommended properties that improve rich results.,no 'contactPoint','contactPoint' property on Organization,Add the properties listed in Current value.,Organization 'Semicolon',,200,yes,Structured Data Report
http://localhost:3000/blog/zero-downtime-database-migrations-expand-contract-pattern,Optimization,P3 - improve,Completeness,WebSite missing recommended properties,A schema object lacks recommended properties that improve rich results.,no 'potentialAction','potentialAction' property on WebSite,Add the properties listed in Current value.,WebSite 'Semicolon',,200,yes,Structured Data Report
http://localhost:3000/blog/zero-downtime-multi-region-kubernetes-delivery,Optimization,P3 - improve,Completeness,Organization missing recommended properties,A schema object lacks recommended properties that improve rich results.,no 'sameAs','sameAs' property on Organization,Add the properties listed in Current value.,Organization 'Semicolon',,200,yes,Structured Data Report
http://localhost:3000/blog/zero-downtime-multi-region-kubernetes-delivery,Optimization,P3 - improve,Completeness,Organization missing recommended properties,A schema object lacks recommended properties that improve rich results.,no 'contactPoint','contactPoint' property on Organization,Add the properties listed in Current value.,Organization 'Semicolon',,200,yes,Structured Data Report
http://localhost:3000/blog/zero-downtime-multi-region-kubernetes-delivery,Optimization,P3 - improve,Completeness,WebSite missing recommended properties,A schema object lacks recommended properties that improve rich results.,no 'potentialAction','potentialAction' property on WebSite,Add the properties listed in Current value.,WebSite 'Semicolon',,200,yes,Structured Data Report
http://localhost:3000/blog/zero-trust-architecture-identity-security-perimeter,Optimization,P3 - improve,Completeness,Organization missing recommended properties,A schema object lacks recommended properties that improve rich results.,no 'sameAs','sameAs' property on Organization,Add the properties listed in Current value.,Organization 'Semicolon',,200,yes,Structured Data Report
http://localhost:3000/blog/zero-trust-architecture-identity-security-perimeter,Optimization,P3 - improve,Completeness,Organization missing recommended properties,A schema object lacks recommended properties that improve rich results.,no 'contactPoint','contactPoint' property on Organization,Add the properties listed in Current value.,Organization 'Semicolon',,200,yes,Structured Data Report
http://localhost:3000/blog/zero-trust-architecture-identity-security-perimeter,Optimization,P3 - improve,Completeness,WebSite missing recommended properties,A schema object lacks recommended properties that improve rich results.,no 'potentialAction','potentialAction' property on WebSite,Add the properties listed in Current value.,WebSite 'Semicolon',,200,yes,Structured Data Report
http://localhost:3000/careers,Optimization,P3 - improve,Completeness,Organization missing recommended properties,A schema object lacks recommended properties that improve rich results.,no 'sameAs','sameAs' property on Organization,Add the properties listed in Current value.,Organization 'Semicolon',,200,yes,Structured Data Report
http://localhost:3000/careers,Optimization,P3 - improve,Completeness,Organization missing recommended properties,A schema object lacks recommended properties that improve rich results.,no 'contactPoint','contactPoint' property on Organization,Add the properties listed in Current value.,Organization 'Semicolon',,200,yes,Structured Data Report
http://localhost:3000/careers,Optimization,P3 - improve,Completeness,WebSite missing recommended properties,A schema object lacks recommended properties that improve rich results.,no 'potentialAction','potentialAction' property on WebSite,Add the properties listed in Current value.,WebSite 'Semicolon',,200,yes,Structured Data Report
http://localhost:3000/contact-us,Important,P2 - fix soon,Page type,Missing ContactPage schema,The page lacks the structured-data type expected for this kind of page.,"types found: Organization, PostalAddress, WebSite",one of: ContactPage,Add JSON-LD of that type with its required properties.,,,200,yes,Structured Data Report
http://localhost:3000/contact-us,Optimization,P3 - improve,Completeness,Organization missing recommended properties,A schema object lacks recommended properties that improve rich results.,no 'sameAs','sameAs' property on Organization,Add the properties listed in Current value.,Organization 'Semicolon',,200,yes,Structured Data Report
http://localhost:3000/contact-us,Optimization,P3 - improve,Completeness,Organization missing recommended properties,A schema object lacks recommended properties that improve rich results.,no 'contactPoint','contactPoint' property on Organization,Add the properties listed in Current value.,Organization 'Semicolon',,200,yes,Structured Data Report
http://localhost:3000/contact-us,Optimization,P3 - improve,Completeness,WebSite missing recommended properties,A schema object lacks recommended properties that improve rich results.,no 'potentialAction','potentialAction' property on WebSite,Add the properties listed in Current value.,WebSite 'Semicolon',,200,yes,Structured Data Report
http://localhost:3000/contact-us,Optimization,P3 - improve,Page type,Address shown but no LocalBusiness/ProfessionalService schema,An address is shown but there is no LocalBusiness/ProfessionalService schema.,,"LocalBusiness or ProfessionalService with address, telephone, geo",Add LocalBusiness JSON-LD to the contact page / home page.,,,200,yes,Structured Data Report
http://localhost:3000/contact-us,Optimization,P3 - improve,Page type,FAQ section without FAQPage schema,The page has an FAQ section but no FAQPage schema.,,FAQPage JSON-LD with each question and answer,Generate FAQPage JSON-LD from the same FAQ data the page renders.,,,200,yes,Structured Data Report
http://localhost:3000/cookie-policy,Optimization,P3 - improve,Completeness,Organization missing recommended properties,A schema object lacks recommended properties that improve rich results.,no 'sameAs','sameAs' property on Organization,Add the properties listed in Current value.,Organization 'Semicolon',,200,yes,Structured Data Report
http://localhost:3000/cookie-policy,Optimization,P3 - improve,Completeness,Organization missing recommended properties,A schema object lacks recommended properties that improve rich results.,no 'contactPoint','contactPoint' property on Organization,Add the properties listed in Current value.,Organization 'Semicolon',,200,yes,Structured Data Report
http://localhost:3000/cookie-policy,Optimization,P3 - improve,Completeness,WebSite missing recommended properties,A schema object lacks recommended properties that improve rich results.,no 'potentialAction','potentialAction' property on WebSite,Add the properties listed in Current value.,WebSite 'Semicolon',,200,yes,Structured Data Report
http://localhost:3000/digital-services,Important,P2 - fix soon,Page type,Missing Service/CollectionPage schema,The page lacks the structured-data type expected for this kind of page.,"types found: BreadcrumbList, ListItem, Organization, PostalAddress, WebSite","one of: CollectionPage, ItemList, OfferCatalog, Service",Add JSON-LD of that type with its required properties.,,,200,yes,Structured Data Report
http://localhost:3000/digital-services,Optimization,P3 - improve,Completeness,Organization missing recommended properties,A schema object lacks recommended properties that improve rich results.,no 'sameAs','sameAs' property on Organization,Add the properties listed in Current value.,Organization 'Semicolon',,200,yes,Structured Data Report
http://localhost:3000/digital-services,Optimization,P3 - improve,Completeness,Organization missing recommended properties,A schema object lacks recommended properties that improve rich results.,no 'contactPoint','contactPoint' property on Organization,Add the properties listed in Current value.,Organization 'Semicolon',,200,yes,Structured Data Report
http://localhost:3000/digital-services,Optimization,P3 - improve,Completeness,WebSite missing recommended properties,A schema object lacks recommended properties that improve rich results.,no 'potentialAction','potentialAction' property on WebSite,Add the properties listed in Current value.,WebSite 'Semicolon',,200,yes,Structured Data Report
http://localhost:3000/digital-services/ad-creative-design,Important,P2 - fix soon,Page type,Missing Service schema,The page lacks the structured-data type expected for this kind of page.,"types found: BreadcrumbList, ListItem, Organization, PostalAddress, WebSite","one of: Service, SoftwareApplication",Add JSON-LD of that type with its required properties.,,,200,yes,Structured Data Report
http://localhost:3000/digital-services/ad-creative-design,Optimization,P3 - improve,Completeness,Organization missing recommended properties,A schema object lacks recommended properties that improve rich results.,no 'sameAs','sameAs' property on Organization,Add the properties listed in Current value.,Organization 'Semicolon',,200,yes,Structured Data Report
http://localhost:3000/digital-services/ad-creative-design,Optimization,P3 - improve,Completeness,Organization missing recommended properties,A schema object lacks recommended properties that improve rich results.,no 'contactPoint','contactPoint' property on Organization,Add the properties listed in Current value.,Organization 'Semicolon',,200,yes,Structured Data Report
http://localhost:3000/digital-services/ad-creative-design,Optimization,P3 - improve,Completeness,WebSite missing recommended properties,A schema object lacks recommended properties that improve rich results.,no 'potentialAction','potentialAction' property on WebSite,Add the properties listed in Current value.,WebSite 'Semicolon',,200,yes,Structured Data Report
http://localhost:3000/digital-services/ad-creative-design,Optimization,P3 - improve,Page type,FAQ section without FAQPage schema,The page has an FAQ section but no FAQPage schema.,,FAQPage JSON-LD with each question and answer,Generate FAQPage JSON-LD from the same FAQ data the page renders.,,,200,yes,Structured Data Report
http://localhost:3000/digital-services/analytics-reporting,Important,P2 - fix soon,Page type,Missing Service schema,The page lacks the structured-data type expected for this kind of page.,"types found: BreadcrumbList, ListItem, Organization, PostalAddress, WebSite","one of: Service, SoftwareApplication",Add JSON-LD of that type with its required properties.,,,200,yes,Structured Data Report
http://localhost:3000/digital-services/analytics-reporting,Optimization,P3 - improve,Completeness,Organization missing recommended properties,A schema object lacks recommended properties that improve rich results.,no 'sameAs','sameAs' property on Organization,Add the properties listed in Current value.,Organization 'Semicolon',,200,yes,Structured Data Report
http://localhost:3000/digital-services/analytics-reporting,Optimization,P3 - improve,Completeness,Organization missing recommended properties,A schema object lacks recommended properties that improve rich results.,no 'contactPoint','contactPoint' property on Organization,Add the properties listed in Current value.,Organization 'Semicolon',,200,yes,Structured Data Report
http://localhost:3000/digital-services/analytics-reporting,Optimization,P3 - improve,Completeness,WebSite missing recommended properties,A schema object lacks recommended properties that improve rich results.,no 'potentialAction','potentialAction' property on WebSite,Add the properties listed in Current value.,WebSite 'Semicolon',,200,yes,Structured Data Report
http://localhost:3000/digital-services/analytics-reporting,Optimization,P3 - improve,Page type,FAQ section without FAQPage schema,The page has an FAQ section but no FAQPage schema.,,FAQPage JSON-LD with each question and answer,Generate FAQPage JSON-LD from the same FAQ data the page renders.,,,200,yes,Structured Data Report
http://localhost:3000/digital-services/branding-logo-design,Important,P2 - fix soon,Page type,Missing Service schema,The page lacks the structured-data type expected for this kind of page.,"types found: BreadcrumbList, ListItem, Organization, PostalAddress, WebSite","one of: Service, SoftwareApplication",Add JSON-LD of that type with its required properties.,,,200,yes,Structured Data Report
http://localhost:3000/digital-services/branding-logo-design,Optimization,P3 - improve,Completeness,Organization missing recommended properties,A schema object lacks recommended properties that improve rich results.,no 'sameAs','sameAs' property on Organization,Add the properties listed in Current value.,Organization 'Semicolon',,200,yes,Structured Data Report
http://localhost:3000/digital-services/branding-logo-design,Optimization,P3 - improve,Completeness,Organization missing recommended properties,A schema object lacks recommended properties that improve rich results.,no 'contactPoint','contactPoint' property on Organization,Add the properties listed in Current value.,Organization 'Semicolon',,200,yes,Structured Data Report
http://localhost:3000/digital-services/branding-logo-design,Optimization,P3 - improve,Completeness,WebSite missing recommended properties,A schema object lacks recommended properties that improve rich results.,no 'potentialAction','potentialAction' property on WebSite,Add the properties listed in Current value.,WebSite 'Semicolon',,200,yes,Structured Data Report
http://localhost:3000/digital-services/branding-logo-design,Optimization,P3 - improve,Page type,FAQ section without FAQPage schema,The page has an FAQ section but no FAQPage schema.,,FAQPage JSON-LD with each question and answer,Generate FAQPage JSON-LD from the same FAQ data the page renders.,,,200,yes,Structured Data Report
http://localhost:3000/digital-services/content-marketing,Important,P2 - fix soon,Page type,Missing Service schema,The page lacks the structured-data type expected for this kind of page.,"types found: BreadcrumbList, ListItem, Organization, PostalAddress, WebSite","one of: Service, SoftwareApplication",Add JSON-LD of that type with its required properties.,,,200,yes,Structured Data Report
http://localhost:3000/digital-services/content-marketing,Optimization,P3 - improve,Completeness,Organization missing recommended properties,A schema object lacks recommended properties that improve rich results.,no 'sameAs','sameAs' property on Organization,Add the properties listed in Current value.,Organization 'Semicolon',,200,yes,Structured Data Report
http://localhost:3000/digital-services/content-marketing,Optimization,P3 - improve,Completeness,Organization missing recommended properties,A schema object lacks recommended properties that improve rich results.,no 'contactPoint','contactPoint' property on Organization,Add the properties listed in Current value.,Organization 'Semicolon',,200,yes,Structured Data Report
http://localhost:3000/digital-services/content-marketing,Optimization,P3 - improve,Completeness,WebSite missing recommended properties,A schema object lacks recommended properties that improve rich results.,no 'potentialAction','potentialAction' property on WebSite,Add the properties listed in Current value.,WebSite 'Semicolon',,200,yes,Structured Data Report
http://localhost:3000/digital-services/content-marketing,Optimization,P3 - improve,Page type,FAQ section without FAQPage schema,The page has an FAQ section but no FAQPage schema.,,FAQPage JSON-LD with each question and answer,Generate FAQPage JSON-LD from the same FAQ data the page renders.,,,200,yes,Structured Data Report
http://localhost:3000/digital-services/copywriting-blog-writing,Important,P2 - fix soon,Page type,Missing Service schema,The page lacks the structured-data type expected for this kind of page.,"types found: BreadcrumbList, ListItem, Organization, PostalAddress, WebSite","one of: Service, SoftwareApplication",Add JSON-LD of that type with its required properties.,,,200,yes,Structured Data Report
http://localhost:3000/digital-services/copywriting-blog-writing,Optimization,P3 - improve,Completeness,Organization missing recommended properties,A schema object lacks recommended properties that improve rich results.,no 'sameAs','sameAs' property on Organization,Add the properties listed in Current value.,Organization 'Semicolon',,200,yes,Structured Data Report
http://localhost:3000/digital-services/copywriting-blog-writing,Optimization,P3 - improve,Completeness,Organization missing recommended properties,A schema object lacks recommended properties that improve rich results.,no 'contactPoint','contactPoint' property on Organization,Add the properties listed in Current value.,Organization 'Semicolon',,200,yes,Structured Data Report
http://localhost:3000/digital-services/copywriting-blog-writing,Optimization,P3 - improve,Completeness,WebSite missing recommended properties,A schema object lacks recommended properties that improve rich results.,no 'potentialAction','potentialAction' property on WebSite,Add the properties listed in Current value.,WebSite 'Semicolon',,200,yes,Structured Data Report
http://localhost:3000/digital-services/copywriting-blog-writing,Optimization,P3 - improve,Page type,FAQ section without FAQPage schema,The page has an FAQ section but no FAQPage schema.,,FAQPage JSON-LD with each question and answer,Generate FAQPage JSON-LD from the same FAQ data the page renders.,,,200,yes,Structured Data Report
http://localhost:3000/digital-services/cro,Important,P2 - fix soon,Page type,Missing Service schema,The page lacks the structured-data type expected for this kind of page.,"types found: BreadcrumbList, ListItem, Organization, PostalAddress, WebSite","one of: Service, SoftwareApplication",Add JSON-LD of that type with its required properties.,,,200,yes,Structured Data Report
http://localhost:3000/digital-services/cro,Optimization,P3 - improve,Completeness,Organization missing recommended properties,A schema object lacks recommended properties that improve rich results.,no 'sameAs','sameAs' property on Organization,Add the properties listed in Current value.,Organization 'Semicolon',,200,yes,Structured Data Report
http://localhost:3000/digital-services/cro,Optimization,P3 - improve,Completeness,Organization missing recommended properties,A schema object lacks recommended properties that improve rich results.,no 'contactPoint','contactPoint' property on Organization,Add the properties listed in Current value.,Organization 'Semicolon',,200,yes,Structured Data Report
http://localhost:3000/digital-services/cro,Optimization,P3 - improve,Completeness,WebSite missing recommended properties,A schema object lacks recommended properties that improve rich results.,no 'potentialAction','potentialAction' property on WebSite,Add the properties listed in Current value.,WebSite 'Semicolon',,200,yes,Structured Data Report
http://localhost:3000/digital-services/cro,Optimization,P3 - improve,Page type,FAQ section without FAQPage schema,The page has an FAQ section but no FAQPage schema.,,FAQPage JSON-LD with each question and answer,Generate FAQPage JSON-LD from the same FAQ data the page renders.,,,200,yes,Structured Data Report
http://localhost:3000/digital-services/email-marketing,Important,P2 - fix soon,Page type,Missing Service schema,The page lacks the structured-data type expected for this kind of page.,"types found: BreadcrumbList, ListItem, Organization, PostalAddress, WebSite","one of: Service, SoftwareApplication",Add JSON-LD of that type with its required properties.,,,200,yes,Structured Data Report
http://localhost:3000/digital-services/email-marketing,Optimization,P3 - improve,Completeness,Organization missing recommended properties,A schema object lacks recommended properties that improve rich results.,no 'sameAs','sameAs' property on Organization,Add the properties listed in Current value.,Organization 'Semicolon',,200,yes,Structured Data Report
http://localhost:3000/digital-services/email-marketing,Optimization,P3 - improve,Completeness,Organization missing recommended properties,A schema object lacks recommended properties that improve rich results.,no 'contactPoint','contactPoint' property on Organization,Add the properties listed in Current value.,Organization 'Semicolon',,200,yes,Structured Data Report
http://localhost:3000/digital-services/email-marketing,Optimization,P3 - improve,Completeness,WebSite missing recommended properties,A schema object lacks recommended properties that improve rich results.,no 'potentialAction','potentialAction' property on WebSite,Add the properties listed in Current value.,WebSite 'Semicolon',,200,yes,Structured Data Report
http://localhost:3000/digital-services/email-marketing,Optimization,P3 - improve,Page type,FAQ section without FAQPage schema,The page has an FAQ section but no FAQPage schema.,,FAQPage JSON-LD with each question and answer,Generate FAQPage JSON-LD from the same FAQ data the page renders.,,,200,yes,Structured Data Report
http://localhost:3000/digital-services/graphic-design-ad-creatives,Important,P2 - fix soon,Page type,Missing Service schema,The page lacks the structured-data type expected for this kind of page.,"types found: BreadcrumbList, ListItem, Organization, PostalAddress, WebSite","one of: Service, SoftwareApplication",Add JSON-LD of that type with its required properties.,,,200,yes,Structured Data Report
http://localhost:3000/digital-services/graphic-design-ad-creatives,Optimization,P3 - improve,Completeness,Organization missing recommended properties,A schema object lacks recommended properties that improve rich results.,no 'sameAs','sameAs' property on Organization,Add the properties listed in Current value.,Organization 'Semicolon',,200,yes,Structured Data Report
http://localhost:3000/digital-services/graphic-design-ad-creatives,Optimization,P3 - improve,Completeness,Organization missing recommended properties,A schema object lacks recommended properties that improve rich results.,no 'contactPoint','contactPoint' property on Organization,Add the properties listed in Current value.,Organization 'Semicolon',,200,yes,Structured Data Report
http://localhost:3000/digital-services/graphic-design-ad-creatives,Optimization,P3 - improve,Completeness,WebSite missing recommended properties,A schema object lacks recommended properties that improve rich results.,no 'potentialAction','potentialAction' property on WebSite,Add the properties listed in Current value.,WebSite 'Semicolon',,200,yes,Structured Data Report
http://localhost:3000/digital-services/graphic-design-ad-creatives,Optimization,P3 - improve,Page type,FAQ section without FAQPage schema,The page has an FAQ section but no FAQPage schema.,,FAQPage JSON-LD with each question and answer,Generate FAQPage JSON-LD from the same FAQ data the page renders.,,,200,yes,Structured Data Report
http://localhost:3000/digital-services/influencer-marketing,Important,P2 - fix soon,Page type,Missing Service schema,The page lacks the structured-data type expected for this kind of page.,"types found: BreadcrumbList, ListItem, Organization, PostalAddress, WebSite","one of: Service, SoftwareApplication",Add JSON-LD of that type with its required properties.,,,200,yes,Structured Data Report
http://localhost:3000/digital-services/influencer-marketing,Optimization,P3 - improve,Completeness,Organization missing recommended properties,A schema object lacks recommended properties that improve rich results.,no 'sameAs','sameAs' property on Organization,Add the properties listed in Current value.,Organization 'Semicolon',,200,yes,Structured Data Report
http://localhost:3000/digital-services/influencer-marketing,Optimization,P3 - improve,Completeness,Organization missing recommended properties,A schema object lacks recommended properties that improve rich results.,no 'contactPoint','contactPoint' property on Organization,Add the properties listed in Current value.,Organization 'Semicolon',,200,yes,Structured Data Report
http://localhost:3000/digital-services/influencer-marketing,Optimization,P3 - improve,Completeness,WebSite missing recommended properties,A schema object lacks recommended properties that improve rich results.,no 'potentialAction','potentialAction' property on WebSite,Add the properties listed in Current value.,WebSite 'Semicolon',,200,yes,Structured Data Report
http://localhost:3000/digital-services/influencer-marketing,Optimization,P3 - improve,Page type,FAQ section without FAQPage schema,The page has an FAQ section but no FAQPage schema.,,FAQPage JSON-LD with each question and answer,Generate FAQPage JSON-LD from the same FAQ data the page renders.,,,200,yes,Structured Data Report
http://localhost:3000/digital-services/infographics-visual-content,Important,P2 - fix soon,Page type,Missing Service schema,The page lacks the structured-data type expected for this kind of page.,"types found: BreadcrumbList, ListItem, Organization, PostalAddress, WebSite","one of: Service, SoftwareApplication",Add JSON-LD of that type with its required properties.,,,200,yes,Structured Data Report
http://localhost:3000/digital-services/infographics-visual-content,Optimization,P3 - improve,Completeness,Organization missing recommended properties,A schema object lacks recommended properties that improve rich results.,no 'sameAs','sameAs' property on Organization,Add the properties listed in Current value.,Organization 'Semicolon',,200,yes,Structured Data Report
http://localhost:3000/digital-services/infographics-visual-content,Optimization,P3 - improve,Completeness,Organization missing recommended properties,A schema object lacks recommended properties that improve rich results.,no 'contactPoint','contactPoint' property on Organization,Add the properties listed in Current value.,Organization 'Semicolon',,200,yes,Structured Data Report
http://localhost:3000/digital-services/infographics-visual-content,Optimization,P3 - improve,Completeness,WebSite missing recommended properties,A schema object lacks recommended properties that improve rich results.,no 'potentialAction','potentialAction' property on WebSite,Add the properties listed in Current value.,WebSite 'Semicolon',,200,yes,Structured Data Report
http://localhost:3000/digital-services/infographics-visual-content,Optimization,P3 - improve,Page type,FAQ section without FAQPage schema,The page has an FAQ section but no FAQPage schema.,,FAQPage JSON-LD with each question and answer,Generate FAQPage JSON-LD from the same FAQ data the page renders.,,,200,yes,Structured Data Report
http://localhost:3000/digital-services/landing-page-design,Important,P2 - fix soon,Page type,Missing Service schema,The page lacks the structured-data type expected for this kind of page.,"types found: BreadcrumbList, ListItem, Organization, PostalAddress, WebSite","one of: Service, SoftwareApplication",Add JSON-LD of that type with its required properties.,,,200,yes,Structured Data Report
http://localhost:3000/digital-services/landing-page-design,Optimization,P3 - improve,Completeness,Organization missing recommended properties,A schema object lacks recommended properties that improve rich results.,no 'sameAs','sameAs' property on Organization,Add the properties listed in Current value.,Organization 'Semicolon',,200,yes,Structured Data Report
http://localhost:3000/digital-services/landing-page-design,Optimization,P3 - improve,Completeness,Organization missing recommended properties,A schema object lacks recommended properties that improve rich results.,no 'contactPoint','contactPoint' property on Organization,Add the properties listed in Current value.,Organization 'Semicolon',,200,yes,Structured Data Report
http://localhost:3000/digital-services/landing-page-design,Optimization,P3 - improve,Completeness,WebSite missing recommended properties,A schema object lacks recommended properties that improve rich results.,no 'potentialAction','potentialAction' property on WebSite,Add the properties listed in Current value.,WebSite 'Semicolon',,200,yes,Structured Data Report
http://localhost:3000/digital-services/landing-page-design,Optimization,P3 - improve,Page type,FAQ section without FAQPage schema,The page has an FAQ section but no FAQPage schema.,,FAQPage JSON-LD with each question and answer,Generate FAQPage JSON-LD from the same FAQ data the page renders.,,,200,yes,Structured Data Report
http://localhost:3000/digital-services/local-seo,Important,P2 - fix soon,Page type,Missing Service schema,The page lacks the structured-data type expected for this kind of page.,"types found: BreadcrumbList, ListItem, Organization, PostalAddress, WebSite","one of: Service, SoftwareApplication",Add JSON-LD of that type with its required properties.,,,200,yes,Structured Data Report
http://localhost:3000/digital-services/local-seo,Optimization,P3 - improve,Completeness,Organization missing recommended properties,A schema object lacks recommended properties that improve rich results.,no 'sameAs','sameAs' property on Organization,Add the properties listed in Current value.,Organization 'Semicolon',,200,yes,Structured Data Report
http://localhost:3000/digital-services/local-seo,Optimization,P3 - improve,Completeness,Organization missing recommended properties,A schema object lacks recommended properties that improve rich results.,no 'contactPoint','contactPoint' property on Organization,Add the properties listed in Current value.,Organization 'Semicolon',,200,yes,Structured Data Report
http://localhost:3000/digital-services/local-seo,Optimization,P3 - improve,Completeness,WebSite missing recommended properties,A schema object lacks recommended properties that improve rich results.,no 'potentialAction','potentialAction' property on WebSite,Add the properties listed in Current value.,WebSite 'Semicolon',,200,yes,Structured Data Report
http://localhost:3000/digital-services/local-seo,Optimization,P3 - improve,Page type,FAQ section without FAQPage schema,The page has an FAQ section but no FAQPage schema.,,FAQPage JSON-LD with each question and answer,Generate FAQPage JSON-LD from the same FAQ data the page renders.,,,200,yes,Structured Data Report
http://localhost:3000/digital-services/marketing-automation-crm,Important,P2 - fix soon,Page type,Missing Service schema,The page lacks the structured-data type expected for this kind of page.,"types found: BreadcrumbList, ListItem, Organization, PostalAddress, WebSite","one of: Service, SoftwareApplication",Add JSON-LD of that type with its required properties.,,,200,yes,Structured Data Report
http://localhost:3000/digital-services/marketing-automation-crm,Optimization,P3 - improve,Completeness,Organization missing recommended properties,A schema object lacks recommended properties that improve rich results.,no 'sameAs','sameAs' property on Organization,Add the properties listed in Current value.,Organization 'Semicolon',,200,yes,Structured Data Report
http://localhost:3000/digital-services/marketing-automation-crm,Optimization,P3 - improve,Completeness,Organization missing recommended properties,A schema object lacks recommended properties that improve rich results.,no 'contactPoint','contactPoint' property on Organization,Add the properties listed in Current value.,Organization 'Semicolon',,200,yes,Structured Data Report
http://localhost:3000/digital-services/marketing-automation-crm,Optimization,P3 - improve,Completeness,WebSite missing recommended properties,A schema object lacks recommended properties that improve rich results.,no 'potentialAction','potentialAction' property on WebSite,Add the properties listed in Current value.,WebSite 'Semicolon',,200,yes,Structured Data Report
http://localhost:3000/digital-services/marketing-automation-crm,Optimization,P3 - improve,Page type,FAQ section without FAQPage schema,The page has an FAQ section but no FAQPage schema.,,FAQPage JSON-LD with each question and answer,Generate FAQPage JSON-LD from the same FAQ data the page renders.,,,200,yes,Structured Data Report
http://localhost:3000/digital-services/seo-ppc,Important,P2 - fix soon,Page type,Missing Service schema,The page lacks the structured-data type expected for this kind of page.,"types found: BreadcrumbList, ListItem, Organization, PostalAddress, WebSite","one of: Service, SoftwareApplication",Add JSON-LD of that type with its required properties.,,,200,yes,Structured Data Report
http://localhost:3000/digital-services/seo-ppc,Optimization,P3 - improve,Completeness,Organization missing recommended properties,A schema object lacks recommended properties that improve rich results.,no 'sameAs','sameAs' property on Organization,Add the properties listed in Current value.,Organization 'Semicolon',,200,yes,Structured Data Report
http://localhost:3000/digital-services/seo-ppc,Optimization,P3 - improve,Completeness,Organization missing recommended properties,A schema object lacks recommended properties that improve rich results.,no 'contactPoint','contactPoint' property on Organization,Add the properties listed in Current value.,Organization 'Semicolon',,200,yes,Structured Data Report
http://localhost:3000/digital-services/seo-ppc,Optimization,P3 - improve,Completeness,WebSite missing recommended properties,A schema object lacks recommended properties that improve rich results.,no 'potentialAction','potentialAction' property on WebSite,Add the properties listed in Current value.,WebSite 'Semicolon',,200,yes,Structured Data Report
http://localhost:3000/digital-services/seo-ppc,Optimization,P3 - improve,Page type,FAQ section without FAQPage schema,The page has an FAQ section but no FAQPage schema.,,FAQPage JSON-LD with each question and answer,Generate FAQPage JSON-LD from the same FAQ data the page renders.,,,200,yes,Structured Data Report
http://localhost:3000/digital-services/social-media-content-creation,Important,P2 - fix soon,Page type,Missing Service schema,The page lacks the structured-data type expected for this kind of page.,"types found: BreadcrumbList, ListItem, Organization, PostalAddress, WebSite","one of: Service, SoftwareApplication",Add JSON-LD of that type with its required properties.,,,200,yes,Structured Data Report
http://localhost:3000/digital-services/social-media-content-creation,Optimization,P3 - improve,Completeness,Organization missing recommended properties,A schema object lacks recommended properties that improve rich results.,no 'sameAs','sameAs' property on Organization,Add the properties listed in Current value.,Organization 'Semicolon',,200,yes,Structured Data Report
http://localhost:3000/digital-services/social-media-content-creation,Optimization,P3 - improve,Completeness,Organization missing recommended properties,A schema object lacks recommended properties that improve rich results.,no 'contactPoint','contactPoint' property on Organization,Add the properties listed in Current value.,Organization 'Semicolon',,200,yes,Structured Data Report
http://localhost:3000/digital-services/social-media-content-creation,Optimization,P3 - improve,Completeness,WebSite missing recommended properties,A schema object lacks recommended properties that improve rich results.,no 'potentialAction','potentialAction' property on WebSite,Add the properties listed in Current value.,WebSite 'Semicolon',,200,yes,Structured Data Report
http://localhost:3000/digital-services/social-media-content-creation,Optimization,P3 - improve,Page type,FAQ section without FAQPage schema,The page has an FAQ section but no FAQPage schema.,,FAQPage JSON-LD with each question and answer,Generate FAQPage JSON-LD from the same FAQ data the page renders.,,,200,yes,Structured Data Report
http://localhost:3000/digital-services/social-media-marketing,Important,P2 - fix soon,Page type,Missing Service schema,The page lacks the structured-data type expected for this kind of page.,"types found: BreadcrumbList, ListItem, Organization, PostalAddress, WebSite","one of: Service, SoftwareApplication",Add JSON-LD of that type with its required properties.,,,200,yes,Structured Data Report
http://localhost:3000/digital-services/social-media-marketing,Optimization,P3 - improve,Completeness,Organization missing recommended properties,A schema object lacks recommended properties that improve rich results.,no 'sameAs','sameAs' property on Organization,Add the properties listed in Current value.,Organization 'Semicolon',,200,yes,Structured Data Report
http://localhost:3000/digital-services/social-media-marketing,Optimization,P3 - improve,Completeness,Organization missing recommended properties,A schema object lacks recommended properties that improve rich results.,no 'contactPoint','contactPoint' property on Organization,Add the properties listed in Current value.,Organization 'Semicolon',,200,yes,Structured Data Report
http://localhost:3000/digital-services/social-media-marketing,Optimization,P3 - improve,Completeness,WebSite missing recommended properties,A schema object lacks recommended properties that improve rich results.,no 'potentialAction','potentialAction' property on WebSite,Add the properties listed in Current value.,WebSite 'Semicolon',,200,yes,Structured Data Report
http://localhost:3000/digital-services/social-media-marketing,Optimization,P3 - improve,Page type,FAQ section without FAQPage schema,The page has an FAQ section but no FAQPage schema.,,FAQPage JSON-LD with each question and answer,Generate FAQPage JSON-LD from the same FAQ data the page renders.,,,200,yes,Structured Data Report
http://localhost:3000/digital-services/video-editing,Important,P2 - fix soon,Page type,Missing Service schema,The page lacks the structured-data type expected for this kind of page.,"types found: BreadcrumbList, ListItem, Organization, PostalAddress, WebSite","one of: Service, SoftwareApplication",Add JSON-LD of that type with its required properties.,,,200,yes,Structured Data Report
http://localhost:3000/digital-services/video-editing,Optimization,P3 - improve,Completeness,Organization missing recommended properties,A schema object lacks recommended properties that improve rich results.,no 'sameAs','sameAs' property on Organization,Add the properties listed in Current value.,Organization 'Semicolon',,200,yes,Structured Data Report
http://localhost:3000/digital-services/video-editing,Optimization,P3 - improve,Completeness,Organization missing recommended properties,A schema object lacks recommended properties that improve rich results.,no 'contactPoint','contactPoint' property on Organization,Add the properties listed in Current value.,Organization 'Semicolon',,200,yes,Structured Data Report
http://localhost:3000/digital-services/video-editing,Optimization,P3 - improve,Completeness,WebSite missing recommended properties,A schema object lacks recommended properties that improve rich results.,no 'potentialAction','potentialAction' property on WebSite,Add the properties listed in Current value.,WebSite 'Semicolon',,200,yes,Structured Data Report
http://localhost:3000/digital-services/video-editing,Optimization,P3 - improve,Page type,FAQ section without FAQPage schema,The page has an FAQ section but no FAQPage schema.,,FAQPage JSON-LD with each question and answer,Generate FAQPage JSON-LD from the same FAQ data the page renders.,,,200,yes,Structured Data Report
http://localhost:3000/engagement-model,Optimization,P3 - improve,Completeness,Organization missing recommended properties,A schema object lacks recommended properties that improve rich results.,no 'sameAs','sameAs' property on Organization,Add the properties listed in Current value.,Organization 'Semicolon',,200,yes,Structured Data Report
http://localhost:3000/engagement-model,Optimization,P3 - improve,Completeness,Organization missing recommended properties,A schema object lacks recommended properties that improve rich results.,no 'contactPoint','contactPoint' property on Organization,Add the properties listed in Current value.,Organization 'Semicolon',,200,yes,Structured Data Report
http://localhost:3000/engagement-model,Optimization,P3 - improve,Completeness,WebSite missing recommended properties,A schema object lacks recommended properties that improve rich results.,no 'potentialAction','potentialAction' property on WebSite,Add the properties listed in Current value.,WebSite 'Semicolon',,200,yes,Structured Data Report
http://localhost:3000/how-we-work,Optimization,P3 - improve,Completeness,Organization missing recommended properties,A schema object lacks recommended properties that improve rich results.,no 'sameAs','sameAs' property on Organization,Add the properties listed in Current value.,Organization 'Semicolon',,200,yes,Structured Data Report
http://localhost:3000/how-we-work,Optimization,P3 - improve,Completeness,Organization missing recommended properties,A schema object lacks recommended properties that improve rich results.,no 'contactPoint','contactPoint' property on Organization,Add the properties listed in Current value.,Organization 'Semicolon',,200,yes,Structured Data Report
http://localhost:3000/how-we-work,Optimization,P3 - improve,Completeness,WebSite missing recommended properties,A schema object lacks recommended properties that improve rich results.,no 'potentialAction','potentialAction' property on WebSite,Add the properties listed in Current value.,WebSite 'Semicolon',,200,yes,Structured Data Report
http://localhost:3000/industries,Important,P2 - fix soon,Page type,Missing Service/CollectionPage schema,The page lacks the structured-data type expected for this kind of page.,"types found: BreadcrumbList, ListItem, Organization, PostalAddress, WebSite","one of: CollectionPage, ItemList, OfferCatalog, Service",Add JSON-LD of that type with its required properties.,,,200,yes,Structured Data Report
http://localhost:3000/industries,Optimization,P3 - improve,Completeness,Organization missing recommended properties,A schema object lacks recommended properties that improve rich results.,no 'sameAs','sameAs' property on Organization,Add the properties listed in Current value.,Organization 'Semicolon',,200,yes,Structured Data Report
http://localhost:3000/industries,Optimization,P3 - improve,Completeness,Organization missing recommended properties,A schema object lacks recommended properties that improve rich results.,no 'contactPoint','contactPoint' property on Organization,Add the properties listed in Current value.,Organization 'Semicolon',,200,yes,Structured Data Report
http://localhost:3000/industries,Optimization,P3 - improve,Completeness,WebSite missing recommended properties,A schema object lacks recommended properties that improve rich results.,no 'potentialAction','potentialAction' property on WebSite,Add the properties listed in Current value.,WebSite 'Semicolon',,200,yes,Structured Data Report
http://localhost:3000/industries/agriculture,Important,P2 - fix soon,Duplicates,FAQPage schema appears more than once,The same structured data is output more than once.,2 times,once per page,"Render the JSON-LD in one place (layout or page, not both).",,,200,yes,Structured Data Report
http://localhost:3000/industries/agriculture,Optimization,P3 - improve,Completeness,Organization missing recommended properties,A schema object lacks recommended properties that improve rich results.,no 'sameAs','sameAs' property on Organization,Add the properties listed in Current value.,Organization 'Semicolon',,200,yes,Structured Data Report
http://localhost:3000/industries/agriculture,Optimization,P3 - improve,Completeness,Organization missing recommended properties,A schema object lacks recommended properties that improve rich results.,no 'contactPoint','contactPoint' property on Organization,Add the properties listed in Current value.,Organization 'Semicolon',,200,yes,Structured Data Report
http://localhost:3000/industries/agriculture,Optimization,P3 - improve,Completeness,Service missing recommended properties,A schema object lacks recommended properties that improve rich results.,no 'areaServed','areaServed' property on Service,Add the properties listed in Current value.,Service 'Agriculture Software Development',,200,yes,Structured Data Report
http://localhost:3000/industries/agriculture,Optimization,P3 - improve,Completeness,Service missing recommended properties,A schema object lacks recommended properties that improve rich results.,no 'serviceType','serviceType' property on Service,Add the properties listed in Current value.,Service 'Agriculture Software Development',,200,yes,Structured Data Report
http://localhost:3000/industries/agriculture,Optimization,P3 - improve,Completeness,WebSite missing recommended properties,A schema object lacks recommended properties that improve rich results.,no 'potentialAction','potentialAction' property on WebSite,Add the properties listed in Current value.,WebSite 'Semicolon',,200,yes,Structured Data Report
http://localhost:3000/industries/ai-data,Important,P2 - fix soon,Duplicates,FAQPage schema appears more than once,The same structured data is output more than once.,2 times,once per page,"Render the JSON-LD in one place (layout or page, not both).",,,200,yes,Structured Data Report
http://localhost:3000/industries/ai-data,Optimization,P3 - improve,Completeness,Organization missing recommended properties,A schema object lacks recommended properties that improve rich results.,no 'sameAs','sameAs' property on Organization,Add the properties listed in Current value.,Organization 'Semicolon',,200,yes,Structured Data Report
http://localhost:3000/industries/ai-data,Optimization,P3 - improve,Completeness,Organization missing recommended properties,A schema object lacks recommended properties that improve rich results.,no 'contactPoint','contactPoint' property on Organization,Add the properties listed in Current value.,Organization 'Semicolon',,200,yes,Structured Data Report
http://localhost:3000/industries/ai-data,Optimization,P3 - improve,Completeness,Service missing recommended properties,A schema object lacks recommended properties that improve rich results.,no 'areaServed','areaServed' property on Service,Add the properties listed in Current value.,Service 'AI & Data-Driven Businesses Software Development',,200,yes,Structured Data Report
http://localhost:3000/industries/ai-data,Optimization,P3 - improve,Completeness,Service missing recommended properties,A schema object lacks recommended properties that improve rich results.,no 'serviceType','serviceType' property on Service,Add the properties listed in Current value.,Service 'AI & Data-Driven Businesses Software Development',,200,yes,Structured Data Report
http://localhost:3000/industries/ai-data,Optimization,P3 - improve,Completeness,WebSite missing recommended properties,A schema object lacks recommended properties that improve rich results.,no 'potentialAction','potentialAction' property on WebSite,Add the properties listed in Current value.,WebSite 'Semicolon',,200,yes,Structured Data Report
http://localhost:3000/industries/automotive,Important,P2 - fix soon,Duplicates,FAQPage schema appears more than once,The same structured data is output more than once.,2 times,once per page,"Render the JSON-LD in one place (layout or page, not both).",,,200,yes,Structured Data Report
http://localhost:3000/industries/automotive,Optimization,P3 - improve,Completeness,Organization missing recommended properties,A schema object lacks recommended properties that improve rich results.,no 'sameAs','sameAs' property on Organization,Add the properties listed in Current value.,Organization 'Semicolon',,200,yes,Structured Data Report
http://localhost:3000/industries/automotive,Optimization,P3 - improve,Completeness,Organization missing recommended properties,A schema object lacks recommended properties that improve rich results.,no 'contactPoint','contactPoint' property on Organization,Add the properties listed in Current value.,Organization 'Semicolon',,200,yes,Structured Data Report
http://localhost:3000/industries/automotive,Optimization,P3 - improve,Completeness,Service missing recommended properties,A schema object lacks recommended properties that improve rich results.,no 'areaServed','areaServed' property on Service,Add the properties listed in Current value.,Service 'Automotive Software Development',,200,yes,Structured Data Report
http://localhost:3000/industries/automotive,Optimization,P3 - improve,Completeness,Service missing recommended properties,A schema object lacks recommended properties that improve rich results.,no 'serviceType','serviceType' property on Service,Add the properties listed in Current value.,Service 'Automotive Software Development',,200,yes,Structured Data Report
http://localhost:3000/industries/automotive,Optimization,P3 - improve,Completeness,WebSite missing recommended properties,A schema object lacks recommended properties that improve rich results.,no 'potentialAction','potentialAction' property on WebSite,Add the properties listed in Current value.,WebSite 'Semicolon',,200,yes,Structured Data Report
http://localhost:3000/industries/banking-finance,Important,P2 - fix soon,Duplicates,FAQPage schema appears more than once,The same structured data is output more than once.,2 times,once per page,"Render the JSON-LD in one place (layout or page, not both).",,,200,yes,Structured Data Report
http://localhost:3000/industries/banking-finance,Optimization,P3 - improve,Completeness,Organization missing recommended properties,A schema object lacks recommended properties that improve rich results.,no 'sameAs','sameAs' property on Organization,Add the properties listed in Current value.,Organization 'Semicolon',,200,yes,Structured Data Report
http://localhost:3000/industries/banking-finance,Optimization,P3 - improve,Completeness,Organization missing recommended properties,A schema object lacks recommended properties that improve rich results.,no 'contactPoint','contactPoint' property on Organization,Add the properties listed in Current value.,Organization 'Semicolon',,200,yes,Structured Data Report
http://localhost:3000/industries/banking-finance,Optimization,P3 - improve,Completeness,Service missing recommended properties,A schema object lacks recommended properties that improve rich results.,no 'areaServed','areaServed' property on Service,Add the properties listed in Current value.,Service 'Banking & Finance Software Development',,200,yes,Structured Data Report
http://localhost:3000/industries/banking-finance,Optimization,P3 - improve,Completeness,Service missing recommended properties,A schema object lacks recommended properties that improve rich results.,no 'serviceType','serviceType' property on Service,Add the properties listed in Current value.,Service 'Banking & Finance Software Development',,200,yes,Structured Data Report
http://localhost:3000/industries/banking-finance,Optimization,P3 - improve,Completeness,WebSite missing recommended properties,A schema object lacks recommended properties that improve rich results.,no 'potentialAction','potentialAction' property on WebSite,Add the properties listed in Current value.,WebSite 'Semicolon',,200,yes,Structured Data Report
http://localhost:3000/industries/construction,Important,P2 - fix soon,Duplicates,FAQPage schema appears more than once,The same structured data is output more than once.,2 times,once per page,"Render the JSON-LD in one place (layout or page, not both).",,,200,yes,Structured Data Report
http://localhost:3000/industries/construction,Optimization,P3 - improve,Completeness,Organization missing recommended properties,A schema object lacks recommended properties that improve rich results.,no 'sameAs','sameAs' property on Organization,Add the properties listed in Current value.,Organization 'Semicolon',,200,yes,Structured Data Report
http://localhost:3000/industries/construction,Optimization,P3 - improve,Completeness,Organization missing recommended properties,A schema object lacks recommended properties that improve rich results.,no 'contactPoint','contactPoint' property on Organization,Add the properties listed in Current value.,Organization 'Semicolon',,200,yes,Structured Data Report
http://localhost:3000/industries/construction,Optimization,P3 - improve,Completeness,Service missing recommended properties,A schema object lacks recommended properties that improve rich results.,no 'areaServed','areaServed' property on Service,Add the properties listed in Current value.,Service 'Construction Software Development',,200,yes,Structured Data Report
http://localhost:3000/industries/construction,Optimization,P3 - improve,Completeness,Service missing recommended properties,A schema object lacks recommended properties that improve rich results.,no 'serviceType','serviceType' property on Service,Add the properties listed in Current value.,Service 'Construction Software Development',,200,yes,Structured Data Report
http://localhost:3000/industries/construction,Optimization,P3 - improve,Completeness,WebSite missing recommended properties,A schema object lacks recommended properties that improve rich results.,no 'potentialAction','potentialAction' property on WebSite,Add the properties listed in Current value.,WebSite 'Semicolon',,200,yes,Structured Data Report
http://localhost:3000/industries/corporate,Important,P2 - fix soon,Duplicates,FAQPage schema appears more than once,The same structured data is output more than once.,2 times,once per page,"Render the JSON-LD in one place (layout or page, not both).",,,200,yes,Structured Data Report
http://localhost:3000/industries/corporate,Optimization,P3 - improve,Completeness,Organization missing recommended properties,A schema object lacks recommended properties that improve rich results.,no 'sameAs','sameAs' property on Organization,Add the properties listed in Current value.,Organization 'Semicolon',,200,yes,Structured Data Report
http://localhost:3000/industries/corporate,Optimization,P3 - improve,Completeness,Organization missing recommended properties,A schema object lacks recommended properties that improve rich results.,no 'contactPoint','contactPoint' property on Organization,Add the properties listed in Current value.,Organization 'Semicolon',,200,yes,Structured Data Report
http://localhost:3000/industries/corporate,Optimization,P3 - improve,Completeness,Service missing recommended properties,A schema object lacks recommended properties that improve rich results.,no 'areaServed','areaServed' property on Service,Add the properties listed in Current value.,Service 'Corporate & Enterprise Software Development',,200,yes,Structured Data Report
http://localhost:3000/industries/corporate,Optimization,P3 - improve,Completeness,Service missing recommended properties,A schema object lacks recommended properties that improve rich results.,no 'serviceType','serviceType' property on Service,Add the properties listed in Current value.,Service 'Corporate & Enterprise Software Development',,200,yes,Structured Data Report
http://localhost:3000/industries/corporate,Optimization,P3 - improve,Completeness,WebSite missing recommended properties,A schema object lacks recommended properties that improve rich results.,no 'potentialAction','potentialAction' property on WebSite,Add the properties listed in Current value.,WebSite 'Semicolon',,200,yes,Structured Data Report
http://localhost:3000/industries/cybersecurity,Important,P2 - fix soon,Duplicates,FAQPage schema appears more than once,The same structured data is output more than once.,2 times,once per page,"Render the JSON-LD in one place (layout or page, not both).",,,200,yes,Structured Data Report
http://localhost:3000/industries/cybersecurity,Optimization,P3 - improve,Completeness,Organization missing recommended properties,A schema object lacks recommended properties that improve rich results.,no 'sameAs','sameAs' property on Organization,Add the properties listed in Current value.,Organization 'Semicolon',,200,yes,Structured Data Report
http://localhost:3000/industries/cybersecurity,Optimization,P3 - improve,Completeness,Organization missing recommended properties,A schema object lacks recommended properties that improve rich results.,no 'contactPoint','contactPoint' property on Organization,Add the properties listed in Current value.,Organization 'Semicolon',,200,yes,Structured Data Report
http://localhost:3000/industries/cybersecurity,Optimization,P3 - improve,Completeness,Service missing recommended properties,A schema object lacks recommended properties that improve rich results.,no 'areaServed','areaServed' property on Service,Add the properties listed in Current value.,Service 'Security & Cybersecurity Software Development',,200,yes,Structured Data Report
http://localhost:3000/industries/cybersecurity,Optimization,P3 - improve,Completeness,Service missing recommended properties,A schema object lacks recommended properties that improve rich results.,no 'serviceType','serviceType' property on Service,Add the properties listed in Current value.,Service 'Security & Cybersecurity Software Development',,200,yes,Structured Data Report
http://localhost:3000/industries/cybersecurity,Optimization,P3 - improve,Completeness,WebSite missing recommended properties,A schema object lacks recommended properties that improve rich results.,no 'potentialAction','potentialAction' property on WebSite,Add the properties listed in Current value.,WebSite 'Semicolon',,200,yes,Structured Data Report
http://localhost:3000/industries/education,Important,P2 - fix soon,Duplicates,FAQPage schema appears more than once,The same structured data is output more than once.,2 times,once per page,"Render the JSON-LD in one place (layout or page, not both).",,,200,yes,Structured Data Report
http://localhost:3000/industries/education,Optimization,P3 - improve,Completeness,Organization missing recommended properties,A schema object lacks recommended properties that improve rich results.,no 'sameAs','sameAs' property on Organization,Add the properties listed in Current value.,Organization 'Semicolon',,200,yes,Structured Data Report
http://localhost:3000/industries/education,Optimization,P3 - improve,Completeness,Organization missing recommended properties,A schema object lacks recommended properties that improve rich results.,no 'contactPoint','contactPoint' property on Organization,Add the properties listed in Current value.,Organization 'Semicolon',,200,yes,Structured Data Report
http://localhost:3000/industries/education,Optimization,P3 - improve,Completeness,Service missing recommended properties,A schema object lacks recommended properties that improve rich results.,no 'areaServed','areaServed' property on Service,Add the properties listed in Current value.,Service 'Education Software Development',,200,yes,Structured Data Report
http://localhost:3000/industries/education,Optimization,P3 - improve,Completeness,Service missing recommended properties,A schema object lacks recommended properties that improve rich results.,no 'serviceType','serviceType' property on Service,Add the properties listed in Current value.,Service 'Education Software Development',,200,yes,Structured Data Report
http://localhost:3000/industries/education,Optimization,P3 - improve,Completeness,WebSite missing recommended properties,A schema object lacks recommended properties that improve rich results.,no 'potentialAction','potentialAction' property on WebSite,Add the properties listed in Current value.,WebSite 'Semicolon',,200,yes,Structured Data Report
http://localhost:3000/industries/energy-utilities,Important,P2 - fix soon,Duplicates,FAQPage schema appears more than once,The same structured data is output more than once.,2 times,once per page,"Render the JSON-LD in one place (layout or page, not both).",,,200,yes,Structured Data Report
http://localhost:3000/industries/energy-utilities,Optimization,P3 - improve,Completeness,Organization missing recommended properties,A schema object lacks recommended properties that improve rich results.,no 'sameAs','sameAs' property on Organization,Add the properties listed in Current value.,Organization 'Semicolon',,200,yes,Structured Data Report
http://localhost:3000/industries/energy-utilities,Optimization,P3 - improve,Completeness,Organization missing recommended properties,A schema object lacks recommended properties that improve rich results.,no 'contactPoint','contactPoint' property on Organization,Add the properties listed in Current value.,Organization 'Semicolon',,200,yes,Structured Data Report
http://localhost:3000/industries/energy-utilities,Optimization,P3 - improve,Completeness,Service missing recommended properties,A schema object lacks recommended properties that improve rich results.,no 'areaServed','areaServed' property on Service,Add the properties listed in Current value.,Service 'Energy & Utilities Software Development',,200,yes,Structured Data Report
http://localhost:3000/industries/energy-utilities,Optimization,P3 - improve,Completeness,Service missing recommended properties,A schema object lacks recommended properties that improve rich results.,no 'serviceType','serviceType' property on Service,Add the properties listed in Current value.,Service 'Energy & Utilities Software Development',,200,yes,Structured Data Report
http://localhost:3000/industries/energy-utilities,Optimization,P3 - improve,Completeness,WebSite missing recommended properties,A schema object lacks recommended properties that improve rich results.,no 'potentialAction','potentialAction' property on WebSite,Add the properties listed in Current value.,WebSite 'Semicolon',,200,yes,Structured Data Report
http://localhost:3000/industries/food-restaurant,Important,P2 - fix soon,Duplicates,FAQPage schema appears more than once,The same structured data is output more than once.,2 times,once per page,"Render the JSON-LD in one place (layout or page, not both).",,,200,yes,Structured Data Report
http://localhost:3000/industries/food-restaurant,Optimization,P3 - improve,Completeness,Organization missing recommended properties,A schema object lacks recommended properties that improve rich results.,no 'sameAs','sameAs' property on Organization,Add the properties listed in Current value.,Organization 'Semicolon',,200,yes,Structured Data Report
http://localhost:3000/industries/food-restaurant,Optimization,P3 - improve,Completeness,Organization missing recommended properties,A schema object lacks recommended properties that improve rich results.,no 'contactPoint','contactPoint' property on Organization,Add the properties listed in Current value.,Organization 'Semicolon',,200,yes,Structured Data Report
http://localhost:3000/industries/food-restaurant,Optimization,P3 - improve,Completeness,Service missing recommended properties,A schema object lacks recommended properties that improve rich results.,no 'areaServed','areaServed' property on Service,Add the properties listed in Current value.,Service 'Food & Restaurants Software Development',,200,yes,Structured Data Report
http://localhost:3000/industries/food-restaurant,Optimization,P3 - improve,Completeness,Service missing recommended properties,A schema object lacks recommended properties that improve rich results.,no 'serviceType','serviceType' property on Service,Add the properties listed in Current value.,Service 'Food & Restaurants Software Development',,200,yes,Structured Data Report
http://localhost:3000/industries/food-restaurant,Optimization,P3 - improve,Completeness,WebSite missing recommended properties,A schema object lacks recommended properties that improve rich results.,no 'potentialAction','potentialAction' property on WebSite,Add the properties listed in Current value.,WebSite 'Semicolon',,200,yes,Structured Data Report
http://localhost:3000/industries/gaming,Important,P2 - fix soon,Duplicates,FAQPage schema appears more than once,The same structured data is output more than once.,2 times,once per page,"Render the JSON-LD in one place (layout or page, not both).",,,200,yes,Structured Data Report
http://localhost:3000/industries/gaming,Optimization,P3 - improve,Completeness,Organization missing recommended properties,A schema object lacks recommended properties that improve rich results.,no 'sameAs','sameAs' property on Organization,Add the properties listed in Current value.,Organization 'Semicolon',,200,yes,Structured Data Report
http://localhost:3000/industries/gaming,Optimization,P3 - improve,Completeness,Organization missing recommended properties,A schema object lacks recommended properties that improve rich results.,no 'contactPoint','contactPoint' property on Organization,Add the properties listed in Current value.,Organization 'Semicolon',,200,yes,Structured Data Report
http://localhost:3000/industries/gaming,Optimization,P3 - improve,Completeness,Service missing recommended properties,A schema object lacks recommended properties that improve rich results.,no 'areaServed','areaServed' property on Service,Add the properties listed in Current value.,Service 'Gaming Software Development',,200,yes,Structured Data Report
http://localhost:3000/industries/gaming,Optimization,P3 - improve,Completeness,Service missing recommended properties,A schema object lacks recommended properties that improve rich results.,no 'serviceType','serviceType' property on Service,Add the properties listed in Current value.,Service 'Gaming Software Development',,200,yes,Structured Data Report
http://localhost:3000/industries/gaming,Optimization,P3 - improve,Completeness,WebSite missing recommended properties,A schema object lacks recommended properties that improve rich results.,no 'potentialAction','potentialAction' property on WebSite,Add the properties listed in Current value.,WebSite 'Semicolon',,200,yes,Structured Data Report
http://localhost:3000/industries/government,Important,P2 - fix soon,Duplicates,FAQPage schema appears more than once,The same structured data is output more than once.,2 times,once per page,"Render the JSON-LD in one place (layout or page, not both).",,,200,yes,Structured Data Report
http://localhost:3000/industries/government,Optimization,P3 - improve,Completeness,Organization missing recommended properties,A schema object lacks recommended properties that improve rich results.,no 'sameAs','sameAs' property on Organization,Add the properties listed in Current value.,Organization 'Semicolon',,200,yes,Structured Data Report
http://localhost:3000/industries/government,Optimization,P3 - improve,Completeness,Organization missing recommended properties,A schema object lacks recommended properties that improve rich results.,no 'contactPoint','contactPoint' property on Organization,Add the properties listed in Current value.,Organization 'Semicolon',,200,yes,Structured Data Report
http://localhost:3000/industries/government,Optimization,P3 - improve,Completeness,Service missing recommended properties,A schema object lacks recommended properties that improve rich results.,no 'areaServed','areaServed' property on Service,Add the properties listed in Current value.,Service 'Government & Public Sector Software Development',,200,yes,Structured Data Report
http://localhost:3000/industries/government,Optimization,P3 - improve,Completeness,Service missing recommended properties,A schema object lacks recommended properties that improve rich results.,no 'serviceType','serviceType' property on Service,Add the properties listed in Current value.,Service 'Government & Public Sector Software Development',,200,yes,Structured Data Report
http://localhost:3000/industries/government,Optimization,P3 - improve,Completeness,WebSite missing recommended properties,A schema object lacks recommended properties that improve rich results.,no 'potentialAction','potentialAction' property on WebSite,Add the properties listed in Current value.,WebSite 'Semicolon',,200,yes,Structured Data Report
http://localhost:3000/industries/healthcare,Important,P2 - fix soon,Duplicates,FAQPage schema appears more than once,The same structured data is output more than once.,2 times,once per page,"Render the JSON-LD in one place (layout or page, not both).",,,200,yes,Structured Data Report
http://localhost:3000/industries/healthcare,Optimization,P3 - improve,Completeness,Organization missing recommended properties,A schema object lacks recommended properties that improve rich results.,no 'sameAs','sameAs' property on Organization,Add the properties listed in Current value.,Organization 'Semicolon',,200,yes,Structured Data Report
http://localhost:3000/industries/healthcare,Optimization,P3 - improve,Completeness,Organization missing recommended properties,A schema object lacks recommended properties that improve rich results.,no 'contactPoint','contactPoint' property on Organization,Add the properties listed in Current value.,Organization 'Semicolon',,200,yes,Structured Data Report
http://localhost:3000/industries/healthcare,Optimization,P3 - improve,Completeness,Service missing recommended properties,A schema object lacks recommended properties that improve rich results.,no 'areaServed','areaServed' property on Service,Add the properties listed in Current value.,Service 'Healthcare Software Development',,200,yes,Structured Data Report
http://localhost:3000/industries/healthcare,Optimization,P3 - improve,Completeness,Service missing recommended properties,A schema object lacks recommended properties that improve rich results.,no 'serviceType','serviceType' property on Service,Add the properties listed in Current value.,Service 'Healthcare Software Development',,200,yes,Structured Data Report
http://localhost:3000/industries/healthcare,Optimization,P3 - improve,Completeness,WebSite missing recommended properties,A schema object lacks recommended properties that improve rich results.,no 'potentialAction','potentialAction' property on WebSite,Add the properties listed in Current value.,WebSite 'Semicolon',,200,yes,Structured Data Report
http://localhost:3000/industries/hr-recruitment,Important,P2 - fix soon,Duplicates,FAQPage schema appears more than once,The same structured data is output more than once.,2 times,once per page,"Render the JSON-LD in one place (layout or page, not both).",,,200,yes,Structured Data Report
http://localhost:3000/industries/hr-recruitment,Optimization,P3 - improve,Completeness,Organization missing recommended properties,A schema object lacks recommended properties that improve rich results.,no 'sameAs','sameAs' property on Organization,Add the properties listed in Current value.,Organization 'Semicolon',,200,yes,Structured Data Report
http://localhost:3000/industries/hr-recruitment,Optimization,P3 - improve,Completeness,Organization missing recommended properties,A schema object lacks recommended properties that improve rich results.,no 'contactPoint','contactPoint' property on Organization,Add the properties listed in Current value.,Organization 'Semicolon',,200,yes,Structured Data Report
http://localhost:3000/industries/hr-recruitment,Optimization,P3 - improve,Completeness,Service missing recommended properties,A schema object lacks recommended properties that improve rich results.,no 'areaServed','areaServed' property on Service,Add the properties listed in Current value.,Service 'HR & Recruitment Software Development',,200,yes,Structured Data Report
http://localhost:3000/industries/hr-recruitment,Optimization,P3 - improve,Completeness,Service missing recommended properties,A schema object lacks recommended properties that improve rich results.,no 'serviceType','serviceType' property on Service,Add the properties listed in Current value.,Service 'HR & Recruitment Software Development',,200,yes,Structured Data Report
http://localhost:3000/industries/hr-recruitment,Optimization,P3 - improve,Completeness,WebSite missing recommended properties,A schema object lacks recommended properties that improve rich results.,no 'potentialAction','potentialAction' property on WebSite,Add the properties listed in Current value.,WebSite 'Semicolon',,200,yes,Structured Data Report
http://localhost:3000/industries/insurance,Important,P2 - fix soon,Duplicates,FAQPage schema appears more than once,The same structured data is output more than once.,2 times,once per page,"Render the JSON-LD in one place (layout or page, not both).",,,200,yes,Structured Data Report
http://localhost:3000/industries/insurance,Optimization,P3 - improve,Completeness,Organization missing recommended properties,A schema object lacks recommended properties that improve rich results.,no 'sameAs','sameAs' property on Organization,Add the properties listed in Current value.,Organization 'Semicolon',,200,yes,Structured Data Report
http://localhost:3000/industries/insurance,Optimization,P3 - improve,Completeness,Organization missing recommended properties,A schema object lacks recommended properties that improve rich results.,no 'contactPoint','contactPoint' property on Organization,Add the properties listed in Current value.,Organization 'Semicolon',,200,yes,Structured Data Report
http://localhost:3000/industries/insurance,Optimization,P3 - improve,Completeness,Service missing recommended properties,A schema object lacks recommended properties that improve rich results.,no 'areaServed','areaServed' property on Service,Add the properties listed in Current value.,Service 'Insurance Software Development',,200,yes,Structured Data Report
http://localhost:3000/industries/insurance,Optimization,P3 - improve,Completeness,Service missing recommended properties,A schema object lacks recommended properties that improve rich results.,no 'serviceType','serviceType' property on Service,Add the properties listed in Current value.,Service 'Insurance Software Development',,200,yes,Structured Data Report
http://localhost:3000/industries/insurance,Optimization,P3 - improve,Completeness,WebSite missing recommended properties,A schema object lacks recommended properties that improve rich results.,no 'potentialAction','potentialAction' property on WebSite,Add the properties listed in Current value.,WebSite 'Semicolon',,200,yes,Structured Data Report
http://localhost:3000/industries/legal,Important,P2 - fix soon,Duplicates,FAQPage schema appears more than once,The same structured data is output more than once.,2 times,once per page,"Render the JSON-LD in one place (layout or page, not both).",,,200,yes,Structured Data Report
http://localhost:3000/industries/legal,Optimization,P3 - improve,Completeness,Organization missing recommended properties,A schema object lacks recommended properties that improve rich results.,no 'sameAs','sameAs' property on Organization,Add the properties listed in Current value.,Organization 'Semicolon',,200,yes,Structured Data Report
http://localhost:3000/industries/legal,Optimization,P3 - improve,Completeness,Organization missing recommended properties,A schema object lacks recommended properties that improve rich results.,no 'contactPoint','contactPoint' property on Organization,Add the properties listed in Current value.,Organization 'Semicolon',,200,yes,Structured Data Report
http://localhost:3000/industries/legal,Optimization,P3 - improve,Completeness,Service missing recommended properties,A schema object lacks recommended properties that improve rich results.,no 'areaServed','areaServed' property on Service,Add the properties listed in Current value.,Service 'Legal Software Development',,200,yes,Structured Data Report
http://localhost:3000/industries/legal,Optimization,P3 - improve,Completeness,Service missing recommended properties,A schema object lacks recommended properties that improve rich results.,no 'serviceType','serviceType' property on Service,Add the properties listed in Current value.,Service 'Legal Software Development',,200,yes,Structured Data Report
http://localhost:3000/industries/legal,Optimization,P3 - improve,Completeness,WebSite missing recommended properties,A schema object lacks recommended properties that improve rich results.,no 'potentialAction','potentialAction' property on WebSite,Add the properties listed in Current value.,WebSite 'Semicolon',,200,yes,Structured Data Report
http://localhost:3000/industries/logistics,Important,P2 - fix soon,Duplicates,FAQPage schema appears more than once,The same structured data is output more than once.,2 times,once per page,"Render the JSON-LD in one place (layout or page, not both).",,,200,yes,Structured Data Report
http://localhost:3000/industries/logistics,Optimization,P3 - improve,Completeness,Organization missing recommended properties,A schema object lacks recommended properties that improve rich results.,no 'sameAs','sameAs' property on Organization,Add the properties listed in Current value.,Organization 'Semicolon',,200,yes,Structured Data Report
http://localhost:3000/industries/logistics,Optimization,P3 - improve,Completeness,Organization missing recommended properties,A schema object lacks recommended properties that improve rich results.,no 'contactPoint','contactPoint' property on Organization,Add the properties listed in Current value.,Organization 'Semicolon',,200,yes,Structured Data Report
http://localhost:3000/industries/logistics,Optimization,P3 - improve,Completeness,Service missing recommended properties,A schema object lacks recommended properties that improve rich results.,no 'areaServed','areaServed' property on Service,Add the properties listed in Current value.,Service 'Logistics & Transportation Software Development',,200,yes,Structured Data Report
http://localhost:3000/industries/logistics,Optimization,P3 - improve,Completeness,Service missing recommended properties,A schema object lacks recommended properties that improve rich results.,no 'serviceType','serviceType' property on Service,Add the properties listed in Current value.,Service 'Logistics & Transportation Software Development',,200,yes,Structured Data Report
http://localhost:3000/industries/logistics,Optimization,P3 - improve,Completeness,WebSite missing recommended properties,A schema object lacks recommended properties that improve rich results.,no 'potentialAction','potentialAction' property on WebSite,Add the properties listed in Current value.,WebSite 'Semicolon',,200,yes,Structured Data Report
http://localhost:3000/industries/manufacturing,Important,P2 - fix soon,Duplicates,FAQPage schema appears more than once,The same structured data is output more than once.,2 times,once per page,"Render the JSON-LD in one place (layout or page, not both).",,,200,yes,Structured Data Report
http://localhost:3000/industries/manufacturing,Optimization,P3 - improve,Completeness,Organization missing recommended properties,A schema object lacks recommended properties that improve rich results.,no 'sameAs','sameAs' property on Organization,Add the properties listed in Current value.,Organization 'Semicolon',,200,yes,Structured Data Report
http://localhost:3000/industries/manufacturing,Optimization,P3 - improve,Completeness,Organization missing recommended properties,A schema object lacks recommended properties that improve rich results.,no 'contactPoint','contactPoint' property on Organization,Add the properties listed in Current value.,Organization 'Semicolon',,200,yes,Structured Data Report
http://localhost:3000/industries/manufacturing,Optimization,P3 - improve,Completeness,Service missing recommended properties,A schema object lacks recommended properties that improve rich results.,no 'areaServed','areaServed' property on Service,Add the properties listed in Current value.,Service 'Manufacturing Software Development',,200,yes,Structured Data Report
http://localhost:3000/industries/manufacturing,Optimization,P3 - improve,Completeness,Service missing recommended properties,A schema object lacks recommended properties that improve rich results.,no 'serviceType','serviceType' property on Service,Add the properties listed in Current value.,Service 'Manufacturing Software Development',,200,yes,Structured Data Report
http://localhost:3000/industries/manufacturing,Optimization,P3 - improve,Completeness,WebSite missing recommended properties,A schema object lacks recommended properties that improve rich results.,no 'potentialAction','potentialAction' property on WebSite,Add the properties listed in Current value.,WebSite 'Semicolon',,200,yes,Structured Data Report
http://localhost:3000/industries/marketing-advertising,Important,P2 - fix soon,Duplicates,FAQPage schema appears more than once,The same structured data is output more than once.,2 times,once per page,"Render the JSON-LD in one place (layout or page, not both).",,,200,yes,Structured Data Report
http://localhost:3000/industries/marketing-advertising,Optimization,P3 - improve,Completeness,Organization missing recommended properties,A schema object lacks recommended properties that improve rich results.,no 'sameAs','sameAs' property on Organization,Add the properties listed in Current value.,Organization 'Semicolon',,200,yes,Structured Data Report
http://localhost:3000/industries/marketing-advertising,Optimization,P3 - improve,Completeness,Organization missing recommended properties,A schema object lacks recommended properties that improve rich results.,no 'contactPoint','contactPoint' property on Organization,Add the properties listed in Current value.,Organization 'Semicolon',,200,yes,Structured Data Report
http://localhost:3000/industries/marketing-advertising,Optimization,P3 - improve,Completeness,Service missing recommended properties,A schema object lacks recommended properties that improve rich results.,no 'areaServed','areaServed' property on Service,Add the properties listed in Current value.,Service 'Marketing & Advertising Software Development',,200,yes,Structured Data Report
http://localhost:3000/industries/marketing-advertising,Optimization,P3 - improve,Completeness,Service missing recommended properties,A schema object lacks recommended properties that improve rich results.,no 'serviceType','serviceType' property on Service,Add the properties listed in Current value.,Service 'Marketing & Advertising Software Development',,200,yes,Structured Data Report
http://localhost:3000/industries/marketing-advertising,Optimization,P3 - improve,Completeness,WebSite missing recommended properties,A schema object lacks recommended properties that improve rich results.,no 'potentialAction','potentialAction' property on WebSite,Add the properties listed in Current value.,WebSite 'Semicolon',,200,yes,Structured Data Report
http://localhost:3000/industries/media-entertainment,Important,P2 - fix soon,Duplicates,FAQPage schema appears more than once,The same structured data is output more than once.,2 times,once per page,"Render the JSON-LD in one place (layout or page, not both).",,,200,yes,Structured Data Report
http://localhost:3000/industries/media-entertainment,Optimization,P3 - improve,Completeness,Organization missing recommended properties,A schema object lacks recommended properties that improve rich results.,no 'sameAs','sameAs' property on Organization,Add the properties listed in Current value.,Organization 'Semicolon',,200,yes,Structured Data Report
http://localhost:3000/industries/media-entertainment,Optimization,P3 - improve,Completeness,Organization missing recommended properties,A schema object lacks recommended properties that improve rich results.,no 'contactPoint','contactPoint' property on Organization,Add the properties listed in Current value.,Organization 'Semicolon',,200,yes,Structured Data Report
http://localhost:3000/industries/media-entertainment,Optimization,P3 - improve,Completeness,Service missing recommended properties,A schema object lacks recommended properties that improve rich results.,no 'areaServed','areaServed' property on Service,Add the properties listed in Current value.,Service 'Media & Entertainment Software Development',,200,yes,Structured Data Report
http://localhost:3000/industries/media-entertainment,Optimization,P3 - improve,Completeness,Service missing recommended properties,A schema object lacks recommended properties that improve rich results.,no 'serviceType','serviceType' property on Service,Add the properties listed in Current value.,Service 'Media & Entertainment Software Development',,200,yes,Structured Data Report
http://localhost:3000/industries/media-entertainment,Optimization,P3 - improve,Completeness,WebSite missing recommended properties,A schema object lacks recommended properties that improve rich results.,no 'potentialAction','potentialAction' property on WebSite,Add the properties listed in Current value.,WebSite 'Semicolon',,200,yes,Structured Data Report
http://localhost:3000/industries/non-profit,Important,P2 - fix soon,Duplicates,FAQPage schema appears more than once,The same structured data is output more than once.,2 times,once per page,"Render the JSON-LD in one place (layout or page, not both).",,,200,yes,Structured Data Report
http://localhost:3000/industries/non-profit,Optimization,P3 - improve,Completeness,Organization missing recommended properties,A schema object lacks recommended properties that improve rich results.,no 'sameAs','sameAs' property on Organization,Add the properties listed in Current value.,Organization 'Semicolon',,200,yes,Structured Data Report
http://localhost:3000/industries/non-profit,Optimization,P3 - improve,Completeness,Organization missing recommended properties,A schema object lacks recommended properties that improve rich results.,no 'contactPoint','contactPoint' property on Organization,Add the properties listed in Current value.,Organization 'Semicolon',,200,yes,Structured Data Report
http://localhost:3000/industries/non-profit,Optimization,P3 - improve,Completeness,Service missing recommended properties,A schema object lacks recommended properties that improve rich results.,no 'areaServed','areaServed' property on Service,Add the properties listed in Current value.,Service 'Non-Profit & Social Impact Software Development',,200,yes,Structured Data Report
http://localhost:3000/industries/non-profit,Optimization,P3 - improve,Completeness,Service missing recommended properties,A schema object lacks recommended properties that improve rich results.,no 'serviceType','serviceType' property on Service,Add the properties listed in Current value.,Service 'Non-Profit & Social Impact Software Development',,200,yes,Structured Data Report
http://localhost:3000/industries/non-profit,Optimization,P3 - improve,Completeness,WebSite missing recommended properties,A schema object lacks recommended properties that improve rich results.,no 'potentialAction','potentialAction' property on WebSite,Add the properties listed in Current value.,WebSite 'Semicolon',,200,yes,Structured Data Report
http://localhost:3000/industries/pharmaceutical,Important,P2 - fix soon,Duplicates,FAQPage schema appears more than once,The same structured data is output more than once.,2 times,once per page,"Render the JSON-LD in one place (layout or page, not both).",,,200,yes,Structured Data Report
http://localhost:3000/industries/pharmaceutical,Optimization,P3 - improve,Completeness,Organization missing recommended properties,A schema object lacks recommended properties that improve rich results.,no 'sameAs','sameAs' property on Organization,Add the properties listed in Current value.,Organization 'Semicolon',,200,yes,Structured Data Report
http://localhost:3000/industries/pharmaceutical,Optimization,P3 - improve,Completeness,Organization missing recommended properties,A schema object lacks recommended properties that improve rich results.,no 'contactPoint','contactPoint' property on Organization,Add the properties listed in Current value.,Organization 'Semicolon',,200,yes,Structured Data Report
http://localhost:3000/industries/pharmaceutical,Optimization,P3 - improve,Completeness,Service missing recommended properties,A schema object lacks recommended properties that improve rich results.,no 'areaServed','areaServed' property on Service,Add the properties listed in Current value.,Service 'Pharmaceutical Software Development',,200,yes,Structured Data Report
http://localhost:3000/industries/pharmaceutical,Optimization,P3 - improve,Completeness,Service missing recommended properties,A schema object lacks recommended properties that improve rich results.,no 'serviceType','serviceType' property on Service,Add the properties listed in Current value.,Service 'Pharmaceutical Software Development',,200,yes,Structured Data Report
http://localhost:3000/industries/pharmaceutical,Optimization,P3 - improve,Completeness,WebSite missing recommended properties,A schema object lacks recommended properties that improve rich results.,no 'potentialAction','potentialAction' property on WebSite,Add the properties listed in Current value.,WebSite 'Semicolon',,200,yes,Structured Data Report
http://localhost:3000/industries/real-estate,Important,P2 - fix soon,Duplicates,FAQPage schema appears more than once,The same structured data is output more than once.,2 times,once per page,"Render the JSON-LD in one place (layout or page, not both).",,,200,yes,Structured Data Report
http://localhost:3000/industries/real-estate,Optimization,P3 - improve,Completeness,Organization missing recommended properties,A schema object lacks recommended properties that improve rich results.,no 'sameAs','sameAs' property on Organization,Add the properties listed in Current value.,Organization 'Semicolon',,200,yes,Structured Data Report
http://localhost:3000/industries/real-estate,Optimization,P3 - improve,Completeness,Organization missing recommended properties,A schema object lacks recommended properties that improve rich results.,no 'contactPoint','contactPoint' property on Organization,Add the properties listed in Current value.,Organization 'Semicolon',,200,yes,Structured Data Report
http://localhost:3000/industries/real-estate,Optimization,P3 - improve,Completeness,Service missing recommended properties,A schema object lacks recommended properties that improve rich results.,no 'areaServed','areaServed' property on Service,Add the properties listed in Current value.,Service 'Real Estate Software Development',,200,yes,Structured Data Report
http://localhost:3000/industries/real-estate,Optimization,P3 - improve,Completeness,Service missing recommended properties,A schema object lacks recommended properties that improve rich results.,no 'serviceType','serviceType' property on Service,Add the properties listed in Current value.,Service 'Real Estate Software Development',,200,yes,Structured Data Report
http://localhost:3000/industries/real-estate,Optimization,P3 - improve,Completeness,WebSite missing recommended properties,A schema object lacks recommended properties that improve rich results.,no 'potentialAction','potentialAction' property on WebSite,Add the properties listed in Current value.,WebSite 'Semicolon',,200,yes,Structured Data Report
http://localhost:3000/industries/retail-ecommerce,Important,P2 - fix soon,Duplicates,FAQPage schema appears more than once,The same structured data is output more than once.,2 times,once per page,"Render the JSON-LD in one place (layout or page, not both).",,,200,yes,Structured Data Report
http://localhost:3000/industries/retail-ecommerce,Optimization,P3 - improve,Completeness,Organization missing recommended properties,A schema object lacks recommended properties that improve rich results.,no 'sameAs','sameAs' property on Organization,Add the properties listed in Current value.,Organization 'Semicolon',,200,yes,Structured Data Report
http://localhost:3000/industries/retail-ecommerce,Optimization,P3 - improve,Completeness,Organization missing recommended properties,A schema object lacks recommended properties that improve rich results.,no 'contactPoint','contactPoint' property on Organization,Add the properties listed in Current value.,Organization 'Semicolon',,200,yes,Structured Data Report
http://localhost:3000/industries/retail-ecommerce,Optimization,P3 - improve,Completeness,Service missing recommended properties,A schema object lacks recommended properties that improve rich results.,no 'areaServed','areaServed' property on Service,Add the properties listed in Current value.,Service 'Retail & E-Commerce Software Development',,200,yes,Structured Data Report
http://localhost:3000/industries/retail-ecommerce,Optimization,P3 - improve,Completeness,Service missing recommended properties,A schema object lacks recommended properties that improve rich results.,no 'serviceType','serviceType' property on Service,Add the properties listed in Current value.,Service 'Retail & E-Commerce Software Development',,200,yes,Structured Data Report
http://localhost:3000/industries/retail-ecommerce,Optimization,P3 - improve,Completeness,WebSite missing recommended properties,A schema object lacks recommended properties that improve rich results.,no 'potentialAction','potentialAction' property on WebSite,Add the properties listed in Current value.,WebSite 'Semicolon',,200,yes,Structured Data Report
http://localhost:3000/industries/saas,Optimization,P3 - improve,Completeness,Organization missing recommended properties,A schema object lacks recommended properties that improve rich results.,no 'sameAs','sameAs' property on Organization,Add the properties listed in Current value.,Organization 'Semicolon',,200,yes,Structured Data Report
http://localhost:3000/industries/saas,Optimization,P3 - improve,Completeness,Organization missing recommended properties,A schema object lacks recommended properties that improve rich results.,no 'contactPoint','contactPoint' property on Organization,Add the properties listed in Current value.,Organization 'Semicolon',,200,yes,Structured Data Report
http://localhost:3000/industries/saas,Optimization,P3 - improve,Completeness,Service missing recommended properties,A schema object lacks recommended properties that improve rich results.,no 'areaServed','areaServed' property on Service,Add the properties listed in Current value.,Service 'SaaS & Startups Software Development',,200,yes,Structured Data Report
http://localhost:3000/industries/saas,Optimization,P3 - improve,Completeness,Service missing recommended properties,A schema object lacks recommended properties that improve rich results.,no 'serviceType','serviceType' property on Service,Add the properties listed in Current value.,Service 'SaaS & Startups Software Development',,200,yes,Structured Data Report
http://localhost:3000/industries/saas,Optimization,P3 - improve,Completeness,WebSite missing recommended properties,A schema object lacks recommended properties that improve rich results.,no 'potentialAction','potentialAction' property on WebSite,Add the properties listed in Current value.,WebSite 'Semicolon',,200,yes,Structured Data Report
http://localhost:3000/industries/social-networking,Important,P2 - fix soon,Duplicates,FAQPage schema appears more than once,The same structured data is output more than once.,2 times,once per page,"Render the JSON-LD in one place (layout or page, not both).",,,200,yes,Structured Data Report
http://localhost:3000/industries/social-networking,Optimization,P3 - improve,Completeness,Organization missing recommended properties,A schema object lacks recommended properties that improve rich results.,no 'sameAs','sameAs' property on Organization,Add the properties listed in Current value.,Organization 'Semicolon',,200,yes,Structured Data Report
http://localhost:3000/industries/social-networking,Optimization,P3 - improve,Completeness,Organization missing recommended properties,A schema object lacks recommended properties that improve rich results.,no 'contactPoint','contactPoint' property on Organization,Add the properties listed in Current value.,Organization 'Semicolon',,200,yes,Structured Data Report
http://localhost:3000/industries/social-networking,Optimization,P3 - improve,Completeness,Service missing recommended properties,A schema object lacks recommended properties that improve rich results.,no 'areaServed','areaServed' property on Service,Add the properties listed in Current value.,Service 'Social Networking Software Development',,200,yes,Structured Data Report
http://localhost:3000/industries/social-networking,Optimization,P3 - improve,Completeness,Service missing recommended properties,A schema object lacks recommended properties that improve rich results.,no 'serviceType','serviceType' property on Service,Add the properties listed in Current value.,Service 'Social Networking Software Development',,200,yes,Structured Data Report
http://localhost:3000/industries/social-networking,Optimization,P3 - improve,Completeness,WebSite missing recommended properties,A schema object lacks recommended properties that improve rich results.,no 'potentialAction','potentialAction' property on WebSite,Add the properties listed in Current value.,WebSite 'Semicolon',,200,yes,Structured Data Report
http://localhost:3000/industries/sports-fitness,Important,P2 - fix soon,Duplicates,FAQPage schema appears more than once,The same structured data is output more than once.,2 times,once per page,"Render the JSON-LD in one place (layout or page, not both).",,,200,yes,Structured Data Report
http://localhost:3000/industries/sports-fitness,Optimization,P3 - improve,Completeness,Organization missing recommended properties,A schema object lacks recommended properties that improve rich results.,no 'sameAs','sameAs' property on Organization,Add the properties listed in Current value.,Organization 'Semicolon',,200,yes,Structured Data Report
http://localhost:3000/industries/sports-fitness,Optimization,P3 - improve,Completeness,Organization missing recommended properties,A schema object lacks recommended properties that improve rich results.,no 'contactPoint','contactPoint' property on Organization,Add the properties listed in Current value.,Organization 'Semicolon',,200,yes,Structured Data Report
http://localhost:3000/industries/sports-fitness,Optimization,P3 - improve,Completeness,Service missing recommended properties,A schema object lacks recommended properties that improve rich results.,no 'areaServed','areaServed' property on Service,Add the properties listed in Current value.,Service 'Sports & Fitness Software Development',,200,yes,Structured Data Report
http://localhost:3000/industries/sports-fitness,Optimization,P3 - improve,Completeness,Service missing recommended properties,A schema object lacks recommended properties that improve rich results.,no 'serviceType','serviceType' property on Service,Add the properties listed in Current value.,Service 'Sports & Fitness Software Development',,200,yes,Structured Data Report
http://localhost:3000/industries/sports-fitness,Optimization,P3 - improve,Completeness,WebSite missing recommended properties,A schema object lacks recommended properties that improve rich results.,no 'potentialAction','potentialAction' property on WebSite,Add the properties listed in Current value.,WebSite 'Semicolon',,200,yes,Structured Data Report
http://localhost:3000/industries/telecommunications,Important,P2 - fix soon,Duplicates,FAQPage schema appears more than once,The same structured data is output more than once.,2 times,once per page,"Render the JSON-LD in one place (layout or page, not both).",,,200,yes,Structured Data Report
http://localhost:3000/industries/telecommunications,Optimization,P3 - improve,Completeness,Organization missing recommended properties,A schema object lacks recommended properties that improve rich results.,no 'sameAs','sameAs' property on Organization,Add the properties listed in Current value.,Organization 'Semicolon',,200,yes,Structured Data Report
http://localhost:3000/industries/telecommunications,Optimization,P3 - improve,Completeness,Organization missing recommended properties,A schema object lacks recommended properties that improve rich results.,no 'contactPoint','contactPoint' property on Organization,Add the properties listed in Current value.,Organization 'Semicolon',,200,yes,Structured Data Report
http://localhost:3000/industries/telecommunications,Optimization,P3 - improve,Completeness,Service missing recommended properties,A schema object lacks recommended properties that improve rich results.,no 'areaServed','areaServed' property on Service,Add the properties listed in Current value.,Service 'Telecommunications Software Development',,200,yes,Structured Data Report
http://localhost:3000/industries/telecommunications,Optimization,P3 - improve,Completeness,Service missing recommended properties,A schema object lacks recommended properties that improve rich results.,no 'serviceType','serviceType' property on Service,Add the properties listed in Current value.,Service 'Telecommunications Software Development',,200,yes,Structured Data Report
http://localhost:3000/industries/telecommunications,Optimization,P3 - improve,Completeness,WebSite missing recommended properties,A schema object lacks recommended properties that improve rich results.,no 'potentialAction','potentialAction' property on WebSite,Add the properties listed in Current value.,WebSite 'Semicolon',,200,yes,Structured Data Report
http://localhost:3000/industries/travel-hospitality,Important,P2 - fix soon,Duplicates,FAQPage schema appears more than once,The same structured data is output more than once.,2 times,once per page,"Render the JSON-LD in one place (layout or page, not both).",,,200,yes,Structured Data Report
http://localhost:3000/industries/travel-hospitality,Optimization,P3 - improve,Completeness,Organization missing recommended properties,A schema object lacks recommended properties that improve rich results.,no 'sameAs','sameAs' property on Organization,Add the properties listed in Current value.,Organization 'Semicolon',,200,yes,Structured Data Report
http://localhost:3000/industries/travel-hospitality,Optimization,P3 - improve,Completeness,Organization missing recommended properties,A schema object lacks recommended properties that improve rich results.,no 'contactPoint','contactPoint' property on Organization,Add the properties listed in Current value.,Organization 'Semicolon',,200,yes,Structured Data Report
http://localhost:3000/industries/travel-hospitality,Optimization,P3 - improve,Completeness,Service missing recommended properties,A schema object lacks recommended properties that improve rich results.,no 'areaServed','areaServed' property on Service,Add the properties listed in Current value.,Service 'Travel & Hospitality Software Development',,200,yes,Structured Data Report
http://localhost:3000/industries/travel-hospitality,Optimization,P3 - improve,Completeness,Service missing recommended properties,A schema object lacks recommended properties that improve rich results.,no 'serviceType','serviceType' property on Service,Add the properties listed in Current value.,Service 'Travel & Hospitality Software Development',,200,yes,Structured Data Report
http://localhost:3000/industries/travel-hospitality,Optimization,P3 - improve,Completeness,WebSite missing recommended properties,A schema object lacks recommended properties that improve rich results.,no 'potentialAction','potentialAction' property on WebSite,Add the properties listed in Current value.,WebSite 'Semicolon',,200,yes,Structured Data Report
http://localhost:3000/infrastructure,Optimization,P3 - improve,Completeness,Organization missing recommended properties,A schema object lacks recommended properties that improve rich results.,no 'sameAs','sameAs' property on Organization,Add the properties listed in Current value.,Organization 'Semicolon',,200,no,Structured Data Report
http://localhost:3000/infrastructure,Optimization,P3 - improve,Completeness,Organization missing recommended properties,A schema object lacks recommended properties that improve rich results.,no 'contactPoint','contactPoint' property on Organization,Add the properties listed in Current value.,Organization 'Semicolon',,200,no,Structured Data Report
http://localhost:3000/infrastructure,Optimization,P3 - improve,Completeness,WebSite missing recommended properties,A schema object lacks recommended properties that improve rich results.,no 'potentialAction','potentialAction' property on WebSite,Add the properties listed in Current value.,WebSite 'Semicolon',,200,no,Structured Data Report
http://localhost:3000/intelligent-data-services,Important,P2 - fix soon,Page type,Missing Service/CollectionPage schema,The page lacks the structured-data type expected for this kind of page.,"types found: BreadcrumbList, ListItem, Organization, PostalAddress, WebSite","one of: CollectionPage, ItemList, OfferCatalog, Service",Add JSON-LD of that type with its required properties.,,,200,yes,Structured Data Report
http://localhost:3000/intelligent-data-services,Optimization,P3 - improve,Completeness,Organization missing recommended properties,A schema object lacks recommended properties that improve rich results.,no 'sameAs','sameAs' property on Organization,Add the properties listed in Current value.,Organization 'Semicolon',,200,yes,Structured Data Report
http://localhost:3000/intelligent-data-services,Optimization,P3 - improve,Completeness,Organization missing recommended properties,A schema object lacks recommended properties that improve rich results.,no 'contactPoint','contactPoint' property on Organization,Add the properties listed in Current value.,Organization 'Semicolon',,200,yes,Structured Data Report
http://localhost:3000/intelligent-data-services,Optimization,P3 - improve,Completeness,WebSite missing recommended properties,A schema object lacks recommended properties that improve rich results.,no 'potentialAction','potentialAction' property on WebSite,Add the properties listed in Current value.,WebSite 'Semicolon',,200,yes,Structured Data Report
http://localhost:3000/intelligent-data-services/ai-app-development,Important,P2 - fix soon,Page type,Missing Service schema,The page lacks the structured-data type expected for this kind of page.,"types found: BreadcrumbList, ListItem, Organization, PostalAddress, WebSite","one of: Service, SoftwareApplication",Add JSON-LD of that type with its required properties.,,,200,yes,Structured Data Report
http://localhost:3000/intelligent-data-services/ai-app-development,Optimization,P3 - improve,Completeness,Organization missing recommended properties,A schema object lacks recommended properties that improve rich results.,no 'sameAs','sameAs' property on Organization,Add the properties listed in Current value.,Organization 'Semicolon',,200,yes,Structured Data Report
http://localhost:3000/intelligent-data-services/ai-app-development,Optimization,P3 - improve,Completeness,Organization missing recommended properties,A schema object lacks recommended properties that improve rich results.,no 'contactPoint','contactPoint' property on Organization,Add the properties listed in Current value.,Organization 'Semicolon',,200,yes,Structured Data Report
http://localhost:3000/intelligent-data-services/ai-app-development,Optimization,P3 - improve,Completeness,WebSite missing recommended properties,A schema object lacks recommended properties that improve rich results.,no 'potentialAction','potentialAction' property on WebSite,Add the properties listed in Current value.,WebSite 'Semicolon',,200,yes,Structured Data Report
http://localhost:3000/intelligent-data-services/ai-app-development,Optimization,P3 - improve,Page type,FAQ section without FAQPage schema,The page has an FAQ section but no FAQPage schema.,,FAQPage JSON-LD with each question and answer,Generate FAQPage JSON-LD from the same FAQ data the page renders.,,,200,yes,Structured Data Report
http://localhost:3000/intelligent-data-services/blockchain-development,Important,P2 - fix soon,Page type,Missing Service schema,The page lacks the structured-data type expected for this kind of page.,"types found: BreadcrumbList, ListItem, Organization, PostalAddress, WebSite","one of: Service, SoftwareApplication",Add JSON-LD of that type with its required properties.,,,200,yes,Structured Data Report
http://localhost:3000/intelligent-data-services/blockchain-development,Optimization,P3 - improve,Completeness,Organization missing recommended properties,A schema object lacks recommended properties that improve rich results.,no 'sameAs','sameAs' property on Organization,Add the properties listed in Current value.,Organization 'Semicolon',,200,yes,Structured Data Report
http://localhost:3000/intelligent-data-services/blockchain-development,Optimization,P3 - improve,Completeness,Organization missing recommended properties,A schema object lacks recommended properties that improve rich results.,no 'contactPoint','contactPoint' property on Organization,Add the properties listed in Current value.,Organization 'Semicolon',,200,yes,Structured Data Report
http://localhost:3000/intelligent-data-services/blockchain-development,Optimization,P3 - improve,Completeness,WebSite missing recommended properties,A schema object lacks recommended properties that improve rich results.,no 'potentialAction','potentialAction' property on WebSite,Add the properties listed in Current value.,WebSite 'Semicolon',,200,yes,Structured Data Report
http://localhost:3000/intelligent-data-services/blockchain-development,Optimization,P3 - improve,Page type,FAQ section without FAQPage schema,The page has an FAQ section but no FAQPage schema.,,FAQPage JSON-LD with each question and answer,Generate FAQPage JSON-LD from the same FAQ data the page renders.,,,200,yes,Structured Data Report
http://localhost:3000/intelligent-data-services/chatbot-development,Important,P2 - fix soon,Page type,Missing Service schema,The page lacks the structured-data type expected for this kind of page.,"types found: BreadcrumbList, ListItem, Organization, PostalAddress, WebSite","one of: Service, SoftwareApplication",Add JSON-LD of that type with its required properties.,,,200,yes,Structured Data Report
http://localhost:3000/intelligent-data-services/chatbot-development,Optimization,P3 - improve,Completeness,Organization missing recommended properties,A schema object lacks recommended properties that improve rich results.,no 'sameAs','sameAs' property on Organization,Add the properties listed in Current value.,Organization 'Semicolon',,200,yes,Structured Data Report
http://localhost:3000/intelligent-data-services/chatbot-development,Optimization,P3 - improve,Completeness,Organization missing recommended properties,A schema object lacks recommended properties that improve rich results.,no 'contactPoint','contactPoint' property on Organization,Add the properties listed in Current value.,Organization 'Semicolon',,200,yes,Structured Data Report
http://localhost:3000/intelligent-data-services/chatbot-development,Optimization,P3 - improve,Completeness,WebSite missing recommended properties,A schema object lacks recommended properties that improve rich results.,no 'potentialAction','potentialAction' property on WebSite,Add the properties listed in Current value.,WebSite 'Semicolon',,200,yes,Structured Data Report
http://localhost:3000/intelligent-data-services/chatbot-development,Optimization,P3 - improve,Page type,FAQ section without FAQPage schema,The page has an FAQ section but no FAQPage schema.,,FAQPage JSON-LD with each question and answer,Generate FAQPage JSON-LD from the same FAQ data the page renders.,,,200,yes,Structured Data Report
http://localhost:3000/intelligent-data-services/iot-development,Important,P2 - fix soon,Page type,Missing Service schema,The page lacks the structured-data type expected for this kind of page.,"types found: BreadcrumbList, ListItem, Organization, PostalAddress, WebSite","one of: Service, SoftwareApplication",Add JSON-LD of that type with its required properties.,,,200,yes,Structured Data Report
http://localhost:3000/intelligent-data-services/iot-development,Optimization,P3 - improve,Completeness,Organization missing recommended properties,A schema object lacks recommended properties that improve rich results.,no 'sameAs','sameAs' property on Organization,Add the properties listed in Current value.,Organization 'Semicolon',,200,yes,Structured Data Report
http://localhost:3000/intelligent-data-services/iot-development,Optimization,P3 - improve,Completeness,Organization missing recommended properties,A schema object lacks recommended properties that improve rich results.,no 'contactPoint','contactPoint' property on Organization,Add the properties listed in Current value.,Organization 'Semicolon',,200,yes,Structured Data Report
http://localhost:3000/intelligent-data-services/iot-development,Optimization,P3 - improve,Completeness,WebSite missing recommended properties,A schema object lacks recommended properties that improve rich results.,no 'potentialAction','potentialAction' property on WebSite,Add the properties listed in Current value.,WebSite 'Semicolon',,200,yes,Structured Data Report
http://localhost:3000/intelligent-data-services/iot-development,Optimization,P3 - improve,Page type,FAQ section without FAQPage schema,The page has an FAQ section but no FAQPage schema.,,FAQPage JSON-LD with each question and answer,Generate FAQPage JSON-LD from the same FAQ data the page renders.,,,200,yes,Structured Data Report
http://localhost:3000/intelligent-data-services/ml-development,Important,P2 - fix soon,Page type,Missing Service schema,The page lacks the structured-data type expected for this kind of page.,"types found: BreadcrumbList, ListItem, Organization, PostalAddress, WebSite","one of: Service, SoftwareApplication",Add JSON-LD of that type with its required properties.,,,200,yes,Structured Data Report
http://localhost:3000/intelligent-data-services/ml-development,Optimization,P3 - improve,Completeness,Organization missing recommended properties,A schema object lacks recommended properties that improve rich results.,no 'sameAs','sameAs' property on Organization,Add the properties listed in Current value.,Organization 'Semicolon',,200,yes,Structured Data Report
http://localhost:3000/intelligent-data-services/ml-development,Optimization,P3 - improve,Completeness,Organization missing recommended properties,A schema object lacks recommended properties that improve rich results.,no 'contactPoint','contactPoint' property on Organization,Add the properties listed in Current value.,Organization 'Semicolon',,200,yes,Structured Data Report
http://localhost:3000/intelligent-data-services/ml-development,Optimization,P3 - improve,Completeness,WebSite missing recommended properties,A schema object lacks recommended properties that improve rich results.,no 'potentialAction','potentialAction' property on WebSite,Add the properties listed in Current value.,WebSite 'Semicolon',,200,yes,Structured Data Report
http://localhost:3000/intelligent-data-services/ml-development,Optimization,P3 - improve,Page type,FAQ section without FAQPage schema,The page has an FAQ section but no FAQPage schema.,,FAQPage JSON-LD with each question and answer,Generate FAQPage JSON-LD from the same FAQ data the page renders.,,,200,yes,Structured Data Report
http://localhost:3000/internships,Optimization,P3 - improve,Completeness,JobPosting missing recommended properties,A schema object lacks recommended properties that improve rich results.,no 'validThrough','validThrough' property on JobPosting,Add the properties listed in Current value.,JobPosting '',,200,yes,Structured Data Report
http://localhost:3000/internships,Optimization,P3 - improve,Completeness,JobPosting missing recommended properties,A schema object lacks recommended properties that improve rich results.,no 'validThrough','validThrough' property on JobPosting,Add the properties listed in Current value.,JobPosting '',,200,yes,Structured Data Report
http://localhost:3000/internships,Optimization,P3 - improve,Completeness,Organization missing recommended properties,A schema object lacks recommended properties that improve rich results.,no 'sameAs','sameAs' property on Organization,Add the properties listed in Current value.,Organization 'Semicolon',,200,yes,Structured Data Report
http://localhost:3000/internships,Optimization,P3 - improve,Completeness,Organization missing recommended properties,A schema object lacks recommended properties that improve rich results.,no 'contactPoint','contactPoint' property on Organization,Add the properties listed in Current value.,Organization 'Semicolon',,200,yes,Structured Data Report
http://localhost:3000/internships,Optimization,P3 - improve,Completeness,WebSite missing recommended properties,A schema object lacks recommended properties that improve rich results.,no 'potentialAction','potentialAction' property on WebSite,Add the properties listed in Current value.,WebSite 'Semicolon',,200,yes,Structured Data Report
http://localhost:3000/mission-vision,Optimization,P3 - improve,Completeness,Organization missing recommended properties,A schema object lacks recommended properties that improve rich results.,no 'sameAs','sameAs' property on Organization,Add the properties listed in Current value.,Organization 'Semicolon',,200,yes,Structured Data Report
http://localhost:3000/mission-vision,Optimization,P3 - improve,Completeness,Organization missing recommended properties,A schema object lacks recommended properties that improve rich results.,no 'contactPoint','contactPoint' property on Organization,Add the properties listed in Current value.,Organization 'Semicolon',,200,yes,Structured Data Report
http://localhost:3000/mission-vision,Optimization,P3 - improve,Completeness,WebSite missing recommended properties,A schema object lacks recommended properties that improve rich results.,no 'potentialAction','potentialAction' property on WebSite,Add the properties listed in Current value.,WebSite 'Semicolon',,200,yes,Structured Data Report
http://localhost:3000/our-process,Optimization,P3 - improve,Completeness,Organization missing recommended properties,A schema object lacks recommended properties that improve rich results.,no 'sameAs','sameAs' property on Organization,Add the properties listed in Current value.,Organization 'Semicolon',,200,yes,Structured Data Report
http://localhost:3000/our-process,Optimization,P3 - improve,Completeness,Organization missing recommended properties,A schema object lacks recommended properties that improve rich results.,no 'contactPoint','contactPoint' property on Organization,Add the properties listed in Current value.,Organization 'Semicolon',,200,yes,Structured Data Report
http://localhost:3000/our-process,Optimization,P3 - improve,Completeness,WebSite missing recommended properties,A schema object lacks recommended properties that improve rich results.,no 'potentialAction','potentialAction' property on WebSite,Add the properties listed in Current value.,WebSite 'Semicolon',,200,yes,Structured Data Report
http://localhost:3000/our-team,Optimization,P3 - improve,Completeness,Organization missing recommended properties,A schema object lacks recommended properties that improve rich results.,no 'sameAs','sameAs' property on Organization,Add the properties listed in Current value.,Organization 'Semicolon',,200,yes,Structured Data Report
http://localhost:3000/our-team,Optimization,P3 - improve,Completeness,Organization missing recommended properties,A schema object lacks recommended properties that improve rich results.,no 'contactPoint','contactPoint' property on Organization,Add the properties listed in Current value.,Organization 'Semicolon',,200,yes,Structured Data Report
http://localhost:3000/our-team,Optimization,P3 - improve,Completeness,WebSite missing recommended properties,A schema object lacks recommended properties that improve rich results.,no 'potentialAction','potentialAction' property on WebSite,Add the properties listed in Current value.,WebSite 'Semicolon',,200,yes,Structured Data Report
http://localhost:3000/our-values,Optimization,P3 - improve,Completeness,Organization missing recommended properties,A schema object lacks recommended properties that improve rich results.,no 'sameAs','sameAs' property on Organization,Add the properties listed in Current value.,Organization 'Semicolon',,200,yes,Structured Data Report
http://localhost:3000/our-values,Optimization,P3 - improve,Completeness,Organization missing recommended properties,A schema object lacks recommended properties that improve rich results.,no 'contactPoint','contactPoint' property on Organization,Add the properties listed in Current value.,Organization 'Semicolon',,200,yes,Structured Data Report
http://localhost:3000/our-values,Optimization,P3 - improve,Completeness,WebSite missing recommended properties,A schema object lacks recommended properties that improve rich results.,no 'potentialAction','potentialAction' property on WebSite,Add the properties listed in Current value.,WebSite 'Semicolon',,200,yes,Structured Data Report
http://localhost:3000/portfolio,Important,P2 - fix soon,Page type,Missing CollectionPage schema,The page lacks the structured-data type expected for this kind of page.,"types found: Organization, PostalAddress, WebSite","one of: CollectionPage, ItemList",Add JSON-LD of that type with its required properties.,,,200,yes,Structured Data Report
http://localhost:3000/portfolio,Optimization,P3 - improve,Completeness,Organization missing recommended properties,A schema object lacks recommended properties that improve rich results.,no 'sameAs','sameAs' property on Organization,Add the properties listed in Current value.,Organization 'Semicolon',,200,yes,Structured Data Report
http://localhost:3000/portfolio,Optimization,P3 - improve,Completeness,Organization missing recommended properties,A schema object lacks recommended properties that improve rich results.,no 'contactPoint','contactPoint' property on Organization,Add the properties listed in Current value.,Organization 'Semicolon',,200,yes,Structured Data Report
http://localhost:3000/portfolio,Optimization,P3 - improve,Completeness,WebSite missing recommended properties,A schema object lacks recommended properties that improve rich results.,no 'potentialAction','potentialAction' property on WebSite,Add the properties listed in Current value.,WebSite 'Semicolon',,200,yes,Structured Data Report
http://localhost:3000/portfolio/adinsights-gcp,Optimization,P3 - improve,Completeness,CreativeWork missing recommended properties,A schema object lacks recommended properties that improve rich results.,no 'author','author' property on CreativeWork,Add the properties listed in Current value.,CreativeWork 'AdInsights – Marketing Data Warehouse',,200,yes,Structured Data Report
http://localhost:3000/portfolio/adinsights-gcp,Optimization,P3 - improve,Completeness,Organization missing recommended properties,A schema object lacks recommended properties that improve rich results.,no 'sameAs','sameAs' property on Organization,Add the properties listed in Current value.,Organization 'Semicolon',,200,yes,Structured Data Report
http://localhost:3000/portfolio/adinsights-gcp,Optimization,P3 - improve,Completeness,Organization missing recommended properties,A schema object lacks recommended properties that improve rich results.,no 'contactPoint','contactPoint' property on Organization,Add the properties listed in Current value.,Organization 'Semicolon',,200,yes,Structured Data Report
http://localhost:3000/portfolio/adinsights-gcp,Optimization,P3 - improve,Completeness,WebSite missing recommended properties,A schema object lacks recommended properties that improve rich results.,no 'potentialAction','potentialAction' property on WebSite,Add the properties listed in Current value.,WebSite 'Semicolon',,200,yes,Structured Data Report
http://localhost:3000/portfolio/agrisense-farmer-app,Optimization,P3 - improve,Completeness,CreativeWork missing recommended properties,A schema object lacks recommended properties that improve rich results.,no 'author','author' property on CreativeWork,Add the properties listed in Current value.,CreativeWork 'AgriSense – Farmer Advisory App',,200,yes,Structured Data Report
http://localhost:3000/portfolio/agrisense-farmer-app,Optimization,P3 - improve,Completeness,Organization missing recommended properties,A schema object lacks recommended properties that improve rich results.,no 'sameAs','sameAs' property on Organization,Add the properties listed in Current value.,Organization 'Semicolon',,200,yes,Structured Data Report
http://localhost:3000/portfolio/agrisense-farmer-app,Optimization,P3 - improve,Completeness,Organization missing recommended properties,A schema object lacks recommended properties that improve rich results.,no 'contactPoint','contactPoint' property on Organization,Add the properties listed in Current value.,Organization 'Semicolon',,200,yes,Structured Data Report
http://localhost:3000/portfolio/agrisense-farmer-app,Optimization,P3 - improve,Completeness,WebSite missing recommended properties,A schema object lacks recommended properties that improve rich results.,no 'potentialAction','potentialAction' property on WebSite,Add the properties listed in Current value.,WebSite 'Semicolon',,200,yes,Structured Data Report
http://localhost:3000/portfolio/analytics-setup-retail,Optimization,P3 - improve,Completeness,CreativeWork missing recommended properties,A schema object lacks recommended properties that improve rich results.,no 'author','author' property on CreativeWork,Add the properties listed in Current value.,CreativeWork 'Analytics & Reporting Setup – Retail',,200,yes,Structured Data Report
http://localhost:3000/portfolio/analytics-setup-retail,Optimization,P3 - improve,Completeness,Organization missing recommended properties,A schema object lacks recommended properties that improve rich results.,no 'sameAs','sameAs' property on Organization,Add the properties listed in Current value.,Organization 'Semicolon',,200,yes,Structured Data Report
http://localhost:3000/portfolio/analytics-setup-retail,Optimization,P3 - improve,Completeness,Organization missing recommended properties,A schema object lacks recommended properties that improve rich results.,no 'contactPoint','contactPoint' property on Organization,Add the properties listed in Current value.,Organization 'Semicolon',,200,yes,Structured Data Report
http://localhost:3000/portfolio/analytics-setup-retail,Optimization,P3 - improve,Completeness,WebSite missing recommended properties,A schema object lacks recommended properties that improve rich results.,no 'potentialAction','potentialAction' property on WebSite,Add the properties listed in Current value.,WebSite 'Semicolon',,200,yes,Structured Data Report
http://localhost:3000/portfolio/autoparts-magento,Optimization,P3 - improve,Completeness,CreativeWork missing recommended properties,A schema object lacks recommended properties that improve rich results.,no 'author','author' property on CreativeWork,Add the properties listed in Current value.,CreativeWork 'PartsPro – Auto Parts Store',,200,yes,Structured Data Report
http://localhost:3000/portfolio/autoparts-magento,Optimization,P3 - improve,Completeness,Organization missing recommended properties,A schema object lacks recommended properties that improve rich results.,no 'sameAs','sameAs' property on Organization,Add the properties listed in Current value.,Organization 'Semicolon',,200,yes,Structured Data Report
http://localhost:3000/portfolio/autoparts-magento,Optimization,P3 - improve,Completeness,Organization missing recommended properties,A schema object lacks recommended properties that improve rich results.,no 'contactPoint','contactPoint' property on Organization,Add the properties listed in Current value.,Organization 'Semicolon',,200,yes,Structured Data Report
http://localhost:3000/portfolio/autoparts-magento,Optimization,P3 - improve,Completeness,WebSite missing recommended properties,A schema object lacks recommended properties that improve rich results.,no 'potentialAction','potentialAction' property on WebSite,Add the properties listed in Current value.,WebSite 'Semicolon',,200,yes,Structured Data Report
http://localhost:3000/portfolio/bank-regression-selenium,Optimization,P3 - improve,Completeness,CreativeWork missing recommended properties,A schema object lacks recommended properties that improve rich results.,no 'author','author' property on CreativeWork,Add the properties listed in Current value.,CreativeWork 'BankTest – Web Banking Regression',,200,yes,Structured Data Report
http://localhost:3000/portfolio/bank-regression-selenium,Optimization,P3 - improve,Completeness,Organization missing recommended properties,A schema object lacks recommended properties that improve rich results.,no 'sameAs','sameAs' property on Organization,Add the properties listed in Current value.,Organization 'Semicolon',,200,yes,Structured Data Report
http://localhost:3000/portfolio/bank-regression-selenium,Optimization,P3 - improve,Completeness,Organization missing recommended properties,A schema object lacks recommended properties that improve rich results.,no 'contactPoint','contactPoint' property on Organization,Add the properties listed in Current value.,Organization 'Semicolon',,200,yes,Structured Data Report
http://localhost:3000/portfolio/bank-regression-selenium,Optimization,P3 - improve,Completeness,WebSite missing recommended properties,A schema object lacks recommended properties that improve rich results.,no 'potentialAction','potentialAction' property on WebSite,Add the properties listed in Current value.,WebSite 'Semicolon',,200,yes,Structured Data Report
http://localhost:3000/portfolio/banklink-core-integration,Optimization,P3 - improve,Completeness,CreativeWork missing recommended properties,A schema object lacks recommended properties that improve rich results.,no 'author','author' property on CreativeWork,Add the properties listed in Current value.,CreativeWork 'BankLink – Core Banking Integration',,200,yes,Structured Data Report
http://localhost:3000/portfolio/banklink-core-integration,Optimization,P3 - improve,Completeness,Organization missing recommended properties,A schema object lacks recommended properties that improve rich results.,no 'sameAs','sameAs' property on Organization,Add the properties listed in Current value.,Organization 'Semicolon',,200,yes,Structured Data Report
http://localhost:3000/portfolio/banklink-core-integration,Optimization,P3 - improve,Completeness,Organization missing recommended properties,A schema object lacks recommended properties that improve rich results.,no 'contactPoint','contactPoint' property on Organization,Add the properties listed in Current value.,Organization 'Semicolon',,200,yes,Structured Data Report
http://localhost:3000/portfolio/banklink-core-integration,Optimization,P3 - improve,Completeness,WebSite missing recommended properties,A schema object lacks recommended properties that improve rich results.,no 'potentialAction','potentialAction' property on WebSite,Add the properties listed in Current value.,WebSite 'Semicolon',,200,yes,Structured Data Report
http://localhost:3000/portfolio/bikeparts-opencart,Optimization,P3 - improve,Completeness,CreativeWork missing recommended properties,A schema object lacks recommended properties that improve rich results.,no 'author','author' property on CreativeWork,Add the properties listed in Current value.,CreativeWork 'CycleHub – Bike Parts Store (OpenCart)',,200,yes,Structured Data Report
http://localhost:3000/portfolio/bikeparts-opencart,Optimization,P3 - improve,Completeness,Organization missing recommended properties,A schema object lacks recommended properties that improve rich results.,no 'sameAs','sameAs' property on Organization,Add the properties listed in Current value.,Organization 'Semicolon',,200,yes,Structured Data Report
http://localhost:3000/portfolio/bikeparts-opencart,Optimization,P3 - improve,Completeness,Organization missing recommended properties,A schema object lacks recommended properties that improve rich results.,no 'contactPoint','contactPoint' property on Organization,Add the properties listed in Current value.,Organization 'Semicolon',,200,yes,Structured Data Report
http://localhost:3000/portfolio/bikeparts-opencart,Optimization,P3 - improve,Completeness,WebSite missing recommended properties,A schema object lacks recommended properties that improve rich results.,no 'potentialAction','potentialAction' property on WebSite,Add the properties listed in Current value.,WebSite 'Semicolon',,200,yes,Structured Data Report
http://localhost:3000/portfolio/brewbox-subscription-store,Optimization,P3 - improve,Completeness,CreativeWork missing recommended properties,A schema object lacks recommended properties that improve rich results.,no 'author','author' property on CreativeWork,Add the properties listed in Current value.,CreativeWork 'BrewBox – Coffee Subscription Store',,200,yes,Structured Data Report
http://localhost:3000/portfolio/brewbox-subscription-store,Optimization,P3 - improve,Completeness,Organization missing recommended properties,A schema object lacks recommended properties that improve rich results.,no 'sameAs','sameAs' property on Organization,Add the properties listed in Current value.,Organization 'Semicolon',,200,yes,Structured Data Report
http://localhost:3000/portfolio/brewbox-subscription-store,Optimization,P3 - improve,Completeness,Organization missing recommended properties,A schema object lacks recommended properties that improve rich results.,no 'contactPoint','contactPoint' property on Organization,Add the properties listed in Current value.,Organization 'Semicolon',,200,yes,Structured Data Report
http://localhost:3000/portfolio/brewbox-subscription-store,Optimization,P3 - improve,Completeness,WebSite missing recommended properties,A schema object lacks recommended properties that improve rich results.,no 'potentialAction','potentialAction' property on WebSite,Add the properties listed in Current value.,WebSite 'Semicolon',,200,yes,Structured Data Report
http://localhost:3000/portfolio/campusone-erp,Optimization,P3 - improve,Completeness,CreativeWork missing recommended properties,A schema object lacks recommended properties that improve rich results.,no 'author','author' property on CreativeWork,Add the properties listed in Current value.,CreativeWork 'CampusOne – College ERP',,200,yes,Structured Data Report
http://localhost:3000/portfolio/campusone-erp,Optimization,P3 - improve,Completeness,Organization missing recommended properties,A schema object lacks recommended properties that improve rich results.,no 'sameAs','sameAs' property on Organization,Add the properties listed in Current value.,Organization 'Semicolon',,200,yes,Structured Data Report
http://localhost:3000/portfolio/campusone-erp,Optimization,P3 - improve,Completeness,Organization missing recommended properties,A schema object lacks recommended properties that improve rich results.,no 'contactPoint','contactPoint' property on Organization,Add the properties listed in Current value.,Organization 'Semicolon',,200,yes,Structured Data Report
http://localhost:3000/portfolio/campusone-erp,Optimization,P3 - improve,Completeness,WebSite missing recommended properties,A schema object lacks recommended properties that improve rich results.,no 'potentialAction','potentialAction' property on WebSite,Add the properties listed in Current value.,WebSite 'Semicolon',,200,yes,Structured Data Report
http://localhost:3000/portfolio/charity-umbraco,Optimization,P3 - improve,Completeness,CreativeWork missing recommended properties,A schema object lacks recommended properties that improve rich results.,no 'author','author' property on CreativeWork,Add the properties listed in Current value.,CreativeWork 'GiveWell – Charity Website (Umbraco)',,200,yes,Structured Data Report
http://localhost:3000/portfolio/charity-umbraco,Optimization,P3 - improve,Completeness,Organization missing recommended properties,A schema object lacks recommended properties that improve rich results.,no 'sameAs','sameAs' property on Organization,Add the properties listed in Current value.,Organization 'Semicolon',,200,yes,Structured Data Report
http://localhost:3000/portfolio/charity-umbraco,Optimization,P3 - improve,Completeness,Organization missing recommended properties,A schema object lacks recommended properties that improve rich results.,no 'contactPoint','contactPoint' property on Organization,Add the properties listed in Current value.,Organization 'Semicolon',,200,yes,Structured Data Report
http://localhost:3000/portfolio/charity-umbraco,Optimization,P3 - improve,Completeness,WebSite missing recommended properties,A schema object lacks recommended properties that improve rich results.,no 'potentialAction','potentialAction' property on WebSite,Add the properties listed in Current value.,WebSite 'Semicolon',,200,yes,Structured Data Report
http://localhost:3000/portfolio/chatdesk-support-platform,Optimization,P3 - improve,Completeness,CreativeWork missing recommended properties,A schema object lacks recommended properties that improve rich results.,no 'author','author' property on CreativeWork,Add the properties listed in Current value.,CreativeWork 'ChatDesk – Customer Support Platform',,200,yes,Structured Data Report
http://localhost:3000/portfolio/chatdesk-support-platform,Optimization,P3 - improve,Completeness,Organization missing recommended properties,A schema object lacks recommended properties that improve rich results.,no 'sameAs','sameAs' property on Organization,Add the properties listed in Current value.,Organization 'Semicolon',,200,yes,Structured Data Report
http://localhost:3000/portfolio/chatdesk-support-platform,Optimization,P3 - improve,Completeness,Organization missing recommended properties,A schema object lacks recommended properties that improve rich results.,no 'contactPoint','contactPoint' property on Organization,Add the properties listed in Current value.,Organization 'Semicolon',,200,yes,Structured Data Report
http://localhost:3000/portfolio/chatdesk-support-platform,Optimization,P3 - improve,Completeness,WebSite missing recommended properties,A schema object lacks recommended properties that improve rich results.,no 'potentialAction','potentialAction' property on WebSite,Add the properties listed in Current value.,WebSite 'Semicolon',,200,yes,Structured Data Report
http://localhost:3000/portfolio/checkout-test-automation,Optimization,P3 - improve,Completeness,CreativeWork missing recommended properties,A schema object lacks recommended properties that improve rich results.,no 'author','author' property on CreativeWork,Add the properties listed in Current value.,CreativeWork 'CheckoutGuard – E-commerce Test Automation',,200,yes,Structured Data Report
http://localhost:3000/portfolio/checkout-test-automation,Optimization,P3 - improve,Completeness,Organization missing recommended properties,A schema object lacks recommended properties that improve rich results.,no 'sameAs','sameAs' property on Organization,Add the properties listed in Current value.,Organization 'Semicolon',,200,yes,Structured Data Report
http://localhost:3000/portfolio/checkout-test-automation,Optimization,P3 - improve,Completeness,Organization missing recommended properties,A schema object lacks recommended properties that improve rich results.,no 'contactPoint','contactPoint' property on Organization,Add the properties listed in Current value.,Organization 'Semicolon',,200,yes,Structured Data Report
http://localhost:3000/portfolio/checkout-test-automation,Optimization,P3 - improve,Completeness,WebSite missing recommended properties,A schema object lacks recommended properties that improve rich results.,no 'potentialAction','potentialAction' property on WebSite,Add the properties listed in Current value.,WebSite 'Semicolon',,200,yes,Structured Data Report
http://localhost:3000/portfolio/cicd-modernisation-jenkins,Optimization,P3 - improve,Completeness,CreativeWork missing recommended properties,A schema object lacks recommended properties that improve rich results.,no 'author','author' property on CreativeWork,Add the properties listed in Current value.,CreativeWork 'ShipFast – CI/CD Modernisation',,200,yes,Structured Data Report
http://localhost:3000/portfolio/cicd-modernisation-jenkins,Optimization,P3 - improve,Completeness,Organization missing recommended properties,A schema object lacks recommended properties that improve rich results.,no 'sameAs','sameAs' property on Organization,Add the properties listed in Current value.,Organization 'Semicolon',,200,yes,Structured Data Report
http://localhost:3000/portfolio/cicd-modernisation-jenkins,Optimization,P3 - improve,Completeness,Organization missing recommended properties,A schema object lacks recommended properties that improve rich results.,no 'contactPoint','contactPoint' property on Organization,Add the properties listed in Current value.,Organization 'Semicolon',,200,yes,Structured Data Report
http://localhost:3000/portfolio/cicd-modernisation-jenkins,Optimization,P3 - improve,Completeness,WebSite missing recommended properties,A schema object lacks recommended properties that improve rich results.,no 'potentialAction','potentialAction' property on WebSite,Add the properties listed in Current value.,WebSite 'Semicolon',,200,yes,Structured Data Report
http://localhost:3000/portfolio/citycouncil-drupal,Optimization,P3 - improve,Completeness,CreativeWork missing recommended properties,A schema object lacks recommended properties that improve rich results.,no 'author','author' property on CreativeWork,Add the properties listed in Current value.,CreativeWork 'CivicPortal – Public Services Website',,200,yes,Structured Data Report
http://localhost:3000/portfolio/citycouncil-drupal,Optimization,P3 - improve,Completeness,Organization missing recommended properties,A schema object lacks recommended properties that improve rich results.,no 'sameAs','sameAs' property on Organization,Add the properties listed in Current value.,Organization 'Semicolon',,200,yes,Structured Data Report
http://localhost:3000/portfolio/citycouncil-drupal,Optimization,P3 - improve,Completeness,Organization missing recommended properties,A schema object lacks recommended properties that improve rich results.,no 'contactPoint','contactPoint' property on Organization,Add the properties listed in Current value.,Organization 'Semicolon',,200,yes,Structured Data Report
http://localhost:3000/portfolio/citycouncil-drupal,Optimization,P3 - improve,Completeness,WebSite missing recommended properties,A schema object lacks recommended properties that improve rich results.,no 'potentialAction','potentialAction' property on WebSite,Add the properties listed in Current value.,WebSite 'Semicolon',,200,yes,Structured Data Report
http://localhost:3000/portfolio/claimdesk-insurance-portal,Optimization,P3 - improve,Completeness,CreativeWork missing recommended properties,A schema object lacks recommended properties that improve rich results.,no 'author','author' property on CreativeWork,Add the properties listed in Current value.,CreativeWork 'ClaimDesk – Insurance Claims Portal',,200,yes,Structured Data Report
http://localhost:3000/portfolio/claimdesk-insurance-portal,Optimization,P3 - improve,Completeness,Organization missing recommended properties,A schema object lacks recommended properties that improve rich results.,no 'sameAs','sameAs' property on Organization,Add the properties listed in Current value.,Organization 'Semicolon',,200,yes,Structured Data Report
http://localhost:3000/portfolio/claimdesk-insurance-portal,Optimization,P3 - improve,Completeness,Organization missing recommended properties,A schema object lacks recommended properties that improve rich results.,no 'contactPoint','contactPoint' property on Organization,Add the properties listed in Current value.,Organization 'Semicolon',,200,yes,Structured Data Report
http://localhost:3000/portfolio/claimdesk-insurance-portal,Optimization,P3 - improve,Completeness,WebSite missing recommended properties,A schema object lacks recommended properties that improve rich results.,no 'potentialAction','potentialAction' property on WebSite,Add the properties listed in Current value.,WebSite 'Semicolon',,200,yes,Structured Data Report
http://localhost:3000/portfolio/claimsai-azure,Optimization,P3 - improve,Completeness,CreativeWork missing recommended properties,A schema object lacks recommended properties that improve rich results.,no 'author','author' property on CreativeWork,Add the properties listed in Current value.,CreativeWork 'DocVault – Secure Document Platform on Azure',,200,yes,Structured Data Report
http://localhost:3000/portfolio/claimsai-azure,Optimization,P3 - improve,Completeness,Organization missing recommended properties,A schema object lacks recommended properties that improve rich results.,no 'sameAs','sameAs' property on Organization,Add the properties listed in Current value.,Organization 'Semicolon',,200,yes,Structured Data Report
http://localhost:3000/portfolio/claimsai-azure,Optimization,P3 - improve,Completeness,Organization missing recommended properties,A schema object lacks recommended properties that improve rich results.,no 'contactPoint','contactPoint' property on Organization,Add the properties listed in Current value.,Organization 'Semicolon',,200,yes,Structured Data Report
http://localhost:3000/portfolio/claimsai-azure,Optimization,P3 - improve,Completeness,WebSite missing recommended properties,A schema object lacks recommended properties that improve rich results.,no 'potentialAction','potentialAction' property on WebSite,Add the properties listed in Current value.,WebSite 'Semicolon',,200,yes,Structured Data Report
http://localhost:3000/portfolio/clinicq-queue-system,Optimization,P3 - improve,Completeness,CreativeWork missing recommended properties,A schema object lacks recommended properties that improve rich results.,no 'author','author' property on CreativeWork,Add the properties listed in Current value.,CreativeWork 'ClinicQ – Clinic Queue System',,200,yes,Structured Data Report
http://localhost:3000/portfolio/clinicq-queue-system,Optimization,P3 - improve,Completeness,Organization missing recommended properties,A schema object lacks recommended properties that improve rich results.,no 'sameAs','sameAs' property on Organization,Add the properties listed in Current value.,Organization 'Semicolon',,200,yes,Structured Data Report
http://localhost:3000/portfolio/clinicq-queue-system,Optimization,P3 - improve,Completeness,Organization missing recommended properties,A schema object lacks recommended properties that improve rich results.,no 'contactPoint','contactPoint' property on Organization,Add the properties listed in Current value.,Organization 'Semicolon',,200,yes,Structured Data Report
http://localhost:3000/portfolio/clinicq-queue-system,Optimization,P3 - improve,Completeness,WebSite missing recommended properties,A schema object lacks recommended properties that improve rich results.,no 'potentialAction','potentialAction' property on WebSite,Add the properties listed in Current value.,WebSite 'Semicolon',,200,yes,Structured Data Report
http://localhost:3000/portfolio/clinicsite-wordpress,Optimization,P3 - improve,Completeness,CreativeWork missing recommended properties,A schema object lacks recommended properties that improve rich results.,no 'author','author' property on CreativeWork,Add the properties listed in Current value.,CreativeWork 'SmileCare – Dental Clinic Website',,200,yes,Structured Data Report
http://localhost:3000/portfolio/clinicsite-wordpress,Optimization,P3 - improve,Completeness,Organization missing recommended properties,A schema object lacks recommended properties that improve rich results.,no 'sameAs','sameAs' property on Organization,Add the properties listed in Current value.,Organization 'Semicolon',,200,yes,Structured Data Report
http://localhost:3000/portfolio/clinicsite-wordpress,Optimization,P3 - improve,Completeness,Organization missing recommended properties,A schema object lacks recommended properties that improve rich results.,no 'contactPoint','contactPoint' property on Organization,Add the properties listed in Current value.,Organization 'Semicolon',,200,yes,Structured Data Report
http://localhost:3000/portfolio/clinicsite-wordpress,Optimization,P3 - improve,Completeness,WebSite missing recommended properties,A schema object lacks recommended properties that improve rich results.,no 'potentialAction','potentialAction' property on WebSite,Add the properties listed in Current value.,WebSite 'Semicolon',,200,yes,Structured Data Report
http://localhost:3000/portfolio/coldchain-iot,Optimization,P3 - improve,Completeness,CreativeWork missing recommended properties,A schema object lacks recommended properties that improve rich results.,no 'author','author' property on CreativeWork,Add the properties listed in Current value.,CreativeWork 'ColdWatch – Cold Chain Monitoring',,200,yes,Structured Data Report
http://localhost:3000/portfolio/coldchain-iot,Optimization,P3 - improve,Completeness,Organization missing recommended properties,A schema object lacks recommended properties that improve rich results.,no 'sameAs','sameAs' property on Organization,Add the properties listed in Current value.,Organization 'Semicolon',,200,yes,Structured Data Report
http://localhost:3000/portfolio/coldchain-iot,Optimization,P3 - improve,Completeness,Organization missing recommended properties,A schema object lacks recommended properties that improve rich results.,no 'contactPoint','contactPoint' property on Organization,Add the properties listed in Current value.,Organization 'Semicolon',,200,yes,Structured Data Report
http://localhost:3000/portfolio/coldchain-iot,Optimization,P3 - improve,Completeness,WebSite missing recommended properties,A schema object lacks recommended properties that improve rich results.,no 'potentialAction','potentialAction' property on WebSite,Add the properties listed in Current value.,WebSite 'Semicolon',,200,yes,Structured Data Report
http://localhost:3000/portfolio/coursecraft-lms,Optimization,P3 - improve,Completeness,CreativeWork missing recommended properties,A schema object lacks recommended properties that improve rich results.,no 'author','author' property on CreativeWork,Add the properties listed in Current value.,CreativeWork 'CourseCraft – Course Marketplace',,200,yes,Structured Data Report
http://localhost:3000/portfolio/coursecraft-lms,Optimization,P3 - improve,Completeness,Organization missing recommended properties,A schema object lacks recommended properties that improve rich results.,no 'sameAs','sameAs' property on Organization,Add the properties listed in Current value.,Organization 'Semicolon',,200,yes,Structured Data Report
http://localhost:3000/portfolio/coursecraft-lms,Optimization,P3 - improve,Completeness,Organization missing recommended properties,A schema object lacks recommended properties that improve rich results.,no 'contactPoint','contactPoint' property on Organization,Add the properties listed in Current value.,Organization 'Semicolon',,200,yes,Structured Data Report
http://localhost:3000/portfolio/coursecraft-lms,Optimization,P3 - improve,Completeness,WebSite missing recommended properties,A schema object lacks recommended properties that improve rich results.,no 'potentialAction','potentialAction' property on WebSite,Add the properties listed in Current value.,WebSite 'Semicolon',,200,yes,Structured Data Report
http://localhost:3000/portfolio/craftbazaar-woocommerce,Optimization,P3 - improve,Completeness,CreativeWork missing recommended properties,A schema object lacks recommended properties that improve rich results.,no 'author','author' property on CreativeWork,Add the properties listed in Current value.,CreativeWork 'CraftBazaar – Handmade Marketplace',,200,yes,Structured Data Report
http://localhost:3000/portfolio/craftbazaar-woocommerce,Optimization,P3 - improve,Completeness,Organization missing recommended properties,A schema object lacks recommended properties that improve rich results.,no 'sameAs','sameAs' property on Organization,Add the properties listed in Current value.,Organization 'Semicolon',,200,yes,Structured Data Report
http://localhost:3000/portfolio/craftbazaar-woocommerce,Optimization,P3 - improve,Completeness,Organization missing recommended properties,A schema object lacks recommended properties that improve rich results.,no 'contactPoint','contactPoint' property on Organization,Add the properties listed in Current value.,Organization 'Semicolon',,200,yes,Structured Data Report
http://localhost:3000/portfolio/craftbazaar-woocommerce,Optimization,P3 - improve,Completeness,WebSite missing recommended properties,A schema object lacks recommended properties that improve rich results.,no 'potentialAction','potentialAction' property on WebSite,Add the properties listed in Current value.,WebSite 'Semicolon',,200,yes,Structured Data Report
http://localhost:3000/portfolio/cro-saas-signup,Optimization,P3 - improve,Completeness,CreativeWork missing recommended properties,A schema object lacks recommended properties that improve rich results.,no 'author','author' property on CreativeWork,Add the properties listed in Current value.,CreativeWork 'Conversion Optimisation – SaaS Sign-up',,200,yes,Structured Data Report
http://localhost:3000/portfolio/cro-saas-signup,Optimization,P3 - improve,Completeness,Organization missing recommended properties,A schema object lacks recommended properties that improve rich results.,no 'sameAs','sameAs' property on Organization,Add the properties listed in Current value.,Organization 'Semicolon',,200,yes,Structured Data Report
http://localhost:3000/portfolio/cro-saas-signup,Optimization,P3 - improve,Completeness,Organization missing recommended properties,A schema object lacks recommended properties that improve rich results.,no 'contactPoint','contactPoint' property on Organization,Add the properties listed in Current value.,Organization 'Semicolon',,200,yes,Structured Data Report
http://localhost:3000/portfolio/cro-saas-signup,Optimization,P3 - improve,Completeness,WebSite missing recommended properties,A schema object lacks recommended properties that improve rich results.,no 'potentialAction','potentialAction' property on WebSite,Add the properties listed in Current value.,WebSite 'Semicolon',,200,yes,Structured Data Report
http://localhost:3000/portfolio/dispatchiq-logistics-api,Optimization,P3 - improve,Completeness,CreativeWork missing recommended properties,A schema object lacks recommended properties that improve rich results.,no 'author','author' property on CreativeWork,Add the properties listed in Current value.,CreativeWork 'DispatchIQ – Delivery Management API',,200,yes,Structured Data Report
http://localhost:3000/portfolio/dispatchiq-logistics-api,Optimization,P3 - improve,Completeness,Organization missing recommended properties,A schema object lacks recommended properties that improve rich results.,no 'sameAs','sameAs' property on Organization,Add the properties listed in Current value.,Organization 'Semicolon',,200,yes,Structured Data Report
http://localhost:3000/portfolio/dispatchiq-logistics-api,Optimization,P3 - improve,Completeness,Organization missing recommended properties,A schema object lacks recommended properties that improve rich results.,no 'contactPoint','contactPoint' property on Organization,Add the properties listed in Current value.,Organization 'Semicolon',,200,yes,Structured Data Report
http://localhost:3000/portfolio/dispatchiq-logistics-api,Optimization,P3 - improve,Completeness,WebSite missing recommended properties,A schema object lacks recommended properties that improve rich results.,no 'potentialAction','potentialAction' property on WebSite,Add the properties listed in Current value.,WebSite 'Semicolon',,200,yes,Structured Data Report
http://localhost:3000/portfolio/docparse-invoice-automation,Optimization,P3 - improve,Completeness,CreativeWork missing recommended properties,A schema object lacks recommended properties that improve rich results.,no 'author','author' property on CreativeWork,Add the properties listed in Current value.,CreativeWork 'DocParse – Invoice Automation',,200,yes,Structured Data Report
http://localhost:3000/portfolio/docparse-invoice-automation,Optimization,P3 - improve,Completeness,Organization missing recommended properties,A schema object lacks recommended properties that improve rich results.,no 'sameAs','sameAs' property on Organization,Add the properties listed in Current value.,Organization 'Semicolon',,200,yes,Structured Data Report
http://localhost:3000/portfolio/docparse-invoice-automation,Optimization,P3 - improve,Completeness,Organization missing recommended properties,A schema object lacks recommended properties that improve rich results.,no 'contactPoint','contactPoint' property on Organization,Add the properties listed in Current value.,Organization 'Semicolon',,200,yes,Structured Data Report
http://localhost:3000/portfolio/docparse-invoice-automation,Optimization,P3 - improve,Completeness,WebSite missing recommended properties,A schema object lacks recommended properties that improve rich results.,no 'potentialAction','potentialAction' property on WebSite,Add the properties listed in Current value.,WebSite 'Semicolon',,200,yes,Structured Data Report
http://localhost:3000/portfolio/docuflow-saas-website,Optimization,P3 - improve,Completeness,CreativeWork missing recommended properties,A schema object lacks recommended properties that improve rich results.,no 'author','author' property on CreativeWork,Add the properties listed in Current value.,CreativeWork 'DocuFlow – SaaS Marketing Site & App Shell',,200,yes,Structured Data Report
http://localhost:3000/portfolio/docuflow-saas-website,Optimization,P3 - improve,Completeness,Organization missing recommended properties,A schema object lacks recommended properties that improve rich results.,no 'sameAs','sameAs' property on Organization,Add the properties listed in Current value.,Organization 'Semicolon',,200,yes,Structured Data Report
http://localhost:3000/portfolio/docuflow-saas-website,Optimization,P3 - improve,Completeness,Organization missing recommended properties,A schema object lacks recommended properties that improve rich results.,no 'contactPoint','contactPoint' property on Organization,Add the properties listed in Current value.,Organization 'Semicolon',,200,yes,Structured Data Report
http://localhost:3000/portfolio/docuflow-saas-website,Optimization,P3 - improve,Completeness,WebSite missing recommended properties,A schema object lacks recommended properties that improve rich results.,no 'potentialAction','potentialAction' property on WebSite,Add the properties listed in Current value.,WebSite 'Semicolon',,200,yes,Structured Data Report
http://localhost:3000/portfolio/e-commerce-platform,Optimization,P3 - improve,Completeness,CreativeWork missing recommended properties,A schema object lacks recommended properties that improve rich results.,no 'author','author' property on CreativeWork,Add the properties listed in Current value.,CreativeWork 'E-Commerce Platform',,200,yes,Structured Data Report
http://localhost:3000/portfolio/e-commerce-platform,Optimization,P3 - improve,Completeness,Organization missing recommended properties,A schema object lacks recommended properties that improve rich results.,no 'sameAs','sameAs' property on Organization,Add the properties listed in Current value.,Organization 'Semicolon',,200,yes,Structured Data Report
http://localhost:3000/portfolio/e-commerce-platform,Optimization,P3 - improve,Completeness,Organization missing recommended properties,A schema object lacks recommended properties that improve rich results.,no 'contactPoint','contactPoint' property on Organization,Add the properties listed in Current value.,Organization 'Semicolon',,200,yes,Structured Data Report
http://localhost:3000/portfolio/e-commerce-platform,Optimization,P3 - improve,Completeness,WebSite missing recommended properties,A schema object lacks recommended properties that improve rich results.,no 'potentialAction','potentialAction' property on WebSite,Add the properties listed in Current value.,WebSite 'Semicolon',,200,yes,Structured Data Report
http://localhost:3000/portfolio/electronics-nopcommerce,Optimization,P3 - improve,Completeness,CreativeWork missing recommended properties,A schema object lacks recommended properties that improve rich results.,no 'author','author' property on CreativeWork,Add the properties listed in Current value.,CreativeWork 'VoltStore – Electronics Store (nopCommerce)',,200,yes,Structured Data Report
http://localhost:3000/portfolio/electronics-nopcommerce,Optimization,P3 - improve,Completeness,Organization missing recommended properties,A schema object lacks recommended properties that improve rich results.,no 'sameAs','sameAs' property on Organization,Add the properties listed in Current value.,Organization 'Semicolon',,200,yes,Structured Data Report
http://localhost:3000/portfolio/electronics-nopcommerce,Optimization,P3 - improve,Completeness,Organization missing recommended properties,A schema object lacks recommended properties that improve rich results.,no 'contactPoint','contactPoint' property on Organization,Add the properties listed in Current value.,Organization 'Semicolon',,200,yes,Structured Data Report
http://localhost:3000/portfolio/electronics-nopcommerce,Optimization,P3 - improve,Completeness,WebSite missing recommended properties,A schema object lacks recommended properties that improve rich results.,no 'potentialAction','potentialAction' property on WebSite,Add the properties listed in Current value.,WebSite 'Semicolon',,200,yes,Structured Data Report
http://localhost:3000/portfolio/email-automation-ecommerce,Optimization,P3 - improve,Completeness,CreativeWork missing recommended properties,A schema object lacks recommended properties that improve rich results.,no 'author','author' property on CreativeWork,Add the properties listed in Current value.,CreativeWork 'Email Automation – Online Store',,200,yes,Structured Data Report
http://localhost:3000/portfolio/email-automation-ecommerce,Optimization,P3 - improve,Completeness,Organization missing recommended properties,A schema object lacks recommended properties that improve rich results.,no 'sameAs','sameAs' property on Organization,Add the properties listed in Current value.,Organization 'Semicolon',,200,yes,Structured Data Report
http://localhost:3000/portfolio/email-automation-ecommerce,Optimization,P3 - improve,Completeness,Organization missing recommended properties,A schema object lacks recommended properties that improve rich results.,no 'contactPoint','contactPoint' property on Organization,Add the properties listed in Current value.,Organization 'Semicolon',,200,yes,Structured Data Report
http://localhost:3000/portfolio/email-automation-ecommerce,Optimization,P3 - improve,Completeness,WebSite missing recommended properties,A schema object lacks recommended properties that improve rich results.,no 'potentialAction','potentialAction' property on WebSite,Add the properties listed in Current value.,WebSite 'Semicolon',,200,yes,Structured Data Report
http://localhost:3000/portfolio/eventsphere-ticketing,Optimization,P3 - improve,Completeness,CreativeWork missing recommended properties,A schema object lacks recommended properties that improve rich results.,no 'author','author' property on CreativeWork,Add the properties listed in Current value.,CreativeWork 'EventSphere – Event Ticketing',,200,yes,Structured Data Report
http://localhost:3000/portfolio/eventsphere-ticketing,Optimization,P3 - improve,Completeness,Organization missing recommended properties,A schema object lacks recommended properties that improve rich results.,no 'sameAs','sameAs' property on Organization,Add the properties listed in Current value.,Organization 'Semicolon',,200,yes,Structured Data Report
http://localhost:3000/portfolio/eventsphere-ticketing,Optimization,P3 - improve,Completeness,Organization missing recommended properties,A schema object lacks recommended properties that improve rich results.,no 'contactPoint','contactPoint' property on Organization,Add the properties listed in Current value.,Organization 'Semicolon',,200,yes,Structured Data Report
http://localhost:3000/portfolio/eventsphere-ticketing,Optimization,P3 - improve,Completeness,WebSite missing recommended properties,A schema object lacks recommended properties that improve rich results.,no 'potentialAction','potentialAction' property on WebSite,Add the properties listed in Current value.,WebSite 'Semicolon',,200,yes,Structured Data Report
http://localhost:3000/portfolio/factoryedge-hybrid,Optimization,P3 - improve,Completeness,CreativeWork missing recommended properties,A schema object lacks recommended properties that improve rich results.,no 'author','author' property on CreativeWork,Add the properties listed in Current value.,CreativeWork 'FactoryEdge – Edge + Cloud Platform',,200,yes,Structured Data Report
http://localhost:3000/portfolio/factoryedge-hybrid,Optimization,P3 - improve,Completeness,Organization missing recommended properties,A schema object lacks recommended properties that improve rich results.,no 'sameAs','sameAs' property on Organization,Add the properties listed in Current value.,Organization 'Semicolon',,200,yes,Structured Data Report
http://localhost:3000/portfolio/factoryedge-hybrid,Optimization,P3 - improve,Completeness,Organization missing recommended properties,A schema object lacks recommended properties that improve rich results.,no 'contactPoint','contactPoint' property on Organization,Add the properties listed in Current value.,Organization 'Semicolon',,200,yes,Structured Data Report
http://localhost:3000/portfolio/factoryedge-hybrid,Optimization,P3 - improve,Completeness,WebSite missing recommended properties,A schema object lacks recommended properties that improve rich results.,no 'potentialAction','potentialAction' property on WebSite,Add the properties listed in Current value.,WebSite 'Semicolon',,200,yes,Structured Data Report
http://localhost:3000/portfolio/farmlink-marketplace,Optimization,P3 - improve,Completeness,CreativeWork missing recommended properties,A schema object lacks recommended properties that improve rich results.,no 'author','author' property on CreativeWork,Add the properties listed in Current value.,CreativeWork 'FarmLink – Farm-to-Buyer Marketplace',,200,yes,Structured Data Report
http://localhost:3000/portfolio/farmlink-marketplace,Optimization,P3 - improve,Completeness,Organization missing recommended properties,A schema object lacks recommended properties that improve rich results.,no 'sameAs','sameAs' property on Organization,Add the properties listed in Current value.,Organization 'Semicolon',,200,yes,Structured Data Report
http://localhost:3000/portfolio/farmlink-marketplace,Optimization,P3 - improve,Completeness,Organization missing recommended properties,A schema object lacks recommended properties that improve rich results.,no 'contactPoint','contactPoint' property on Organization,Add the properties listed in Current value.,Organization 'Semicolon',,200,yes,Structured Data Report
http://localhost:3000/portfolio/farmlink-marketplace,Optimization,P3 - improve,Completeness,WebSite missing recommended properties,A schema object lacks recommended properties that improve rich results.,no 'potentialAction','potentialAction' property on WebSite,Add the properties listed in Current value.,WebSite 'Semicolon',,200,yes,Structured Data Report
http://localhost:3000/portfolio/fieldforce-sales-app,Optimization,P3 - improve,Completeness,CreativeWork missing recommended properties,A schema object lacks recommended properties that improve rich results.,no 'author','author' property on CreativeWork,Add the properties listed in Current value.,CreativeWork 'FieldForce – Field Sales App',,200,yes,Structured Data Report
http://localhost:3000/portfolio/fieldforce-sales-app,Optimization,P3 - improve,Completeness,Organization missing recommended properties,A schema object lacks recommended properties that improve rich results.,no 'sameAs','sameAs' property on Organization,Add the properties listed in Current value.,Organization 'Semicolon',,200,yes,Structured Data Report
http://localhost:3000/portfolio/fieldforce-sales-app,Optimization,P3 - improve,Completeness,Organization missing recommended properties,A schema object lacks recommended properties that improve rich results.,no 'contactPoint','contactPoint' property on Organization,Add the properties listed in Current value.,Organization 'Semicolon',,200,yes,Structured Data Report
http://localhost:3000/portfolio/fieldforce-sales-app,Optimization,P3 - improve,Completeness,WebSite missing recommended properties,A schema object lacks recommended properties that improve rich results.,no 'potentialAction','potentialAction' property on WebSite,Add the properties listed in Current value.,WebSite 'Semicolon',,200,yes,Structured Data Report
http://localhost:3000/portfolio/financial-dashboard,Optimization,P3 - improve,Completeness,CreativeWork missing recommended properties,A schema object lacks recommended properties that improve rich results.,no 'author','author' property on CreativeWork,Add the properties listed in Current value.,CreativeWork 'Financial Analytics Dashboard',,200,yes,Structured Data Report
http://localhost:3000/portfolio/financial-dashboard,Optimization,P3 - improve,Completeness,Organization missing recommended properties,A schema object lacks recommended properties that improve rich results.,no 'sameAs','sameAs' property on Organization,Add the properties listed in Current value.,Organization 'Semicolon',,200,yes,Structured Data Report
http://localhost:3000/portfolio/financial-dashboard,Optimization,P3 - improve,Completeness,Organization missing recommended properties,A schema object lacks recommended properties that improve rich results.,no 'contactPoint','contactPoint' property on Organization,Add the properties listed in Current value.,Organization 'Semicolon',,200,yes,Structured Data Report
http://localhost:3000/portfolio/financial-dashboard,Optimization,P3 - improve,Completeness,WebSite missing recommended properties,A schema object lacks recommended properties that improve rich results.,no 'potentialAction','potentialAction' property on WebSite,Add the properties listed in Current value.,WebSite 'Semicolon',,200,yes,Structured Data Report
http://localhost:3000/portfolio/fitflow-studio-booking,Optimization,P3 - improve,Completeness,CreativeWork missing recommended properties,A schema object lacks recommended properties that improve rich results.,no 'author','author' property on CreativeWork,Add the properties listed in Current value.,CreativeWork 'FitFlow – Studio Class Booking',,200,yes,Structured Data Report
http://localhost:3000/portfolio/fitflow-studio-booking,Optimization,P3 - improve,Completeness,Organization missing recommended properties,A schema object lacks recommended properties that improve rich results.,no 'sameAs','sameAs' property on Organization,Add the properties listed in Current value.,Organization 'Semicolon',,200,yes,Structured Data Report
http://localhost:3000/portfolio/fitflow-studio-booking,Optimization,P3 - improve,Completeness,Organization missing recommended properties,A schema object lacks recommended properties that improve rich results.,no 'contactPoint','contactPoint' property on Organization,Add the properties listed in Current value.,Organization 'Semicolon',,200,yes,Structured Data Report
http://localhost:3000/portfolio/fitflow-studio-booking,Optimization,P3 - improve,Completeness,WebSite missing recommended properties,A schema object lacks recommended properties that improve rich results.,no 'potentialAction','potentialAction' property on WebSite,Add the properties listed in Current value.,WebSite 'Semicolon',,200,yes,Structured Data Report
http://localhost:3000/portfolio/fleetcare-maintenance,Optimization,P3 - improve,Completeness,CreativeWork missing recommended properties,A schema object lacks recommended properties that improve rich results.,no 'author','author' property on CreativeWork,Add the properties listed in Current value.,CreativeWork 'FleetCare – Fleet Maintenance System',,200,yes,Structured Data Report
http://localhost:3000/portfolio/fleetcare-maintenance,Optimization,P3 - improve,Completeness,Organization missing recommended properties,A schema object lacks recommended properties that improve rich results.,no 'sameAs','sameAs' property on Organization,Add the properties listed in Current value.,Organization 'Semicolon',,200,yes,Structured Data Report
http://localhost:3000/portfolio/fleetcare-maintenance,Optimization,P3 - improve,Completeness,Organization missing recommended properties,A schema object lacks recommended properties that improve rich results.,no 'contactPoint','contactPoint' property on Organization,Add the properties listed in Current value.,Organization 'Semicolon',,200,yes,Structured Data Report
http://localhost:3000/portfolio/fleetcare-maintenance,Optimization,P3 - improve,Completeness,WebSite missing recommended properties,A schema object lacks recommended properties that improve rich results.,no 'potentialAction','potentialAction' property on WebSite,Add the properties listed in Current value.,WebSite 'Semicolon',,200,yes,Structured Data Report
http://localhost:3000/portfolio/footrex-sports-platform,Optimization,P3 - improve,Completeness,CreativeWork missing recommended properties,A schema object lacks recommended properties that improve rich results.,no 'author','author' property on CreativeWork,Add the properties listed in Current value.,CreativeWork 'Footrex – Sports Platform',,200,yes,Structured Data Report
http://localhost:3000/portfolio/footrex-sports-platform,Optimization,P3 - improve,Completeness,Organization missing recommended properties,A schema object lacks recommended properties that improve rich results.,no 'sameAs','sameAs' property on Organization,Add the properties listed in Current value.,Organization 'Semicolon',,200,yes,Structured Data Report
http://localhost:3000/portfolio/footrex-sports-platform,Optimization,P3 - improve,Completeness,Organization missing recommended properties,A schema object lacks recommended properties that improve rich results.,no 'contactPoint','contactPoint' property on Organization,Add the properties listed in Current value.,Organization 'Semicolon',,200,yes,Structured Data Report
http://localhost:3000/portfolio/footrex-sports-platform,Optimization,P3 - improve,Completeness,WebSite missing recommended properties,A schema object lacks recommended properties that improve rich results.,no 'potentialAction','potentialAction' property on WebSite,Add the properties listed in Current value.,WebSite 'Semicolon',,200,yes,Structured Data Report
http://localhost:3000/portfolio/golftrack-ios,Optimization,P3 - improve,Completeness,CreativeWork missing recommended properties,A schema object lacks recommended properties that improve rich results.,no 'author','author' property on CreativeWork,Add the properties listed in Current value.,CreativeWork 'GolfTrack – Score & Stats App',,200,yes,Structured Data Report
http://localhost:3000/portfolio/golftrack-ios,Optimization,P3 - improve,Completeness,Organization missing recommended properties,A schema object lacks recommended properties that improve rich results.,no 'sameAs','sameAs' property on Organization,Add the properties listed in Current value.,Organization 'Semicolon',,200,yes,Structured Data Report
http://localhost:3000/portfolio/golftrack-ios,Optimization,P3 - improve,Completeness,Organization missing recommended properties,A schema object lacks recommended properties that improve rich results.,no 'contactPoint','contactPoint' property on Organization,Add the properties listed in Current value.,Organization 'Semicolon',,200,yes,Structured Data Report
http://localhost:3000/portfolio/golftrack-ios,Optimization,P3 - improve,Completeness,WebSite missing recommended properties,A schema object lacks recommended properties that improve rich results.,no 'potentialAction','potentialAction' property on WebSite,Add the properties listed in Current value.,WebSite 'Semicolon',,200,yes,Structured Data Report
http://localhost:3000/portfolio/gymbuddy-flutter,Optimization,P3 - improve,Completeness,CreativeWork missing recommended properties,A schema object lacks recommended properties that improve rich results.,no 'author','author' property on CreativeWork,Add the properties listed in Current value.,CreativeWork 'GymBuddy – Workout Tracker',,200,yes,Structured Data Report
http://localhost:3000/portfolio/gymbuddy-flutter,Optimization,P3 - improve,Completeness,Organization missing recommended properties,A schema object lacks recommended properties that improve rich results.,no 'sameAs','sameAs' property on Organization,Add the properties listed in Current value.,Organization 'Semicolon',,200,yes,Structured Data Report
http://localhost:3000/portfolio/gymbuddy-flutter,Optimization,P3 - improve,Completeness,Organization missing recommended properties,A schema object lacks recommended properties that improve rich results.,no 'contactPoint','contactPoint' property on Organization,Add the properties listed in Current value.,Organization 'Semicolon',,200,yes,Structured Data Report
http://localhost:3000/portfolio/gymbuddy-flutter,Optimization,P3 - improve,Completeness,WebSite missing recommended properties,A schema object lacks recommended properties that improve rich results.,no 'potentialAction','potentialAction' property on WebSite,Add the properties listed in Current value.,WebSite 'Semicolon',,200,yes,Structured Data Report
http://localhost:3000/portfolio/healthcare-management,Optimization,P3 - improve,Completeness,CreativeWork missing recommended properties,A schema object lacks recommended properties that improve rich results.,no 'author','author' property on CreativeWork,Add the properties listed in Current value.,CreativeWork 'Healthcare Management System',,200,yes,Structured Data Report
http://localhost:3000/portfolio/healthcare-management,Optimization,P3 - improve,Completeness,Organization missing recommended properties,A schema object lacks recommended properties that improve rich results.,no 'sameAs','sameAs' property on Organization,Add the properties listed in Current value.,Organization 'Semicolon',,200,yes,Structured Data Report
http://localhost:3000/portfolio/healthcare-management,Optimization,P3 - improve,Completeness,Organization missing recommended properties,A schema object lacks recommended properties that improve rich results.,no 'contactPoint','contactPoint' property on Organization,Add the properties listed in Current value.,Organization 'Semicolon',,200,yes,Structured Data Report
http://localhost:3000/portfolio/healthcare-management,Optimization,P3 - improve,Completeness,WebSite missing recommended properties,A schema object lacks recommended properties that improve rich results.,no 'potentialAction','potentialAction' property on WebSite,Add the properties listed in Current value.,WebSite 'Semicolon',,200,yes,Structured Data Report
http://localhost:3000/portfolio/helpbot-ai-assistant,Optimization,P3 - improve,Completeness,CreativeWork missing recommended properties,A schema object lacks recommended properties that improve rich results.,no 'author','author' property on CreativeWork,Add the properties listed in Current value.,CreativeWork 'HelpBot – AI Support Assistant',,200,yes,Structured Data Report
http://localhost:3000/portfolio/helpbot-ai-assistant,Optimization,P3 - improve,Completeness,Organization missing recommended properties,A schema object lacks recommended properties that improve rich results.,no 'sameAs','sameAs' property on Organization,Add the properties listed in Current value.,Organization 'Semicolon',,200,yes,Structured Data Report
http://localhost:3000/portfolio/helpbot-ai-assistant,Optimization,P3 - improve,Completeness,Organization missing recommended properties,A schema object lacks recommended properties that improve rich results.,no 'contactPoint','contactPoint' property on Organization,Add the properties listed in Current value.,Organization 'Semicolon',,200,yes,Structured Data Report
http://localhost:3000/portfolio/helpbot-ai-assistant,Optimization,P3 - improve,Completeness,WebSite missing recommended properties,A schema object lacks recommended properties that improve rich results.,no 'potentialAction','potentialAction' property on WebSite,Add the properties listed in Current value.,WebSite 'Semicolon',,200,yes,Structured Data Report
http://localhost:3000/portfolio/homedecor-magento-upgrade,Optimization,P3 - improve,Completeness,CreativeWork missing recommended properties,A schema object lacks recommended properties that improve rich results.,no 'author','author' property on CreativeWork,Add the properties listed in Current value.,CreativeWork 'HomeDecor – Magento 2 Upgrade',,200,yes,Structured Data Report
http://localhost:3000/portfolio/homedecor-magento-upgrade,Optimization,P3 - improve,Completeness,Organization missing recommended properties,A schema object lacks recommended properties that improve rich results.,no 'sameAs','sameAs' property on Organization,Add the properties listed in Current value.,Organization 'Semicolon',,200,yes,Structured Data Report
http://localhost:3000/portfolio/homedecor-magento-upgrade,Optimization,P3 - improve,Completeness,Organization missing recommended properties,A schema object lacks recommended properties that improve rich results.,no 'contactPoint','contactPoint' property on Organization,Add the properties listed in Current value.,Organization 'Semicolon',,200,yes,Structured Data Report
http://localhost:3000/portfolio/homedecor-magento-upgrade,Optimization,P3 - improve,Completeness,WebSite missing recommended properties,A schema object lacks recommended properties that improve rich results.,no 'potentialAction','potentialAction' property on WebSite,Add the properties listed in Current value.,WebSite 'Semicolon',,200,yes,Structured Data Report
http://localhost:3000/portfolio/homefinder-property-portal,Optimization,P3 - improve,Completeness,CreativeWork missing recommended properties,A schema object lacks recommended properties that improve rich results.,no 'author','author' property on CreativeWork,Add the properties listed in Current value.,CreativeWork 'HomeFinder – Property Listing Portal',,200,yes,Structured Data Report
http://localhost:3000/portfolio/homefinder-property-portal,Optimization,P3 - improve,Completeness,Organization missing recommended properties,A schema object lacks recommended properties that improve rich results.,no 'sameAs','sameAs' property on Organization,Add the properties listed in Current value.,Organization 'Semicolon',,200,yes,Structured Data Report
http://localhost:3000/portfolio/homefinder-property-portal,Optimization,P3 - improve,Completeness,Organization missing recommended properties,A schema object lacks recommended properties that improve rich results.,no 'contactPoint','contactPoint' property on Organization,Add the properties listed in Current value.,Organization 'Semicolon',,200,yes,Structured Data Report
http://localhost:3000/portfolio/homefinder-property-portal,Optimization,P3 - improve,Completeness,WebSite missing recommended properties,A schema object lacks recommended properties that improve rich results.,no 'potentialAction','potentialAction' property on WebSite,Add the properties listed in Current value.,WebSite 'Semicolon',,200,yes,Structured Data Report
http://localhost:3000/portfolio/hospitalhybrid-cloud,Optimization,P3 - improve,Completeness,CreativeWork missing recommended properties,A schema object lacks recommended properties that improve rich results.,no 'author','author' property on CreativeWork,Add the properties listed in Current value.,CreativeWork 'CareGrid – Hybrid Cloud for Hospitals',,200,yes,Structured Data Report
http://localhost:3000/portfolio/hospitalhybrid-cloud,Optimization,P3 - improve,Completeness,Organization missing recommended properties,A schema object lacks recommended properties that improve rich results.,no 'sameAs','sameAs' property on Organization,Add the properties listed in Current value.,Organization 'Semicolon',,200,yes,Structured Data Report
http://localhost:3000/portfolio/hospitalhybrid-cloud,Optimization,P3 - improve,Completeness,Organization missing recommended properties,A schema object lacks recommended properties that improve rich results.,no 'contactPoint','contactPoint' property on Organization,Add the properties listed in Current value.,Organization 'Semicolon',,200,yes,Structured Data Report
http://localhost:3000/portfolio/hospitalhybrid-cloud,Optimization,P3 - improve,Completeness,WebSite missing recommended properties,A schema object lacks recommended properties that improve rich results.,no 'potentialAction','potentialAction' property on WebSite,Add the properties listed in Current value.,WebSite 'Semicolon',,200,yes,Structured Data Report
http://localhost:3000/portfolio/hrnest-hr-portal,Optimization,P3 - improve,Completeness,CreativeWork missing recommended properties,A schema object lacks recommended properties that improve rich results.,no 'author','author' property on CreativeWork,Add the properties listed in Current value.,CreativeWork 'HRNest – HR & Payroll Portal',,200,yes,Structured Data Report
http://localhost:3000/portfolio/hrnest-hr-portal,Optimization,P3 - improve,Completeness,Organization missing recommended properties,A schema object lacks recommended properties that improve rich results.,no 'sameAs','sameAs' property on Organization,Add the properties listed in Current value.,Organization 'Semicolon',,200,yes,Structured Data Report
http://localhost:3000/portfolio/hrnest-hr-portal,Optimization,P3 - improve,Completeness,Organization missing recommended properties,A schema object lacks recommended properties that improve rich results.,no 'contactPoint','contactPoint' property on Organization,Add the properties listed in Current value.,Organization 'Semicolon',,200,yes,Structured Data Report
http://localhost:3000/portfolio/hrnest-hr-portal,Optimization,P3 - improve,Completeness,WebSite missing recommended properties,A schema object lacks recommended properties that improve rich results.,no 'potentialAction','potentialAction' property on WebSite,Add the properties listed in Current value.,WebSite 'Semicolon',,200,yes,Structured Data Report
http://localhost:3000/portfolio/insightai-demand-forecasting,Optimization,P3 - improve,Completeness,CreativeWork missing recommended properties,A schema object lacks recommended properties that improve rich results.,no 'author','author' property on CreativeWork,Add the properties listed in Current value.,CreativeWork 'InsightAI – Demand Forecasting',,200,yes,Structured Data Report
http://localhost:3000/portfolio/insightai-demand-forecasting,Optimization,P3 - improve,Completeness,Organization missing recommended properties,A schema object lacks recommended properties that improve rich results.,no 'sameAs','sameAs' property on Organization,Add the properties listed in Current value.,Organization 'Semicolon',,200,yes,Structured Data Report
http://localhost:3000/portfolio/insightai-demand-forecasting,Optimization,P3 - improve,Completeness,Organization missing recommended properties,A schema object lacks recommended properties that improve rich results.,no 'contactPoint','contactPoint' property on Organization,Add the properties listed in Current value.,Organization 'Semicolon',,200,yes,Structured Data Report
http://localhost:3000/portfolio/insightai-demand-forecasting,Optimization,P3 - improve,Completeness,WebSite missing recommended properties,A schema object lacks recommended properties that improve rich results.,no 'potentialAction','potentialAction' property on WebSite,Add the properties listed in Current value.,WebSite 'Semicolon',,200,yes,Structured Data Report
http://localhost:3000/portfolio/inspectpro-xamarin,Optimization,P3 - improve,Completeness,CreativeWork missing recommended properties,A schema object lacks recommended properties that improve rich results.,no 'author','author' property on CreativeWork,Add the properties listed in Current value.,CreativeWork 'InspectPro – Site Inspection App',,200,yes,Structured Data Report
http://localhost:3000/portfolio/inspectpro-xamarin,Optimization,P3 - improve,Completeness,Organization missing recommended properties,A schema object lacks recommended properties that improve rich results.,no 'sameAs','sameAs' property on Organization,Add the properties listed in Current value.,Organization 'Semicolon',,200,yes,Structured Data Report
http://localhost:3000/portfolio/inspectpro-xamarin,Optimization,P3 - improve,Completeness,Organization missing recommended properties,A schema object lacks recommended properties that improve rich results.,no 'contactPoint','contactPoint' property on Organization,Add the properties listed in Current value.,Organization 'Semicolon',,200,yes,Structured Data Report
http://localhost:3000/portfolio/inspectpro-xamarin,Optimization,P3 - improve,Completeness,WebSite missing recommended properties,A schema object lacks recommended properties that improve rich results.,no 'potentialAction','potentialAction' property on WebSite,Add the properties listed in Current value.,WebSite 'Semicolon',,200,yes,Structured Data Report
http://localhost:3000/portfolio/insurance-sitecore,Optimization,P3 - improve,Completeness,CreativeWork missing recommended properties,A schema object lacks recommended properties that improve rich results.,no 'author','author' property on CreativeWork,Add the properties listed in Current value.,CreativeWork 'SecureLife – Insurance Website (Sitecore)',,200,yes,Structured Data Report
http://localhost:3000/portfolio/insurance-sitecore,Optimization,P3 - improve,Completeness,Organization missing recommended properties,A schema object lacks recommended properties that improve rich results.,no 'sameAs','sameAs' property on Organization,Add the properties listed in Current value.,Organization 'Semicolon',,200,yes,Structured Data Report
http://localhost:3000/portfolio/insurance-sitecore,Optimization,P3 - improve,Completeness,Organization missing recommended properties,A schema object lacks recommended properties that improve rich results.,no 'contactPoint','contactPoint' property on Organization,Add the properties listed in Current value.,Organization 'Semicolon',,200,yes,Structured Data Report
http://localhost:3000/portfolio/insurance-sitecore,Optimization,P3 - improve,Completeness,WebSite missing recommended properties,A schema object lacks recommended properties that improve rich results.,no 'potentialAction','potentialAction' property on WebSite,Add the properties listed in Current value.,WebSite 'Semicolon',,200,yes,Structured Data Report
http://localhost:3000/portfolio/learnloop-quiz-platform,Optimization,P3 - improve,Completeness,CreativeWork missing recommended properties,A schema object lacks recommended properties that improve rich results.,no 'author','author' property on CreativeWork,Add the properties listed in Current value.,CreativeWork 'LearnLoop – Interactive Quiz Platform',,200,yes,Structured Data Report
http://localhost:3000/portfolio/learnloop-quiz-platform,Optimization,P3 - improve,Completeness,Organization missing recommended properties,A schema object lacks recommended properties that improve rich results.,no 'sameAs','sameAs' property on Organization,Add the properties listed in Current value.,Organization 'Semicolon',,200,yes,Structured Data Report
http://localhost:3000/portfolio/learnloop-quiz-platform,Optimization,P3 - improve,Completeness,Organization missing recommended properties,A schema object lacks recommended properties that improve rich results.,no 'contactPoint','contactPoint' property on Organization,Add the properties listed in Current value.,Organization 'Semicolon',,200,yes,Structured Data Report
http://localhost:3000/portfolio/learnloop-quiz-platform,Optimization,P3 - improve,Completeness,WebSite missing recommended properties,A schema object lacks recommended properties that improve rich results.,no 'potentialAction','potentialAction' property on WebSite,Add the properties listed in Current value.,WebSite 'Semicolon',,200,yes,Structured Data Report
http://localhost:3000/portfolio/lms,Optimization,P3 - improve,Completeness,CreativeWork missing recommended properties,A schema object lacks recommended properties that improve rich results.,no 'author','author' property on CreativeWork,Add the properties listed in Current value.,CreativeWork 'Learning Management System',,200,yes,Structured Data Report
http://localhost:3000/portfolio/lms,Optimization,P3 - improve,Completeness,Organization missing recommended properties,A schema object lacks recommended properties that improve rich results.,no 'sameAs','sameAs' property on Organization,Add the properties listed in Current value.,Organization 'Semicolon',,200,yes,Structured Data Report
http://localhost:3000/portfolio/lms,Optimization,P3 - improve,Completeness,Organization missing recommended properties,A schema object lacks recommended properties that improve rich results.,no 'contactPoint','contactPoint' property on Organization,Add the properties listed in Current value.,Organization 'Semicolon',,200,yes,Structured Data Report
http://localhost:3000/portfolio/lms,Optimization,P3 - improve,Completeness,WebSite missing recommended properties,A schema object lacks recommended properties that improve rich results.,no 'potentialAction','potentialAction' property on WebSite,Add the properties listed in Current value.,WebSite 'Semicolon',,200,yes,Structured Data Report
http://localhost:3000/portfolio/mapmyrun-route-planner,Optimization,P3 - improve,Completeness,CreativeWork missing recommended properties,A schema object lacks recommended properties that improve rich results.,no 'author','author' property on CreativeWork,Add the properties listed in Current value.,CreativeWork 'RouteRun – Running Route Planner',,200,yes,Structured Data Report
http://localhost:3000/portfolio/mapmyrun-route-planner,Optimization,P3 - improve,Completeness,Organization missing recommended properties,A schema object lacks recommended properties that improve rich results.,no 'sameAs','sameAs' property on Organization,Add the properties listed in Current value.,Organization 'Semicolon',,200,yes,Structured Data Report
http://localhost:3000/portfolio/mapmyrun-route-planner,Optimization,P3 - improve,Completeness,Organization missing recommended properties,A schema object lacks recommended properties that improve rich results.,no 'contactPoint','contactPoint' property on Organization,Add the properties listed in Current value.,Organization 'Semicolon',,200,yes,Structured Data Report
http://localhost:3000/portfolio/mapmyrun-route-planner,Optimization,P3 - improve,Completeness,WebSite missing recommended properties,A schema object lacks recommended properties that improve rich results.,no 'potentialAction','potentialAction' property on WebSite,Add the properties listed in Current value.,WebSite 'Semicolon',,200,yes,Structured Data Report
http://localhost:3000/portfolio/mediastream-aws,Optimization,P3 - improve,Completeness,CreativeWork missing recommended properties,A schema object lacks recommended properties that improve rich results.,no 'author','author' property on CreativeWork,Add the properties listed in Current value.,CreativeWork 'MediaStream – Video Platform on AWS',,200,yes,Structured Data Report
http://localhost:3000/portfolio/mediastream-aws,Optimization,P3 - improve,Completeness,Organization missing recommended properties,A schema object lacks recommended properties that improve rich results.,no 'sameAs','sameAs' property on Organization,Add the properties listed in Current value.,Organization 'Semicolon',,200,yes,Structured Data Report
http://localhost:3000/portfolio/mediastream-aws,Optimization,P3 - improve,Completeness,Organization missing recommended properties,A schema object lacks recommended properties that improve rich results.,no 'contactPoint','contactPoint' property on Organization,Add the properties listed in Current value.,Organization 'Semicolon',,200,yes,Structured Data Report
http://localhost:3000/portfolio/mediastream-aws,Optimization,P3 - improve,Completeness,WebSite missing recommended properties,A schema object lacks recommended properties that improve rich results.,no 'potentialAction','potentialAction' property on WebSite,Add the properties listed in Current value.,WebSite 'Semicolon',,200,yes,Structured Data Report
http://localhost:3000/portfolio/medisched-patient-portal,Optimization,P3 - improve,Completeness,CreativeWork missing recommended properties,A schema object lacks recommended properties that improve rich results.,no 'author','author' property on CreativeWork,Add the properties listed in Current value.,CreativeWork 'MediSched – Patient Portal',,200,yes,Structured Data Report
http://localhost:3000/portfolio/medisched-patient-portal,Optimization,P3 - improve,Completeness,Organization missing recommended properties,A schema object lacks recommended properties that improve rich results.,no 'sameAs','sameAs' property on Organization,Add the properties listed in Current value.,Organization 'Semicolon',,200,yes,Structured Data Report
http://localhost:3000/portfolio/medisched-patient-portal,Optimization,P3 - improve,Completeness,Organization missing recommended properties,A schema object lacks recommended properties that improve rich results.,no 'contactPoint','contactPoint' property on Organization,Add the properties listed in Current value.,Organization 'Semicolon',,200,yes,Structured Data Report
http://localhost:3000/portfolio/medisched-patient-portal,Optimization,P3 - improve,Completeness,WebSite missing recommended properties,A schema object lacks recommended properties that improve rich results.,no 'potentialAction','potentialAction' property on WebSite,Add the properties listed in Current value.,WebSite 'Semicolon',,200,yes,Structured Data Report
http://localhost:3000/portfolio/mindful-meditation-ios,Optimization,P3 - improve,Completeness,CreativeWork missing recommended properties,A schema object lacks recommended properties that improve rich results.,no 'author','author' property on CreativeWork,Add the properties listed in Current value.,CreativeWork 'Mindful – Meditation iOS App',,200,yes,Structured Data Report
http://localhost:3000/portfolio/mindful-meditation-ios,Optimization,P3 - improve,Completeness,Organization missing recommended properties,A schema object lacks recommended properties that improve rich results.,no 'sameAs','sameAs' property on Organization,Add the properties listed in Current value.,Organization 'Semicolon',,200,yes,Structured Data Report
http://localhost:3000/portfolio/mindful-meditation-ios,Optimization,P3 - improve,Completeness,Organization missing recommended properties,A schema object lacks recommended properties that improve rich results.,no 'contactPoint','contactPoint' property on Organization,Add the properties listed in Current value.,Organization 'Semicolon',,200,yes,Structured Data Report
http://localhost:3000/portfolio/mindful-meditation-ios,Optimization,P3 - improve,Completeness,WebSite missing recommended properties,A schema object lacks recommended properties that improve rich results.,no 'potentialAction','potentialAction' property on WebSite,Add the properties listed in Current value.,WebSite 'Semicolon',,200,yes,Structured Data Report
http://localhost:3000/portfolio/mobile-banking-app,Optimization,P3 - improve,Completeness,CreativeWork missing recommended properties,A schema object lacks recommended properties that improve rich results.,no 'author','author' property on CreativeWork,Add the properties listed in Current value.,CreativeWork 'Mobile Banking App',,200,yes,Structured Data Report
http://localhost:3000/portfolio/mobile-banking-app,Optimization,P3 - improve,Completeness,Organization missing recommended properties,A schema object lacks recommended properties that improve rich results.,no 'sameAs','sameAs' property on Organization,Add the properties listed in Current value.,Organization 'Semicolon',,200,yes,Structured Data Report
http://localhost:3000/portfolio/mobile-banking-app,Optimization,P3 - improve,Completeness,Organization missing recommended properties,A schema object lacks recommended properties that improve rich results.,no 'contactPoint','contactPoint' property on Organization,Add the properties listed in Current value.,Organization 'Semicolon',,200,yes,Structured Data Report
http://localhost:3000/portfolio/mobile-banking-app,Optimization,P3 - improve,Completeness,WebSite missing recommended properties,A schema object lacks recommended properties that improve rich results.,no 'potentialAction','potentialAction' property on WebSite,Add the properties listed in Current value.,WebSite 'Semicolon',,200,yes,Structured Data Report
http://localhost:3000/portfolio/mobile-release-jenkins,Optimization,P3 - improve,Completeness,CreativeWork missing recommended properties,A schema object lacks recommended properties that improve rich results.,no 'author','author' property on CreativeWork,Add the properties listed in Current value.,CreativeWork 'AppRelease – Mobile Build Pipeline',,200,yes,Structured Data Report
http://localhost:3000/portfolio/mobile-release-jenkins,Optimization,P3 - improve,Completeness,Organization missing recommended properties,A schema object lacks recommended properties that improve rich results.,no 'sameAs','sameAs' property on Organization,Add the properties listed in Current value.,Organization 'Semicolon',,200,yes,Structured Data Report
http://localhost:3000/portfolio/mobile-release-jenkins,Optimization,P3 - improve,Completeness,Organization missing recommended properties,A schema object lacks recommended properties that improve rich results.,no 'contactPoint','contactPoint' property on Organization,Add the properties listed in Current value.,Organization 'Semicolon',,200,yes,Structured Data Report
http://localhost:3000/portfolio/mobile-release-jenkins,Optimization,P3 - improve,Completeness,WebSite missing recommended properties,A schema object lacks recommended properties that improve rich results.,no 'potentialAction','potentialAction' property on WebSite,Add the properties listed in Current value.,WebSite 'Semicolon',,200,yes,Structured Data Report
http://localhost:3000/portfolio/newsdaily-wordpress,Optimization,P3 - improve,Completeness,CreativeWork missing recommended properties,A schema object lacks recommended properties that improve rich results.,no 'author','author' property on CreativeWork,Add the properties listed in Current value.,CreativeWork 'CityPulse – News Portal (WordPress)',,200,yes,Structured Data Report
http://localhost:3000/portfolio/newsdaily-wordpress,Optimization,P3 - improve,Completeness,Organization missing recommended properties,A schema object lacks recommended properties that improve rich results.,no 'sameAs','sameAs' property on Organization,Add the properties listed in Current value.,Organization 'Semicolon',,200,yes,Structured Data Report
http://localhost:3000/portfolio/newsdaily-wordpress,Optimization,P3 - improve,Completeness,Organization missing recommended properties,A schema object lacks recommended properties that improve rich results.,no 'contactPoint','contactPoint' property on Organization,Add the properties listed in Current value.,Organization 'Semicolon',,200,yes,Structured Data Report
http://localhost:3000/portfolio/newsdaily-wordpress,Optimization,P3 - improve,Completeness,WebSite missing recommended properties,A schema object lacks recommended properties that improve rich results.,no 'potentialAction','potentialAction' property on WebSite,Add the properties listed in Current value.,WebSite 'Semicolon',,200,yes,Structured Data Report
http://localhost:3000/portfolio/orderbot-restaurant-chatbot,Optimization,P3 - improve,Completeness,CreativeWork missing recommended properties,A schema object lacks recommended properties that improve rich results.,no 'author','author' property on CreativeWork,Add the properties listed in Current value.,CreativeWork 'OrderBot – WhatsApp Ordering',,200,yes,Structured Data Report
http://localhost:3000/portfolio/orderbot-restaurant-chatbot,Optimization,P3 - improve,Completeness,Organization missing recommended properties,A schema object lacks recommended properties that improve rich results.,no 'sameAs','sameAs' property on Organization,Add the properties listed in Current value.,Organization 'Semicolon',,200,yes,Structured Data Report
http://localhost:3000/portfolio/orderbot-restaurant-chatbot,Optimization,P3 - improve,Completeness,Organization missing recommended properties,A schema object lacks recommended properties that improve rich results.,no 'contactPoint','contactPoint' property on Organization,Add the properties listed in Current value.,Organization 'Semicolon',,200,yes,Structured Data Report
http://localhost:3000/portfolio/orderbot-restaurant-chatbot,Optimization,P3 - improve,Completeness,WebSite missing recommended properties,A schema object lacks recommended properties that improve rich results.,no 'potentialAction','potentialAction' property on WebSite,Add the properties listed in Current value.,WebSite 'Semicolon',,200,yes,Structured Data Report
http://localhost:3000/portfolio/organicroots-shopify,Optimization,P3 - improve,Completeness,CreativeWork missing recommended properties,A schema object lacks recommended properties that improve rich results.,no 'author','author' property on CreativeWork,Add the properties listed in Current value.,CreativeWork 'OrganicRoots – Shopify Store',,200,yes,Structured Data Report
http://localhost:3000/portfolio/organicroots-shopify,Optimization,P3 - improve,Completeness,Organization missing recommended properties,A schema object lacks recommended properties that improve rich results.,no 'sameAs','sameAs' property on Organization,Add the properties listed in Current value.,Organization 'Semicolon',,200,yes,Structured Data Report
http://localhost:3000/portfolio/organicroots-shopify,Optimization,P3 - improve,Completeness,Organization missing recommended properties,A schema object lacks recommended properties that improve rich results.,no 'contactPoint','contactPoint' property on Organization,Add the properties listed in Current value.,Organization 'Semicolon',,200,yes,Structured Data Report
http://localhost:3000/portfolio/organicroots-shopify,Optimization,P3 - improve,Completeness,WebSite missing recommended properties,A schema object lacks recommended properties that improve rich results.,no 'potentialAction','potentialAction' property on WebSite,Add the properties listed in Current value.,WebSite 'Semicolon',,200,yes,Structured Data Report
http://localhost:3000/portfolio/parkit-smart-parking,Optimization,P3 - improve,Completeness,CreativeWork missing recommended properties,A schema object lacks recommended properties that improve rich results.,no 'author','author' property on CreativeWork,Add the properties listed in Current value.,CreativeWork 'ParkIt – Smart Parking App',,200,yes,Structured Data Report
http://localhost:3000/portfolio/parkit-smart-parking,Optimization,P3 - improve,Completeness,Organization missing recommended properties,A schema object lacks recommended properties that improve rich results.,no 'sameAs','sameAs' property on Organization,Add the properties listed in Current value.,Organization 'Semicolon',,200,yes,Structured Data Report
http://localhost:3000/portfolio/parkit-smart-parking,Optimization,P3 - improve,Completeness,Organization missing recommended properties,A schema object lacks recommended properties that improve rich results.,no 'contactPoint','contactPoint' property on Organization,Add the properties listed in Current value.,Organization 'Semicolon',,200,yes,Structured Data Report
http://localhost:3000/portfolio/parkit-smart-parking,Optimization,P3 - improve,Completeness,WebSite missing recommended properties,A schema object lacks recommended properties that improve rich results.,no 'potentialAction','potentialAction' property on WebSite,Add the properties listed in Current value.,WebSite 'Semicolon',,200,yes,Structured Data Report
http://localhost:3000/portfolio/paysplit-wallet-backend,Optimization,P3 - improve,Completeness,CreativeWork missing recommended properties,A schema object lacks recommended properties that improve rich results.,no 'author','author' property on CreativeWork,Add the properties listed in Current value.,CreativeWork 'PaySplit – Group Payments Backend',,200,yes,Structured Data Report
http://localhost:3000/portfolio/paysplit-wallet-backend,Optimization,P3 - improve,Completeness,Organization missing recommended properties,A schema object lacks recommended properties that improve rich results.,no 'sameAs','sameAs' property on Organization,Add the properties listed in Current value.,Organization 'Semicolon',,200,yes,Structured Data Report
http://localhost:3000/portfolio/paysplit-wallet-backend,Optimization,P3 - improve,Completeness,Organization missing recommended properties,A schema object lacks recommended properties that improve rich results.,no 'contactPoint','contactPoint' property on Organization,Add the properties listed in Current value.,Organization 'Semicolon',,200,yes,Structured Data Report
http://localhost:3000/portfolio/paysplit-wallet-backend,Optimization,P3 - improve,Completeness,WebSite missing recommended properties,A schema object lacks recommended properties that improve rich results.,no 'potentialAction','potentialAction' property on WebSite,Add the properties listed in Current value.,WebSite 'Semicolon',,200,yes,Structured Data Report
http://localhost:3000/portfolio/pharmacy-nopcommerce,Optimization,P3 - improve,Completeness,CreativeWork missing recommended properties,A schema object lacks recommended properties that improve rich results.,no 'author','author' property on CreativeWork,Add the properties listed in Current value.,CreativeWork 'MediMart – Online Pharmacy (nopCommerce)',,200,yes,Structured Data Report
http://localhost:3000/portfolio/pharmacy-nopcommerce,Optimization,P3 - improve,Completeness,Organization missing recommended properties,A schema object lacks recommended properties that improve rich results.,no 'sameAs','sameAs' property on Organization,Add the properties listed in Current value.,Organization 'Semicolon',,200,yes,Structured Data Report
http://localhost:3000/portfolio/pharmacy-nopcommerce,Optimization,P3 - improve,Completeness,Organization missing recommended properties,A schema object lacks recommended properties that improve rich results.,no 'contactPoint','contactPoint' property on Organization,Add the properties listed in Current value.,Organization 'Semicolon',,200,yes,Structured Data Report
http://localhost:3000/portfolio/pharmacy-nopcommerce,Optimization,P3 - improve,Completeness,WebSite missing recommended properties,A schema object lacks recommended properties that improve rich results.,no 'potentialAction','potentialAction' property on WebSite,Add the properties listed in Current value.,WebSite 'Semicolon',,200,yes,Structured Data Report
http://localhost:3000/portfolio/pharmatrack-inventory,Optimization,P3 - improve,Completeness,CreativeWork missing recommended properties,A schema object lacks recommended properties that improve rich results.,no 'author','author' property on CreativeWork,Add the properties listed in Current value.,CreativeWork 'PharmaTrack – Pharmacy Inventory',,200,yes,Structured Data Report
http://localhost:3000/portfolio/pharmatrack-inventory,Optimization,P3 - improve,Completeness,Organization missing recommended properties,A schema object lacks recommended properties that improve rich results.,no 'sameAs','sameAs' property on Organization,Add the properties listed in Current value.,Organization 'Semicolon',,200,yes,Structured Data Report
http://localhost:3000/portfolio/pharmatrack-inventory,Optimization,P3 - improve,Completeness,Organization missing recommended properties,A schema object lacks recommended properties that improve rich results.,no 'contactPoint','contactPoint' property on Organization,Add the properties listed in Current value.,Organization 'Semicolon',,200,yes,Structured Data Report
http://localhost:3000/portfolio/pharmatrack-inventory,Optimization,P3 - improve,Completeness,WebSite missing recommended properties,A schema object lacks recommended properties that improve rich results.,no 'potentialAction','potentialAction' property on WebSite,Add the properties listed in Current value.,WebSite 'Semicolon',,200,yes,Structured Data Report
http://localhost:3000/portfolio/plantops-production-monitor,Optimization,P3 - improve,Completeness,CreativeWork missing recommended properties,A schema object lacks recommended properties that improve rich results.,no 'author','author' property on CreativeWork,Add the properties listed in Current value.,CreativeWork 'PlantOps – Production Monitoring',,200,yes,Structured Data Report
http://localhost:3000/portfolio/plantops-production-monitor,Optimization,P3 - improve,Completeness,Organization missing recommended properties,A schema object lacks recommended properties that improve rich results.,no 'sameAs','sameAs' property on Organization,Add the properties listed in Current value.,Organization 'Semicolon',,200,yes,Structured Data Report
http://localhost:3000/portfolio/plantops-production-monitor,Optimization,P3 - improve,Completeness,Organization missing recommended properties,A schema object lacks recommended properties that improve rich results.,no 'contactPoint','contactPoint' property on Organization,Add the properties listed in Current value.,Organization 'Semicolon',,200,yes,Structured Data Report
http://localhost:3000/portfolio/plantops-production-monitor,Optimization,P3 - improve,Completeness,WebSite missing recommended properties,A schema object lacks recommended properties that improve rich results.,no 'potentialAction','potentialAction' property on WebSite,Add the properties listed in Current value.,WebSite 'Semicolon',,200,yes,Structured Data Report
http://localhost:3000/portfolio/playbook-sports-club,Optimization,P3 - improve,Completeness,CreativeWork missing recommended properties,A schema object lacks recommended properties that improve rich results.,no 'author','author' property on CreativeWork,Add the properties listed in Current value.,CreativeWork 'PlayBook – Sports Club App',,200,yes,Structured Data Report
http://localhost:3000/portfolio/playbook-sports-club,Optimization,P3 - improve,Completeness,Organization missing recommended properties,A schema object lacks recommended properties that improve rich results.,no 'sameAs','sameAs' property on Organization,Add the properties listed in Current value.,Organization 'Semicolon',,200,yes,Structured Data Report
http://localhost:3000/portfolio/playbook-sports-club,Optimization,P3 - improve,Completeness,Organization missing recommended properties,A schema object lacks recommended properties that improve rich results.,no 'contactPoint','contactPoint' property on Organization,Add the properties listed in Current value.,Organization 'Semicolon',,200,yes,Structured Data Report
http://localhost:3000/portfolio/playbook-sports-club,Optimization,P3 - improve,Completeness,WebSite missing recommended properties,A schema object lacks recommended properties that improve rich results.,no 'potentialAction','potentialAction' property on WebSite,Add the properties listed in Current value.,WebSite 'Semicolon',,200,yes,Structured Data Report
http://localhost:3000/portfolio/ppc-leadgen-realestate,Optimization,P3 - improve,Completeness,CreativeWork missing recommended properties,A schema object lacks recommended properties that improve rich results.,no 'author','author' property on CreativeWork,Add the properties listed in Current value.,CreativeWork 'Lead Generation Campaigns – Real Estate',,200,yes,Structured Data Report
http://localhost:3000/portfolio/ppc-leadgen-realestate,Optimization,P3 - improve,Completeness,Organization missing recommended properties,A schema object lacks recommended properties that improve rich results.,no 'sameAs','sameAs' property on Organization,Add the properties listed in Current value.,Organization 'Semicolon',,200,yes,Structured Data Report
http://localhost:3000/portfolio/ppc-leadgen-realestate,Optimization,P3 - improve,Completeness,Organization missing recommended properties,A schema object lacks recommended properties that improve rich results.,no 'contactPoint','contactPoint' property on Organization,Add the properties listed in Current value.,Organization 'Semicolon',,200,yes,Structured Data Report
http://localhost:3000/portfolio/ppc-leadgen-realestate,Optimization,P3 - improve,Completeness,WebSite missing recommended properties,A schema object lacks recommended properties that improve rich results.,no 'potentialAction','potentialAction' property on WebSite,Add the properties listed in Current value.,WebSite 'Semicolon',,200,yes,Structured Data Report
http://localhost:3000/portfolio/propmanage-rentals,Optimization,P3 - improve,Completeness,CreativeWork missing recommended properties,A schema object lacks recommended properties that improve rich results.,no 'author','author' property on CreativeWork,Add the properties listed in Current value.,CreativeWork 'PropManage – Rental Management',,200,yes,Structured Data Report
http://localhost:3000/portfolio/propmanage-rentals,Optimization,P3 - improve,Completeness,Organization missing recommended properties,A schema object lacks recommended properties that improve rich results.,no 'sameAs','sameAs' property on Organization,Add the properties listed in Current value.,Organization 'Semicolon',,200,yes,Structured Data Report
http://localhost:3000/portfolio/propmanage-rentals,Optimization,P3 - improve,Completeness,Organization missing recommended properties,A schema object lacks recommended properties that improve rich results.,no 'contactPoint','contactPoint' property on Organization,Add the properties listed in Current value.,Organization 'Semicolon',,200,yes,Structured Data Report
http://localhost:3000/portfolio/propmanage-rentals,Optimization,P3 - improve,Completeness,WebSite missing recommended properties,A schema object lacks recommended properties that improve rich results.,no 'potentialAction','potentialAction' property on WebSite,Add the properties listed in Current value.,WebSite 'Semicolon',,200,yes,Structured Data Report
http://localhost:3000/portfolio/quickquote-widget,Optimization,P3 - improve,Completeness,CreativeWork missing recommended properties,A schema object lacks recommended properties that improve rich results.,no 'author','author' property on CreativeWork,Add the properties listed in Current value.,CreativeWork 'QuickQuote – Embeddable Quote Widget',,200,yes,Structured Data Report
http://localhost:3000/portfolio/quickquote-widget,Optimization,P3 - improve,Completeness,Organization missing recommended properties,A schema object lacks recommended properties that improve rich results.,no 'sameAs','sameAs' property on Organization,Add the properties listed in Current value.,Organization 'Semicolon',,200,yes,Structured Data Report
http://localhost:3000/portfolio/quickquote-widget,Optimization,P3 - improve,Completeness,Organization missing recommended properties,A schema object lacks recommended properties that improve rich results.,no 'contactPoint','contactPoint' property on Organization,Add the properties listed in Current value.,Organization 'Semicolon',,200,yes,Structured Data Report
http://localhost:3000/portfolio/quickquote-widget,Optimization,P3 - improve,Completeness,WebSite missing recommended properties,A schema object lacks recommended properties that improve rich results.,no 'potentialAction','potentialAction' property on WebSite,Add the properties listed in Current value.,WebSite 'Semicolon',,200,yes,Structured Data Report
http://localhost:3000/portfolio/recipebox-api,Optimization,P3 - improve,Completeness,CreativeWork missing recommended properties,A schema object lacks recommended properties that improve rich results.,no 'author','author' property on CreativeWork,Add the properties listed in Current value.,CreativeWork 'RecipeBox – Recipe & Meal Planning API',,200,yes,Structured Data Report
http://localhost:3000/portfolio/recipebox-api,Optimization,P3 - improve,Completeness,Organization missing recommended properties,A schema object lacks recommended properties that improve rich results.,no 'sameAs','sameAs' property on Organization,Add the properties listed in Current value.,Organization 'Semicolon',,200,yes,Structured Data Report
http://localhost:3000/portfolio/recipebox-api,Optimization,P3 - improve,Completeness,Organization missing recommended properties,A schema object lacks recommended properties that improve rich results.,no 'contactPoint','contactPoint' property on Organization,Add the properties listed in Current value.,Organization 'Semicolon',,200,yes,Structured Data Report
http://localhost:3000/portfolio/recipebox-api,Optimization,P3 - improve,Completeness,WebSite missing recommended properties,A schema object lacks recommended properties that improve rich results.,no 'potentialAction','potentialAction' property on WebSite,Add the properties listed in Current value.,WebSite 'Semicolon',,200,yes,Structured Data Report
http://localhost:3000/portfolio/resume-screening-ml,Optimization,P3 - improve,Completeness,CreativeWork missing recommended properties,A schema object lacks recommended properties that improve rich results.,no 'author','author' property on CreativeWork,Add the properties listed in Current value.,CreativeWork 'TalentMatch – Candidate Screening',,200,yes,Structured Data Report
http://localhost:3000/portfolio/resume-screening-ml,Optimization,P3 - improve,Completeness,Organization missing recommended properties,A schema object lacks recommended properties that improve rich results.,no 'sameAs','sameAs' property on Organization,Add the properties listed in Current value.,Organization 'Semicolon',,200,yes,Structured Data Report
http://localhost:3000/portfolio/resume-screening-ml,Optimization,P3 - improve,Completeness,Organization missing recommended properties,A schema object lacks recommended properties that improve rich results.,no 'contactPoint','contactPoint' property on Organization,Add the properties listed in Current value.,Organization 'Semicolon',,200,yes,Structured Data Report
http://localhost:3000/portfolio/resume-screening-ml,Optimization,P3 - improve,Completeness,WebSite missing recommended properties,A schema object lacks recommended properties that improve rich results.,no 'potentialAction','potentialAction' property on WebSite,Add the properties listed in Current value.,WebSite 'Semicolon',,200,yes,Structured Data Report
http://localhost:3000/portfolio/retailmigrate-aws,Optimization,P3 - improve,Completeness,CreativeWork missing recommended properties,A schema object lacks recommended properties that improve rich results.,no 'author','author' property on CreativeWork,Add the properties listed in Current value.,CreativeWork 'RetailMigrate – Cloud Migration to AWS',,200,yes,Structured Data Report
http://localhost:3000/portfolio/retailmigrate-aws,Optimization,P3 - improve,Completeness,Organization missing recommended properties,A schema object lacks recommended properties that improve rich results.,no 'sameAs','sameAs' property on Organization,Add the properties listed in Current value.,Organization 'Semicolon',,200,yes,Structured Data Report
http://localhost:3000/portfolio/retailmigrate-aws,Optimization,P3 - improve,Completeness,Organization missing recommended properties,A schema object lacks recommended properties that improve rich results.,no 'contactPoint','contactPoint' property on Organization,Add the properties listed in Current value.,Organization 'Semicolon',,200,yes,Structured Data Report
http://localhost:3000/portfolio/retailmigrate-aws,Optimization,P3 - improve,Completeness,WebSite missing recommended properties,A schema object lacks recommended properties that improve rich results.,no 'potentialAction','potentialAction' property on WebSite,Add the properties listed in Current value.,WebSite 'Semicolon',,200,yes,Structured Data Report
http://localhost:3000/portfolio/schoolcloud-azure,Optimization,P3 - improve,Completeness,CreativeWork missing recommended properties,A schema object lacks recommended properties that improve rich results.,no 'author','author' property on CreativeWork,Add the properties listed in Current value.,CreativeWork 'SchoolCloud – Azure Virtual Labs',,200,yes,Structured Data Report
http://localhost:3000/portfolio/schoolcloud-azure,Optimization,P3 - improve,Completeness,Organization missing recommended properties,A schema object lacks recommended properties that improve rich results.,no 'sameAs','sameAs' property on Organization,Add the properties listed in Current value.,Organization 'Semicolon',,200,yes,Structured Data Report
http://localhost:3000/portfolio/schoolcloud-azure,Optimization,P3 - improve,Completeness,Organization missing recommended properties,A schema object lacks recommended properties that improve rich results.,no 'contactPoint','contactPoint' property on Organization,Add the properties listed in Current value.,Organization 'Semicolon',,200,yes,Structured Data Report
http://localhost:3000/portfolio/schoolcloud-azure,Optimization,P3 - improve,Completeness,WebSite missing recommended properties,A schema object lacks recommended properties that improve rich results.,no 'potentialAction','potentialAction' property on WebSite,Add the properties listed in Current value.,WebSite 'Semicolon',,200,yes,Structured Data Report
http://localhost:3000/portfolio/seo-growth-edtech,Optimization,P3 - improve,Completeness,CreativeWork missing recommended properties,A schema object lacks recommended properties that improve rich results.,no 'author','author' property on CreativeWork,Add the properties listed in Current value.,CreativeWork 'Organic Growth Programme – EdTech',,200,yes,Structured Data Report
http://localhost:3000/portfolio/seo-growth-edtech,Optimization,P3 - improve,Completeness,Organization missing recommended properties,A schema object lacks recommended properties that improve rich results.,no 'sameAs','sameAs' property on Organization,Add the properties listed in Current value.,Organization 'Semicolon',,200,yes,Structured Data Report
http://localhost:3000/portfolio/seo-growth-edtech,Optimization,P3 - improve,Completeness,Organization missing recommended properties,A schema object lacks recommended properties that improve rich results.,no 'contactPoint','contactPoint' property on Organization,Add the properties listed in Current value.,Organization 'Semicolon',,200,yes,Structured Data Report
http://localhost:3000/portfolio/seo-growth-edtech,Optimization,P3 - improve,Completeness,WebSite missing recommended properties,A schema object lacks recommended properties that improve rich results.,no 'potentialAction','potentialAction' property on WebSite,Add the properties listed in Current value.,WebSite 'Semicolon',,200,yes,Structured Data Report
http://localhost:3000/portfolio/shopnear-grocery-app,Optimization,P3 - improve,Completeness,CreativeWork missing recommended properties,A schema object lacks recommended properties that improve rich results.,no 'author','author' property on CreativeWork,Add the properties listed in Current value.,CreativeWork 'ShopNear – Grocery Delivery App',,200,yes,Structured Data Report
http://localhost:3000/portfolio/shopnear-grocery-app,Optimization,P3 - improve,Completeness,Organization missing recommended properties,A schema object lacks recommended properties that improve rich results.,no 'sameAs','sameAs' property on Organization,Add the properties listed in Current value.,Organization 'Semicolon',,200,yes,Structured Data Report
http://localhost:3000/portfolio/shopnear-grocery-app,Optimization,P3 - improve,Completeness,Organization missing recommended properties,A schema object lacks recommended properties that improve rich results.,no 'contactPoint','contactPoint' property on Organization,Add the properties listed in Current value.,Organization 'Semicolon',,200,yes,Structured Data Report
http://localhost:3000/portfolio/shopnear-grocery-app,Optimization,P3 - improve,Completeness,WebSite missing recommended properties,A schema object lacks recommended properties that improve rich results.,no 'potentialAction','potentialAction' property on WebSite,Add the properties listed in Current value.,WebSite 'Semicolon',,200,yes,Structured Data Report
http://localhost:3000/portfolio/smartcampus-attendance,Optimization,P3 - improve,Completeness,CreativeWork missing recommended properties,A schema object lacks recommended properties that improve rich results.,no 'author','author' property on CreativeWork,Add the properties listed in Current value.,CreativeWork 'SmartCampus – Face-Recognition Attendance',,200,yes,Structured Data Report
http://localhost:3000/portfolio/smartcampus-attendance,Optimization,P3 - improve,Completeness,Organization missing recommended properties,A schema object lacks recommended properties that improve rich results.,no 'sameAs','sameAs' property on Organization,Add the properties listed in Current value.,Organization 'Semicolon',,200,yes,Structured Data Report
http://localhost:3000/portfolio/smartcampus-attendance,Optimization,P3 - improve,Completeness,Organization missing recommended properties,A schema object lacks recommended properties that improve rich results.,no 'contactPoint','contactPoint' property on Organization,Add the properties listed in Current value.,Organization 'Semicolon',,200,yes,Structured Data Report
http://localhost:3000/portfolio/smartcampus-attendance,Optimization,P3 - improve,Completeness,WebSite missing recommended properties,A schema object lacks recommended properties that improve rich results.,no 'potentialAction','potentialAction' property on WebSite,Add the properties listed in Current value.,WebSite 'Semicolon',,200,yes,Structured Data Report
http://localhost:3000/portfolio/smartmeter-energy-app,Optimization,P3 - improve,Completeness,CreativeWork missing recommended properties,A schema object lacks recommended properties that improve rich results.,no 'author','author' property on CreativeWork,Add the properties listed in Current value.,CreativeWork 'WattWise – Energy Usage App',,200,yes,Structured Data Report
http://localhost:3000/portfolio/smartmeter-energy-app,Optimization,P3 - improve,Completeness,Organization missing recommended properties,A schema object lacks recommended properties that improve rich results.,no 'sameAs','sameAs' property on Organization,Add the properties listed in Current value.,Organization 'Semicolon',,200,yes,Structured Data Report
http://localhost:3000/portfolio/smartmeter-energy-app,Optimization,P3 - improve,Completeness,Organization missing recommended properties,A schema object lacks recommended properties that improve rich results.,no 'contactPoint','contactPoint' property on Organization,Add the properties listed in Current value.,Organization 'Semicolon',,200,yes,Structured Data Report
http://localhost:3000/portfolio/smartmeter-energy-app,Optimization,P3 - improve,Completeness,WebSite missing recommended properties,A schema object lacks recommended properties that improve rich results.,no 'potentialAction','potentialAction' property on WebSite,Add the properties listed in Current value.,WebSite 'Semicolon',,200,yes,Structured Data Report
http://localhost:3000/portfolio/smm-fitness-brand,Optimization,P3 - improve,Completeness,CreativeWork missing recommended properties,A schema object lacks recommended properties that improve rich results.,no 'author','author' property on CreativeWork,Add the properties listed in Current value.,CreativeWork 'Social Media Programme – Fitness Brand',,200,yes,Structured Data Report
http://localhost:3000/portfolio/smm-fitness-brand,Optimization,P3 - improve,Completeness,Organization missing recommended properties,A schema object lacks recommended properties that improve rich results.,no 'sameAs','sameAs' property on Organization,Add the properties listed in Current value.,Organization 'Semicolon',,200,yes,Structured Data Report
http://localhost:3000/portfolio/smm-fitness-brand,Optimization,P3 - improve,Completeness,Organization missing recommended properties,A schema object lacks recommended properties that improve rich results.,no 'contactPoint','contactPoint' property on Organization,Add the properties listed in Current value.,Organization 'Semicolon',,200,yes,Structured Data Report
http://localhost:3000/portfolio/smm-fitness-brand,Optimization,P3 - improve,Completeness,WebSite missing recommended properties,A schema object lacks recommended properties that improve rich results.,no 'potentialAction','potentialAction' property on WebSite,Add the properties listed in Current value.,WebSite 'Semicolon',,200,yes,Structured Data Report
http://localhost:3000/portfolio/sneakerdrop-shopify-plus,Optimization,P3 - improve,Completeness,CreativeWork missing recommended properties,A schema object lacks recommended properties that improve rich results.,no 'author','author' property on CreativeWork,Add the properties listed in Current value.,CreativeWork 'SneakerDrop – Limited Release Store',,200,yes,Structured Data Report
http://localhost:3000/portfolio/sneakerdrop-shopify-plus,Optimization,P3 - improve,Completeness,Organization missing recommended properties,A schema object lacks recommended properties that improve rich results.,no 'sameAs','sameAs' property on Organization,Add the properties listed in Current value.,Organization 'Semicolon',,200,yes,Structured Data Report
http://localhost:3000/portfolio/sneakerdrop-shopify-plus,Optimization,P3 - improve,Completeness,Organization missing recommended properties,A schema object lacks recommended properties that improve rich results.,no 'contactPoint','contactPoint' property on Organization,Add the properties listed in Current value.,Organization 'Semicolon',,200,yes,Structured Data Report
http://localhost:3000/portfolio/sneakerdrop-shopify-plus,Optimization,P3 - improve,Completeness,WebSite missing recommended properties,A schema object lacks recommended properties that improve rich results.,no 'potentialAction','potentialAction' property on WebSite,Add the properties listed in Current value.,WebSite 'Semicolon',,200,yes,Structured Data Report
http://localhost:3000/portfolio/social-media-app,Optimization,P3 - improve,Completeness,CreativeWork missing recommended properties,A schema object lacks recommended properties that improve rich results.,no 'author','author' property on CreativeWork,Add the properties listed in Current value.,CreativeWork 'Social Media App',,200,yes,Structured Data Report
http://localhost:3000/portfolio/social-media-app,Optimization,P3 - improve,Completeness,Organization missing recommended properties,A schema object lacks recommended properties that improve rich results.,no 'sameAs','sameAs' property on Organization,Add the properties listed in Current value.,Organization 'Semicolon',,200,yes,Structured Data Report
http://localhost:3000/portfolio/social-media-app,Optimization,P3 - improve,Completeness,Organization missing recommended properties,A schema object lacks recommended properties that improve rich results.,no 'contactPoint','contactPoint' property on Organization,Add the properties listed in Current value.,Organization 'Semicolon',,200,yes,Structured Data Report
http://localhost:3000/portfolio/social-media-app,Optimization,P3 - improve,Completeness,WebSite missing recommended properties,A schema object lacks recommended properties that improve rich results.,no 'potentialAction','potentialAction' property on WebSite,Add the properties listed in Current value.,WebSite 'Semicolon',,200,yes,Structured Data Report
http://localhost:3000/portfolio/spiceroute-opencart,Optimization,P3 - improve,Completeness,CreativeWork missing recommended properties,A schema object lacks recommended properties that improve rich results.,no 'author','author' property on CreativeWork,Add the properties listed in Current value.,CreativeWork 'SpiceRoute – OpenCart Store',,200,yes,Structured Data Report
http://localhost:3000/portfolio/spiceroute-opencart,Optimization,P3 - improve,Completeness,Organization missing recommended properties,A schema object lacks recommended properties that improve rich results.,no 'sameAs','sameAs' property on Organization,Add the properties listed in Current value.,Organization 'Semicolon',,200,yes,Structured Data Report
http://localhost:3000/portfolio/spiceroute-opencart,Optimization,P3 - improve,Completeness,Organization missing recommended properties,A schema object lacks recommended properties that improve rich results.,no 'contactPoint','contactPoint' property on Organization,Add the properties listed in Current value.,Organization 'Semicolon',,200,yes,Structured Data Report
http://localhost:3000/portfolio/spiceroute-opencart,Optimization,P3 - improve,Completeness,WebSite missing recommended properties,A schema object lacks recommended properties that improve rich results.,no 'potentialAction','potentialAction' property on WebSite,Add the properties listed in Current value.,WebSite 'Semicolon',,200,yes,Structured Data Report
http://localhost:3000/portfolio/stayeasy-hotel-booking,Optimization,P3 - improve,Completeness,CreativeWork missing recommended properties,A schema object lacks recommended properties that improve rich results.,no 'author','author' property on CreativeWork,Add the properties listed in Current value.,CreativeWork 'StayEasy – Boutique Hotel Booking',,200,yes,Structured Data Report
http://localhost:3000/portfolio/stayeasy-hotel-booking,Optimization,P3 - improve,Completeness,Organization missing recommended properties,A schema object lacks recommended properties that improve rich results.,no 'sameAs','sameAs' property on Organization,Add the properties listed in Current value.,Organization 'Semicolon',,200,yes,Structured Data Report
http://localhost:3000/portfolio/stayeasy-hotel-booking,Optimization,P3 - improve,Completeness,Organization missing recommended properties,A schema object lacks recommended properties that improve rich results.,no 'contactPoint','contactPoint' property on Organization,Add the properties listed in Current value.,Organization 'Semicolon',,200,yes,Structured Data Report
http://localhost:3000/portfolio/stayeasy-hotel-booking,Optimization,P3 - improve,Completeness,WebSite missing recommended properties,A schema object lacks recommended properties that improve rich results.,no 'potentialAction','potentialAction' property on WebSite,Add the properties listed in Current value.,WebSite 'Semicolon',,200,yes,Structured Data Report
http://localhost:3000/portfolio/stylecart-fashion-app,Optimization,P3 - improve,Completeness,CreativeWork missing recommended properties,A schema object lacks recommended properties that improve rich results.,no 'author','author' property on CreativeWork,Add the properties listed in Current value.,CreativeWork 'StyleCart – Fashion Shopping App',,200,yes,Structured Data Report
http://localhost:3000/portfolio/stylecart-fashion-app,Optimization,P3 - improve,Completeness,Organization missing recommended properties,A schema object lacks recommended properties that improve rich results.,no 'sameAs','sameAs' property on Organization,Add the properties listed in Current value.,Organization 'Semicolon',,200,yes,Structured Data Report
http://localhost:3000/portfolio/stylecart-fashion-app,Optimization,P3 - improve,Completeness,Organization missing recommended properties,A schema object lacks recommended properties that improve rich results.,no 'contactPoint','contactPoint' property on Organization,Add the properties listed in Current value.,Organization 'Semicolon',,200,yes,Structured Data Report
http://localhost:3000/portfolio/stylecart-fashion-app,Optimization,P3 - improve,Completeness,WebSite missing recommended properties,A schema object lacks recommended properties that improve rich results.,no 'potentialAction','potentialAction' property on WebSite,Add the properties listed in Current value.,WebSite 'Semicolon',,200,yes,Structured Data Report
http://localhost:3000/portfolio/supplychain-blockchain,Optimization,P3 - improve,Completeness,CreativeWork missing recommended properties,A schema object lacks recommended properties that improve rich results.,no 'author','author' property on CreativeWork,Add the properties listed in Current value.,CreativeWork 'TraceChain – Supply Chain Traceability',,200,yes,Structured Data Report
http://localhost:3000/portfolio/supplychain-blockchain,Optimization,P3 - improve,Completeness,Organization missing recommended properties,A schema object lacks recommended properties that improve rich results.,no 'sameAs','sameAs' property on Organization,Add the properties listed in Current value.,Organization 'Semicolon',,200,yes,Structured Data Report
http://localhost:3000/portfolio/supplychain-blockchain,Optimization,P3 - improve,Completeness,Organization missing recommended properties,A schema object lacks recommended properties that improve rich results.,no 'contactPoint','contactPoint' property on Organization,Add the properties listed in Current value.,Organization 'Semicolon',,200,yes,Structured Data Report
http://localhost:3000/portfolio/supplychain-blockchain,Optimization,P3 - improve,Completeness,WebSite missing recommended properties,A schema object lacks recommended properties that improve rich results.,no 'potentialAction','potentialAction' property on WebSite,Add the properties listed in Current value.,WebSite 'Semicolon',,200,yes,Structured Data Report
http://localhost:3000/portfolio/teashop-woocommerce,Optimization,P3 - improve,Completeness,CreativeWork missing recommended properties,A schema object lacks recommended properties that improve rich results.,no 'author','author' property on CreativeWork,Add the properties listed in Current value.,CreativeWork 'LeafTea – WooCommerce Store',,200,yes,Structured Data Report
http://localhost:3000/portfolio/teashop-woocommerce,Optimization,P3 - improve,Completeness,Organization missing recommended properties,A schema object lacks recommended properties that improve rich results.,no 'sameAs','sameAs' property on Organization,Add the properties listed in Current value.,Organization 'Semicolon',,200,yes,Structured Data Report
http://localhost:3000/portfolio/teashop-woocommerce,Optimization,P3 - improve,Completeness,Organization missing recommended properties,A schema object lacks recommended properties that improve rich results.,no 'contactPoint','contactPoint' property on Organization,Add the properties listed in Current value.,Organization 'Semicolon',,200,yes,Structured Data Report
http://localhost:3000/portfolio/teashop-woocommerce,Optimization,P3 - improve,Completeness,WebSite missing recommended properties,A schema object lacks recommended properties that improve rich results.,no 'potentialAction','potentialAction' property on WebSite,Add the properties listed in Current value.,WebSite 'Semicolon',,200,yes,Structured Data Report
http://localhost:3000/portfolio/telehealth-flutter,Optimization,P3 - improve,Completeness,CreativeWork missing recommended properties,A schema object lacks recommended properties that improve rich results.,no 'author','author' property on CreativeWork,Add the properties listed in Current value.,CreativeWork 'CareConnect – Telehealth App',,200,yes,Structured Data Report
http://localhost:3000/portfolio/telehealth-flutter,Optimization,P3 - improve,Completeness,Organization missing recommended properties,A schema object lacks recommended properties that improve rich results.,no 'sameAs','sameAs' property on Organization,Add the properties listed in Current value.,Organization 'Semicolon',,200,yes,Structured Data Report
http://localhost:3000/portfolio/telehealth-flutter,Optimization,P3 - improve,Completeness,Organization missing recommended properties,A schema object lacks recommended properties that improve rich results.,no 'contactPoint','contactPoint' property on Organization,Add the properties listed in Current value.,Organization 'Semicolon',,200,yes,Structured Data Report
http://localhost:3000/portfolio/telehealth-flutter,Optimization,P3 - improve,Completeness,WebSite missing recommended properties,A schema object lacks recommended properties that improve rich results.,no 'potentialAction','potentialAction' property on WebSite,Add the properties listed in Current value.,WebSite 'Semicolon',,200,yes,Structured Data Report
http://localhost:3000/portfolio/tiffinbox-food-delivery,Optimization,P3 - improve,Completeness,CreativeWork missing recommended properties,A schema object lacks recommended properties that improve rich results.,no 'author','author' property on CreativeWork,Add the properties listed in Current value.,CreativeWork 'TiffinBox – Home-Meal Delivery',,200,yes,Structured Data Report
http://localhost:3000/portfolio/tiffinbox-food-delivery,Optimization,P3 - improve,Completeness,Organization missing recommended properties,A schema object lacks recommended properties that improve rich results.,no 'sameAs','sameAs' property on Organization,Add the properties listed in Current value.,Organization 'Semicolon',,200,yes,Structured Data Report
http://localhost:3000/portfolio/tiffinbox-food-delivery,Optimization,P3 - improve,Completeness,Organization missing recommended properties,A schema object lacks recommended properties that improve rich results.,no 'contactPoint','contactPoint' property on Organization,Add the properties listed in Current value.,Organization 'Semicolon',,200,yes,Structured Data Report
http://localhost:3000/portfolio/tiffinbox-food-delivery,Optimization,P3 - improve,Completeness,WebSite missing recommended properties,A schema object lacks recommended properties that improve rich results.,no 'potentialAction','potentialAction' property on WebSite,Add the properties listed in Current value.,WebSite 'Semicolon',,200,yes,Structured Data Report
http://localhost:3000/portfolio/toolsupply-bigcommerce,Optimization,P3 - improve,Completeness,CreativeWork missing recommended properties,A schema object lacks recommended properties that improve rich results.,no 'author','author' property on CreativeWork,Add the properties listed in Current value.,CreativeWork 'ToolSupply – B2B BigCommerce Store',,200,yes,Structured Data Report
http://localhost:3000/portfolio/toolsupply-bigcommerce,Optimization,P3 - improve,Completeness,Organization missing recommended properties,A schema object lacks recommended properties that improve rich results.,no 'sameAs','sameAs' property on Organization,Add the properties listed in Current value.,Organization 'Semicolon',,200,yes,Structured Data Report
http://localhost:3000/portfolio/toolsupply-bigcommerce,Optimization,P3 - improve,Completeness,Organization missing recommended properties,A schema object lacks recommended properties that improve rich results.,no 'contactPoint','contactPoint' property on Organization,Add the properties listed in Current value.,Organization 'Semicolon',,200,yes,Structured Data Report
http://localhost:3000/portfolio/toolsupply-bigcommerce,Optimization,P3 - improve,Completeness,WebSite missing recommended properties,A schema object lacks recommended properties that improve rich results.,no 'potentialAction','potentialAction' property on WebSite,Add the properties listed in Current value.,WebSite 'Semicolon',,200,yes,Structured Data Report
http://localhost:3000/portfolio/tourism-joomla,Optimization,P3 - improve,Completeness,CreativeWork missing recommended properties,A schema object lacks recommended properties that improve rich results.,no 'author','author' property on CreativeWork,Add the properties listed in Current value.,CreativeWork 'VisitValley – Tourism Website (Joomla)',,200,yes,Structured Data Report
http://localhost:3000/portfolio/tourism-joomla,Optimization,P3 - improve,Completeness,Organization missing recommended properties,A schema object lacks recommended properties that improve rich results.,no 'sameAs','sameAs' property on Organization,Add the properties listed in Current value.,Organization 'Semicolon',,200,yes,Structured Data Report
http://localhost:3000/portfolio/tourism-joomla,Optimization,P3 - improve,Completeness,Organization missing recommended properties,A schema object lacks recommended properties that improve rich results.,no 'contactPoint','contactPoint' property on Organization,Add the properties listed in Current value.,Organization 'Semicolon',,200,yes,Structured Data Report
http://localhost:3000/portfolio/tourism-joomla,Optimization,P3 - improve,Completeness,WebSite missing recommended properties,A schema object lacks recommended properties that improve rich results.,no 'potentialAction','potentialAction' property on WebSite,Add the properties listed in Current value.,WebSite 'Semicolon',,200,yes,Structured Data Report
http://localhost:3000/portfolio/tradeview-analytics-dashboard,Optimization,P3 - improve,Completeness,CreativeWork missing recommended properties,A schema object lacks recommended properties that improve rich results.,no 'author','author' property on CreativeWork,Add the properties listed in Current value.,CreativeWork 'TradeView – Retail Analytics Dashboard',,200,yes,Structured Data Report
http://localhost:3000/portfolio/tradeview-analytics-dashboard,Optimization,P3 - improve,Completeness,Organization missing recommended properties,A schema object lacks recommended properties that improve rich results.,no 'sameAs','sameAs' property on Organization,Add the properties listed in Current value.,Organization 'Semicolon',,200,yes,Structured Data Report
http://localhost:3000/portfolio/tradeview-analytics-dashboard,Optimization,P3 - improve,Completeness,Organization missing recommended properties,A schema object lacks recommended properties that improve rich results.,no 'contactPoint','contactPoint' property on Organization,Add the properties listed in Current value.,Organization 'Semicolon',,200,yes,Structured Data Report
http://localhost:3000/portfolio/tradeview-analytics-dashboard,Optimization,P3 - improve,Completeness,WebSite missing recommended properties,A schema object lacks recommended properties that improve rich results.,no 'potentialAction','potentialAction' property on WebSite,Add the properties listed in Current value.,WebSite 'Semicolon',,200,yes,Structured Data Report
http://localhost:3000/portfolio/tripmate-travel-app,Optimization,P3 - improve,Completeness,CreativeWork missing recommended properties,A schema object lacks recommended properties that improve rich results.,no 'author','author' property on CreativeWork,Add the properties listed in Current value.,CreativeWork 'TripMate – Travel Planner App',,200,yes,Structured Data Report
http://localhost:3000/portfolio/tripmate-travel-app,Optimization,P3 - improve,Completeness,Organization missing recommended properties,A schema object lacks recommended properties that improve rich results.,no 'sameAs','sameAs' property on Organization,Add the properties listed in Current value.,Organization 'Semicolon',,200,yes,Structured Data Report
http://localhost:3000/portfolio/tripmate-travel-app,Optimization,P3 - improve,Completeness,Organization missing recommended properties,A schema object lacks recommended properties that improve rich results.,no 'contactPoint','contactPoint' property on Organization,Add the properties listed in Current value.,Organization 'Semicolon',,200,yes,Structured Data Report
http://localhost:3000/portfolio/tripmate-travel-app,Optimization,P3 - improve,Completeness,WebSite missing recommended properties,A schema object lacks recommended properties that improve rich results.,no 'potentialAction','potentialAction' property on WebSite,Add the properties listed in Current value.,WebSite 'Semicolon',,200,yes,Structured Data Report
http://localhost:3000/portfolio/tutorlive-gcp,Optimization,P3 - improve,Completeness,CreativeWork missing recommended properties,A schema object lacks recommended properties that improve rich results.,no 'author','author' property on CreativeWork,Add the properties listed in Current value.,CreativeWork 'TutorLive – Scalable Tutoring Backend',,200,yes,Structured Data Report
http://localhost:3000/portfolio/tutorlive-gcp,Optimization,P3 - improve,Completeness,Organization missing recommended properties,A schema object lacks recommended properties that improve rich results.,no 'sameAs','sameAs' property on Organization,Add the properties listed in Current value.,Organization 'Semicolon',,200,yes,Structured Data Report
http://localhost:3000/portfolio/tutorlive-gcp,Optimization,P3 - improve,Completeness,Organization missing recommended properties,A schema object lacks recommended properties that improve rich results.,no 'contactPoint','contactPoint' property on Organization,Add the properties listed in Current value.,Organization 'Semicolon',,200,yes,Structured Data Report
http://localhost:3000/portfolio/tutorlive-gcp,Optimization,P3 - improve,Completeness,WebSite missing recommended properties,A schema object lacks recommended properties that improve rich results.,no 'potentialAction','potentialAction' property on WebSite,Add the properties listed in Current value.,WebSite 'Semicolon',,200,yes,Structured Data Report
http://localhost:3000/portfolio/volunteerhub-nonprofit,Optimization,P3 - improve,Completeness,CreativeWork missing recommended properties,A schema object lacks recommended properties that improve rich results.,no 'author','author' property on CreativeWork,Add the properties listed in Current value.,CreativeWork 'VolunteerHub – Volunteer Management',,200,yes,Structured Data Report
http://localhost:3000/portfolio/volunteerhub-nonprofit,Optimization,P3 - improve,Completeness,Organization missing recommended properties,A schema object lacks recommended properties that improve rich results.,no 'sameAs','sameAs' property on Organization,Add the properties listed in Current value.,Organization 'Semicolon',,200,yes,Structured Data Report
http://localhost:3000/portfolio/volunteerhub-nonprofit,Optimization,P3 - improve,Completeness,Organization missing recommended properties,A schema object lacks recommended properties that improve rich results.,no 'contactPoint','contactPoint' property on Organization,Add the properties listed in Current value.,Organization 'Semicolon',,200,yes,Structured Data Report
http://localhost:3000/portfolio/volunteerhub-nonprofit,Optimization,P3 - improve,Completeness,WebSite missing recommended properties,A schema object lacks recommended properties that improve rich results.,no 'potentialAction','potentialAction' property on WebSite,Add the properties listed in Current value.,WebSite 'Semicolon',,200,yes,Structured Data Report
http://localhost:3000/portfolio/warehousescan-xamarin,Optimization,P3 - improve,Completeness,CreativeWork missing recommended properties,A schema object lacks recommended properties that improve rich results.,no 'author','author' property on CreativeWork,Add the properties listed in Current value.,CreativeWork 'WarehouseScan – Handheld Stock App',,200,yes,Structured Data Report
http://localhost:3000/portfolio/warehousescan-xamarin,Optimization,P3 - improve,Completeness,Organization missing recommended properties,A schema object lacks recommended properties that improve rich results.,no 'sameAs','sameAs' property on Organization,Add the properties listed in Current value.,Organization 'Semicolon',,200,yes,Structured Data Report
http://localhost:3000/portfolio/warehousescan-xamarin,Optimization,P3 - improve,Completeness,Organization missing recommended properties,A schema object lacks recommended properties that improve rich results.,no 'contactPoint','contactPoint' property on Organization,Add the properties listed in Current value.,Organization 'Semicolon',,200,yes,Structured Data Report
http://localhost:3000/portfolio/warehousescan-xamarin,Optimization,P3 - improve,Completeness,WebSite missing recommended properties,A schema object lacks recommended properties that improve rich results.,no 'potentialAction','potentialAction' property on WebSite,Add the properties listed in Current value.,WebSite 'Semicolon',,200,yes,Structured Data Report
http://localhost:3000/privacy-policy,Optimization,P3 - improve,Completeness,Organization missing recommended properties,A schema object lacks recommended properties that improve rich results.,no 'sameAs','sameAs' property on Organization,Add the properties listed in Current value.,Organization 'Semicolon',,200,yes,Structured Data Report
http://localhost:3000/privacy-policy,Optimization,P3 - improve,Completeness,Organization missing recommended properties,A schema object lacks recommended properties that improve rich results.,no 'contactPoint','contactPoint' property on Organization,Add the properties listed in Current value.,Organization 'Semicolon',,200,yes,Structured Data Report
http://localhost:3000/privacy-policy,Optimization,P3 - improve,Completeness,WebSite missing recommended properties,A schema object lacks recommended properties that improve rich results.,no 'potentialAction','potentialAction' property on WebSite,Add the properties listed in Current value.,WebSite 'Semicolon',,200,yes,Structured Data Report
http://localhost:3000/refund-cancellation-policy,Optimization,P3 - improve,Completeness,Organization missing recommended properties,A schema object lacks recommended properties that improve rich results.,no 'sameAs','sameAs' property on Organization,Add the properties listed in Current value.,Organization 'Semicolon',,200,yes,Structured Data Report
http://localhost:3000/refund-cancellation-policy,Optimization,P3 - improve,Completeness,Organization missing recommended properties,A schema object lacks recommended properties that improve rich results.,no 'contactPoint','contactPoint' property on Organization,Add the properties listed in Current value.,Organization 'Semicolon',,200,yes,Structured Data Report
http://localhost:3000/refund-cancellation-policy,Optimization,P3 - improve,Completeness,WebSite missing recommended properties,A schema object lacks recommended properties that improve rich results.,no 'potentialAction','potentialAction' property on WebSite,Add the properties listed in Current value.,WebSite 'Semicolon',,200,yes,Structured Data Report
http://localhost:3000/reviews,Optimization,P3 - improve,Completeness,Organization missing recommended properties,A schema object lacks recommended properties that improve rich results.,no 'sameAs','sameAs' property on Organization,Add the properties listed in Current value.,Organization 'Semicolon',,200,yes,Structured Data Report
http://localhost:3000/reviews,Optimization,P3 - improve,Completeness,Organization missing recommended properties,A schema object lacks recommended properties that improve rich results.,no 'contactPoint','contactPoint' property on Organization,Add the properties listed in Current value.,Organization 'Semicolon',,200,yes,Structured Data Report
http://localhost:3000/reviews,Optimization,P3 - improve,Completeness,WebSite missing recommended properties,A schema object lacks recommended properties that improve rich results.,no 'potentialAction','potentialAction' property on WebSite,Add the properties listed in Current value.,WebSite 'Semicolon',,200,yes,Structured Data Report
http://localhost:3000/services,Important,P2 - fix soon,Page type,Missing Service/CollectionPage schema,The page lacks the structured-data type expected for this kind of page.,"types found: BreadcrumbList, ListItem, Organization, PostalAddress, WebSite","one of: CollectionPage, ItemList, OfferCatalog, Service",Add JSON-LD of that type with its required properties.,,,200,yes,Structured Data Report
http://localhost:3000/services,Optimization,P3 - improve,Completeness,Organization missing recommended properties,A schema object lacks recommended properties that improve rich results.,no 'sameAs','sameAs' property on Organization,Add the properties listed in Current value.,Organization 'Semicolon',,200,yes,Structured Data Report
http://localhost:3000/services,Optimization,P3 - improve,Completeness,Organization missing recommended properties,A schema object lacks recommended properties that improve rich results.,no 'contactPoint','contactPoint' property on Organization,Add the properties listed in Current value.,Organization 'Semicolon',,200,yes,Structured Data Report
http://localhost:3000/services,Optimization,P3 - improve,Completeness,WebSite missing recommended properties,A schema object lacks recommended properties that improve rich results.,no 'potentialAction','potentialAction' property on WebSite,Add the properties listed in Current value.,WebSite 'Semicolon',,200,yes,Structured Data Report
http://localhost:3000/sitemap,Optimization,P3 - improve,Completeness,Organization missing recommended properties,A schema object lacks recommended properties that improve rich results.,no 'sameAs','sameAs' property on Organization,Add the properties listed in Current value.,Organization 'Semicolon',,200,yes,Structured Data Report
http://localhost:3000/sitemap,Optimization,P3 - improve,Completeness,Organization missing recommended properties,A schema object lacks recommended properties that improve rich results.,no 'contactPoint','contactPoint' property on Organization,Add the properties listed in Current value.,Organization 'Semicolon',,200,yes,Structured Data Report
http://localhost:3000/sitemap,Optimization,P3 - improve,Completeness,WebSite missing recommended properties,A schema object lacks recommended properties that improve rich results.,no 'potentialAction','potentialAction' property on WebSite,Add the properties listed in Current value.,WebSite 'Semicolon',,200,yes,Structured Data Report
http://localhost:3000/software-services,Important,P2 - fix soon,Page type,Missing Service/CollectionPage schema,The page lacks the structured-data type expected for this kind of page.,"types found: BreadcrumbList, ListItem, Organization, PostalAddress, WebSite","one of: CollectionPage, ItemList, OfferCatalog, Service",Add JSON-LD of that type with its required properties.,,,200,yes,Structured Data Report
http://localhost:3000/software-services,Optimization,P3 - improve,Completeness,Organization missing recommended properties,A schema object lacks recommended properties that improve rich results.,no 'sameAs','sameAs' property on Organization,Add the properties listed in Current value.,Organization 'Semicolon',,200,yes,Structured Data Report
http://localhost:3000/software-services,Optimization,P3 - improve,Completeness,Organization missing recommended properties,A schema object lacks recommended properties that improve rich results.,no 'contactPoint','contactPoint' property on Organization,Add the properties listed in Current value.,Organization 'Semicolon',,200,yes,Structured Data Report
http://localhost:3000/software-services,Optimization,P3 - improve,Completeness,WebSite missing recommended properties,A schema object lacks recommended properties that improve rich results.,no 'potentialAction','potentialAction' property on WebSite,Add the properties listed in Current value.,WebSite 'Semicolon',,200,yes,Structured Data Report
http://localhost:3000/software-services/api-development,Important,P2 - fix soon,Page type,Missing Service schema,The page lacks the structured-data type expected for this kind of page.,"types found: BreadcrumbList, ListItem, Organization, PostalAddress, WebSite","one of: Service, SoftwareApplication",Add JSON-LD of that type with its required properties.,,,200,yes,Structured Data Report
http://localhost:3000/software-services/api-development,Optimization,P3 - improve,Completeness,Organization missing recommended properties,A schema object lacks recommended properties that improve rich results.,no 'sameAs','sameAs' property on Organization,Add the properties listed in Current value.,Organization 'Semicolon',,200,yes,Structured Data Report
http://localhost:3000/software-services/api-development,Optimization,P3 - improve,Completeness,Organization missing recommended properties,A schema object lacks recommended properties that improve rich results.,no 'contactPoint','contactPoint' property on Organization,Add the properties listed in Current value.,Organization 'Semicolon',,200,yes,Structured Data Report
http://localhost:3000/software-services/api-development,Optimization,P3 - improve,Completeness,WebSite missing recommended properties,A schema object lacks recommended properties that improve rich results.,no 'potentialAction','potentialAction' property on WebSite,Add the properties listed in Current value.,WebSite 'Semicolon',,200,yes,Structured Data Report
http://localhost:3000/software-services/api-development,Optimization,P3 - improve,Page type,FAQ section without FAQPage schema,The page has an FAQ section but no FAQPage schema.,,FAQPage JSON-LD with each question and answer,Generate FAQPage JSON-LD from the same FAQ data the page renders.,,,200,yes,Structured Data Report
http://localhost:3000/software-services/cms-development,Important,P2 - fix soon,Page type,Missing Service schema,The page lacks the structured-data type expected for this kind of page.,"types found: BreadcrumbList, ListItem, Organization, PostalAddress, WebSite","one of: Service, SoftwareApplication",Add JSON-LD of that type with its required properties.,,,200,yes,Structured Data Report
http://localhost:3000/software-services/cms-development,Optimization,P3 - improve,Completeness,Organization missing recommended properties,A schema object lacks recommended properties that improve rich results.,no 'sameAs','sameAs' property on Organization,Add the properties listed in Current value.,Organization 'Semicolon',,200,yes,Structured Data Report
http://localhost:3000/software-services/cms-development,Optimization,P3 - improve,Completeness,Organization missing recommended properties,A schema object lacks recommended properties that improve rich results.,no 'contactPoint','contactPoint' property on Organization,Add the properties listed in Current value.,Organization 'Semicolon',,200,yes,Structured Data Report
http://localhost:3000/software-services/cms-development,Optimization,P3 - improve,Completeness,WebSite missing recommended properties,A schema object lacks recommended properties that improve rich results.,no 'potentialAction','potentialAction' property on WebSite,Add the properties listed in Current value.,WebSite 'Semicolon',,200,yes,Structured Data Report
http://localhost:3000/software-services/cms-development,Optimization,P3 - improve,Page type,FAQ section without FAQPage schema,The page has an FAQ section but no FAQPage schema.,,FAQPage JSON-LD with each question and answer,Generate FAQPage JSON-LD from the same FAQ data the page renders.,,,200,yes,Structured Data Report
http://localhost:3000/software-services/cross-platform-app-development,Important,P2 - fix soon,Page type,Missing Service schema,The page lacks the structured-data type expected for this kind of page.,"types found: BreadcrumbList, ListItem, Organization, PostalAddress, WebSite","one of: Service, SoftwareApplication",Add JSON-LD of that type with its required properties.,,,200,yes,Structured Data Report
http://localhost:3000/software-services/cross-platform-app-development,Optimization,P3 - improve,Completeness,Organization missing recommended properties,A schema object lacks recommended properties that improve rich results.,no 'sameAs','sameAs' property on Organization,Add the properties listed in Current value.,Organization 'Semicolon',,200,yes,Structured Data Report
http://localhost:3000/software-services/cross-platform-app-development,Optimization,P3 - improve,Completeness,Organization missing recommended properties,A schema object lacks recommended properties that improve rich results.,no 'contactPoint','contactPoint' property on Organization,Add the properties listed in Current value.,Organization 'Semicolon',,200,yes,Structured Data Report
http://localhost:3000/software-services/cross-platform-app-development,Optimization,P3 - improve,Completeness,WebSite missing recommended properties,A schema object lacks recommended properties that improve rich results.,no 'potentialAction','potentialAction' property on WebSite,Add the properties listed in Current value.,WebSite 'Semicolon',,200,yes,Structured Data Report
http://localhost:3000/software-services/cross-platform-app-development,Optimization,P3 - improve,Page type,FAQ section without FAQPage schema,The page has an FAQ section but no FAQPage schema.,,FAQPage JSON-LD with each question and answer,Generate FAQPage JSON-LD from the same FAQ data the page renders.,,,200,yes,Structured Data Report
http://localhost:3000/software-services/custom-software-development,Important,P2 - fix soon,Page type,Missing Service schema,The page lacks the structured-data type expected for this kind of page.,"types found: BreadcrumbList, ListItem, Organization, PostalAddress, WebSite","one of: Service, SoftwareApplication",Add JSON-LD of that type with its required properties.,,,200,yes,Structured Data Report
http://localhost:3000/software-services/custom-software-development,Optimization,P3 - improve,Completeness,Organization missing recommended properties,A schema object lacks recommended properties that improve rich results.,no 'sameAs','sameAs' property on Organization,Add the properties listed in Current value.,Organization 'Semicolon',,200,yes,Structured Data Report
http://localhost:3000/software-services/custom-software-development,Optimization,P3 - improve,Completeness,Organization missing recommended properties,A schema object lacks recommended properties that improve rich results.,no 'contactPoint','contactPoint' property on Organization,Add the properties listed in Current value.,Organization 'Semicolon',,200,yes,Structured Data Report
http://localhost:3000/software-services/custom-software-development,Optimization,P3 - improve,Completeness,WebSite missing recommended properties,A schema object lacks recommended properties that improve rich results.,no 'potentialAction','potentialAction' property on WebSite,Add the properties listed in Current value.,WebSite 'Semicolon',,200,yes,Structured Data Report
http://localhost:3000/software-services/custom-software-development,Optimization,P3 - improve,Page type,FAQ section without FAQPage schema,The page has an FAQ section but no FAQPage schema.,,FAQPage JSON-LD with each question and answer,Generate FAQPage JSON-LD from the same FAQ data the page renders.,,,200,yes,Structured Data Report
http://localhost:3000/software-services/ecommerce-development,Important,P2 - fix soon,Page type,Missing Service schema,The page lacks the structured-data type expected for this kind of page.,"types found: BreadcrumbList, ListItem, Organization, PostalAddress, WebSite","one of: Service, SoftwareApplication",Add JSON-LD of that type with its required properties.,,,200,yes,Structured Data Report
http://localhost:3000/software-services/ecommerce-development,Optimization,P3 - improve,Completeness,Organization missing recommended properties,A schema object lacks recommended properties that improve rich results.,no 'sameAs','sameAs' property on Organization,Add the properties listed in Current value.,Organization 'Semicolon',,200,yes,Structured Data Report
http://localhost:3000/software-services/ecommerce-development,Optimization,P3 - improve,Completeness,Organization missing recommended properties,A schema object lacks recommended properties that improve rich results.,no 'contactPoint','contactPoint' property on Organization,Add the properties listed in Current value.,Organization 'Semicolon',,200,yes,Structured Data Report
http://localhost:3000/software-services/ecommerce-development,Optimization,P3 - improve,Completeness,WebSite missing recommended properties,A schema object lacks recommended properties that improve rich results.,no 'potentialAction','potentialAction' property on WebSite,Add the properties listed in Current value.,WebSite 'Semicolon',,200,yes,Structured Data Report
http://localhost:3000/software-services/ecommerce-development,Optimization,P3 - improve,Page type,FAQ section without FAQPage schema,The page has an FAQ section but no FAQPage schema.,,FAQPage JSON-LD with each question and answer,Generate FAQPage JSON-LD from the same FAQ data the page renders.,,,200,yes,Structured Data Report
http://localhost:3000/software-services/ecommerce-testing,Important,P2 - fix soon,Page type,Missing Service schema,The page lacks the structured-data type expected for this kind of page.,"types found: BreadcrumbList, ListItem, Organization, PostalAddress, WebSite","one of: Service, SoftwareApplication",Add JSON-LD of that type with its required properties.,,,200,yes,Structured Data Report
http://localhost:3000/software-services/ecommerce-testing,Optimization,P3 - improve,Completeness,Organization missing recommended properties,A schema object lacks recommended properties that improve rich results.,no 'sameAs','sameAs' property on Organization,Add the properties listed in Current value.,Organization 'Semicolon',,200,yes,Structured Data Report
http://localhost:3000/software-services/ecommerce-testing,Optimization,P3 - improve,Completeness,Organization missing recommended properties,A schema object lacks recommended properties that improve rich results.,no 'contactPoint','contactPoint' property on Organization,Add the properties listed in Current value.,Organization 'Semicolon',,200,yes,Structured Data Report
http://localhost:3000/software-services/ecommerce-testing,Optimization,P3 - improve,Completeness,WebSite missing recommended properties,A schema object lacks recommended properties that improve rich results.,no 'potentialAction','potentialAction' property on WebSite,Add the properties listed in Current value.,WebSite 'Semicolon',,200,yes,Structured Data Report
http://localhost:3000/software-services/ecommerce-testing,Optimization,P3 - improve,Page type,FAQ section without FAQPage schema,The page has an FAQ section but no FAQPage schema.,,FAQPage JSON-LD with each question and answer,Generate FAQPage JSON-LD from the same FAQ data the page renders.,,,200,yes,Structured Data Report
http://localhost:3000/software-services/enterprise-software,Important,P2 - fix soon,Page type,Missing Service schema,The page lacks the structured-data type expected for this kind of page.,"types found: BreadcrumbList, ListItem, Organization, PostalAddress, WebSite","one of: Service, SoftwareApplication",Add JSON-LD of that type with its required properties.,,,200,yes,Structured Data Report
http://localhost:3000/software-services/enterprise-software,Optimization,P3 - improve,Completeness,Organization missing recommended properties,A schema object lacks recommended properties that improve rich results.,no 'sameAs','sameAs' property on Organization,Add the properties listed in Current value.,Organization 'Semicolon',,200,yes,Structured Data Report
http://localhost:3000/software-services/enterprise-software,Optimization,P3 - improve,Completeness,Organization missing recommended properties,A schema object lacks recommended properties that improve rich results.,no 'contactPoint','contactPoint' property on Organization,Add the properties listed in Current value.,Organization 'Semicolon',,200,yes,Structured Data Report
http://localhost:3000/software-services/enterprise-software,Optimization,P3 - improve,Completeness,WebSite missing recommended properties,A schema object lacks recommended properties that improve rich results.,no 'potentialAction','potentialAction' property on WebSite,Add the properties listed in Current value.,WebSite 'Semicolon',,200,yes,Structured Data Report
http://localhost:3000/software-services/enterprise-software,Optimization,P3 - improve,Page type,FAQ section without FAQPage schema,The page has an FAQ section but no FAQPage schema.,,FAQPage JSON-LD with each question and answer,Generate FAQPage JSON-LD from the same FAQ data the page renders.,,,200,yes,Structured Data Report
http://localhost:3000/software-services/hybrid-app-development,Important,P2 - fix soon,Page type,Missing Service schema,The page lacks the structured-data type expected for this kind of page.,"types found: BreadcrumbList, ListItem, Organization, PostalAddress, WebSite","one of: Service, SoftwareApplication",Add JSON-LD of that type with its required properties.,,,200,yes,Structured Data Report
http://localhost:3000/software-services/hybrid-app-development,Optimization,P3 - improve,Completeness,Organization missing recommended properties,A schema object lacks recommended properties that improve rich results.,no 'sameAs','sameAs' property on Organization,Add the properties listed in Current value.,Organization 'Semicolon',,200,yes,Structured Data Report
http://localhost:3000/software-services/hybrid-app-development,Optimization,P3 - improve,Completeness,Organization missing recommended properties,A schema object lacks recommended properties that improve rich results.,no 'contactPoint','contactPoint' property on Organization,Add the properties listed in Current value.,Organization 'Semicolon',,200,yes,Structured Data Report
http://localhost:3000/software-services/hybrid-app-development,Optimization,P3 - improve,Completeness,WebSite missing recommended properties,A schema object lacks recommended properties that improve rich results.,no 'potentialAction','potentialAction' property on WebSite,Add the properties listed in Current value.,WebSite 'Semicolon',,200,yes,Structured Data Report
http://localhost:3000/software-services/hybrid-app-development,Optimization,P3 - improve,Page type,FAQ section without FAQPage schema,The page has an FAQ section but no FAQPage schema.,,FAQPage JSON-LD with each question and answer,Generate FAQPage JSON-LD from the same FAQ data the page renders.,,,200,yes,Structured Data Report
http://localhost:3000/software-services/mobile-app-testing,Important,P2 - fix soon,Page type,Missing Service schema,The page lacks the structured-data type expected for this kind of page.,"types found: BreadcrumbList, ListItem, Organization, PostalAddress, WebSite","one of: Service, SoftwareApplication",Add JSON-LD of that type with its required properties.,,,200,yes,Structured Data Report
http://localhost:3000/software-services/mobile-app-testing,Optimization,P3 - improve,Completeness,Organization missing recommended properties,A schema object lacks recommended properties that improve rich results.,no 'sameAs','sameAs' property on Organization,Add the properties listed in Current value.,Organization 'Semicolon',,200,yes,Structured Data Report
http://localhost:3000/software-services/mobile-app-testing,Optimization,P3 - improve,Completeness,Organization missing recommended properties,A schema object lacks recommended properties that improve rich results.,no 'contactPoint','contactPoint' property on Organization,Add the properties listed in Current value.,Organization 'Semicolon',,200,yes,Structured Data Report
http://localhost:3000/software-services/mobile-app-testing,Optimization,P3 - improve,Completeness,WebSite missing recommended properties,A schema object lacks recommended properties that improve rich results.,no 'potentialAction','potentialAction' property on WebSite,Add the properties listed in Current value.,WebSite 'Semicolon',,200,yes,Structured Data Report
http://localhost:3000/software-services/mobile-app-testing,Optimization,P3 - improve,Page type,FAQ section without FAQPage schema,The page has an FAQ section but no FAQPage schema.,,FAQPage JSON-LD with each question and answer,Generate FAQPage JSON-LD from the same FAQ data the page renders.,,,200,yes,Structured Data Report
http://localhost:3000/software-services/mobile-game-development,Important,P2 - fix soon,Page type,Missing Service schema,The page lacks the structured-data type expected for this kind of page.,"types found: BreadcrumbList, ListItem, Organization, PostalAddress, WebSite","one of: Service, SoftwareApplication",Add JSON-LD of that type with its required properties.,,,200,yes,Structured Data Report
http://localhost:3000/software-services/mobile-game-development,Optimization,P3 - improve,Completeness,Organization missing recommended properties,A schema object lacks recommended properties that improve rich results.,no 'sameAs','sameAs' property on Organization,Add the properties listed in Current value.,Organization 'Semicolon',,200,yes,Structured Data Report
http://localhost:3000/software-services/mobile-game-development,Optimization,P3 - improve,Completeness,Organization missing recommended properties,A schema object lacks recommended properties that improve rich results.,no 'contactPoint','contactPoint' property on Organization,Add the properties listed in Current value.,Organization 'Semicolon',,200,yes,Structured Data Report
http://localhost:3000/software-services/mobile-game-development,Optimization,P3 - improve,Completeness,WebSite missing recommended properties,A schema object lacks recommended properties that improve rich results.,no 'potentialAction','potentialAction' property on WebSite,Add the properties listed in Current value.,WebSite 'Semicolon',,200,yes,Structured Data Report
http://localhost:3000/software-services/mobile-game-development,Optimization,P3 - improve,Page type,FAQ section without FAQPage schema,The page has an FAQ section but no FAQPage schema.,,FAQPage JSON-LD with each question and answer,Generate FAQPage JSON-LD from the same FAQ data the page renders.,,,200,yes,Structured Data Report
http://localhost:3000/software-services/native-app-development,Important,P2 - fix soon,Page type,Missing Service schema,The page lacks the structured-data type expected for this kind of page.,"types found: BreadcrumbList, ListItem, Organization, PostalAddress, WebSite","one of: Service, SoftwareApplication",Add JSON-LD of that type with its required properties.,,,200,yes,Structured Data Report
http://localhost:3000/software-services/native-app-development,Optimization,P3 - improve,Completeness,Organization missing recommended properties,A schema object lacks recommended properties that improve rich results.,no 'sameAs','sameAs' property on Organization,Add the properties listed in Current value.,Organization 'Semicolon',,200,yes,Structured Data Report
http://localhost:3000/software-services/native-app-development,Optimization,P3 - improve,Completeness,Organization missing recommended properties,A schema object lacks recommended properties that improve rich results.,no 'contactPoint','contactPoint' property on Organization,Add the properties listed in Current value.,Organization 'Semicolon',,200,yes,Structured Data Report
http://localhost:3000/software-services/native-app-development,Optimization,P3 - improve,Completeness,WebSite missing recommended properties,A schema object lacks recommended properties that improve rich results.,no 'potentialAction','potentialAction' property on WebSite,Add the properties listed in Current value.,WebSite 'Semicolon',,200,yes,Structured Data Report
http://localhost:3000/software-services/native-app-development,Optimization,P3 - improve,Page type,FAQ section without FAQPage schema,The page has an FAQ section but no FAQPage schema.,,FAQPage JSON-LD with each question and answer,Generate FAQPage JSON-LD from the same FAQ data the page renders.,,,200,yes,Structured Data Report
http://localhost:3000/software-services/native-cross-platform-apps,Important,P2 - fix soon,Page type,Missing Service schema,The page lacks the structured-data type expected for this kind of page.,"types found: BreadcrumbList, ListItem, Organization, PostalAddress, WebSite","one of: Service, SoftwareApplication",Add JSON-LD of that type with its required properties.,,,200,yes,Structured Data Report
http://localhost:3000/software-services/native-cross-platform-apps,Optimization,P3 - improve,Completeness,Organization missing recommended properties,A schema object lacks recommended properties that improve rich results.,no 'sameAs','sameAs' property on Organization,Add the properties listed in Current value.,Organization 'Semicolon',,200,yes,Structured Data Report
http://localhost:3000/software-services/native-cross-platform-apps,Optimization,P3 - improve,Completeness,Organization missing recommended properties,A schema object lacks recommended properties that improve rich results.,no 'contactPoint','contactPoint' property on Organization,Add the properties listed in Current value.,Organization 'Semicolon',,200,yes,Structured Data Report
http://localhost:3000/software-services/native-cross-platform-apps,Optimization,P3 - improve,Completeness,WebSite missing recommended properties,A schema object lacks recommended properties that improve rich results.,no 'potentialAction','potentialAction' property on WebSite,Add the properties listed in Current value.,WebSite 'Semicolon',,200,yes,Structured Data Report
http://localhost:3000/software-services/native-cross-platform-apps,Optimization,P3 - improve,Page type,FAQ section without FAQPage schema,The page has an FAQ section but no FAQPage schema.,,FAQPage JSON-LD with each question and answer,Generate FAQPage JSON-LD from the same FAQ data the page renders.,,,200,yes,Structured Data Report
http://localhost:3000/software-services/product-development,Important,P2 - fix soon,Page type,Missing Service schema,The page lacks the structured-data type expected for this kind of page.,"types found: BreadcrumbList, ListItem, Organization, PostalAddress, WebSite","one of: Service, SoftwareApplication",Add JSON-LD of that type with its required properties.,,,200,yes,Structured Data Report
http://localhost:3000/software-services/product-development,Optimization,P3 - improve,Completeness,Organization missing recommended properties,A schema object lacks recommended properties that improve rich results.,no 'sameAs','sameAs' property on Organization,Add the properties listed in Current value.,Organization 'Semicolon',,200,yes,Structured Data Report
http://localhost:3000/software-services/product-development,Optimization,P3 - improve,Completeness,Organization missing recommended properties,A schema object lacks recommended properties that improve rich results.,no 'contactPoint','contactPoint' property on Organization,Add the properties listed in Current value.,Organization 'Semicolon',,200,yes,Structured Data Report
http://localhost:3000/software-services/product-development,Optimization,P3 - improve,Completeness,WebSite missing recommended properties,A schema object lacks recommended properties that improve rich results.,no 'potentialAction','potentialAction' property on WebSite,Add the properties listed in Current value.,WebSite 'Semicolon',,200,yes,Structured Data Report
http://localhost:3000/software-services/product-development,Optimization,P3 - improve,Page type,FAQ section without FAQPage schema,The page has an FAQ section but no FAQPage schema.,,FAQPage JSON-LD with each question and answer,Generate FAQPage JSON-LD from the same FAQ data the page renders.,,,200,yes,Structured Data Report
http://localhost:3000/software-services/product-re-engineering,Important,P2 - fix soon,Page type,Missing Service schema,The page lacks the structured-data type expected for this kind of page.,"types found: BreadcrumbList, ListItem, Organization, PostalAddress, WebSite","one of: Service, SoftwareApplication",Add JSON-LD of that type with its required properties.,,,200,yes,Structured Data Report
http://localhost:3000/software-services/product-re-engineering,Optimization,P3 - improve,Completeness,Organization missing recommended properties,A schema object lacks recommended properties that improve rich results.,no 'sameAs','sameAs' property on Organization,Add the properties listed in Current value.,Organization 'Semicolon',,200,yes,Structured Data Report
http://localhost:3000/software-services/product-re-engineering,Optimization,P3 - improve,Completeness,Organization missing recommended properties,A schema object lacks recommended properties that improve rich results.,no 'contactPoint','contactPoint' property on Organization,Add the properties listed in Current value.,Organization 'Semicolon',,200,yes,Structured Data Report
http://localhost:3000/software-services/product-re-engineering,Optimization,P3 - improve,Completeness,WebSite missing recommended properties,A schema object lacks recommended properties that improve rich results.,no 'potentialAction','potentialAction' property on WebSite,Add the properties listed in Current value.,WebSite 'Semicolon',,200,yes,Structured Data Report
http://localhost:3000/software-services/product-re-engineering,Optimization,P3 - improve,Page type,FAQ section without FAQPage schema,The page has an FAQ section but no FAQPage schema.,,FAQPage JSON-LD with each question and answer,Generate FAQPage JSON-LD from the same FAQ data the page renders.,,,200,yes,Structured Data Report
http://localhost:3000/software-services/pwa-development,Important,P2 - fix soon,Page type,Missing Service schema,The page lacks the structured-data type expected for this kind of page.,"types found: BreadcrumbList, ListItem, Organization, PostalAddress, WebSite","one of: Service, SoftwareApplication",Add JSON-LD of that type with its required properties.,,,200,yes,Structured Data Report
http://localhost:3000/software-services/pwa-development,Optimization,P3 - improve,Completeness,Organization missing recommended properties,A schema object lacks recommended properties that improve rich results.,no 'sameAs','sameAs' property on Organization,Add the properties listed in Current value.,Organization 'Semicolon',,200,yes,Structured Data Report
http://localhost:3000/software-services/pwa-development,Optimization,P3 - improve,Completeness,Organization missing recommended properties,A schema object lacks recommended properties that improve rich results.,no 'contactPoint','contactPoint' property on Organization,Add the properties listed in Current value.,Organization 'Semicolon',,200,yes,Structured Data Report
http://localhost:3000/software-services/pwa-development,Optimization,P3 - improve,Completeness,WebSite missing recommended properties,A schema object lacks recommended properties that improve rich results.,no 'potentialAction','potentialAction' property on WebSite,Add the properties listed in Current value.,WebSite 'Semicolon',,200,yes,Structured Data Report
http://localhost:3000/software-services/pwa-development,Optimization,P3 - improve,Page type,FAQ section without FAQPage schema,The page has an FAQ section but no FAQPage schema.,,FAQPage JSON-LD with each question and answer,Generate FAQPage JSON-LD from the same FAQ data the page renders.,,,200,yes,Structured Data Report
http://localhost:3000/software-services/software-consulting,Important,P2 - fix soon,Page type,Missing Service schema,The page lacks the structured-data type expected for this kind of page.,"types found: BreadcrumbList, ListItem, Organization, PostalAddress, WebSite","one of: Service, SoftwareApplication",Add JSON-LD of that type with its required properties.,,,200,yes,Structured Data Report
http://localhost:3000/software-services/software-consulting,Optimization,P3 - improve,Completeness,Organization missing recommended properties,A schema object lacks recommended properties that improve rich results.,no 'sameAs','sameAs' property on Organization,Add the properties listed in Current value.,Organization 'Semicolon',,200,yes,Structured Data Report
http://localhost:3000/software-services/software-consulting,Optimization,P3 - improve,Completeness,Organization missing recommended properties,A schema object lacks recommended properties that improve rich results.,no 'contactPoint','contactPoint' property on Organization,Add the properties listed in Current value.,Organization 'Semicolon',,200,yes,Structured Data Report
http://localhost:3000/software-services/software-consulting,Optimization,P3 - improve,Completeness,WebSite missing recommended properties,A schema object lacks recommended properties that improve rich results.,no 'potentialAction','potentialAction' property on WebSite,Add the properties listed in Current value.,WebSite 'Semicolon',,200,yes,Structured Data Report
http://localhost:3000/software-services/software-consulting,Optimization,P3 - improve,Page type,FAQ section without FAQPage schema,The page has an FAQ section but no FAQPage schema.,,FAQPage JSON-LD with each question and answer,Generate FAQPage JSON-LD from the same FAQ data the page renders.,,,200,yes,Structured Data Report
http://localhost:3000/software-services/software-maintenance,Important,P2 - fix soon,Page type,Missing Service schema,The page lacks the structured-data type expected for this kind of page.,"types found: BreadcrumbList, ListItem, Organization, PostalAddress, WebSite","one of: Service, SoftwareApplication",Add JSON-LD of that type with its required properties.,,,200,yes,Structured Data Report
http://localhost:3000/software-services/software-maintenance,Optimization,P3 - improve,Completeness,Organization missing recommended properties,A schema object lacks recommended properties that improve rich results.,no 'sameAs','sameAs' property on Organization,Add the properties listed in Current value.,Organization 'Semicolon',,200,yes,Structured Data Report
http://localhost:3000/software-services/software-maintenance,Optimization,P3 - improve,Completeness,Organization missing recommended properties,A schema object lacks recommended properties that improve rich results.,no 'contactPoint','contactPoint' property on Organization,Add the properties listed in Current value.,Organization 'Semicolon',,200,yes,Structured Data Report
http://localhost:3000/software-services/software-maintenance,Optimization,P3 - improve,Completeness,WebSite missing recommended properties,A schema object lacks recommended properties that improve rich results.,no 'potentialAction','potentialAction' property on WebSite,Add the properties listed in Current value.,WebSite 'Semicolon',,200,yes,Structured Data Report
http://localhost:3000/software-services/software-maintenance,Optimization,P3 - improve,Page type,FAQ section without FAQPage schema,The page has an FAQ section but no FAQPage schema.,,FAQPage JSON-LD with each question and answer,Generate FAQPage JSON-LD from the same FAQ data the page renders.,,,200,yes,Structured Data Report
http://localhost:3000/software-services/web-app-development,Important,P2 - fix soon,Page type,Missing Service schema,The page lacks the structured-data type expected for this kind of page.,"types found: BreadcrumbList, ListItem, Organization, PostalAddress, WebSite","one of: Service, SoftwareApplication",Add JSON-LD of that type with its required properties.,,,200,yes,Structured Data Report
http://localhost:3000/software-services/web-app-development,Optimization,P3 - improve,Completeness,Organization missing recommended properties,A schema object lacks recommended properties that improve rich results.,no 'sameAs','sameAs' property on Organization,Add the properties listed in Current value.,Organization 'Semicolon',,200,yes,Structured Data Report
http://localhost:3000/software-services/web-app-development,Optimization,P3 - improve,Completeness,Organization missing recommended properties,A schema object lacks recommended properties that improve rich results.,no 'contactPoint','contactPoint' property on Organization,Add the properties listed in Current value.,Organization 'Semicolon',,200,yes,Structured Data Report
http://localhost:3000/software-services/web-app-development,Optimization,P3 - improve,Completeness,WebSite missing recommended properties,A schema object lacks recommended properties that improve rich results.,no 'potentialAction','potentialAction' property on WebSite,Add the properties listed in Current value.,WebSite 'Semicolon',,200,yes,Structured Data Report
http://localhost:3000/software-services/web-app-development,Optimization,P3 - improve,Page type,FAQ section without FAQPage schema,The page has an FAQ section but no FAQPage schema.,,FAQPage JSON-LD with each question and answer,Generate FAQPage JSON-LD from the same FAQ data the page renders.,,,200,yes,Structured Data Report
http://localhost:3000/software-services/web-app-testing,Important,P2 - fix soon,Page type,Missing Service schema,The page lacks the structured-data type expected for this kind of page.,"types found: BreadcrumbList, ListItem, Organization, PostalAddress, WebSite","one of: Service, SoftwareApplication",Add JSON-LD of that type with its required properties.,,,200,yes,Structured Data Report
http://localhost:3000/software-services/web-app-testing,Optimization,P3 - improve,Completeness,Organization missing recommended properties,A schema object lacks recommended properties that improve rich results.,no 'sameAs','sameAs' property on Organization,Add the properties listed in Current value.,Organization 'Semicolon',,200,yes,Structured Data Report
http://localhost:3000/software-services/web-app-testing,Optimization,P3 - improve,Completeness,Organization missing recommended properties,A schema object lacks recommended properties that improve rich results.,no 'contactPoint','contactPoint' property on Organization,Add the properties listed in Current value.,Organization 'Semicolon',,200,yes,Structured Data Report
http://localhost:3000/software-services/web-app-testing,Optimization,P3 - improve,Completeness,WebSite missing recommended properties,A schema object lacks recommended properties that improve rich results.,no 'potentialAction','potentialAction' property on WebSite,Add the properties listed in Current value.,WebSite 'Semicolon',,200,yes,Structured Data Report
http://localhost:3000/software-services/web-app-testing,Optimization,P3 - improve,Page type,FAQ section without FAQPage schema,The page has an FAQ section but no FAQPage schema.,,FAQPage JSON-LD with each question and answer,Generate FAQPage JSON-LD from the same FAQ data the page renders.,,,200,yes,Structured Data Report
http://localhost:3000/technologies,Important,P2 - fix soon,Page type,Missing Service/CollectionPage schema,The page lacks the structured-data type expected for this kind of page.,"types found: BreadcrumbList, ListItem, Organization, PostalAddress, WebSite","one of: CollectionPage, ItemList, OfferCatalog, Service",Add JSON-LD of that type with its required properties.,,,200,yes,Structured Data Report
http://localhost:3000/technologies,Optimization,P3 - improve,Completeness,Organization missing recommended properties,A schema object lacks recommended properties that improve rich results.,no 'sameAs','sameAs' property on Organization,Add the properties listed in Current value.,Organization 'Semicolon',,200,yes,Structured Data Report
http://localhost:3000/technologies,Optimization,P3 - improve,Completeness,Organization missing recommended properties,A schema object lacks recommended properties that improve rich results.,no 'contactPoint','contactPoint' property on Organization,Add the properties listed in Current value.,Organization 'Semicolon',,200,yes,Structured Data Report
http://localhost:3000/technologies,Optimization,P3 - improve,Completeness,WebSite missing recommended properties,A schema object lacks recommended properties that improve rich results.,no 'potentialAction','potentialAction' property on WebSite,Add the properties listed in Current value.,WebSite 'Semicolon',,200,yes,Structured Data Report
http://localhost:3000/technologies/accessibility-audit,Optimization,P3 - improve,Completeness,Organization missing recommended properties,A schema object lacks recommended properties that improve rich results.,no 'sameAs','sameAs' property on Organization,Add the properties listed in Current value.,Organization 'Semicolon',,200,yes,Structured Data Report
http://localhost:3000/technologies/accessibility-audit,Optimization,P3 - improve,Completeness,Organization missing recommended properties,A schema object lacks recommended properties that improve rich results.,no 'contactPoint','contactPoint' property on Organization,Add the properties listed in Current value.,Organization 'Semicolon',,200,yes,Structured Data Report
http://localhost:3000/technologies/accessibility-audit,Optimization,P3 - improve,Completeness,WebSite missing recommended properties,A schema object lacks recommended properties that improve rich results.,no 'potentialAction','potentialAction' property on WebSite,Add the properties listed in Current value.,WebSite 'Semicolon',,200,yes,Structured Data Report
http://localhost:3000/technologies/accessibility-audit,Optimization,P3 - improve,Page type,FAQ section without FAQPage schema,The page has an FAQ section but no FAQPage schema.,,FAQPage JSON-LD with each question and answer,Generate FAQPage JSON-LD from the same FAQ data the page renders.,,,200,yes,Structured Data Report
http://localhost:3000/technologies/adobe-xd-design,Optimization,P3 - improve,Completeness,Organization missing recommended properties,A schema object lacks recommended properties that improve rich results.,no 'sameAs','sameAs' property on Organization,Add the properties listed in Current value.,Organization 'Semicolon',,200,yes,Structured Data Report
http://localhost:3000/technologies/adobe-xd-design,Optimization,P3 - improve,Completeness,Organization missing recommended properties,A schema object lacks recommended properties that improve rich results.,no 'contactPoint','contactPoint' property on Organization,Add the properties listed in Current value.,Organization 'Semicolon',,200,yes,Structured Data Report
http://localhost:3000/technologies/adobe-xd-design,Optimization,P3 - improve,Completeness,WebSite missing recommended properties,A schema object lacks recommended properties that improve rich results.,no 'potentialAction','potentialAction' property on WebSite,Add the properties listed in Current value.,WebSite 'Semicolon',,200,yes,Structured Data Report
http://localhost:3000/technologies/adobe-xd-design,Optimization,P3 - improve,Page type,FAQ section without FAQPage schema,The page has an FAQ section but no FAQPage schema.,,FAQPage JSON-LD with each question and answer,Generate FAQPage JSON-LD from the same FAQ data the page renders.,,,200,yes,Structured Data Report
http://localhost:3000/technologies/affiliate-marketing,Optimization,P3 - improve,Completeness,Organization missing recommended properties,A schema object lacks recommended properties that improve rich results.,no 'sameAs','sameAs' property on Organization,Add the properties listed in Current value.,Organization 'Semicolon',,200,yes,Structured Data Report
http://localhost:3000/technologies/affiliate-marketing,Optimization,P3 - improve,Completeness,Organization missing recommended properties,A schema object lacks recommended properties that improve rich results.,no 'contactPoint','contactPoint' property on Organization,Add the properties listed in Current value.,Organization 'Semicolon',,200,yes,Structured Data Report
http://localhost:3000/technologies/affiliate-marketing,Optimization,P3 - improve,Completeness,WebSite missing recommended properties,A schema object lacks recommended properties that improve rich results.,no 'potentialAction','potentialAction' property on WebSite,Add the properties listed in Current value.,WebSite 'Semicolon',,200,yes,Structured Data Report
http://localhost:3000/technologies/affiliate-marketing,Optimization,P3 - improve,Page type,FAQ section without FAQPage schema,The page has an FAQ section but no FAQPage schema.,,FAQPage JSON-LD with each question and answer,Generate FAQPage JSON-LD from the same FAQ data the page renders.,,,200,yes,Structured Data Report
http://localhost:3000/technologies/ai-agents-development,Optimization,P3 - improve,Completeness,Organization missing recommended properties,A schema object lacks recommended properties that improve rich results.,no 'sameAs','sameAs' property on Organization,Add the properties listed in Current value.,Organization 'Semicolon',,200,yes,Structured Data Report
http://localhost:3000/technologies/ai-agents-development,Optimization,P3 - improve,Completeness,Organization missing recommended properties,A schema object lacks recommended properties that improve rich results.,no 'contactPoint','contactPoint' property on Organization,Add the properties listed in Current value.,Organization 'Semicolon',,200,yes,Structured Data Report
http://localhost:3000/technologies/ai-agents-development,Optimization,P3 - improve,Completeness,WebSite missing recommended properties,A schema object lacks recommended properties that improve rich results.,no 'potentialAction','potentialAction' property on WebSite,Add the properties listed in Current value.,WebSite 'Semicolon',,200,yes,Structured Data Report
http://localhost:3000/technologies/ai-agents-development,Optimization,P3 - improve,Page type,FAQ section without FAQPage schema,The page has an FAQ section but no FAQPage schema.,,FAQPage JSON-LD with each question and answer,Generate FAQPage JSON-LD from the same FAQ data the page renders.,,,200,yes,Structured Data Report
http://localhost:3000/technologies/ai-development,Optimization,P3 - improve,Completeness,Organization missing recommended properties,A schema object lacks recommended properties that improve rich results.,no 'sameAs','sameAs' property on Organization,Add the properties listed in Current value.,Organization 'Semicolon',,200,yes,Structured Data Report
http://localhost:3000/technologies/ai-development,Optimization,P3 - improve,Completeness,Organization missing recommended properties,A schema object lacks recommended properties that improve rich results.,no 'contactPoint','contactPoint' property on Organization,Add the properties listed in Current value.,Organization 'Semicolon',,200,yes,Structured Data Report
http://localhost:3000/technologies/ai-development,Optimization,P3 - improve,Completeness,WebSite missing recommended properties,A schema object lacks recommended properties that improve rich results.,no 'potentialAction','potentialAction' property on WebSite,Add the properties listed in Current value.,WebSite 'Semicolon',,200,yes,Structured Data Report
http://localhost:3000/technologies/ai-development,Optimization,P3 - improve,Page type,FAQ section without FAQPage schema,The page has an FAQ section but no FAQPage schema.,,FAQPage JSON-LD with each question and answer,Generate FAQPage JSON-LD from the same FAQ data the page renders.,,,200,yes,Structured Data Report
http://localhost:3000/technologies/analytics-reporting,Optimization,P3 - improve,Completeness,Organization missing recommended properties,A schema object lacks recommended properties that improve rich results.,no 'sameAs','sameAs' property on Organization,Add the properties listed in Current value.,Organization 'Semicolon',,200,yes,Structured Data Report
http://localhost:3000/technologies/analytics-reporting,Optimization,P3 - improve,Completeness,Organization missing recommended properties,A schema object lacks recommended properties that improve rich results.,no 'contactPoint','contactPoint' property on Organization,Add the properties listed in Current value.,Organization 'Semicolon',,200,yes,Structured Data Report
http://localhost:3000/technologies/analytics-reporting,Optimization,P3 - improve,Completeness,WebSite missing recommended properties,A schema object lacks recommended properties that improve rich results.,no 'potentialAction','potentialAction' property on WebSite,Add the properties listed in Current value.,WebSite 'Semicolon',,200,yes,Structured Data Report
http://localhost:3000/technologies/analytics-reporting,Optimization,P3 - improve,Page type,FAQ section without FAQPage schema,The page has an FAQ section but no FAQPage schema.,,FAQPage JSON-LD with each question and answer,Generate FAQPage JSON-LD from the same FAQ data the page renders.,,,200,yes,Structured Data Report
http://localhost:3000/technologies/android-app-development,Optimization,P3 - improve,Completeness,Organization missing recommended properties,A schema object lacks recommended properties that improve rich results.,no 'sameAs','sameAs' property on Organization,Add the properties listed in Current value.,Organization 'Semicolon',,200,yes,Structured Data Report
http://localhost:3000/technologies/android-app-development,Optimization,P3 - improve,Completeness,Organization missing recommended properties,A schema object lacks recommended properties that improve rich results.,no 'contactPoint','contactPoint' property on Organization,Add the properties listed in Current value.,Organization 'Semicolon',,200,yes,Structured Data Report
http://localhost:3000/technologies/android-app-development,Optimization,P3 - improve,Completeness,WebSite missing recommended properties,A schema object lacks recommended properties that improve rich results.,no 'potentialAction','potentialAction' property on WebSite,Add the properties listed in Current value.,WebSite 'Semicolon',,200,yes,Structured Data Report
http://localhost:3000/technologies/android-app-development,Optimization,P3 - improve,Page type,FAQ section without FAQPage schema,The page has an FAQ section but no FAQPage schema.,,FAQPage JSON-LD with each question and answer,Generate FAQPage JSON-LD from the same FAQ data the page renders.,,,200,yes,Structured Data Report
http://localhost:3000/technologies/angularjs-development,Optimization,P3 - improve,Completeness,Organization missing recommended properties,A schema object lacks recommended properties that improve rich results.,no 'sameAs','sameAs' property on Organization,Add the properties listed in Current value.,Organization 'Semicolon',,200,yes,Structured Data Report
http://localhost:3000/technologies/angularjs-development,Optimization,P3 - improve,Completeness,Organization missing recommended properties,A schema object lacks recommended properties that improve rich results.,no 'contactPoint','contactPoint' property on Organization,Add the properties listed in Current value.,Organization 'Semicolon',,200,yes,Structured Data Report
http://localhost:3000/technologies/angularjs-development,Optimization,P3 - improve,Completeness,WebSite missing recommended properties,A schema object lacks recommended properties that improve rich results.,no 'potentialAction','potentialAction' property on WebSite,Add the properties listed in Current value.,WebSite 'Semicolon',,200,yes,Structured Data Report
http://localhost:3000/technologies/angularjs-development,Optimization,P3 - improve,Page type,FAQ section without FAQPage schema,The page has an FAQ section but no FAQPage schema.,,FAQPage JSON-LD with each question and answer,Generate FAQPage JSON-LD from the same FAQ data the page renders.,,,200,yes,Structured Data Report
http://localhost:3000/technologies/ansible-development,Optimization,P3 - improve,Completeness,Organization missing recommended properties,A schema object lacks recommended properties that improve rich results.,no 'sameAs','sameAs' property on Organization,Add the properties listed in Current value.,Organization 'Semicolon',,200,yes,Structured Data Report
http://localhost:3000/technologies/ansible-development,Optimization,P3 - improve,Completeness,Organization missing recommended properties,A schema object lacks recommended properties that improve rich results.,no 'contactPoint','contactPoint' property on Organization,Add the properties listed in Current value.,Organization 'Semicolon',,200,yes,Structured Data Report
http://localhost:3000/technologies/ansible-development,Optimization,P3 - improve,Completeness,WebSite missing recommended properties,A schema object lacks recommended properties that improve rich results.,no 'potentialAction','potentialAction' property on WebSite,Add the properties listed in Current value.,WebSite 'Semicolon',,200,yes,Structured Data Report
http://localhost:3000/technologies/ansible-development,Optimization,P3 - improve,Page type,FAQ section without FAQPage schema,The page has an FAQ section but no FAQPage schema.,,FAQPage JSON-LD with each question and answer,Generate FAQPage JSON-LD from the same FAQ data the page renders.,,,200,yes,Structured Data Report
http://localhost:3000/technologies/ant-design-development,Optimization,P3 - improve,Completeness,Organization missing recommended properties,A schema object lacks recommended properties that improve rich results.,no 'sameAs','sameAs' property on Organization,Add the properties listed in Current value.,Organization 'Semicolon',,200,yes,Structured Data Report
http://localhost:3000/technologies/ant-design-development,Optimization,P3 - improve,Completeness,Organization missing recommended properties,A schema object lacks recommended properties that improve rich results.,no 'contactPoint','contactPoint' property on Organization,Add the properties listed in Current value.,Organization 'Semicolon',,200,yes,Structured Data Report
http://localhost:3000/technologies/ant-design-development,Optimization,P3 - improve,Completeness,WebSite missing recommended properties,A schema object lacks recommended properties that improve rich results.,no 'potentialAction','potentialAction' property on WebSite,Add the properties listed in Current value.,WebSite 'Semicolon',,200,yes,Structured Data Report
http://localhost:3000/technologies/ant-design-development,Optimization,P3 - improve,Page type,FAQ section without FAQPage schema,The page has an FAQ section but no FAQPage schema.,,FAQPage JSON-LD with each question and answer,Generate FAQPage JSON-LD from the same FAQ data the page renders.,,,200,yes,Structured Data Report
http://localhost:3000/technologies/apache-development,Optimization,P3 - improve,Completeness,Organization missing recommended properties,A schema object lacks recommended properties that improve rich results.,no 'sameAs','sameAs' property on Organization,Add the properties listed in Current value.,Organization 'Semicolon',,200,yes,Structured Data Report
http://localhost:3000/technologies/apache-development,Optimization,P3 - improve,Completeness,Organization missing recommended properties,A schema object lacks recommended properties that improve rich results.,no 'contactPoint','contactPoint' property on Organization,Add the properties listed in Current value.,Organization 'Semicolon',,200,yes,Structured Data Report
http://localhost:3000/technologies/apache-development,Optimization,P3 - improve,Completeness,WebSite missing recommended properties,A schema object lacks recommended properties that improve rich results.,no 'potentialAction','potentialAction' property on WebSite,Add the properties listed in Current value.,WebSite 'Semicolon',,200,yes,Structured Data Report
http://localhost:3000/technologies/apache-development,Optimization,P3 - improve,Page type,FAQ section without FAQPage schema,The page has an FAQ section but no FAQPage schema.,,FAQPage JSON-LD with each question and answer,Generate FAQPage JSON-LD from the same FAQ data the page renders.,,,200,yes,Structured Data Report
http://localhost:3000/technologies/api-testing,Optimization,P3 - improve,Completeness,Organization missing recommended properties,A schema object lacks recommended properties that improve rich results.,no 'sameAs','sameAs' property on Organization,Add the properties listed in Current value.,Organization 'Semicolon',,200,yes,Structured Data Report
http://localhost:3000/technologies/api-testing,Optimization,P3 - improve,Completeness,Organization missing recommended properties,A schema object lacks recommended properties that improve rich results.,no 'contactPoint','contactPoint' property on Organization,Add the properties listed in Current value.,Organization 'Semicolon',,200,yes,Structured Data Report
http://localhost:3000/technologies/api-testing,Optimization,P3 - improve,Completeness,WebSite missing recommended properties,A schema object lacks recommended properties that improve rich results.,no 'potentialAction','potentialAction' property on WebSite,Add the properties listed in Current value.,WebSite 'Semicolon',,200,yes,Structured Data Report
http://localhost:3000/technologies/api-testing,Optimization,P3 - improve,Page type,FAQ section without FAQPage schema,The page has an FAQ section but no FAQPage schema.,,FAQPage JSON-LD with each question and answer,Generate FAQPage JSON-LD from the same FAQ data the page renders.,,,200,yes,Structured Data Report
http://localhost:3000/technologies/app-store-optimization,Optimization,P3 - improve,Completeness,Organization missing recommended properties,A schema object lacks recommended properties that improve rich results.,no 'sameAs','sameAs' property on Organization,Add the properties listed in Current value.,Organization 'Semicolon',,200,yes,Structured Data Report
http://localhost:3000/technologies/app-store-optimization,Optimization,P3 - improve,Completeness,Organization missing recommended properties,A schema object lacks recommended properties that improve rich results.,no 'contactPoint','contactPoint' property on Organization,Add the properties listed in Current value.,Organization 'Semicolon',,200,yes,Structured Data Report
http://localhost:3000/technologies/app-store-optimization,Optimization,P3 - improve,Completeness,WebSite missing recommended properties,A schema object lacks recommended properties that improve rich results.,no 'potentialAction','potentialAction' property on WebSite,Add the properties listed in Current value.,WebSite 'Semicolon',,200,yes,Structured Data Report
http://localhost:3000/technologies/app-store-optimization,Optimization,P3 - improve,Page type,FAQ section without FAQPage schema,The page has an FAQ section but no FAQPage schema.,,FAQPage JSON-LD with each question and answer,Generate FAQPage JSON-LD from the same FAQ data the page renders.,,,200,yes,Structured Data Report
http://localhost:3000/technologies/aspnet-core-development,Optimization,P3 - improve,Completeness,Organization missing recommended properties,A schema object lacks recommended properties that improve rich results.,no 'sameAs','sameAs' property on Organization,Add the properties listed in Current value.,Organization 'Semicolon',,200,yes,Structured Data Report
http://localhost:3000/technologies/aspnet-core-development,Optimization,P3 - improve,Completeness,Organization missing recommended properties,A schema object lacks recommended properties that improve rich results.,no 'contactPoint','contactPoint' property on Organization,Add the properties listed in Current value.,Organization 'Semicolon',,200,yes,Structured Data Report
http://localhost:3000/technologies/aspnet-core-development,Optimization,P3 - improve,Completeness,WebSite missing recommended properties,A schema object lacks recommended properties that improve rich results.,no 'potentialAction','potentialAction' property on WebSite,Add the properties listed in Current value.,WebSite 'Semicolon',,200,yes,Structured Data Report
http://localhost:3000/technologies/aspnet-core-development,Optimization,P3 - improve,Page type,FAQ section without FAQPage schema,The page has an FAQ section but no FAQPage schema.,,FAQPage JSON-LD with each question and answer,Generate FAQPage JSON-LD from the same FAQ data the page renders.,,,200,yes,Structured Data Report
http://localhost:3000/technologies/automation-testing,Optimization,P3 - improve,Completeness,Organization missing recommended properties,A schema object lacks recommended properties that improve rich results.,no 'sameAs','sameAs' property on Organization,Add the properties listed in Current value.,Organization 'Semicolon',,200,yes,Structured Data Report
http://localhost:3000/technologies/automation-testing,Optimization,P3 - improve,Completeness,Organization missing recommended properties,A schema object lacks recommended properties that improve rich results.,no 'contactPoint','contactPoint' property on Organization,Add the properties listed in Current value.,Organization 'Semicolon',,200,yes,Structured Data Report
http://localhost:3000/technologies/automation-testing,Optimization,P3 - improve,Completeness,WebSite missing recommended properties,A schema object lacks recommended properties that improve rich results.,no 'potentialAction','potentialAction' property on WebSite,Add the properties listed in Current value.,WebSite 'Semicolon',,200,yes,Structured Data Report
http://localhost:3000/technologies/automation-testing,Optimization,P3 - improve,Page type,FAQ section without FAQPage schema,The page has an FAQ section but no FAQPage schema.,,FAQPage JSON-LD with each question and answer,Generate FAQPage JSON-LD from the same FAQ data the page renders.,,,200,yes,Structured Data Report
http://localhost:3000/technologies/aws-development,Optimization,P3 - improve,Completeness,Organization missing recommended properties,A schema object lacks recommended properties that improve rich results.,no 'sameAs','sameAs' property on Organization,Add the properties listed in Current value.,Organization 'Semicolon',,200,yes,Structured Data Report
http://localhost:3000/technologies/aws-development,Optimization,P3 - improve,Completeness,Organization missing recommended properties,A schema object lacks recommended properties that improve rich results.,no 'contactPoint','contactPoint' property on Organization,Add the properties listed in Current value.,Organization 'Semicolon',,200,yes,Structured Data Report
http://localhost:3000/technologies/aws-development,Optimization,P3 - improve,Completeness,WebSite missing recommended properties,A schema object lacks recommended properties that improve rich results.,no 'potentialAction','potentialAction' property on WebSite,Add the properties listed in Current value.,WebSite 'Semicolon',,200,yes,Structured Data Report
http://localhost:3000/technologies/aws-development,Optimization,P3 - improve,Page type,FAQ section without FAQPage schema,The page has an FAQ section but no FAQPage schema.,,FAQPage JSON-LD with each question and answer,Generate FAQPage JSON-LD from the same FAQ data the page renders.,,,200,yes,Structured Data Report
http://localhost:3000/technologies/aws-devops-development,Optimization,P3 - improve,Completeness,Organization missing recommended properties,A schema object lacks recommended properties that improve rich results.,no 'sameAs','sameAs' property on Organization,Add the properties listed in Current value.,Organization 'Semicolon',,200,yes,Structured Data Report
http://localhost:3000/technologies/aws-devops-development,Optimization,P3 - improve,Completeness,Organization missing recommended properties,A schema object lacks recommended properties that improve rich results.,no 'contactPoint','contactPoint' property on Organization,Add the properties listed in Current value.,Organization 'Semicolon',,200,yes,Structured Data Report
http://localhost:3000/technologies/aws-devops-development,Optimization,P3 - improve,Completeness,WebSite missing recommended properties,A schema object lacks recommended properties that improve rich results.,no 'potentialAction','potentialAction' property on WebSite,Add the properties listed in Current value.,WebSite 'Semicolon',,200,yes,Structured Data Report
http://localhost:3000/technologies/aws-devops-development,Optimization,P3 - improve,Page type,FAQ section without FAQPage schema,The page has an FAQ section but no FAQPage schema.,,FAQPage JSON-LD with each question and answer,Generate FAQPage JSON-LD from the same FAQ data the page renders.,,,200,yes,Structured Data Report
http://localhost:3000/technologies/azure-development,Optimization,P3 - improve,Completeness,Organization missing recommended properties,A schema object lacks recommended properties that improve rich results.,no 'sameAs','sameAs' property on Organization,Add the properties listed in Current value.,Organization 'Semicolon',,200,yes,Structured Data Report
http://localhost:3000/technologies/azure-development,Optimization,P3 - improve,Completeness,Organization missing recommended properties,A schema object lacks recommended properties that improve rich results.,no 'contactPoint','contactPoint' property on Organization,Add the properties listed in Current value.,Organization 'Semicolon',,200,yes,Structured Data Report
http://localhost:3000/technologies/azure-development,Optimization,P3 - improve,Completeness,WebSite missing recommended properties,A schema object lacks recommended properties that improve rich results.,no 'potentialAction','potentialAction' property on WebSite,Add the properties listed in Current value.,WebSite 'Semicolon',,200,yes,Structured Data Report
http://localhost:3000/technologies/azure-development,Optimization,P3 - improve,Page type,FAQ section without FAQPage schema,The page has an FAQ section but no FAQPage schema.,,FAQPage JSON-LD with each question and answer,Generate FAQPage JSON-LD from the same FAQ data the page renders.,,,200,yes,Structured Data Report
http://localhost:3000/technologies/azure-devops-development,Optimization,P3 - improve,Completeness,Organization missing recommended properties,A schema object lacks recommended properties that improve rich results.,no 'sameAs','sameAs' property on Organization,Add the properties listed in Current value.,Organization 'Semicolon',,200,yes,Structured Data Report
http://localhost:3000/technologies/azure-devops-development,Optimization,P3 - improve,Completeness,Organization missing recommended properties,A schema object lacks recommended properties that improve rich results.,no 'contactPoint','contactPoint' property on Organization,Add the properties listed in Current value.,Organization 'Semicolon',,200,yes,Structured Data Report
http://localhost:3000/technologies/azure-devops-development,Optimization,P3 - improve,Completeness,WebSite missing recommended properties,A schema object lacks recommended properties that improve rich results.,no 'potentialAction','potentialAction' property on WebSite,Add the properties listed in Current value.,WebSite 'Semicolon',,200,yes,Structured Data Report
http://localhost:3000/technologies/azure-devops-development,Optimization,P3 - improve,Page type,FAQ section without FAQPage schema,The page has an FAQ section but no FAQPage schema.,,FAQPage JSON-LD with each question and answer,Generate FAQPage JSON-LD from the same FAQ data the page renders.,,,200,yes,Structured Data Report
http://localhost:3000/technologies/bigcommerce-development,Optimization,P3 - improve,Completeness,Organization missing recommended properties,A schema object lacks recommended properties that improve rich results.,no 'sameAs','sameAs' property on Organization,Add the properties listed in Current value.,Organization 'Semicolon',,200,yes,Structured Data Report
http://localhost:3000/technologies/bigcommerce-development,Optimization,P3 - improve,Completeness,Organization missing recommended properties,A schema object lacks recommended properties that improve rich results.,no 'contactPoint','contactPoint' property on Organization,Add the properties listed in Current value.,Organization 'Semicolon',,200,yes,Structured Data Report
http://localhost:3000/technologies/bigcommerce-development,Optimization,P3 - improve,Completeness,WebSite missing recommended properties,A schema object lacks recommended properties that improve rich results.,no 'potentialAction','potentialAction' property on WebSite,Add the properties listed in Current value.,WebSite 'Semicolon',,200,yes,Structured Data Report
http://localhost:3000/technologies/bigcommerce-development,Optimization,P3 - improve,Page type,FAQ section without FAQPage schema,The page has an FAQ section but no FAQPage schema.,,FAQPage JSON-LD with each question and answer,Generate FAQPage JSON-LD from the same FAQ data the page renders.,,,200,yes,Structured Data Report
http://localhost:3000/technologies/bitbucket-development,Optimization,P3 - improve,Completeness,Organization missing recommended properties,A schema object lacks recommended properties that improve rich results.,no 'sameAs','sameAs' property on Organization,Add the properties listed in Current value.,Organization 'Semicolon',,200,yes,Structured Data Report
http://localhost:3000/technologies/bitbucket-development,Optimization,P3 - improve,Completeness,Organization missing recommended properties,A schema object lacks recommended properties that improve rich results.,no 'contactPoint','contactPoint' property on Organization,Add the properties listed in Current value.,Organization 'Semicolon',,200,yes,Structured Data Report
http://localhost:3000/technologies/bitbucket-development,Optimization,P3 - improve,Completeness,WebSite missing recommended properties,A schema object lacks recommended properties that improve rich results.,no 'potentialAction','potentialAction' property on WebSite,Add the properties listed in Current value.,WebSite 'Semicolon',,200,yes,Structured Data Report
http://localhost:3000/technologies/bitbucket-development,Optimization,P3 - improve,Page type,FAQ section without FAQPage schema,The page has an FAQ section but no FAQPage schema.,,FAQPage JSON-LD with each question and answer,Generate FAQPage JSON-LD from the same FAQ data the page renders.,,,200,yes,Structured Data Report
http://localhost:3000/technologies/bootstrap-development,Optimization,P3 - improve,Completeness,Organization missing recommended properties,A schema object lacks recommended properties that improve rich results.,no 'sameAs','sameAs' property on Organization,Add the properties listed in Current value.,Organization 'Semicolon',,200,yes,Structured Data Report
http://localhost:3000/technologies/bootstrap-development,Optimization,P3 - improve,Completeness,Organization missing recommended properties,A schema object lacks recommended properties that improve rich results.,no 'contactPoint','contactPoint' property on Organization,Add the properties listed in Current value.,Organization 'Semicolon',,200,yes,Structured Data Report
http://localhost:3000/technologies/bootstrap-development,Optimization,P3 - improve,Completeness,WebSite missing recommended properties,A schema object lacks recommended properties that improve rich results.,no 'potentialAction','potentialAction' property on WebSite,Add the properties listed in Current value.,WebSite 'Semicolon',,200,yes,Structured Data Report
http://localhost:3000/technologies/bootstrap-development,Optimization,P3 - improve,Page type,FAQ section without FAQPage schema,The page has an FAQ section but no FAQPage schema.,,FAQPage JSON-LD with each question and answer,Generate FAQPage JSON-LD from the same FAQ data the page renders.,,,200,yes,Structured Data Report
http://localhost:3000/technologies/cassandra-development,Optimization,P3 - improve,Completeness,Organization missing recommended properties,A schema object lacks recommended properties that improve rich results.,no 'sameAs','sameAs' property on Organization,Add the properties listed in Current value.,Organization 'Semicolon',,200,yes,Structured Data Report
http://localhost:3000/technologies/cassandra-development,Optimization,P3 - improve,Completeness,Organization missing recommended properties,A schema object lacks recommended properties that improve rich results.,no 'contactPoint','contactPoint' property on Organization,Add the properties listed in Current value.,Organization 'Semicolon',,200,yes,Structured Data Report
http://localhost:3000/technologies/cassandra-development,Optimization,P3 - improve,Completeness,WebSite missing recommended properties,A schema object lacks recommended properties that improve rich results.,no 'potentialAction','potentialAction' property on WebSite,Add the properties listed in Current value.,WebSite 'Semicolon',,200,yes,Structured Data Report
http://localhost:3000/technologies/cassandra-development,Optimization,P3 - improve,Page type,FAQ section without FAQPage schema,The page has an FAQ section but no FAQPage schema.,,FAQPage JSON-LD with each question and answer,Generate FAQPage JSON-LD from the same FAQ data the page renders.,,,200,yes,Structured Data Report
http://localhost:3000/technologies/ci-cd-development,Optimization,P3 - improve,Completeness,Organization missing recommended properties,A schema object lacks recommended properties that improve rich results.,no 'sameAs','sameAs' property on Organization,Add the properties listed in Current value.,Organization 'Semicolon',,200,yes,Structured Data Report
http://localhost:3000/technologies/ci-cd-development,Optimization,P3 - improve,Completeness,Organization missing recommended properties,A schema object lacks recommended properties that improve rich results.,no 'contactPoint','contactPoint' property on Organization,Add the properties listed in Current value.,Organization 'Semicolon',,200,yes,Structured Data Report
http://localhost:3000/technologies/ci-cd-development,Optimization,P3 - improve,Completeness,WebSite missing recommended properties,A schema object lacks recommended properties that improve rich results.,no 'potentialAction','potentialAction' property on WebSite,Add the properties listed in Current value.,WebSite 'Semicolon',,200,yes,Structured Data Report
http://localhost:3000/technologies/ci-cd-development,Optimization,P3 - improve,Page type,FAQ section without FAQPage schema,The page has an FAQ section but no FAQPage schema.,,FAQPage JSON-LD with each question and answer,Generate FAQPage JSON-LD from the same FAQ data the page renders.,,,200,yes,Structured Data Report
http://localhost:3000/technologies/claude-development,Optimization,P3 - improve,Completeness,Organization missing recommended properties,A schema object lacks recommended properties that improve rich results.,no 'sameAs','sameAs' property on Organization,Add the properties listed in Current value.,Organization 'Semicolon',,200,yes,Structured Data Report
http://localhost:3000/technologies/claude-development,Optimization,P3 - improve,Completeness,Organization missing recommended properties,A schema object lacks recommended properties that improve rich results.,no 'contactPoint','contactPoint' property on Organization,Add the properties listed in Current value.,Organization 'Semicolon',,200,yes,Structured Data Report
http://localhost:3000/technologies/claude-development,Optimization,P3 - improve,Completeness,WebSite missing recommended properties,A schema object lacks recommended properties that improve rich results.,no 'potentialAction','potentialAction' property on WebSite,Add the properties listed in Current value.,WebSite 'Semicolon',,200,yes,Structured Data Report
http://localhost:3000/technologies/claude-development,Optimization,P3 - improve,Page type,FAQ section without FAQPage schema,The page has an FAQ section but no FAQPage schema.,,FAQPage JSON-LD with each question and answer,Generate FAQPage JSON-LD from the same FAQ data the page renders.,,,200,yes,Structured Data Report
http://localhost:3000/technologies/cloudflare-development,Optimization,P3 - improve,Completeness,Organization missing recommended properties,A schema object lacks recommended properties that improve rich results.,no 'sameAs','sameAs' property on Organization,Add the properties listed in Current value.,Organization 'Semicolon',,200,yes,Structured Data Report
http://localhost:3000/technologies/cloudflare-development,Optimization,P3 - improve,Completeness,Organization missing recommended properties,A schema object lacks recommended properties that improve rich results.,no 'contactPoint','contactPoint' property on Organization,Add the properties listed in Current value.,Organization 'Semicolon',,200,yes,Structured Data Report
http://localhost:3000/technologies/cloudflare-development,Optimization,P3 - improve,Completeness,WebSite missing recommended properties,A schema object lacks recommended properties that improve rich results.,no 'potentialAction','potentialAction' property on WebSite,Add the properties listed in Current value.,WebSite 'Semicolon',,200,yes,Structured Data Report
http://localhost:3000/technologies/cloudflare-development,Optimization,P3 - improve,Page type,FAQ section without FAQPage schema,The page has an FAQ section but no FAQPage schema.,,FAQPage JSON-LD with each question and answer,Generate FAQPage JSON-LD from the same FAQ data the page renders.,,,200,yes,Structured Data Report
http://localhost:3000/technologies/computer-vision-development,Optimization,P3 - improve,Completeness,Organization missing recommended properties,A schema object lacks recommended properties that improve rich results.,no 'sameAs','sameAs' property on Organization,Add the properties listed in Current value.,Organization 'Semicolon',,200,yes,Structured Data Report
http://localhost:3000/technologies/computer-vision-development,Optimization,P3 - improve,Completeness,Organization missing recommended properties,A schema object lacks recommended properties that improve rich results.,no 'contactPoint','contactPoint' property on Organization,Add the properties listed in Current value.,Organization 'Semicolon',,200,yes,Structured Data Report
http://localhost:3000/technologies/computer-vision-development,Optimization,P3 - improve,Completeness,WebSite missing recommended properties,A schema object lacks recommended properties that improve rich results.,no 'potentialAction','potentialAction' property on WebSite,Add the properties listed in Current value.,WebSite 'Semicolon',,200,yes,Structured Data Report
http://localhost:3000/technologies/computer-vision-development,Optimization,P3 - improve,Page type,FAQ section without FAQPage schema,The page has an FAQ section but no FAQPage schema.,,FAQPage JSON-LD with each question and answer,Generate FAQPage JSON-LD from the same FAQ data the page renders.,,,200,yes,Structured Data Report
http://localhost:3000/technologies/content-marketing,Optimization,P3 - improve,Completeness,Organization missing recommended properties,A schema object lacks recommended properties that improve rich results.,no 'sameAs','sameAs' property on Organization,Add the properties listed in Current value.,Organization 'Semicolon',,200,yes,Structured Data Report
http://localhost:3000/technologies/content-marketing,Optimization,P3 - improve,Completeness,Organization missing recommended properties,A schema object lacks recommended properties that improve rich results.,no 'contactPoint','contactPoint' property on Organization,Add the properties listed in Current value.,Organization 'Semicolon',,200,yes,Structured Data Report
http://localhost:3000/technologies/content-marketing,Optimization,P3 - improve,Completeness,WebSite missing recommended properties,A schema object lacks recommended properties that improve rich results.,no 'potentialAction','potentialAction' property on WebSite,Add the properties listed in Current value.,WebSite 'Semicolon',,200,yes,Structured Data Report
http://localhost:3000/technologies/content-marketing,Optimization,P3 - improve,Page type,FAQ section without FAQPage schema,The page has an FAQ section but no FAQPage schema.,,FAQPage JSON-LD with each question and answer,Generate FAQPage JSON-LD from the same FAQ data the page renders.,,,200,yes,Structured Data Report
http://localhost:3000/technologies/content-marketing-services,Optimization,P3 - improve,Completeness,Organization missing recommended properties,A schema object lacks recommended properties that improve rich results.,no 'sameAs','sameAs' property on Organization,Add the properties listed in Current value.,Organization 'Semicolon',,200,yes,Structured Data Report
http://localhost:3000/technologies/content-marketing-services,Optimization,P3 - improve,Completeness,Organization missing recommended properties,A schema object lacks recommended properties that improve rich results.,no 'contactPoint','contactPoint' property on Organization,Add the properties listed in Current value.,Organization 'Semicolon',,200,yes,Structured Data Report
http://localhost:3000/technologies/content-marketing-services,Optimization,P3 - improve,Completeness,WebSite missing recommended properties,A schema object lacks recommended properties that improve rich results.,no 'potentialAction','potentialAction' property on WebSite,Add the properties listed in Current value.,WebSite 'Semicolon',,200,yes,Structured Data Report
http://localhost:3000/technologies/content-marketing-services,Optimization,P3 - improve,Page type,FAQ section without FAQPage schema,The page has an FAQ section but no FAQPage schema.,,FAQPage JSON-LD with each question and answer,Generate FAQPage JSON-LD from the same FAQ data the page renders.,,,200,yes,Structured Data Report
http://localhost:3000/technologies/contentful-development,Optimization,P3 - improve,Completeness,Organization missing recommended properties,A schema object lacks recommended properties that improve rich results.,no 'sameAs','sameAs' property on Organization,Add the properties listed in Current value.,Organization 'Semicolon',,200,yes,Structured Data Report
http://localhost:3000/technologies/contentful-development,Optimization,P3 - improve,Completeness,Organization missing recommended properties,A schema object lacks recommended properties that improve rich results.,no 'contactPoint','contactPoint' property on Organization,Add the properties listed in Current value.,Organization 'Semicolon',,200,yes,Structured Data Report
http://localhost:3000/technologies/contentful-development,Optimization,P3 - improve,Completeness,WebSite missing recommended properties,A schema object lacks recommended properties that improve rich results.,no 'potentialAction','potentialAction' property on WebSite,Add the properties listed in Current value.,WebSite 'Semicolon',,200,yes,Structured Data Report
http://localhost:3000/technologies/contentful-development,Optimization,P3 - improve,Page type,FAQ section without FAQPage schema,The page has an FAQ section but no FAQPage schema.,,FAQPage JSON-LD with each question and answer,Generate FAQPage JSON-LD from the same FAQ data the page renders.,,,200,yes,Structured Data Report
http://localhost:3000/technologies/conversion-rate-optimization-cro,Optimization,P3 - improve,Completeness,Organization missing recommended properties,A schema object lacks recommended properties that improve rich results.,no 'sameAs','sameAs' property on Organization,Add the properties listed in Current value.,Organization 'Semicolon',,200,yes,Structured Data Report
http://localhost:3000/technologies/conversion-rate-optimization-cro,Optimization,P3 - improve,Completeness,Organization missing recommended properties,A schema object lacks recommended properties that improve rich results.,no 'contactPoint','contactPoint' property on Organization,Add the properties listed in Current value.,Organization 'Semicolon',,200,yes,Structured Data Report
http://localhost:3000/technologies/conversion-rate-optimization-cro,Optimization,P3 - improve,Completeness,WebSite missing recommended properties,A schema object lacks recommended properties that improve rich results.,no 'potentialAction','potentialAction' property on WebSite,Add the properties listed in Current value.,WebSite 'Semicolon',,200,yes,Structured Data Report
http://localhost:3000/technologies/conversion-rate-optimization-cro,Optimization,P3 - improve,Page type,FAQ section without FAQPage schema,The page has an FAQ section but no FAQPage schema.,,FAQPage JSON-LD with each question and answer,Generate FAQPage JSON-LD from the same FAQ data the page renders.,,,200,yes,Structured Data Report
http://localhost:3000/technologies/cro-services,Optimization,P3 - improve,Completeness,Organization missing recommended properties,A schema object lacks recommended properties that improve rich results.,no 'sameAs','sameAs' property on Organization,Add the properties listed in Current value.,Organization 'Semicolon',,200,yes,Structured Data Report
http://localhost:3000/technologies/cro-services,Optimization,P3 - improve,Completeness,Organization missing recommended properties,A schema object lacks recommended properties that improve rich results.,no 'contactPoint','contactPoint' property on Organization,Add the properties listed in Current value.,Organization 'Semicolon',,200,yes,Structured Data Report
http://localhost:3000/technologies/cro-services,Optimization,P3 - improve,Completeness,WebSite missing recommended properties,A schema object lacks recommended properties that improve rich results.,no 'potentialAction','potentialAction' property on WebSite,Add the properties listed in Current value.,WebSite 'Semicolon',,200,yes,Structured Data Report
http://localhost:3000/technologies/cro-services,Optimization,P3 - improve,Page type,FAQ section without FAQPage schema,The page has an FAQ section but no FAQPage schema.,,FAQPage JSON-LD with each question and answer,Generate FAQPage JSON-LD from the same FAQ data the page renders.,,,200,yes,Structured Data Report
http://localhost:3000/technologies/css3-development,Optimization,P3 - improve,Completeness,Organization missing recommended properties,A schema object lacks recommended properties that improve rich results.,no 'sameAs','sameAs' property on Organization,Add the properties listed in Current value.,Organization 'Semicolon',,200,yes,Structured Data Report
http://localhost:3000/technologies/css3-development,Optimization,P3 - improve,Completeness,Organization missing recommended properties,A schema object lacks recommended properties that improve rich results.,no 'contactPoint','contactPoint' property on Organization,Add the properties listed in Current value.,Organization 'Semicolon',,200,yes,Structured Data Report
http://localhost:3000/technologies/css3-development,Optimization,P3 - improve,Completeness,WebSite missing recommended properties,A schema object lacks recommended properties that improve rich results.,no 'potentialAction','potentialAction' property on WebSite,Add the properties listed in Current value.,WebSite 'Semicolon',,200,yes,Structured Data Report
http://localhost:3000/technologies/css3-development,Optimization,P3 - improve,Page type,FAQ section without FAQPage schema,The page has an FAQ section but no FAQPage schema.,,FAQPage JSON-LD with each question and answer,Generate FAQPage JSON-LD from the same FAQ data the page renders.,,,200,yes,Structured Data Report
http://localhost:3000/technologies/custom-ecommerce-development,Optimization,P3 - improve,Completeness,Organization missing recommended properties,A schema object lacks recommended properties that improve rich results.,no 'sameAs','sameAs' property on Organization,Add the properties listed in Current value.,Organization 'Semicolon',,200,yes,Structured Data Report
http://localhost:3000/technologies/custom-ecommerce-development,Optimization,P3 - improve,Completeness,Organization missing recommended properties,A schema object lacks recommended properties that improve rich results.,no 'contactPoint','contactPoint' property on Organization,Add the properties listed in Current value.,Organization 'Semicolon',,200,yes,Structured Data Report
http://localhost:3000/technologies/custom-ecommerce-development,Optimization,P3 - improve,Completeness,WebSite missing recommended properties,A schema object lacks recommended properties that improve rich results.,no 'potentialAction','potentialAction' property on WebSite,Add the properties listed in Current value.,WebSite 'Semicolon',,200,yes,Structured Data Report
http://localhost:3000/technologies/custom-ecommerce-development,Optimization,P3 - improve,Page type,FAQ section without FAQPage schema,The page has an FAQ section but no FAQPage schema.,,FAQPage JSON-LD with each question and answer,Generate FAQPage JSON-LD from the same FAQ data the page renders.,,,200,yes,Structured Data Report
http://localhost:3000/technologies/cypress-testing,Optimization,P3 - improve,Completeness,Organization missing recommended properties,A schema object lacks recommended properties that improve rich results.,no 'sameAs','sameAs' property on Organization,Add the properties listed in Current value.,Organization 'Semicolon',,200,yes,Structured Data Report
http://localhost:3000/technologies/cypress-testing,Optimization,P3 - improve,Completeness,Organization missing recommended properties,A schema object lacks recommended properties that improve rich results.,no 'contactPoint','contactPoint' property on Organization,Add the properties listed in Current value.,Organization 'Semicolon',,200,yes,Structured Data Report
http://localhost:3000/technologies/cypress-testing,Optimization,P3 - improve,Completeness,WebSite missing recommended properties,A schema object lacks recommended properties that improve rich results.,no 'potentialAction','potentialAction' property on WebSite,Add the properties listed in Current value.,WebSite 'Semicolon',,200,yes,Structured Data Report
http://localhost:3000/technologies/cypress-testing,Optimization,P3 - improve,Page type,FAQ section without FAQPage schema,The page has an FAQ section but no FAQPage schema.,,FAQPage JSON-LD with each question and answer,Generate FAQPage JSON-LD from the same FAQ data the page renders.,,,200,yes,Structured Data Report
http://localhost:3000/technologies/deep-learning-development,Optimization,P3 - improve,Completeness,Organization missing recommended properties,A schema object lacks recommended properties that improve rich results.,no 'sameAs','sameAs' property on Organization,Add the properties listed in Current value.,Organization 'Semicolon',,200,yes,Structured Data Report
http://localhost:3000/technologies/deep-learning-development,Optimization,P3 - improve,Completeness,Organization missing recommended properties,A schema object lacks recommended properties that improve rich results.,no 'contactPoint','contactPoint' property on Organization,Add the properties listed in Current value.,Organization 'Semicolon',,200,yes,Structured Data Report
http://localhost:3000/technologies/deep-learning-development,Optimization,P3 - improve,Completeness,WebSite missing recommended properties,A schema object lacks recommended properties that improve rich results.,no 'potentialAction','potentialAction' property on WebSite,Add the properties listed in Current value.,WebSite 'Semicolon',,200,yes,Structured Data Report
http://localhost:3000/technologies/deep-learning-development,Optimization,P3 - improve,Page type,FAQ section without FAQPage schema,The page has an FAQ section but no FAQPage schema.,,FAQPage JSON-LD with each question and answer,Generate FAQPage JSON-LD from the same FAQ data the page renders.,,,200,yes,Structured Data Report
http://localhost:3000/technologies/design-system-development,Optimization,P3 - improve,Completeness,Organization missing recommended properties,A schema object lacks recommended properties that improve rich results.,no 'sameAs','sameAs' property on Organization,Add the properties listed in Current value.,Organization 'Semicolon',,200,yes,Structured Data Report
http://localhost:3000/technologies/design-system-development,Optimization,P3 - improve,Completeness,Organization missing recommended properties,A schema object lacks recommended properties that improve rich results.,no 'contactPoint','contactPoint' property on Organization,Add the properties listed in Current value.,Organization 'Semicolon',,200,yes,Structured Data Report
http://localhost:3000/technologies/design-system-development,Optimization,P3 - improve,Completeness,WebSite missing recommended properties,A schema object lacks recommended properties that improve rich results.,no 'potentialAction','potentialAction' property on WebSite,Add the properties listed in Current value.,WebSite 'Semicolon',,200,yes,Structured Data Report
http://localhost:3000/technologies/design-system-development,Optimization,P3 - improve,Page type,FAQ section without FAQPage schema,The page has an FAQ section but no FAQPage schema.,,FAQPage JSON-LD with each question and answer,Generate FAQPage JSON-LD from the same FAQ data the page renders.,,,200,yes,Structured Data Report
http://localhost:3000/technologies/design-systems,Optimization,P3 - improve,Completeness,Organization missing recommended properties,A schema object lacks recommended properties that improve rich results.,no 'sameAs','sameAs' property on Organization,Add the properties listed in Current value.,Organization 'Semicolon',,200,yes,Structured Data Report
http://localhost:3000/technologies/design-systems,Optimization,P3 - improve,Completeness,Organization missing recommended properties,A schema object lacks recommended properties that improve rich results.,no 'contactPoint','contactPoint' property on Organization,Add the properties listed in Current value.,Organization 'Semicolon',,200,yes,Structured Data Report
http://localhost:3000/technologies/design-systems,Optimization,P3 - improve,Completeness,WebSite missing recommended properties,A schema object lacks recommended properties that improve rich results.,no 'potentialAction','potentialAction' property on WebSite,Add the properties listed in Current value.,WebSite 'Semicolon',,200,yes,Structured Data Report
http://localhost:3000/technologies/design-systems,Optimization,P3 - improve,Page type,FAQ section without FAQPage schema,The page has an FAQ section but no FAQPage schema.,,FAQPage JSON-LD with each question and answer,Generate FAQPage JSON-LD from the same FAQ data the page renders.,,,200,yes,Structured Data Report
http://localhost:3000/technologies/digitalocean-development,Optimization,P3 - improve,Completeness,Organization missing recommended properties,A schema object lacks recommended properties that improve rich results.,no 'sameAs','sameAs' property on Organization,Add the properties listed in Current value.,Organization 'Semicolon',,200,yes,Structured Data Report
http://localhost:3000/technologies/digitalocean-development,Optimization,P3 - improve,Completeness,Organization missing recommended properties,A schema object lacks recommended properties that improve rich results.,no 'contactPoint','contactPoint' property on Organization,Add the properties listed in Current value.,Organization 'Semicolon',,200,yes,Structured Data Report
http://localhost:3000/technologies/digitalocean-development,Optimization,P3 - improve,Completeness,WebSite missing recommended properties,A schema object lacks recommended properties that improve rich results.,no 'potentialAction','potentialAction' property on WebSite,Add the properties listed in Current value.,WebSite 'Semicolon',,200,yes,Structured Data Report
http://localhost:3000/technologies/digitalocean-development,Optimization,P3 - improve,Page type,FAQ section without FAQPage schema,The page has an FAQ section but no FAQPage schema.,,FAQPage JSON-LD with each question and answer,Generate FAQPage JSON-LD from the same FAQ data the page renders.,,,200,yes,Structured Data Report
http://localhost:3000/technologies/django-development,Optimization,P3 - improve,Completeness,Organization missing recommended properties,A schema object lacks recommended properties that improve rich results.,no 'sameAs','sameAs' property on Organization,Add the properties listed in Current value.,Organization 'Semicolon',,200,yes,Structured Data Report
http://localhost:3000/technologies/django-development,Optimization,P3 - improve,Completeness,Organization missing recommended properties,A schema object lacks recommended properties that improve rich results.,no 'contactPoint','contactPoint' property on Organization,Add the properties listed in Current value.,Organization 'Semicolon',,200,yes,Structured Data Report
http://localhost:3000/technologies/django-development,Optimization,P3 - improve,Completeness,WebSite missing recommended properties,A schema object lacks recommended properties that improve rich results.,no 'potentialAction','potentialAction' property on WebSite,Add the properties listed in Current value.,WebSite 'Semicolon',,200,yes,Structured Data Report
http://localhost:3000/technologies/django-development,Optimization,P3 - improve,Page type,FAQ section without FAQPage schema,The page has an FAQ section but no FAQPage schema.,,FAQPage JSON-LD with each question and answer,Generate FAQPage JSON-LD from the same FAQ data the page renders.,,,200,yes,Structured Data Report
http://localhost:3000/technologies/docker-development,Optimization,P3 - improve,Completeness,Organization missing recommended properties,A schema object lacks recommended properties that improve rich results.,no 'sameAs','sameAs' property on Organization,Add the properties listed in Current value.,Organization 'Semicolon',,200,yes,Structured Data Report
http://localhost:3000/technologies/docker-development,Optimization,P3 - improve,Completeness,Organization missing recommended properties,A schema object lacks recommended properties that improve rich results.,no 'contactPoint','contactPoint' property on Organization,Add the properties listed in Current value.,Organization 'Semicolon',,200,yes,Structured Data Report
http://localhost:3000/technologies/docker-development,Optimization,P3 - improve,Completeness,WebSite missing recommended properties,A schema object lacks recommended properties that improve rich results.,no 'potentialAction','potentialAction' property on WebSite,Add the properties listed in Current value.,WebSite 'Semicolon',,200,yes,Structured Data Report
http://localhost:3000/technologies/docker-development,Optimization,P3 - improve,Page type,FAQ section without FAQPage schema,The page has an FAQ section but no FAQPage schema.,,FAQPage JSON-LD with each question and answer,Generate FAQPage JSON-LD from the same FAQ data the page renders.,,,200,yes,Structured Data Report
http://localhost:3000/technologies/dotnet-maui-development,Optimization,P3 - improve,Completeness,Organization missing recommended properties,A schema object lacks recommended properties that improve rich results.,no 'sameAs','sameAs' property on Organization,Add the properties listed in Current value.,Organization 'Semicolon',,200,yes,Structured Data Report
http://localhost:3000/technologies/dotnet-maui-development,Optimization,P3 - improve,Completeness,Organization missing recommended properties,A schema object lacks recommended properties that improve rich results.,no 'contactPoint','contactPoint' property on Organization,Add the properties listed in Current value.,Organization 'Semicolon',,200,yes,Structured Data Report
http://localhost:3000/technologies/dotnet-maui-development,Optimization,P3 - improve,Completeness,WebSite missing recommended properties,A schema object lacks recommended properties that improve rich results.,no 'potentialAction','potentialAction' property on WebSite,Add the properties listed in Current value.,WebSite 'Semicolon',,200,yes,Structured Data Report
http://localhost:3000/technologies/dotnet-maui-development,Optimization,P3 - improve,Page type,FAQ section without FAQPage schema,The page has an FAQ section but no FAQPage schema.,,FAQPage JSON-LD with each question and answer,Generate FAQPage JSON-LD from the same FAQ data the page renders.,,,200,yes,Structured Data Report
http://localhost:3000/technologies/drupal-development,Optimization,P3 - improve,Completeness,Organization missing recommended properties,A schema object lacks recommended properties that improve rich results.,no 'sameAs','sameAs' property on Organization,Add the properties listed in Current value.,Organization 'Semicolon',,200,yes,Structured Data Report
http://localhost:3000/technologies/drupal-development,Optimization,P3 - improve,Completeness,Organization missing recommended properties,A schema object lacks recommended properties that improve rich results.,no 'contactPoint','contactPoint' property on Organization,Add the properties listed in Current value.,Organization 'Semicolon',,200,yes,Structured Data Report
http://localhost:3000/technologies/drupal-development,Optimization,P3 - improve,Completeness,WebSite missing recommended properties,A schema object lacks recommended properties that improve rich results.,no 'potentialAction','potentialAction' property on WebSite,Add the properties listed in Current value.,WebSite 'Semicolon',,200,yes,Structured Data Report
http://localhost:3000/technologies/drupal-development,Optimization,P3 - improve,Page type,FAQ section without FAQPage schema,The page has an FAQ section but no FAQPage schema.,,FAQPage JSON-LD with each question and answer,Generate FAQPage JSON-LD from the same FAQ data the page renders.,,,200,yes,Structured Data Report
http://localhost:3000/technologies/dynamodb-development,Optimization,P3 - improve,Completeness,Organization missing recommended properties,A schema object lacks recommended properties that improve rich results.,no 'sameAs','sameAs' property on Organization,Add the properties listed in Current value.,Organization 'Semicolon',,200,yes,Structured Data Report
http://localhost:3000/technologies/dynamodb-development,Optimization,P3 - improve,Completeness,Organization missing recommended properties,A schema object lacks recommended properties that improve rich results.,no 'contactPoint','contactPoint' property on Organization,Add the properties listed in Current value.,Organization 'Semicolon',,200,yes,Structured Data Report
http://localhost:3000/technologies/dynamodb-development,Optimization,P3 - improve,Completeness,WebSite missing recommended properties,A schema object lacks recommended properties that improve rich results.,no 'potentialAction','potentialAction' property on WebSite,Add the properties listed in Current value.,WebSite 'Semicolon',,200,yes,Structured Data Report
http://localhost:3000/technologies/dynamodb-development,Optimization,P3 - improve,Page type,FAQ section without FAQPage schema,The page has an FAQ section but no FAQPage schema.,,FAQPage JSON-LD with each question and answer,Generate FAQPage JSON-LD from the same FAQ data the page renders.,,,200,yes,Structured Data Report
http://localhost:3000/technologies/e-commerce-marketing,Optimization,P3 - improve,Completeness,Organization missing recommended properties,A schema object lacks recommended properties that improve rich results.,no 'sameAs','sameAs' property on Organization,Add the properties listed in Current value.,Organization 'Semicolon',,200,yes,Structured Data Report
http://localhost:3000/technologies/e-commerce-marketing,Optimization,P3 - improve,Completeness,Organization missing recommended properties,A schema object lacks recommended properties that improve rich results.,no 'contactPoint','contactPoint' property on Organization,Add the properties listed in Current value.,Organization 'Semicolon',,200,yes,Structured Data Report
http://localhost:3000/technologies/e-commerce-marketing,Optimization,P3 - improve,Completeness,WebSite missing recommended properties,A schema object lacks recommended properties that improve rich results.,no 'potentialAction','potentialAction' property on WebSite,Add the properties listed in Current value.,WebSite 'Semicolon',,200,yes,Structured Data Report
http://localhost:3000/technologies/e-commerce-marketing,Optimization,P3 - improve,Page type,FAQ section without FAQPage schema,The page has an FAQ section but no FAQPage schema.,,FAQPage JSON-LD with each question and answer,Generate FAQPage JSON-LD from the same FAQ data the page renders.,,,200,yes,Structured Data Report
http://localhost:3000/technologies/e2e-testing,Optimization,P3 - improve,Completeness,Organization missing recommended properties,A schema object lacks recommended properties that improve rich results.,no 'sameAs','sameAs' property on Organization,Add the properties listed in Current value.,Organization 'Semicolon',,200,yes,Structured Data Report
http://localhost:3000/technologies/e2e-testing,Optimization,P3 - improve,Completeness,Organization missing recommended properties,A schema object lacks recommended properties that improve rich results.,no 'contactPoint','contactPoint' property on Organization,Add the properties listed in Current value.,Organization 'Semicolon',,200,yes,Structured Data Report
http://localhost:3000/technologies/e2e-testing,Optimization,P3 - improve,Completeness,WebSite missing recommended properties,A schema object lacks recommended properties that improve rich results.,no 'potentialAction','potentialAction' property on WebSite,Add the properties listed in Current value.,WebSite 'Semicolon',,200,yes,Structured Data Report
http://localhost:3000/technologies/e2e-testing,Optimization,P3 - improve,Page type,FAQ section without FAQPage schema,The page has an FAQ section but no FAQPage schema.,,FAQPage JSON-LD with each question and answer,Generate FAQPage JSON-LD from the same FAQ data the page renders.,,,200,yes,Structured Data Report
http://localhost:3000/technologies/elasticsearch-development,Optimization,P3 - improve,Completeness,Organization missing recommended properties,A schema object lacks recommended properties that improve rich results.,no 'sameAs','sameAs' property on Organization,Add the properties listed in Current value.,Organization 'Semicolon',,200,yes,Structured Data Report
http://localhost:3000/technologies/elasticsearch-development,Optimization,P3 - improve,Completeness,Organization missing recommended properties,A schema object lacks recommended properties that improve rich results.,no 'contactPoint','contactPoint' property on Organization,Add the properties listed in Current value.,Organization 'Semicolon',,200,yes,Structured Data Report
http://localhost:3000/technologies/elasticsearch-development,Optimization,P3 - improve,Completeness,WebSite missing recommended properties,A schema object lacks recommended properties that improve rich results.,no 'potentialAction','potentialAction' property on WebSite,Add the properties listed in Current value.,WebSite 'Semicolon',,200,yes,Structured Data Report
http://localhost:3000/technologies/elasticsearch-development,Optimization,P3 - improve,Page type,FAQ section without FAQPage schema,The page has an FAQ section but no FAQPage schema.,,FAQPage JSON-LD with each question and answer,Generate FAQPage JSON-LD from the same FAQ data the page renders.,,,200,yes,Structured Data Report
http://localhost:3000/technologies/email-marketing,Optimization,P3 - improve,Completeness,Organization missing recommended properties,A schema object lacks recommended properties that improve rich results.,no 'sameAs','sameAs' property on Organization,Add the properties listed in Current value.,Organization 'Semicolon',,200,yes,Structured Data Report
http://localhost:3000/technologies/email-marketing,Optimization,P3 - improve,Completeness,Organization missing recommended properties,A schema object lacks recommended properties that improve rich results.,no 'contactPoint','contactPoint' property on Organization,Add the properties listed in Current value.,Organization 'Semicolon',,200,yes,Structured Data Report
http://localhost:3000/technologies/email-marketing,Optimization,P3 - improve,Completeness,WebSite missing recommended properties,A schema object lacks recommended properties that improve rich results.,no 'potentialAction','potentialAction' property on WebSite,Add the properties listed in Current value.,WebSite 'Semicolon',,200,yes,Structured Data Report
http://localhost:3000/technologies/email-marketing,Optimization,P3 - improve,Page type,FAQ section without FAQPage schema,The page has an FAQ section but no FAQPage schema.,,FAQPage JSON-LD with each question and answer,Generate FAQPage JSON-LD from the same FAQ data the page renders.,,,200,yes,Structured Data Report
http://localhost:3000/technologies/email-marketing-services,Optimization,P3 - improve,Completeness,Organization missing recommended properties,A schema object lacks recommended properties that improve rich results.,no 'sameAs','sameAs' property on Organization,Add the properties listed in Current value.,Organization 'Semicolon',,200,yes,Structured Data Report
http://localhost:3000/technologies/email-marketing-services,Optimization,P3 - improve,Completeness,Organization missing recommended properties,A schema object lacks recommended properties that improve rich results.,no 'contactPoint','contactPoint' property on Organization,Add the properties listed in Current value.,Organization 'Semicolon',,200,yes,Structured Data Report
http://localhost:3000/technologies/email-marketing-services,Optimization,P3 - improve,Completeness,WebSite missing recommended properties,A schema object lacks recommended properties that improve rich results.,no 'potentialAction','potentialAction' property on WebSite,Add the properties listed in Current value.,WebSite 'Semicolon',,200,yes,Structured Data Report
http://localhost:3000/technologies/email-marketing-services,Optimization,P3 - improve,Page type,FAQ section without FAQPage schema,The page has an FAQ section but no FAQPage schema.,,FAQPage JSON-LD with each question and answer,Generate FAQPage JSON-LD from the same FAQ data the page renders.,,,200,yes,Structured Data Report
http://localhost:3000/technologies/expo-development,Optimization,P3 - improve,Completeness,Organization missing recommended properties,A schema object lacks recommended properties that improve rich results.,no 'sameAs','sameAs' property on Organization,Add the properties listed in Current value.,Organization 'Semicolon',,200,yes,Structured Data Report
http://localhost:3000/technologies/expo-development,Optimization,P3 - improve,Completeness,Organization missing recommended properties,A schema object lacks recommended properties that improve rich results.,no 'contactPoint','contactPoint' property on Organization,Add the properties listed in Current value.,Organization 'Semicolon',,200,yes,Structured Data Report
http://localhost:3000/technologies/expo-development,Optimization,P3 - improve,Completeness,WebSite missing recommended properties,A schema object lacks recommended properties that improve rich results.,no 'potentialAction','potentialAction' property on WebSite,Add the properties listed in Current value.,WebSite 'Semicolon',,200,yes,Structured Data Report
http://localhost:3000/technologies/expo-development,Optimization,P3 - improve,Page type,FAQ section without FAQPage schema,The page has an FAQ section but no FAQPage schema.,,FAQPage JSON-LD with each question and answer,Generate FAQPage JSON-LD from the same FAQ data the page renders.,,,200,yes,Structured Data Report
http://localhost:3000/technologies/expressjs-development,Optimization,P3 - improve,Completeness,Organization missing recommended properties,A schema object lacks recommended properties that improve rich results.,no 'sameAs','sameAs' property on Organization,Add the properties listed in Current value.,Organization 'Semicolon',,200,yes,Structured Data Report
http://localhost:3000/technologies/expressjs-development,Optimization,P3 - improve,Completeness,Organization missing recommended properties,A schema object lacks recommended properties that improve rich results.,no 'contactPoint','contactPoint' property on Organization,Add the properties listed in Current value.,Organization 'Semicolon',,200,yes,Structured Data Report
http://localhost:3000/technologies/expressjs-development,Optimization,P3 - improve,Completeness,WebSite missing recommended properties,A schema object lacks recommended properties that improve rich results.,no 'potentialAction','potentialAction' property on WebSite,Add the properties listed in Current value.,WebSite 'Semicolon',,200,yes,Structured Data Report
http://localhost:3000/technologies/expressjs-development,Optimization,P3 - improve,Page type,FAQ section without FAQPage schema,The page has an FAQ section but no FAQPage schema.,,FAQPage JSON-LD with each question and answer,Generate FAQPage JSON-LD from the same FAQ data the page renders.,,,200,yes,Structured Data Report
http://localhost:3000/technologies/fastapi-development,Optimization,P3 - improve,Completeness,Organization missing recommended properties,A schema object lacks recommended properties that improve rich results.,no 'sameAs','sameAs' property on Organization,Add the properties listed in Current value.,Organization 'Semicolon',,200,yes,Structured Data Report
http://localhost:3000/technologies/fastapi-development,Optimization,P3 - improve,Completeness,Organization missing recommended properties,A schema object lacks recommended properties that improve rich results.,no 'contactPoint','contactPoint' property on Organization,Add the properties listed in Current value.,Organization 'Semicolon',,200,yes,Structured Data Report
http://localhost:3000/technologies/fastapi-development,Optimization,P3 - improve,Completeness,WebSite missing recommended properties,A schema object lacks recommended properties that improve rich results.,no 'potentialAction','potentialAction' property on WebSite,Add the properties listed in Current value.,WebSite 'Semicolon',,200,yes,Structured Data Report
http://localhost:3000/technologies/fastapi-development,Optimization,P3 - improve,Page type,FAQ section without FAQPage schema,The page has an FAQ section but no FAQPage schema.,,FAQPage JSON-LD with each question and answer,Generate FAQPage JSON-LD from the same FAQ data the page renders.,,,200,yes,Structured Data Report
http://localhost:3000/technologies/figma-design,Optimization,P3 - improve,Completeness,Organization missing recommended properties,A schema object lacks recommended properties that improve rich results.,no 'sameAs','sameAs' property on Organization,Add the properties listed in Current value.,Organization 'Semicolon',,200,yes,Structured Data Report
http://localhost:3000/technologies/figma-design,Optimization,P3 - improve,Completeness,Organization missing recommended properties,A schema object lacks recommended properties that improve rich results.,no 'contactPoint','contactPoint' property on Organization,Add the properties listed in Current value.,Organization 'Semicolon',,200,yes,Structured Data Report
http://localhost:3000/technologies/figma-design,Optimization,P3 - improve,Completeness,WebSite missing recommended properties,A schema object lacks recommended properties that improve rich results.,no 'potentialAction','potentialAction' property on WebSite,Add the properties listed in Current value.,WebSite 'Semicolon',,200,yes,Structured Data Report
http://localhost:3000/technologies/figma-design,Optimization,P3 - improve,Page type,FAQ section without FAQPage schema,The page has an FAQ section but no FAQPage schema.,,FAQPage JSON-LD with each question and answer,Generate FAQPage JSON-LD from the same FAQ data the page renders.,,,200,yes,Structured Data Report
http://localhost:3000/technologies/firebase-cloud-development,Optimization,P3 - improve,Completeness,Organization missing recommended properties,A schema object lacks recommended properties that improve rich results.,no 'sameAs','sameAs' property on Organization,Add the properties listed in Current value.,Organization 'Semicolon',,200,yes,Structured Data Report
http://localhost:3000/technologies/firebase-cloud-development,Optimization,P3 - improve,Completeness,Organization missing recommended properties,A schema object lacks recommended properties that improve rich results.,no 'contactPoint','contactPoint' property on Organization,Add the properties listed in Current value.,Organization 'Semicolon',,200,yes,Structured Data Report
http://localhost:3000/technologies/firebase-cloud-development,Optimization,P3 - improve,Completeness,WebSite missing recommended properties,A schema object lacks recommended properties that improve rich results.,no 'potentialAction','potentialAction' property on WebSite,Add the properties listed in Current value.,WebSite 'Semicolon',,200,yes,Structured Data Report
http://localhost:3000/technologies/firebase-cloud-development,Optimization,P3 - improve,Page type,FAQ section without FAQPage schema,The page has an FAQ section but no FAQPage schema.,,FAQPage JSON-LD with each question and answer,Generate FAQPage JSON-LD from the same FAQ data the page renders.,,,200,yes,Structured Data Report
http://localhost:3000/technologies/firebase-development,Optimization,P3 - improve,Completeness,Organization missing recommended properties,A schema object lacks recommended properties that improve rich results.,no 'sameAs','sameAs' property on Organization,Add the properties listed in Current value.,Organization 'Semicolon',,200,yes,Structured Data Report
http://localhost:3000/technologies/firebase-development,Optimization,P3 - improve,Completeness,Organization missing recommended properties,A schema object lacks recommended properties that improve rich results.,no 'contactPoint','contactPoint' property on Organization,Add the properties listed in Current value.,Organization 'Semicolon',,200,yes,Structured Data Report
http://localhost:3000/technologies/firebase-development,Optimization,P3 - improve,Completeness,WebSite missing recommended properties,A schema object lacks recommended properties that improve rich results.,no 'potentialAction','potentialAction' property on WebSite,Add the properties listed in Current value.,WebSite 'Semicolon',,200,yes,Structured Data Report
http://localhost:3000/technologies/firebase-development,Optimization,P3 - improve,Page type,FAQ section without FAQPage schema,The page has an FAQ section but no FAQPage schema.,,FAQPage JSON-LD with each question and answer,Generate FAQPage JSON-LD from the same FAQ data the page renders.,,,200,yes,Structured Data Report
http://localhost:3000/technologies/flask-development,Optimization,P3 - improve,Completeness,Organization missing recommended properties,A schema object lacks recommended properties that improve rich results.,no 'sameAs','sameAs' property on Organization,Add the properties listed in Current value.,Organization 'Semicolon',,200,yes,Structured Data Report
http://localhost:3000/technologies/flask-development,Optimization,P3 - improve,Completeness,Organization missing recommended properties,A schema object lacks recommended properties that improve rich results.,no 'contactPoint','contactPoint' property on Organization,Add the properties listed in Current value.,Organization 'Semicolon',,200,yes,Structured Data Report
http://localhost:3000/technologies/flask-development,Optimization,P3 - improve,Completeness,WebSite missing recommended properties,A schema object lacks recommended properties that improve rich results.,no 'potentialAction','potentialAction' property on WebSite,Add the properties listed in Current value.,WebSite 'Semicolon',,200,yes,Structured Data Report
http://localhost:3000/technologies/flask-development,Optimization,P3 - improve,Page type,FAQ section without FAQPage schema,The page has an FAQ section but no FAQPage schema.,,FAQPage JSON-LD with each question and answer,Generate FAQPage JSON-LD from the same FAQ data the page renders.,,,200,yes,Structured Data Report
http://localhost:3000/technologies/flutter-development,Optimization,P3 - improve,Completeness,Organization missing recommended properties,A schema object lacks recommended properties that improve rich results.,no 'sameAs','sameAs' property on Organization,Add the properties listed in Current value.,Organization 'Semicolon',,200,yes,Structured Data Report
http://localhost:3000/technologies/flutter-development,Optimization,P3 - improve,Completeness,Organization missing recommended properties,A schema object lacks recommended properties that improve rich results.,no 'contactPoint','contactPoint' property on Organization,Add the properties listed in Current value.,Organization 'Semicolon',,200,yes,Structured Data Report
http://localhost:3000/technologies/flutter-development,Optimization,P3 - improve,Completeness,WebSite missing recommended properties,A schema object lacks recommended properties that improve rich results.,no 'potentialAction','potentialAction' property on WebSite,Add the properties listed in Current value.,WebSite 'Semicolon',,200,yes,Structured Data Report
http://localhost:3000/technologies/flutter-development,Optimization,P3 - improve,Page type,FAQ section without FAQPage schema,The page has an FAQ section but no FAQPage schema.,,FAQPage JSON-LD with each question and answer,Generate FAQPage JSON-LD from the same FAQ data the page renders.,,,200,yes,Structured Data Report
http://localhost:3000/technologies/framer-development,Optimization,P3 - improve,Completeness,Organization missing recommended properties,A schema object lacks recommended properties that improve rich results.,no 'sameAs','sameAs' property on Organization,Add the properties listed in Current value.,Organization 'Semicolon',,200,yes,Structured Data Report
http://localhost:3000/technologies/framer-development,Optimization,P3 - improve,Completeness,Organization missing recommended properties,A schema object lacks recommended properties that improve rich results.,no 'contactPoint','contactPoint' property on Organization,Add the properties listed in Current value.,Organization 'Semicolon',,200,yes,Structured Data Report
http://localhost:3000/technologies/framer-development,Optimization,P3 - improve,Completeness,WebSite missing recommended properties,A schema object lacks recommended properties that improve rich results.,no 'potentialAction','potentialAction' property on WebSite,Add the properties listed in Current value.,WebSite 'Semicolon',,200,yes,Structured Data Report
http://localhost:3000/technologies/framer-development,Optimization,P3 - improve,Page type,FAQ section without FAQPage schema,The page has an FAQ section but no FAQPage schema.,,FAQPage JSON-LD with each question and answer,Generate FAQPage JSON-LD from the same FAQ data the page renders.,,,200,yes,Structured Data Report
http://localhost:3000/technologies/gemini-development,Optimization,P3 - improve,Completeness,Organization missing recommended properties,A schema object lacks recommended properties that improve rich results.,no 'sameAs','sameAs' property on Organization,Add the properties listed in Current value.,Organization 'Semicolon',,200,yes,Structured Data Report
http://localhost:3000/technologies/gemini-development,Optimization,P3 - improve,Completeness,Organization missing recommended properties,A schema object lacks recommended properties that improve rich results.,no 'contactPoint','contactPoint' property on Organization,Add the properties listed in Current value.,Organization 'Semicolon',,200,yes,Structured Data Report
http://localhost:3000/technologies/gemini-development,Optimization,P3 - improve,Completeness,WebSite missing recommended properties,A schema object lacks recommended properties that improve rich results.,no 'potentialAction','potentialAction' property on WebSite,Add the properties listed in Current value.,WebSite 'Semicolon',,200,yes,Structured Data Report
http://localhost:3000/technologies/gemini-development,Optimization,P3 - improve,Page type,FAQ section without FAQPage schema,The page has an FAQ section but no FAQPage schema.,,FAQPage JSON-LD with each question and answer,Generate FAQPage JSON-LD from the same FAQ data the page renders.,,,200,yes,Structured Data Report
http://localhost:3000/technologies/generative-ai-development,Optimization,P3 - improve,Completeness,Organization missing recommended properties,A schema object lacks recommended properties that improve rich results.,no 'sameAs','sameAs' property on Organization,Add the properties listed in Current value.,Organization 'Semicolon',,200,yes,Structured Data Report
http://localhost:3000/technologies/generative-ai-development,Optimization,P3 - improve,Completeness,Organization missing recommended properties,A schema object lacks recommended properties that improve rich results.,no 'contactPoint','contactPoint' property on Organization,Add the properties listed in Current value.,Organization 'Semicolon',,200,yes,Structured Data Report
http://localhost:3000/technologies/generative-ai-development,Optimization,P3 - improve,Completeness,WebSite missing recommended properties,A schema object lacks recommended properties that improve rich results.,no 'potentialAction','potentialAction' property on WebSite,Add the properties listed in Current value.,WebSite 'Semicolon',,200,yes,Structured Data Report
http://localhost:3000/technologies/generative-ai-development,Optimization,P3 - improve,Page type,FAQ section without FAQPage schema,The page has an FAQ section but no FAQPage schema.,,FAQPage JSON-LD with each question and answer,Generate FAQPage JSON-LD from the same FAQ data the page renders.,,,200,yes,Structured Data Report
http://localhost:3000/technologies/github-actions-development,Optimization,P3 - improve,Completeness,Organization missing recommended properties,A schema object lacks recommended properties that improve rich results.,no 'sameAs','sameAs' property on Organization,Add the properties listed in Current value.,Organization 'Semicolon',,200,yes,Structured Data Report
http://localhost:3000/technologies/github-actions-development,Optimization,P3 - improve,Completeness,Organization missing recommended properties,A schema object lacks recommended properties that improve rich results.,no 'contactPoint','contactPoint' property on Organization,Add the properties listed in Current value.,Organization 'Semicolon',,200,yes,Structured Data Report
http://localhost:3000/technologies/github-actions-development,Optimization,P3 - improve,Completeness,WebSite missing recommended properties,A schema object lacks recommended properties that improve rich results.,no 'potentialAction','potentialAction' property on WebSite,Add the properties listed in Current value.,WebSite 'Semicolon',,200,yes,Structured Data Report
http://localhost:3000/technologies/github-actions-development,Optimization,P3 - improve,Page type,FAQ section without FAQPage schema,The page has an FAQ section but no FAQPage schema.,,FAQPage JSON-LD with each question and answer,Generate FAQPage JSON-LD from the same FAQ data the page renders.,,,200,yes,Structured Data Report
http://localhost:3000/technologies/gitlab-ci-development,Optimization,P3 - improve,Completeness,Organization missing recommended properties,A schema object lacks recommended properties that improve rich results.,no 'sameAs','sameAs' property on Organization,Add the properties listed in Current value.,Organization 'Semicolon',,200,yes,Structured Data Report
http://localhost:3000/technologies/gitlab-ci-development,Optimization,P3 - improve,Completeness,Organization missing recommended properties,A schema object lacks recommended properties that improve rich results.,no 'contactPoint','contactPoint' property on Organization,Add the properties listed in Current value.,Organization 'Semicolon',,200,yes,Structured Data Report
http://localhost:3000/technologies/gitlab-ci-development,Optimization,P3 - improve,Completeness,WebSite missing recommended properties,A schema object lacks recommended properties that improve rich results.,no 'potentialAction','potentialAction' property on WebSite,Add the properties listed in Current value.,WebSite 'Semicolon',,200,yes,Structured Data Report
http://localhost:3000/technologies/gitlab-ci-development,Optimization,P3 - improve,Page type,FAQ section without FAQPage schema,The page has an FAQ section but no FAQPage schema.,,FAQPage JSON-LD with each question and answer,Generate FAQPage JSON-LD from the same FAQ data the page renders.,,,200,yes,Structured Data Report
http://localhost:3000/technologies/gitlab-development,Optimization,P3 - improve,Completeness,Organization missing recommended properties,A schema object lacks recommended properties that improve rich results.,no 'sameAs','sameAs' property on Organization,Add the properties listed in Current value.,Organization 'Semicolon',,200,yes,Structured Data Report
http://localhost:3000/technologies/gitlab-development,Optimization,P3 - improve,Completeness,Organization missing recommended properties,A schema object lacks recommended properties that improve rich results.,no 'contactPoint','contactPoint' property on Organization,Add the properties listed in Current value.,Organization 'Semicolon',,200,yes,Structured Data Report
http://localhost:3000/technologies/gitlab-development,Optimization,P3 - improve,Completeness,WebSite missing recommended properties,A schema object lacks recommended properties that improve rich results.,no 'potentialAction','potentialAction' property on WebSite,Add the properties listed in Current value.,WebSite 'Semicolon',,200,yes,Structured Data Report
http://localhost:3000/technologies/gitlab-development,Optimization,P3 - improve,Page type,FAQ section without FAQPage schema,The page has an FAQ section but no FAQPage schema.,,FAQPage JSON-LD with each question and answer,Generate FAQPage JSON-LD from the same FAQ data the page renders.,,,200,yes,Structured Data Report
http://localhost:3000/technologies/golang-development,Optimization,P3 - improve,Completeness,Organization missing recommended properties,A schema object lacks recommended properties that improve rich results.,no 'sameAs','sameAs' property on Organization,Add the properties listed in Current value.,Organization 'Semicolon',,200,yes,Structured Data Report
http://localhost:3000/technologies/golang-development,Optimization,P3 - improve,Completeness,Organization missing recommended properties,A schema object lacks recommended properties that improve rich results.,no 'contactPoint','contactPoint' property on Organization,Add the properties listed in Current value.,Organization 'Semicolon',,200,yes,Structured Data Report
http://localhost:3000/technologies/golang-development,Optimization,P3 - improve,Completeness,WebSite missing recommended properties,A schema object lacks recommended properties that improve rich results.,no 'potentialAction','potentialAction' property on WebSite,Add the properties listed in Current value.,WebSite 'Semicolon',,200,yes,Structured Data Report
http://localhost:3000/technologies/golang-development,Optimization,P3 - improve,Page type,FAQ section without FAQPage schema,The page has an FAQ section but no FAQPage schema.,,FAQPage JSON-LD with each question and answer,Generate FAQPage JSON-LD from the same FAQ data the page renders.,,,200,yes,Structured Data Report
http://localhost:3000/technologies/google-ads-management,Optimization,P3 - improve,Completeness,Organization missing recommended properties,A schema object lacks recommended properties that improve rich results.,no 'sameAs','sameAs' property on Organization,Add the properties listed in Current value.,Organization 'Semicolon',,200,yes,Structured Data Report
http://localhost:3000/technologies/google-ads-management,Optimization,P3 - improve,Completeness,Organization missing recommended properties,A schema object lacks recommended properties that improve rich results.,no 'contactPoint','contactPoint' property on Organization,Add the properties listed in Current value.,Organization 'Semicolon',,200,yes,Structured Data Report
http://localhost:3000/technologies/google-ads-management,Optimization,P3 - improve,Completeness,WebSite missing recommended properties,A schema object lacks recommended properties that improve rich results.,no 'potentialAction','potentialAction' property on WebSite,Add the properties listed in Current value.,WebSite 'Semicolon',,200,yes,Structured Data Report
http://localhost:3000/technologies/google-ads-management,Optimization,P3 - improve,Page type,FAQ section without FAQPage schema,The page has an FAQ section but no FAQPage schema.,,FAQPage JSON-LD with each question and answer,Generate FAQPage JSON-LD from the same FAQ data the page renders.,,,200,yes,Structured Data Report
http://localhost:3000/technologies/google-analytics-setup,Optimization,P3 - improve,Completeness,Organization missing recommended properties,A schema object lacks recommended properties that improve rich results.,no 'sameAs','sameAs' property on Organization,Add the properties listed in Current value.,Organization 'Semicolon',,200,yes,Structured Data Report
http://localhost:3000/technologies/google-analytics-setup,Optimization,P3 - improve,Completeness,Organization missing recommended properties,A schema object lacks recommended properties that improve rich results.,no 'contactPoint','contactPoint' property on Organization,Add the properties listed in Current value.,Organization 'Semicolon',,200,yes,Structured Data Report
http://localhost:3000/technologies/google-analytics-setup,Optimization,P3 - improve,Completeness,WebSite missing recommended properties,A schema object lacks recommended properties that improve rich results.,no 'potentialAction','potentialAction' property on WebSite,Add the properties listed in Current value.,WebSite 'Semicolon',,200,yes,Structured Data Report
http://localhost:3000/technologies/google-analytics-setup,Optimization,P3 - improve,Page type,FAQ section without FAQPage schema,The page has an FAQ section but no FAQPage schema.,,FAQPage JSON-LD with each question and answer,Generate FAQPage JSON-LD from the same FAQ data the page renders.,,,200,yes,Structured Data Report
http://localhost:3000/technologies/google-cloud-computing,Optimization,P3 - improve,Completeness,Organization missing recommended properties,A schema object lacks recommended properties that improve rich results.,no 'sameAs','sameAs' property on Organization,Add the properties listed in Current value.,Organization 'Semicolon',,200,yes,Structured Data Report
http://localhost:3000/technologies/google-cloud-computing,Optimization,P3 - improve,Completeness,Organization missing recommended properties,A schema object lacks recommended properties that improve rich results.,no 'contactPoint','contactPoint' property on Organization,Add the properties listed in Current value.,Organization 'Semicolon',,200,yes,Structured Data Report
http://localhost:3000/technologies/google-cloud-computing,Optimization,P3 - improve,Completeness,WebSite missing recommended properties,A schema object lacks recommended properties that improve rich results.,no 'potentialAction','potentialAction' property on WebSite,Add the properties listed in Current value.,WebSite 'Semicolon',,200,yes,Structured Data Report
http://localhost:3000/technologies/google-cloud-computing,Optimization,P3 - improve,Page type,FAQ section without FAQPage schema,The page has an FAQ section but no FAQPage schema.,,FAQPage JSON-LD with each question and answer,Generate FAQPage JSON-LD from the same FAQ data the page renders.,,,200,yes,Structured Data Report
http://localhost:3000/technologies/google-cloud-development,Optimization,P3 - improve,Completeness,Organization missing recommended properties,A schema object lacks recommended properties that improve rich results.,no 'sameAs','sameAs' property on Organization,Add the properties listed in Current value.,Organization 'Semicolon',,200,yes,Structured Data Report
http://localhost:3000/technologies/google-cloud-development,Optimization,P3 - improve,Completeness,Organization missing recommended properties,A schema object lacks recommended properties that improve rich results.,no 'contactPoint','contactPoint' property on Organization,Add the properties listed in Current value.,Organization 'Semicolon',,200,yes,Structured Data Report
http://localhost:3000/technologies/google-cloud-development,Optimization,P3 - improve,Completeness,WebSite missing recommended properties,A schema object lacks recommended properties that improve rich results.,no 'potentialAction','potentialAction' property on WebSite,Add the properties listed in Current value.,WebSite 'Semicolon',,200,yes,Structured Data Report
http://localhost:3000/technologies/google-cloud-development,Optimization,P3 - improve,Page type,FAQ section without FAQPage schema,The page has an FAQ section but no FAQPage schema.,,FAQPage JSON-LD with each question and answer,Generate FAQPage JSON-LD from the same FAQ data the page renders.,,,200,yes,Structured Data Report
http://localhost:3000/technologies/google-search-console-optimization,Optimization,P3 - improve,Completeness,Organization missing recommended properties,A schema object lacks recommended properties that improve rich results.,no 'sameAs','sameAs' property on Organization,Add the properties listed in Current value.,Organization 'Semicolon',,200,yes,Structured Data Report
http://localhost:3000/technologies/google-search-console-optimization,Optimization,P3 - improve,Completeness,Organization missing recommended properties,A schema object lacks recommended properties that improve rich results.,no 'contactPoint','contactPoint' property on Organization,Add the properties listed in Current value.,Organization 'Semicolon',,200,yes,Structured Data Report
http://localhost:3000/technologies/google-search-console-optimization,Optimization,P3 - improve,Completeness,WebSite missing recommended properties,A schema object lacks recommended properties that improve rich results.,no 'potentialAction','potentialAction' property on WebSite,Add the properties listed in Current value.,WebSite 'Semicolon',,200,yes,Structured Data Report
http://localhost:3000/technologies/google-search-console-optimization,Optimization,P3 - improve,Page type,FAQ section without FAQPage schema,The page has an FAQ section but no FAQPage schema.,,FAQPage JSON-LD with each question and answer,Generate FAQPage JSON-LD from the same FAQ data the page renders.,,,200,yes,Structured Data Report
http://localhost:3000/technologies/grafana-development,Optimization,P3 - improve,Completeness,Organization missing recommended properties,A schema object lacks recommended properties that improve rich results.,no 'sameAs','sameAs' property on Organization,Add the properties listed in Current value.,Organization 'Semicolon',,200,yes,Structured Data Report
http://localhost:3000/technologies/grafana-development,Optimization,P3 - improve,Completeness,Organization missing recommended properties,A schema object lacks recommended properties that improve rich results.,no 'contactPoint','contactPoint' property on Organization,Add the properties listed in Current value.,Organization 'Semicolon',,200,yes,Structured Data Report
http://localhost:3000/technologies/grafana-development,Optimization,P3 - improve,Completeness,WebSite missing recommended properties,A schema object lacks recommended properties that improve rich results.,no 'potentialAction','potentialAction' property on WebSite,Add the properties listed in Current value.,WebSite 'Semicolon',,200,yes,Structured Data Report
http://localhost:3000/technologies/grafana-development,Optimization,P3 - improve,Page type,FAQ section without FAQPage schema,The page has an FAQ section but no FAQPage schema.,,FAQPage JSON-LD with each question and answer,Generate FAQPage JSON-LD from the same FAQ data the page renders.,,,200,yes,Structured Data Report
http://localhost:3000/technologies/graphql-development,Optimization,P3 - improve,Completeness,Organization missing recommended properties,A schema object lacks recommended properties that improve rich results.,no 'sameAs','sameAs' property on Organization,Add the properties listed in Current value.,Organization 'Semicolon',,200,yes,Structured Data Report
http://localhost:3000/technologies/graphql-development,Optimization,P3 - improve,Completeness,Organization missing recommended properties,A schema object lacks recommended properties that improve rich results.,no 'contactPoint','contactPoint' property on Organization,Add the properties listed in Current value.,Organization 'Semicolon',,200,yes,Structured Data Report
http://localhost:3000/technologies/graphql-development,Optimization,P3 - improve,Completeness,WebSite missing recommended properties,A schema object lacks recommended properties that improve rich results.,no 'potentialAction','potentialAction' property on WebSite,Add the properties listed in Current value.,WebSite 'Semicolon',,200,yes,Structured Data Report
http://localhost:3000/technologies/graphql-development,Optimization,P3 - improve,Page type,FAQ section without FAQPage schema,The page has an FAQ section but no FAQPage schema.,,FAQPage JSON-LD with each question and answer,Generate FAQPage JSON-LD from the same FAQ data the page renders.,,,200,yes,Structured Data Report
http://localhost:3000/technologies/html5-development,Optimization,P3 - improve,Completeness,Organization missing recommended properties,A schema object lacks recommended properties that improve rich results.,no 'sameAs','sameAs' property on Organization,Add the properties listed in Current value.,Organization 'Semicolon',,200,yes,Structured Data Report
http://localhost:3000/technologies/html5-development,Optimization,P3 - improve,Completeness,Organization missing recommended properties,A schema object lacks recommended properties that improve rich results.,no 'contactPoint','contactPoint' property on Organization,Add the properties listed in Current value.,Organization 'Semicolon',,200,yes,Structured Data Report
http://localhost:3000/technologies/html5-development,Optimization,P3 - improve,Completeness,WebSite missing recommended properties,A schema object lacks recommended properties that improve rich results.,no 'potentialAction','potentialAction' property on WebSite,Add the properties listed in Current value.,WebSite 'Semicolon',,200,yes,Structured Data Report
http://localhost:3000/technologies/html5-development,Optimization,P3 - improve,Page type,FAQ section without FAQPage schema,The page has an FAQ section but no FAQPage schema.,,FAQPage JSON-LD with each question and answer,Generate FAQPage JSON-LD from the same FAQ data the page renders.,,,200,yes,Structured Data Report
http://localhost:3000/technologies/hugging-face-development,Optimization,P3 - improve,Completeness,Organization missing recommended properties,A schema object lacks recommended properties that improve rich results.,no 'sameAs','sameAs' property on Organization,Add the properties listed in Current value.,Organization 'Semicolon',,200,yes,Structured Data Report
http://localhost:3000/technologies/hugging-face-development,Optimization,P3 - improve,Completeness,Organization missing recommended properties,A schema object lacks recommended properties that improve rich results.,no 'contactPoint','contactPoint' property on Organization,Add the properties listed in Current value.,Organization 'Semicolon',,200,yes,Structured Data Report
http://localhost:3000/technologies/hugging-face-development,Optimization,P3 - improve,Completeness,WebSite missing recommended properties,A schema object lacks recommended properties that improve rich results.,no 'potentialAction','potentialAction' property on WebSite,Add the properties listed in Current value.,WebSite 'Semicolon',,200,yes,Structured Data Report
http://localhost:3000/technologies/hugging-face-development,Optimization,P3 - improve,Page type,FAQ section without FAQPage schema,The page has an FAQ section but no FAQPage schema.,,FAQPage JSON-LD with each question and answer,Generate FAQPage JSON-LD from the same FAQ data the page renders.,,,200,yes,Structured Data Report
http://localhost:3000/technologies/hybrid-cloud-computing,Optimization,P3 - improve,Completeness,Organization missing recommended properties,A schema object lacks recommended properties that improve rich results.,no 'sameAs','sameAs' property on Organization,Add the properties listed in Current value.,Organization 'Semicolon',,200,yes,Structured Data Report
http://localhost:3000/technologies/hybrid-cloud-computing,Optimization,P3 - improve,Completeness,Organization missing recommended properties,A schema object lacks recommended properties that improve rich results.,no 'contactPoint','contactPoint' property on Organization,Add the properties listed in Current value.,Organization 'Semicolon',,200,yes,Structured Data Report
http://localhost:3000/technologies/hybrid-cloud-computing,Optimization,P3 - improve,Completeness,WebSite missing recommended properties,A schema object lacks recommended properties that improve rich results.,no 'potentialAction','potentialAction' property on WebSite,Add the properties listed in Current value.,WebSite 'Semicolon',,200,yes,Structured Data Report
http://localhost:3000/technologies/hybrid-cloud-computing,Optimization,P3 - improve,Page type,FAQ section without FAQPage schema,The page has an FAQ section but no FAQPage schema.,,FAQPage JSON-LD with each question and answer,Generate FAQPage JSON-LD from the same FAQ data the page renders.,,,200,yes,Structured Data Report
http://localhost:3000/technologies/ibm-cloud-development,Optimization,P3 - improve,Completeness,Organization missing recommended properties,A schema object lacks recommended properties that improve rich results.,no 'sameAs','sameAs' property on Organization,Add the properties listed in Current value.,Organization 'Semicolon',,200,yes,Structured Data Report
http://localhost:3000/technologies/ibm-cloud-development,Optimization,P3 - improve,Completeness,Organization missing recommended properties,A schema object lacks recommended properties that improve rich results.,no 'contactPoint','contactPoint' property on Organization,Add the properties listed in Current value.,Organization 'Semicolon',,200,yes,Structured Data Report
http://localhost:3000/technologies/ibm-cloud-development,Optimization,P3 - improve,Completeness,WebSite missing recommended properties,A schema object lacks recommended properties that improve rich results.,no 'potentialAction','potentialAction' property on WebSite,Add the properties listed in Current value.,WebSite 'Semicolon',,200,yes,Structured Data Report
http://localhost:3000/technologies/ibm-cloud-development,Optimization,P3 - improve,Page type,FAQ section without FAQPage schema,The page has an FAQ section but no FAQPage schema.,,FAQPage JSON-LD with each question and answer,Generate FAQPage JSON-LD from the same FAQ data the page renders.,,,200,yes,Structured Data Report
http://localhost:3000/technologies/influencer-marketing,Optimization,P3 - improve,Completeness,Organization missing recommended properties,A schema object lacks recommended properties that improve rich results.,no 'sameAs','sameAs' property on Organization,Add the properties listed in Current value.,Organization 'Semicolon',,200,yes,Structured Data Report
http://localhost:3000/technologies/influencer-marketing,Optimization,P3 - improve,Completeness,Organization missing recommended properties,A schema object lacks recommended properties that improve rich results.,no 'contactPoint','contactPoint' property on Organization,Add the properties listed in Current value.,Organization 'Semicolon',,200,yes,Structured Data Report
http://localhost:3000/technologies/influencer-marketing,Optimization,P3 - improve,Completeness,WebSite missing recommended properties,A schema object lacks recommended properties that improve rich results.,no 'potentialAction','potentialAction' property on WebSite,Add the properties listed in Current value.,WebSite 'Semicolon',,200,yes,Structured Data Report
http://localhost:3000/technologies/influencer-marketing,Optimization,P3 - improve,Page type,FAQ section without FAQPage schema,The page has an FAQ section but no FAQPage schema.,,FAQPage JSON-LD with each question and answer,Generate FAQPage JSON-LD from the same FAQ data the page renders.,,,200,yes,Structured Data Report
http://localhost:3000/technologies/integration-testing,Optimization,P3 - improve,Completeness,Organization missing recommended properties,A schema object lacks recommended properties that improve rich results.,no 'sameAs','sameAs' property on Organization,Add the properties listed in Current value.,Organization 'Semicolon',,200,yes,Structured Data Report
http://localhost:3000/technologies/integration-testing,Optimization,P3 - improve,Completeness,Organization missing recommended properties,A schema object lacks recommended properties that improve rich results.,no 'contactPoint','contactPoint' property on Organization,Add the properties listed in Current value.,Organization 'Semicolon',,200,yes,Structured Data Report
http://localhost:3000/technologies/integration-testing,Optimization,P3 - improve,Completeness,WebSite missing recommended properties,A schema object lacks recommended properties that improve rich results.,no 'potentialAction','potentialAction' property on WebSite,Add the properties listed in Current value.,WebSite 'Semicolon',,200,yes,Structured Data Report
http://localhost:3000/technologies/integration-testing,Optimization,P3 - improve,Page type,FAQ section without FAQPage schema,The page has an FAQ section but no FAQPage schema.,,FAQPage JSON-LD with each question and answer,Generate FAQPage JSON-LD from the same FAQ data the page renders.,,,200,yes,Structured Data Report
http://localhost:3000/technologies/interaction-design,Optimization,P3 - improve,Completeness,Organization missing recommended properties,A schema object lacks recommended properties that improve rich results.,no 'sameAs','sameAs' property on Organization,Add the properties listed in Current value.,Organization 'Semicolon',,200,yes,Structured Data Report
http://localhost:3000/technologies/interaction-design,Optimization,P3 - improve,Completeness,Organization missing recommended properties,A schema object lacks recommended properties that improve rich results.,no 'contactPoint','contactPoint' property on Organization,Add the properties listed in Current value.,Organization 'Semicolon',,200,yes,Structured Data Report
http://localhost:3000/technologies/interaction-design,Optimization,P3 - improve,Completeness,WebSite missing recommended properties,A schema object lacks recommended properties that improve rich results.,no 'potentialAction','potentialAction' property on WebSite,Add the properties listed in Current value.,WebSite 'Semicolon',,200,yes,Structured Data Report
http://localhost:3000/technologies/interaction-design,Optimization,P3 - improve,Page type,FAQ section without FAQPage schema,The page has an FAQ section but no FAQPage schema.,,FAQPage JSON-LD with each question and answer,Generate FAQPage JSON-LD from the same FAQ data the page renders.,,,200,yes,Structured Data Report
http://localhost:3000/technologies/inventory-management-development,Optimization,P3 - improve,Completeness,Organization missing recommended properties,A schema object lacks recommended properties that improve rich results.,no 'sameAs','sameAs' property on Organization,Add the properties listed in Current value.,Organization 'Semicolon',,200,yes,Structured Data Report
http://localhost:3000/technologies/inventory-management-development,Optimization,P3 - improve,Completeness,Organization missing recommended properties,A schema object lacks recommended properties that improve rich results.,no 'contactPoint','contactPoint' property on Organization,Add the properties listed in Current value.,Organization 'Semicolon',,200,yes,Structured Data Report
http://localhost:3000/technologies/inventory-management-development,Optimization,P3 - improve,Completeness,WebSite missing recommended properties,A schema object lacks recommended properties that improve rich results.,no 'potentialAction','potentialAction' property on WebSite,Add the properties listed in Current value.,WebSite 'Semicolon',,200,yes,Structured Data Report
http://localhost:3000/technologies/inventory-management-development,Optimization,P3 - improve,Page type,FAQ section without FAQPage schema,The page has an FAQ section but no FAQPage schema.,,FAQPage JSON-LD with each question and answer,Generate FAQPage JSON-LD from the same FAQ data the page renders.,,,200,yes,Structured Data Report
http://localhost:3000/technologies/ionic-development,Optimization,P3 - improve,Completeness,Organization missing recommended properties,A schema object lacks recommended properties that improve rich results.,no 'sameAs','sameAs' property on Organization,Add the properties listed in Current value.,Organization 'Semicolon',,200,yes,Structured Data Report
http://localhost:3000/technologies/ionic-development,Optimization,P3 - improve,Completeness,Organization missing recommended properties,A schema object lacks recommended properties that improve rich results.,no 'contactPoint','contactPoint' property on Organization,Add the properties listed in Current value.,Organization 'Semicolon',,200,yes,Structured Data Report
http://localhost:3000/technologies/ionic-development,Optimization,P3 - improve,Completeness,WebSite missing recommended properties,A schema object lacks recommended properties that improve rich results.,no 'potentialAction','potentialAction' property on WebSite,Add the properties listed in Current value.,WebSite 'Semicolon',,200,yes,Structured Data Report
http://localhost:3000/technologies/ionic-development,Optimization,P3 - improve,Page type,FAQ section without FAQPage schema,The page has an FAQ section but no FAQPage schema.,,FAQPage JSON-LD with each question and answer,Generate FAQPage JSON-LD from the same FAQ data the page renders.,,,200,yes,Structured Data Report
http://localhost:3000/technologies/ios-app-development,Optimization,P3 - improve,Completeness,Organization missing recommended properties,A schema object lacks recommended properties that improve rich results.,no 'sameAs','sameAs' property on Organization,Add the properties listed in Current value.,Organization 'Semicolon',,200,yes,Structured Data Report
http://localhost:3000/technologies/ios-app-development,Optimization,P3 - improve,Completeness,Organization missing recommended properties,A schema object lacks recommended properties that improve rich results.,no 'contactPoint','contactPoint' property on Organization,Add the properties listed in Current value.,Organization 'Semicolon',,200,yes,Structured Data Report
http://localhost:3000/technologies/ios-app-development,Optimization,P3 - improve,Completeness,WebSite missing recommended properties,A schema object lacks recommended properties that improve rich results.,no 'potentialAction','potentialAction' property on WebSite,Add the properties listed in Current value.,WebSite 'Semicolon',,200,yes,Structured Data Report
http://localhost:3000/technologies/ios-app-development,Optimization,P3 - improve,Page type,FAQ section without FAQPage schema,The page has an FAQ section but no FAQPage schema.,,FAQPage JSON-LD with each question and answer,Generate FAQPage JSON-LD from the same FAQ data the page renders.,,,200,yes,Structured Data Report
http://localhost:3000/technologies/java-development,Optimization,P3 - improve,Completeness,Organization missing recommended properties,A schema object lacks recommended properties that improve rich results.,no 'sameAs','sameAs' property on Organization,Add the properties listed in Current value.,Organization 'Semicolon',,200,yes,Structured Data Report
http://localhost:3000/technologies/java-development,Optimization,P3 - improve,Completeness,Organization missing recommended properties,A schema object lacks recommended properties that improve rich results.,no 'contactPoint','contactPoint' property on Organization,Add the properties listed in Current value.,Organization 'Semicolon',,200,yes,Structured Data Report
http://localhost:3000/technologies/java-development,Optimization,P3 - improve,Completeness,WebSite missing recommended properties,A schema object lacks recommended properties that improve rich results.,no 'potentialAction','potentialAction' property on WebSite,Add the properties listed in Current value.,WebSite 'Semicolon',,200,yes,Structured Data Report
http://localhost:3000/technologies/java-development,Optimization,P3 - improve,Page type,FAQ section without FAQPage schema,The page has an FAQ section but no FAQPage schema.,,FAQPage JSON-LD with each question and answer,Generate FAQPage JSON-LD from the same FAQ data the page renders.,,,200,yes,Structured Data Report
http://localhost:3000/technologies/java-mobile-development,Optimization,P3 - improve,Completeness,Organization missing recommended properties,A schema object lacks recommended properties that improve rich results.,no 'sameAs','sameAs' property on Organization,Add the properties listed in Current value.,Organization 'Semicolon',,200,yes,Structured Data Report
http://localhost:3000/technologies/java-mobile-development,Optimization,P3 - improve,Completeness,Organization missing recommended properties,A schema object lacks recommended properties that improve rich results.,no 'contactPoint','contactPoint' property on Organization,Add the properties listed in Current value.,Organization 'Semicolon',,200,yes,Structured Data Report
http://localhost:3000/technologies/java-mobile-development,Optimization,P3 - improve,Completeness,WebSite missing recommended properties,A schema object lacks recommended properties that improve rich results.,no 'potentialAction','potentialAction' property on WebSite,Add the properties listed in Current value.,WebSite 'Semicolon',,200,yes,Structured Data Report
http://localhost:3000/technologies/java-mobile-development,Optimization,P3 - improve,Page type,FAQ section without FAQPage schema,The page has an FAQ section but no FAQPage schema.,,FAQPage JSON-LD with each question and answer,Generate FAQPage JSON-LD from the same FAQ data the page renders.,,,200,yes,Structured Data Report
http://localhost:3000/technologies/javascript-development,Optimization,P3 - improve,Completeness,Organization missing recommended properties,A schema object lacks recommended properties that improve rich results.,no 'sameAs','sameAs' property on Organization,Add the properties listed in Current value.,Organization 'Semicolon',,200,yes,Structured Data Report
http://localhost:3000/technologies/javascript-development,Optimization,P3 - improve,Completeness,Organization missing recommended properties,A schema object lacks recommended properties that improve rich results.,no 'contactPoint','contactPoint' property on Organization,Add the properties listed in Current value.,Organization 'Semicolon',,200,yes,Structured Data Report
http://localhost:3000/technologies/javascript-development,Optimization,P3 - improve,Completeness,WebSite missing recommended properties,A schema object lacks recommended properties that improve rich results.,no 'potentialAction','potentialAction' property on WebSite,Add the properties listed in Current value.,WebSite 'Semicolon',,200,yes,Structured Data Report
http://localhost:3000/technologies/javascript-development,Optimization,P3 - improve,Page type,FAQ section without FAQPage schema,The page has an FAQ section but no FAQPage schema.,,FAQPage JSON-LD with each question and answer,Generate FAQPage JSON-LD from the same FAQ data the page renders.,,,200,yes,Structured Data Report
http://localhost:3000/technologies/jenkins-development,Optimization,P3 - improve,Completeness,Organization missing recommended properties,A schema object lacks recommended properties that improve rich results.,no 'sameAs','sameAs' property on Organization,Add the properties listed in Current value.,Organization 'Semicolon',,200,yes,Structured Data Report
http://localhost:3000/technologies/jenkins-development,Optimization,P3 - improve,Completeness,Organization missing recommended properties,A schema object lacks recommended properties that improve rich results.,no 'contactPoint','contactPoint' property on Organization,Add the properties listed in Current value.,Organization 'Semicolon',,200,yes,Structured Data Report
http://localhost:3000/technologies/jenkins-development,Optimization,P3 - improve,Completeness,WebSite missing recommended properties,A schema object lacks recommended properties that improve rich results.,no 'potentialAction','potentialAction' property on WebSite,Add the properties listed in Current value.,WebSite 'Semicolon',,200,yes,Structured Data Report
http://localhost:3000/technologies/jenkins-development,Optimization,P3 - improve,Page type,FAQ section without FAQPage schema,The page has an FAQ section but no FAQPage schema.,,FAQPage JSON-LD with each question and answer,Generate FAQPage JSON-LD from the same FAQ data the page renders.,,,200,yes,Structured Data Report
http://localhost:3000/technologies/jest-testing,Optimization,P3 - improve,Completeness,Organization missing recommended properties,A schema object lacks recommended properties that improve rich results.,no 'sameAs','sameAs' property on Organization,Add the properties listed in Current value.,Organization 'Semicolon',,200,yes,Structured Data Report
http://localhost:3000/technologies/jest-testing,Optimization,P3 - improve,Completeness,Organization missing recommended properties,A schema object lacks recommended properties that improve rich results.,no 'contactPoint','contactPoint' property on Organization,Add the properties listed in Current value.,Organization 'Semicolon',,200,yes,Structured Data Report
http://localhost:3000/technologies/jest-testing,Optimization,P3 - improve,Completeness,WebSite missing recommended properties,A schema object lacks recommended properties that improve rich results.,no 'potentialAction','potentialAction' property on WebSite,Add the properties listed in Current value.,WebSite 'Semicolon',,200,yes,Structured Data Report
http://localhost:3000/technologies/jest-testing,Optimization,P3 - improve,Page type,FAQ section without FAQPage schema,The page has an FAQ section but no FAQPage schema.,,FAQPage JSON-LD with each question and answer,Generate FAQPage JSON-LD from the same FAQ data the page renders.,,,200,yes,Structured Data Report
http://localhost:3000/technologies/joomla-development,Optimization,P3 - improve,Completeness,Organization missing recommended properties,A schema object lacks recommended properties that improve rich results.,no 'sameAs','sameAs' property on Organization,Add the properties listed in Current value.,Organization 'Semicolon',,200,yes,Structured Data Report
http://localhost:3000/technologies/joomla-development,Optimization,P3 - improve,Completeness,Organization missing recommended properties,A schema object lacks recommended properties that improve rich results.,no 'contactPoint','contactPoint' property on Organization,Add the properties listed in Current value.,Organization 'Semicolon',,200,yes,Structured Data Report
http://localhost:3000/technologies/joomla-development,Optimization,P3 - improve,Completeness,WebSite missing recommended properties,A schema object lacks recommended properties that improve rich results.,no 'potentialAction','potentialAction' property on WebSite,Add the properties listed in Current value.,WebSite 'Semicolon',,200,yes,Structured Data Report
http://localhost:3000/technologies/joomla-development,Optimization,P3 - improve,Page type,FAQ section without FAQPage schema,The page has an FAQ section but no FAQPage schema.,,FAQPage JSON-LD with each question and answer,Generate FAQPage JSON-LD from the same FAQ data the page renders.,,,200,yes,Structured Data Report
http://localhost:3000/technologies/jquery-development,Optimization,P3 - improve,Completeness,Organization missing recommended properties,A schema object lacks recommended properties that improve rich results.,no 'sameAs','sameAs' property on Organization,Add the properties listed in Current value.,Organization 'Semicolon',,200,yes,Structured Data Report
http://localhost:3000/technologies/jquery-development,Optimization,P3 - improve,Completeness,Organization missing recommended properties,A schema object lacks recommended properties that improve rich results.,no 'contactPoint','contactPoint' property on Organization,Add the properties listed in Current value.,Organization 'Semicolon',,200,yes,Structured Data Report
http://localhost:3000/technologies/jquery-development,Optimization,P3 - improve,Completeness,WebSite missing recommended properties,A schema object lacks recommended properties that improve rich results.,no 'potentialAction','potentialAction' property on WebSite,Add the properties listed in Current value.,WebSite 'Semicolon',,200,yes,Structured Data Report
http://localhost:3000/technologies/jquery-development,Optimization,P3 - improve,Page type,FAQ section without FAQPage schema,The page has an FAQ section but no FAQPage schema.,,FAQPage JSON-LD with each question and answer,Generate FAQPage JSON-LD from the same FAQ data the page renders.,,,200,yes,Structured Data Report
http://localhost:3000/technologies/kotlin-development,Optimization,P3 - improve,Completeness,Organization missing recommended properties,A schema object lacks recommended properties that improve rich results.,no 'sameAs','sameAs' property on Organization,Add the properties listed in Current value.,Organization 'Semicolon',,200,yes,Structured Data Report
http://localhost:3000/technologies/kotlin-development,Optimization,P3 - improve,Completeness,Organization missing recommended properties,A schema object lacks recommended properties that improve rich results.,no 'contactPoint','contactPoint' property on Organization,Add the properties listed in Current value.,Organization 'Semicolon',,200,yes,Structured Data Report
http://localhost:3000/technologies/kotlin-development,Optimization,P3 - improve,Completeness,WebSite missing recommended properties,A schema object lacks recommended properties that improve rich results.,no 'potentialAction','potentialAction' property on WebSite,Add the properties listed in Current value.,WebSite 'Semicolon',,200,yes,Structured Data Report
http://localhost:3000/technologies/kotlin-development,Optimization,P3 - improve,Page type,FAQ section without FAQPage schema,The page has an FAQ section but no FAQPage schema.,,FAQPage JSON-LD with each question and answer,Generate FAQPage JSON-LD from the same FAQ data the page renders.,,,200,yes,Structured Data Report
http://localhost:3000/technologies/kubernetes-development,Optimization,P3 - improve,Completeness,Organization missing recommended properties,A schema object lacks recommended properties that improve rich results.,no 'sameAs','sameAs' property on Organization,Add the properties listed in Current value.,Organization 'Semicolon',,200,yes,Structured Data Report
http://localhost:3000/technologies/kubernetes-development,Optimization,P3 - improve,Completeness,Organization missing recommended properties,A schema object lacks recommended properties that improve rich results.,no 'contactPoint','contactPoint' property on Organization,Add the properties listed in Current value.,Organization 'Semicolon',,200,yes,Structured Data Report
http://localhost:3000/technologies/kubernetes-development,Optimization,P3 - improve,Completeness,WebSite missing recommended properties,A schema object lacks recommended properties that improve rich results.,no 'potentialAction','potentialAction' property on WebSite,Add the properties listed in Current value.,WebSite 'Semicolon',,200,yes,Structured Data Report
http://localhost:3000/technologies/kubernetes-development,Optimization,P3 - improve,Page type,FAQ section without FAQPage schema,The page has an FAQ section but no FAQPage schema.,,FAQPage JSON-LD with each question and answer,Generate FAQPage JSON-LD from the same FAQ data the page renders.,,,200,yes,Structured Data Report
http://localhost:3000/technologies/langchain-development,Optimization,P3 - improve,Completeness,Organization missing recommended properties,A schema object lacks recommended properties that improve rich results.,no 'sameAs','sameAs' property on Organization,Add the properties listed in Current value.,Organization 'Semicolon',,200,yes,Structured Data Report
http://localhost:3000/technologies/langchain-development,Optimization,P3 - improve,Completeness,Organization missing recommended properties,A schema object lacks recommended properties that improve rich results.,no 'contactPoint','contactPoint' property on Organization,Add the properties listed in Current value.,Organization 'Semicolon',,200,yes,Structured Data Report
http://localhost:3000/technologies/langchain-development,Optimization,P3 - improve,Completeness,WebSite missing recommended properties,A schema object lacks recommended properties that improve rich results.,no 'potentialAction','potentialAction' property on WebSite,Add the properties listed in Current value.,WebSite 'Semicolon',,200,yes,Structured Data Report
http://localhost:3000/technologies/langchain-development,Optimization,P3 - improve,Page type,FAQ section without FAQPage schema,The page has an FAQ section but no FAQPage schema.,,FAQPage JSON-LD with each question and answer,Generate FAQPage JSON-LD from the same FAQ data the page renders.,,,200,yes,Structured Data Report
http://localhost:3000/technologies/laravel-development,Optimization,P3 - improve,Completeness,Organization missing recommended properties,A schema object lacks recommended properties that improve rich results.,no 'sameAs','sameAs' property on Organization,Add the properties listed in Current value.,Organization 'Semicolon',,200,yes,Structured Data Report
http://localhost:3000/technologies/laravel-development,Optimization,P3 - improve,Completeness,Organization missing recommended properties,A schema object lacks recommended properties that improve rich results.,no 'contactPoint','contactPoint' property on Organization,Add the properties listed in Current value.,Organization 'Semicolon',,200,yes,Structured Data Report
http://localhost:3000/technologies/laravel-development,Optimization,P3 - improve,Completeness,WebSite missing recommended properties,A schema object lacks recommended properties that improve rich results.,no 'potentialAction','potentialAction' property on WebSite,Add the properties listed in Current value.,WebSite 'Semicolon',,200,yes,Structured Data Report
http://localhost:3000/technologies/laravel-development,Optimization,P3 - improve,Page type,FAQ section without FAQPage schema,The page has an FAQ section but no FAQPage schema.,,FAQPage JSON-LD with each question and answer,Generate FAQPage JSON-LD from the same FAQ data the page renders.,,,200,yes,Structured Data Report
http://localhost:3000/technologies/linux-development,Optimization,P3 - improve,Completeness,Organization missing recommended properties,A schema object lacks recommended properties that improve rich results.,no 'sameAs','sameAs' property on Organization,Add the properties listed in Current value.,Organization 'Semicolon',,200,yes,Structured Data Report
http://localhost:3000/technologies/linux-development,Optimization,P3 - improve,Completeness,Organization missing recommended properties,A schema object lacks recommended properties that improve rich results.,no 'contactPoint','contactPoint' property on Organization,Add the properties listed in Current value.,Organization 'Semicolon',,200,yes,Structured Data Report
http://localhost:3000/technologies/linux-development,Optimization,P3 - improve,Completeness,WebSite missing recommended properties,A schema object lacks recommended properties that improve rich results.,no 'potentialAction','potentialAction' property on WebSite,Add the properties listed in Current value.,WebSite 'Semicolon',,200,yes,Structured Data Report
http://localhost:3000/technologies/linux-development,Optimization,P3 - improve,Page type,FAQ section without FAQPage schema,The page has an FAQ section but no FAQPage schema.,,FAQPage JSON-LD with each question and answer,Generate FAQPage JSON-LD from the same FAQ data the page renders.,,,200,yes,Structured Data Report
http://localhost:3000/technologies/local-seo-services,Optimization,P3 - improve,Completeness,Organization missing recommended properties,A schema object lacks recommended properties that improve rich results.,no 'sameAs','sameAs' property on Organization,Add the properties listed in Current value.,Organization 'Semicolon',,200,yes,Structured Data Report
http://localhost:3000/technologies/local-seo-services,Optimization,P3 - improve,Completeness,Organization missing recommended properties,A schema object lacks recommended properties that improve rich results.,no 'contactPoint','contactPoint' property on Organization,Add the properties listed in Current value.,Organization 'Semicolon',,200,yes,Structured Data Report
http://localhost:3000/technologies/local-seo-services,Optimization,P3 - improve,Completeness,WebSite missing recommended properties,A schema object lacks recommended properties that improve rich results.,no 'potentialAction','potentialAction' property on WebSite,Add the properties listed in Current value.,WebSite 'Semicolon',,200,yes,Structured Data Report
http://localhost:3000/technologies/local-seo-services,Optimization,P3 - improve,Page type,FAQ section without FAQPage schema,The page has an FAQ section but no FAQPage schema.,,FAQPage JSON-LD with each question and answer,Generate FAQPage JSON-LD from the same FAQ data the page renders.,,,200,yes,Structured Data Report
http://localhost:3000/technologies/machine-learning-development,Optimization,P3 - improve,Completeness,Organization missing recommended properties,A schema object lacks recommended properties that improve rich results.,no 'sameAs','sameAs' property on Organization,Add the properties listed in Current value.,Organization 'Semicolon',,200,yes,Structured Data Report
http://localhost:3000/technologies/machine-learning-development,Optimization,P3 - improve,Completeness,Organization missing recommended properties,A schema object lacks recommended properties that improve rich results.,no 'contactPoint','contactPoint' property on Organization,Add the properties listed in Current value.,Organization 'Semicolon',,200,yes,Structured Data Report
http://localhost:3000/technologies/machine-learning-development,Optimization,P3 - improve,Completeness,WebSite missing recommended properties,A schema object lacks recommended properties that improve rich results.,no 'potentialAction','potentialAction' property on WebSite,Add the properties listed in Current value.,WebSite 'Semicolon',,200,yes,Structured Data Report
http://localhost:3000/technologies/machine-learning-development,Optimization,P3 - improve,Page type,FAQ section without FAQPage schema,The page has an FAQ section but no FAQPage schema.,,FAQPage JSON-LD with each question and answer,Generate FAQPage JSON-LD from the same FAQ data the page renders.,,,200,yes,Structured Data Report
http://localhost:3000/technologies/magento-cms-development,Optimization,P3 - improve,Completeness,Organization missing recommended properties,A schema object lacks recommended properties that improve rich results.,no 'sameAs','sameAs' property on Organization,Add the properties listed in Current value.,Organization 'Semicolon',,200,yes,Structured Data Report
http://localhost:3000/technologies/magento-cms-development,Optimization,P3 - improve,Completeness,Organization missing recommended properties,A schema object lacks recommended properties that improve rich results.,no 'contactPoint','contactPoint' property on Organization,Add the properties listed in Current value.,Organization 'Semicolon',,200,yes,Structured Data Report
http://localhost:3000/technologies/magento-cms-development,Optimization,P3 - improve,Completeness,WebSite missing recommended properties,A schema object lacks recommended properties that improve rich results.,no 'potentialAction','potentialAction' property on WebSite,Add the properties listed in Current value.,WebSite 'Semicolon',,200,yes,Structured Data Report
http://localhost:3000/technologies/magento-cms-development,Optimization,P3 - improve,Page type,FAQ section without FAQPage schema,The page has an FAQ section but no FAQPage schema.,,FAQPage JSON-LD with each question and answer,Generate FAQPage JSON-LD from the same FAQ data the page renders.,,,200,yes,Structured Data Report
http://localhost:3000/technologies/magento-development,Optimization,P3 - improve,Completeness,Organization missing recommended properties,A schema object lacks recommended properties that improve rich results.,no 'sameAs','sameAs' property on Organization,Add the properties listed in Current value.,Organization 'Semicolon',,200,yes,Structured Data Report
http://localhost:3000/technologies/magento-development,Optimization,P3 - improve,Completeness,Organization missing recommended properties,A schema object lacks recommended properties that improve rich results.,no 'contactPoint','contactPoint' property on Organization,Add the properties listed in Current value.,Organization 'Semicolon',,200,yes,Structured Data Report
http://localhost:3000/technologies/magento-development,Optimization,P3 - improve,Completeness,WebSite missing recommended properties,A schema object lacks recommended properties that improve rich results.,no 'potentialAction','potentialAction' property on WebSite,Add the properties listed in Current value.,WebSite 'Semicolon',,200,yes,Structured Data Report
http://localhost:3000/technologies/magento-development,Optimization,P3 - improve,Page type,FAQ section without FAQPage schema,The page has an FAQ section but no FAQPage schema.,,FAQPage JSON-LD with each question and answer,Generate FAQPage JSON-LD from the same FAQ data the page renders.,,,200,yes,Structured Data Report
http://localhost:3000/technologies/manual-testing,Optimization,P3 - improve,Completeness,Organization missing recommended properties,A schema object lacks recommended properties that improve rich results.,no 'sameAs','sameAs' property on Organization,Add the properties listed in Current value.,Organization 'Semicolon',,200,yes,Structured Data Report
http://localhost:3000/technologies/manual-testing,Optimization,P3 - improve,Completeness,Organization missing recommended properties,A schema object lacks recommended properties that improve rich results.,no 'contactPoint','contactPoint' property on Organization,Add the properties listed in Current value.,Organization 'Semicolon',,200,yes,Structured Data Report
http://localhost:3000/technologies/manual-testing,Optimization,P3 - improve,Completeness,WebSite missing recommended properties,A schema object lacks recommended properties that improve rich results.,no 'potentialAction','potentialAction' property on WebSite,Add the properties listed in Current value.,WebSite 'Semicolon',,200,yes,Structured Data Report
http://localhost:3000/technologies/manual-testing,Optimization,P3 - improve,Page type,FAQ section without FAQPage schema,The page has an FAQ section but no FAQPage schema.,,FAQPage JSON-LD with each question and answer,Generate FAQPage JSON-LD from the same FAQ data the page renders.,,,200,yes,Structured Data Report
http://localhost:3000/technologies/mariadb-development,Optimization,P3 - improve,Completeness,Organization missing recommended properties,A schema object lacks recommended properties that improve rich results.,no 'sameAs','sameAs' property on Organization,Add the properties listed in Current value.,Organization 'Semicolon',,200,yes,Structured Data Report
http://localhost:3000/technologies/mariadb-development,Optimization,P3 - improve,Completeness,Organization missing recommended properties,A schema object lacks recommended properties that improve rich results.,no 'contactPoint','contactPoint' property on Organization,Add the properties listed in Current value.,Organization 'Semicolon',,200,yes,Structured Data Report
http://localhost:3000/technologies/mariadb-development,Optimization,P3 - improve,Completeness,WebSite missing recommended properties,A schema object lacks recommended properties that improve rich results.,no 'potentialAction','potentialAction' property on WebSite,Add the properties listed in Current value.,WebSite 'Semicolon',,200,yes,Structured Data Report
http://localhost:3000/technologies/mariadb-development,Optimization,P3 - improve,Page type,FAQ section without FAQPage schema,The page has an FAQ section but no FAQPage schema.,,FAQPage JSON-LD with each question and answer,Generate FAQPage JSON-LD from the same FAQ data the page renders.,,,200,yes,Structured Data Report
http://localhost:3000/technologies/marketing-automation,Optimization,P3 - improve,Completeness,Organization missing recommended properties,A schema object lacks recommended properties that improve rich results.,no 'sameAs','sameAs' property on Organization,Add the properties listed in Current value.,Organization 'Semicolon',,200,yes,Structured Data Report
http://localhost:3000/technologies/marketing-automation,Optimization,P3 - improve,Completeness,Organization missing recommended properties,A schema object lacks recommended properties that improve rich results.,no 'contactPoint','contactPoint' property on Organization,Add the properties listed in Current value.,Organization 'Semicolon',,200,yes,Structured Data Report
http://localhost:3000/technologies/marketing-automation,Optimization,P3 - improve,Completeness,WebSite missing recommended properties,A schema object lacks recommended properties that improve rich results.,no 'potentialAction','potentialAction' property on WebSite,Add the properties listed in Current value.,WebSite 'Semicolon',,200,yes,Structured Data Report
http://localhost:3000/technologies/marketing-automation,Optimization,P3 - improve,Page type,FAQ section without FAQPage schema,The page has an FAQ section but no FAQPage schema.,,FAQPage JSON-LD with each question and answer,Generate FAQPage JSON-LD from the same FAQ data the page renders.,,,200,yes,Structured Data Report
http://localhost:3000/technologies/material-ui-development,Optimization,P3 - improve,Completeness,Organization missing recommended properties,A schema object lacks recommended properties that improve rich results.,no 'sameAs','sameAs' property on Organization,Add the properties listed in Current value.,Organization 'Semicolon',,200,yes,Structured Data Report
http://localhost:3000/technologies/material-ui-development,Optimization,P3 - improve,Completeness,Organization missing recommended properties,A schema object lacks recommended properties that improve rich results.,no 'contactPoint','contactPoint' property on Organization,Add the properties listed in Current value.,Organization 'Semicolon',,200,yes,Structured Data Report
http://localhost:3000/technologies/material-ui-development,Optimization,P3 - improve,Completeness,WebSite missing recommended properties,A schema object lacks recommended properties that improve rich results.,no 'potentialAction','potentialAction' property on WebSite,Add the properties listed in Current value.,WebSite 'Semicolon',,200,yes,Structured Data Report
http://localhost:3000/technologies/material-ui-development,Optimization,P3 - improve,Page type,FAQ section without FAQPage schema,The page has an FAQ section but no FAQPage schema.,,FAQPage JSON-LD with each question and answer,Generate FAQPage JSON-LD from the same FAQ data the page renders.,,,200,yes,Structured Data Report
http://localhost:3000/technologies/mobile-app-marketing,Optimization,P3 - improve,Completeness,Organization missing recommended properties,A schema object lacks recommended properties that improve rich results.,no 'sameAs','sameAs' property on Organization,Add the properties listed in Current value.,Organization 'Semicolon',,200,yes,Structured Data Report
http://localhost:3000/technologies/mobile-app-marketing,Optimization,P3 - improve,Completeness,Organization missing recommended properties,A schema object lacks recommended properties that improve rich results.,no 'contactPoint','contactPoint' property on Organization,Add the properties listed in Current value.,Organization 'Semicolon',,200,yes,Structured Data Report
http://localhost:3000/technologies/mobile-app-marketing,Optimization,P3 - improve,Completeness,WebSite missing recommended properties,A schema object lacks recommended properties that improve rich results.,no 'potentialAction','potentialAction' property on WebSite,Add the properties listed in Current value.,WebSite 'Semicolon',,200,yes,Structured Data Report
http://localhost:3000/technologies/mobile-app-marketing,Optimization,P3 - improve,Page type,FAQ section without FAQPage schema,The page has an FAQ section but no FAQPage schema.,,FAQPage JSON-LD with each question and answer,Generate FAQPage JSON-LD from the same FAQ data the page renders.,,,200,yes,Structured Data Report
http://localhost:3000/technologies/mongodb-development,Optimization,P3 - improve,Completeness,Organization missing recommended properties,A schema object lacks recommended properties that improve rich results.,no 'sameAs','sameAs' property on Organization,Add the properties listed in Current value.,Organization 'Semicolon',,200,yes,Structured Data Report
http://localhost:3000/technologies/mongodb-development,Optimization,P3 - improve,Completeness,Organization missing recommended properties,A schema object lacks recommended properties that improve rich results.,no 'contactPoint','contactPoint' property on Organization,Add the properties listed in Current value.,Organization 'Semicolon',,200,yes,Structured Data Report
http://localhost:3000/technologies/mongodb-development,Optimization,P3 - improve,Completeness,WebSite missing recommended properties,A schema object lacks recommended properties that improve rich results.,no 'potentialAction','potentialAction' property on WebSite,Add the properties listed in Current value.,WebSite 'Semicolon',,200,yes,Structured Data Report
http://localhost:3000/technologies/mongodb-development,Optimization,P3 - improve,Page type,FAQ section without FAQPage schema,The page has an FAQ section but no FAQPage schema.,,FAQPage JSON-LD with each question and answer,Generate FAQPage JSON-LD from the same FAQ data the page renders.,,,200,yes,Structured Data Report
http://localhost:3000/technologies/mysql-development,Optimization,P3 - improve,Completeness,Organization missing recommended properties,A schema object lacks recommended properties that improve rich results.,no 'sameAs','sameAs' property on Organization,Add the properties listed in Current value.,Organization 'Semicolon',,200,yes,Structured Data Report
http://localhost:3000/technologies/mysql-development,Optimization,P3 - improve,Completeness,Organization missing recommended properties,A schema object lacks recommended properties that improve rich results.,no 'contactPoint','contactPoint' property on Organization,Add the properties listed in Current value.,Organization 'Semicolon',,200,yes,Structured Data Report
http://localhost:3000/technologies/mysql-development,Optimization,P3 - improve,Completeness,WebSite missing recommended properties,A schema object lacks recommended properties that improve rich results.,no 'potentialAction','potentialAction' property on WebSite,Add the properties listed in Current value.,WebSite 'Semicolon',,200,yes,Structured Data Report
http://localhost:3000/technologies/mysql-development,Optimization,P3 - improve,Page type,FAQ section without FAQPage schema,The page has an FAQ section but no FAQPage schema.,,FAQPage JSON-LD with each question and answer,Generate FAQPage JSON-LD from the same FAQ data the page renders.,,,200,yes,Structured Data Report
http://localhost:3000/technologies/nestjs-development,Optimization,P3 - improve,Completeness,Organization missing recommended properties,A schema object lacks recommended properties that improve rich results.,no 'sameAs','sameAs' property on Organization,Add the properties listed in Current value.,Organization 'Semicolon',,200,yes,Structured Data Report
http://localhost:3000/technologies/nestjs-development,Optimization,P3 - improve,Completeness,Organization missing recommended properties,A schema object lacks recommended properties that improve rich results.,no 'contactPoint','contactPoint' property on Organization,Add the properties listed in Current value.,Organization 'Semicolon',,200,yes,Structured Data Report
http://localhost:3000/technologies/nestjs-development,Optimization,P3 - improve,Completeness,WebSite missing recommended properties,A schema object lacks recommended properties that improve rich results.,no 'potentialAction','potentialAction' property on WebSite,Add the properties listed in Current value.,WebSite 'Semicolon',,200,yes,Structured Data Report
http://localhost:3000/technologies/nestjs-development,Optimization,P3 - improve,Page type,FAQ section without FAQPage schema,The page has an FAQ section but no FAQPage schema.,,FAQPage JSON-LD with each question and answer,Generate FAQPage JSON-LD from the same FAQ data the page renders.,,,200,yes,Structured Data Report
http://localhost:3000/technologies/net-development,Optimization,P3 - improve,Completeness,Organization missing recommended properties,A schema object lacks recommended properties that improve rich results.,no 'sameAs','sameAs' property on Organization,Add the properties listed in Current value.,Organization 'Semicolon',,200,yes,Structured Data Report
http://localhost:3000/technologies/net-development,Optimization,P3 - improve,Completeness,Organization missing recommended properties,A schema object lacks recommended properties that improve rich results.,no 'contactPoint','contactPoint' property on Organization,Add the properties listed in Current value.,Organization 'Semicolon',,200,yes,Structured Data Report
http://localhost:3000/technologies/net-development,Optimization,P3 - improve,Completeness,WebSite missing recommended properties,A schema object lacks recommended properties that improve rich results.,no 'potentialAction','potentialAction' property on WebSite,Add the properties listed in Current value.,WebSite 'Semicolon',,200,yes,Structured Data Report
http://localhost:3000/technologies/net-development,Optimization,P3 - improve,Page type,FAQ section without FAQPage schema,The page has an FAQ section but no FAQPage schema.,,FAQPage JSON-LD with each question and answer,Generate FAQPage JSON-LD from the same FAQ data the page renders.,,,200,yes,Structured Data Report
http://localhost:3000/technologies/netlify-development,Optimization,P3 - improve,Completeness,Organization missing recommended properties,A schema object lacks recommended properties that improve rich results.,no 'sameAs','sameAs' property on Organization,Add the properties listed in Current value.,Organization 'Semicolon',,200,yes,Structured Data Report
http://localhost:3000/technologies/netlify-development,Optimization,P3 - improve,Completeness,Organization missing recommended properties,A schema object lacks recommended properties that improve rich results.,no 'contactPoint','contactPoint' property on Organization,Add the properties listed in Current value.,Organization 'Semicolon',,200,yes,Structured Data Report
http://localhost:3000/technologies/netlify-development,Optimization,P3 - improve,Completeness,WebSite missing recommended properties,A schema object lacks recommended properties that improve rich results.,no 'potentialAction','potentialAction' property on WebSite,Add the properties listed in Current value.,WebSite 'Semicolon',,200,yes,Structured Data Report
http://localhost:3000/technologies/netlify-development,Optimization,P3 - improve,Page type,FAQ section without FAQPage schema,The page has an FAQ section but no FAQPage schema.,,FAQPage JSON-LD with each question and answer,Generate FAQPage JSON-LD from the same FAQ data the page renders.,,,200,yes,Structured Data Report
http://localhost:3000/technologies/nextjs-development,Optimization,P3 - improve,Completeness,Organization missing recommended properties,A schema object lacks recommended properties that improve rich results.,no 'sameAs','sameAs' property on Organization,Add the properties listed in Current value.,Organization 'Semicolon',,200,yes,Structured Data Report
http://localhost:3000/technologies/nextjs-development,Optimization,P3 - improve,Completeness,Organization missing recommended properties,A schema object lacks recommended properties that improve rich results.,no 'contactPoint','contactPoint' property on Organization,Add the properties listed in Current value.,Organization 'Semicolon',,200,yes,Structured Data Report
http://localhost:3000/technologies/nextjs-development,Optimization,P3 - improve,Completeness,WebSite missing recommended properties,A schema object lacks recommended properties that improve rich results.,no 'potentialAction','potentialAction' property on WebSite,Add the properties listed in Current value.,WebSite 'Semicolon',,200,yes,Structured Data Report
http://localhost:3000/technologies/nextjs-development,Optimization,P3 - improve,Page type,FAQ section without FAQPage schema,The page has an FAQ section but no FAQPage schema.,,FAQPage JSON-LD with each question and answer,Generate FAQPage JSON-LD from the same FAQ data the page renders.,,,200,yes,Structured Data Report
http://localhost:3000/technologies/nginx-development,Optimization,P3 - improve,Completeness,Organization missing recommended properties,A schema object lacks recommended properties that improve rich results.,no 'sameAs','sameAs' property on Organization,Add the properties listed in Current value.,Organization 'Semicolon',,200,yes,Structured Data Report
http://localhost:3000/technologies/nginx-development,Optimization,P3 - improve,Completeness,Organization missing recommended properties,A schema object lacks recommended properties that improve rich results.,no 'contactPoint','contactPoint' property on Organization,Add the properties listed in Current value.,Organization 'Semicolon',,200,yes,Structured Data Report
http://localhost:3000/technologies/nginx-development,Optimization,P3 - improve,Completeness,WebSite missing recommended properties,A schema object lacks recommended properties that improve rich results.,no 'potentialAction','potentialAction' property on WebSite,Add the properties listed in Current value.,WebSite 'Semicolon',,200,yes,Structured Data Report
http://localhost:3000/technologies/nginx-development,Optimization,P3 - improve,Page type,FAQ section without FAQPage schema,The page has an FAQ section but no FAQPage schema.,,FAQPage JSON-LD with each question and answer,Generate FAQPage JSON-LD from the same FAQ data the page renders.,,,200,yes,Structured Data Report
http://localhost:3000/technologies/nlp-development,Optimization,P3 - improve,Completeness,Organization missing recommended properties,A schema object lacks recommended properties that improve rich results.,no 'sameAs','sameAs' property on Organization,Add the properties listed in Current value.,Organization 'Semicolon',,200,yes,Structured Data Report
http://localhost:3000/technologies/nlp-development,Optimization,P3 - improve,Completeness,Organization missing recommended properties,A schema object lacks recommended properties that improve rich results.,no 'contactPoint','contactPoint' property on Organization,Add the properties listed in Current value.,Organization 'Semicolon',,200,yes,Structured Data Report
http://localhost:3000/technologies/nlp-development,Optimization,P3 - improve,Completeness,WebSite missing recommended properties,A schema object lacks recommended properties that improve rich results.,no 'potentialAction','potentialAction' property on WebSite,Add the properties listed in Current value.,WebSite 'Semicolon',,200,yes,Structured Data Report
http://localhost:3000/technologies/nlp-development,Optimization,P3 - improve,Page type,FAQ section without FAQPage schema,The page has an FAQ section but no FAQPage schema.,,FAQPage JSON-LD with each question and answer,Generate FAQPage JSON-LD from the same FAQ data the page renders.,,,200,yes,Structured Data Report
http://localhost:3000/technologies/nodejs-development,Optimization,P3 - improve,Completeness,Organization missing recommended properties,A schema object lacks recommended properties that improve rich results.,no 'sameAs','sameAs' property on Organization,Add the properties listed in Current value.,Organization 'Semicolon',,200,yes,Structured Data Report
http://localhost:3000/technologies/nodejs-development,Optimization,P3 - improve,Completeness,Organization missing recommended properties,A schema object lacks recommended properties that improve rich results.,no 'contactPoint','contactPoint' property on Organization,Add the properties listed in Current value.,Organization 'Semicolon',,200,yes,Structured Data Report
http://localhost:3000/technologies/nodejs-development,Optimization,P3 - improve,Completeness,WebSite missing recommended properties,A schema object lacks recommended properties that improve rich results.,no 'potentialAction','potentialAction' property on WebSite,Add the properties listed in Current value.,WebSite 'Semicolon',,200,yes,Structured Data Report
http://localhost:3000/technologies/nodejs-development,Optimization,P3 - improve,Page type,FAQ section without FAQPage schema,The page has an FAQ section but no FAQPage schema.,,FAQPage JSON-LD with each question and answer,Generate FAQPage JSON-LD from the same FAQ data the page renders.,,,200,yes,Structured Data Report
http://localhost:3000/technologies/nopcommerce-development,Optimization,P3 - improve,Completeness,Organization missing recommended properties,A schema object lacks recommended properties that improve rich results.,no 'sameAs','sameAs' property on Organization,Add the properties listed in Current value.,Organization 'Semicolon',,200,yes,Structured Data Report
http://localhost:3000/technologies/nopcommerce-development,Optimization,P3 - improve,Completeness,Organization missing recommended properties,A schema object lacks recommended properties that improve rich results.,no 'contactPoint','contactPoint' property on Organization,Add the properties listed in Current value.,Organization 'Semicolon',,200,yes,Structured Data Report
http://localhost:3000/technologies/nopcommerce-development,Optimization,P3 - improve,Completeness,WebSite missing recommended properties,A schema object lacks recommended properties that improve rich results.,no 'potentialAction','potentialAction' property on WebSite,Add the properties listed in Current value.,WebSite 'Semicolon',,200,yes,Structured Data Report
http://localhost:3000/technologies/nopcommerce-development,Optimization,P3 - improve,Page type,FAQ section without FAQPage schema,The page has an FAQ section but no FAQPage schema.,,FAQPage JSON-LD with each question and answer,Generate FAQPage JSON-LD from the same FAQ data the page renders.,,,200,yes,Structured Data Report
http://localhost:3000/technologies/nuxtjs-development,Optimization,P3 - improve,Completeness,Organization missing recommended properties,A schema object lacks recommended properties that improve rich results.,no 'sameAs','sameAs' property on Organization,Add the properties listed in Current value.,Organization 'Semicolon',,200,yes,Structured Data Report
http://localhost:3000/technologies/nuxtjs-development,Optimization,P3 - improve,Completeness,Organization missing recommended properties,A schema object lacks recommended properties that improve rich results.,no 'contactPoint','contactPoint' property on Organization,Add the properties listed in Current value.,Organization 'Semicolon',,200,yes,Structured Data Report
http://localhost:3000/technologies/nuxtjs-development,Optimization,P3 - improve,Completeness,WebSite missing recommended properties,A schema object lacks recommended properties that improve rich results.,no 'potentialAction','potentialAction' property on WebSite,Add the properties listed in Current value.,WebSite 'Semicolon',,200,yes,Structured Data Report
http://localhost:3000/technologies/nuxtjs-development,Optimization,P3 - improve,Page type,FAQ section without FAQPage schema,The page has an FAQ section but no FAQPage schema.,,FAQPage JSON-LD with each question and answer,Generate FAQPage JSON-LD from the same FAQ data the page renders.,,,200,yes,Structured Data Report
http://localhost:3000/technologies/online-reputation-management,Optimization,P3 - improve,Completeness,Organization missing recommended properties,A schema object lacks recommended properties that improve rich results.,no 'sameAs','sameAs' property on Organization,Add the properties listed in Current value.,Organization 'Semicolon',,200,yes,Structured Data Report
http://localhost:3000/technologies/online-reputation-management,Optimization,P3 - improve,Completeness,Organization missing recommended properties,A schema object lacks recommended properties that improve rich results.,no 'contactPoint','contactPoint' property on Organization,Add the properties listed in Current value.,Organization 'Semicolon',,200,yes,Structured Data Report
http://localhost:3000/technologies/online-reputation-management,Optimization,P3 - improve,Completeness,WebSite missing recommended properties,A schema object lacks recommended properties that improve rich results.,no 'potentialAction','potentialAction' property on WebSite,Add the properties listed in Current value.,WebSite 'Semicolon',,200,yes,Structured Data Report
http://localhost:3000/technologies/online-reputation-management,Optimization,P3 - improve,Page type,FAQ section without FAQPage schema,The page has an FAQ section but no FAQPage schema.,,FAQPage JSON-LD with each question and answer,Generate FAQPage JSON-LD from the same FAQ data the page renders.,,,200,yes,Structured Data Report
http://localhost:3000/technologies/online-reputation-management-orm,Optimization,P3 - improve,Completeness,Organization missing recommended properties,A schema object lacks recommended properties that improve rich results.,no 'sameAs','sameAs' property on Organization,Add the properties listed in Current value.,Organization 'Semicolon',,200,yes,Structured Data Report
http://localhost:3000/technologies/online-reputation-management-orm,Optimization,P3 - improve,Completeness,Organization missing recommended properties,A schema object lacks recommended properties that improve rich results.,no 'contactPoint','contactPoint' property on Organization,Add the properties listed in Current value.,Organization 'Semicolon',,200,yes,Structured Data Report
http://localhost:3000/technologies/online-reputation-management-orm,Optimization,P3 - improve,Completeness,WebSite missing recommended properties,A schema object lacks recommended properties that improve rich results.,no 'potentialAction','potentialAction' property on WebSite,Add the properties listed in Current value.,WebSite 'Semicolon',,200,yes,Structured Data Report
http://localhost:3000/technologies/online-reputation-management-orm,Optimization,P3 - improve,Page type,FAQ section without FAQPage schema,The page has an FAQ section but no FAQPage schema.,,FAQPage JSON-LD with each question and answer,Generate FAQPage JSON-LD from the same FAQ data the page renders.,,,200,yes,Structured Data Report
http://localhost:3000/technologies/open-cart-development,Optimization,P3 - improve,Completeness,Organization missing recommended properties,A schema object lacks recommended properties that improve rich results.,no 'sameAs','sameAs' property on Organization,Add the properties listed in Current value.,Organization 'Semicolon',,200,yes,Structured Data Report
http://localhost:3000/technologies/open-cart-development,Optimization,P3 - improve,Completeness,Organization missing recommended properties,A schema object lacks recommended properties that improve rich results.,no 'contactPoint','contactPoint' property on Organization,Add the properties listed in Current value.,Organization 'Semicolon',,200,yes,Structured Data Report
http://localhost:3000/technologies/open-cart-development,Optimization,P3 - improve,Completeness,WebSite missing recommended properties,A schema object lacks recommended properties that improve rich results.,no 'potentialAction','potentialAction' property on WebSite,Add the properties listed in Current value.,WebSite 'Semicolon',,200,yes,Structured Data Report
http://localhost:3000/technologies/open-cart-development,Optimization,P3 - improve,Page type,FAQ section without FAQPage schema,The page has an FAQ section but no FAQPage schema.,,FAQPage JSON-LD with each question and answer,Generate FAQPage JSON-LD from the same FAQ data the page renders.,,,200,yes,Structured Data Report
http://localhost:3000/technologies/openai-development,Optimization,P3 - improve,Completeness,Organization missing recommended properties,A schema object lacks recommended properties that improve rich results.,no 'sameAs','sameAs' property on Organization,Add the properties listed in Current value.,Organization 'Semicolon',,200,yes,Structured Data Report
http://localhost:3000/technologies/openai-development,Optimization,P3 - improve,Completeness,Organization missing recommended properties,A schema object lacks recommended properties that improve rich results.,no 'contactPoint','contactPoint' property on Organization,Add the properties listed in Current value.,Organization 'Semicolon',,200,yes,Structured Data Report
http://localhost:3000/technologies/openai-development,Optimization,P3 - improve,Completeness,WebSite missing recommended properties,A schema object lacks recommended properties that improve rich results.,no 'potentialAction','potentialAction' property on WebSite,Add the properties listed in Current value.,WebSite 'Semicolon',,200,yes,Structured Data Report
http://localhost:3000/technologies/openai-development,Optimization,P3 - improve,Page type,FAQ section without FAQPage schema,The page has an FAQ section but no FAQPage schema.,,FAQPage JSON-LD with each question and answer,Generate FAQPage JSON-LD from the same FAQ data the page renders.,,,200,yes,Structured Data Report
http://localhost:3000/technologies/opencv-development,Optimization,P3 - improve,Completeness,Organization missing recommended properties,A schema object lacks recommended properties that improve rich results.,no 'sameAs','sameAs' property on Organization,Add the properties listed in Current value.,Organization 'Semicolon',,200,yes,Structured Data Report
http://localhost:3000/technologies/opencv-development,Optimization,P3 - improve,Completeness,Organization missing recommended properties,A schema object lacks recommended properties that improve rich results.,no 'contactPoint','contactPoint' property on Organization,Add the properties listed in Current value.,Organization 'Semicolon',,200,yes,Structured Data Report
http://localhost:3000/technologies/opencv-development,Optimization,P3 - improve,Completeness,WebSite missing recommended properties,A schema object lacks recommended properties that improve rich results.,no 'potentialAction','potentialAction' property on WebSite,Add the properties listed in Current value.,WebSite 'Semicolon',,200,yes,Structured Data Report
http://localhost:3000/technologies/opencv-development,Optimization,P3 - improve,Page type,FAQ section without FAQPage schema,The page has an FAQ section but no FAQPage schema.,,FAQPage JSON-LD with each question and answer,Generate FAQPage JSON-LD from the same FAQ data the page renders.,,,200,yes,Structured Data Report
http://localhost:3000/technologies/oracle-cloud-development,Optimization,P3 - improve,Completeness,Organization missing recommended properties,A schema object lacks recommended properties that improve rich results.,no 'sameAs','sameAs' property on Organization,Add the properties listed in Current value.,Organization 'Semicolon',,200,yes,Structured Data Report
http://localhost:3000/technologies/oracle-cloud-development,Optimization,P3 - improve,Completeness,Organization missing recommended properties,A schema object lacks recommended properties that improve rich results.,no 'contactPoint','contactPoint' property on Organization,Add the properties listed in Current value.,Organization 'Semicolon',,200,yes,Structured Data Report
http://localhost:3000/technologies/oracle-cloud-development,Optimization,P3 - improve,Completeness,WebSite missing recommended properties,A schema object lacks recommended properties that improve rich results.,no 'potentialAction','potentialAction' property on WebSite,Add the properties listed in Current value.,WebSite 'Semicolon',,200,yes,Structured Data Report
http://localhost:3000/technologies/oracle-cloud-development,Optimization,P3 - improve,Page type,FAQ section without FAQPage schema,The page has an FAQ section but no FAQPage schema.,,FAQPage JSON-LD with each question and answer,Generate FAQPage JSON-LD from the same FAQ data the page renders.,,,200,yes,Structured Data Report
http://localhost:3000/technologies/oracle-development,Optimization,P3 - improve,Completeness,Organization missing recommended properties,A schema object lacks recommended properties that improve rich results.,no 'sameAs','sameAs' property on Organization,Add the properties listed in Current value.,Organization 'Semicolon',,200,yes,Structured Data Report
http://localhost:3000/technologies/oracle-development,Optimization,P3 - improve,Completeness,Organization missing recommended properties,A schema object lacks recommended properties that improve rich results.,no 'contactPoint','contactPoint' property on Organization,Add the properties listed in Current value.,Organization 'Semicolon',,200,yes,Structured Data Report
http://localhost:3000/technologies/oracle-development,Optimization,P3 - improve,Completeness,WebSite missing recommended properties,A schema object lacks recommended properties that improve rich results.,no 'potentialAction','potentialAction' property on WebSite,Add the properties listed in Current value.,WebSite 'Semicolon',,200,yes,Structured Data Report
http://localhost:3000/technologies/oracle-development,Optimization,P3 - improve,Page type,FAQ section without FAQPage schema,The page has an FAQ section but no FAQPage schema.,,FAQPage JSON-LD with each question and answer,Generate FAQPage JSON-LD from the same FAQ data the page renders.,,,200,yes,Structured Data Report
http://localhost:3000/technologies/order-management-development,Optimization,P3 - improve,Completeness,Organization missing recommended properties,A schema object lacks recommended properties that improve rich results.,no 'sameAs','sameAs' property on Organization,Add the properties listed in Current value.,Organization 'Semicolon',,200,yes,Structured Data Report
http://localhost:3000/technologies/order-management-development,Optimization,P3 - improve,Completeness,Organization missing recommended properties,A schema object lacks recommended properties that improve rich results.,no 'contactPoint','contactPoint' property on Organization,Add the properties listed in Current value.,Organization 'Semicolon',,200,yes,Structured Data Report
http://localhost:3000/technologies/order-management-development,Optimization,P3 - improve,Completeness,WebSite missing recommended properties,A schema object lacks recommended properties that improve rich results.,no 'potentialAction','potentialAction' property on WebSite,Add the properties listed in Current value.,WebSite 'Semicolon',,200,yes,Structured Data Report
http://localhost:3000/technologies/order-management-development,Optimization,P3 - improve,Page type,FAQ section without FAQPage schema,The page has an FAQ section but no FAQPage schema.,,FAQPage JSON-LD with each question and answer,Generate FAQPage JSON-LD from the same FAQ data the page renders.,,,200,yes,Structured Data Report
http://localhost:3000/technologies/pandas-development,Optimization,P3 - improve,Completeness,Organization missing recommended properties,A schema object lacks recommended properties that improve rich results.,no 'sameAs','sameAs' property on Organization,Add the properties listed in Current value.,Organization 'Semicolon',,200,yes,Structured Data Report
http://localhost:3000/technologies/pandas-development,Optimization,P3 - improve,Completeness,Organization missing recommended properties,A schema object lacks recommended properties that improve rich results.,no 'contactPoint','contactPoint' property on Organization,Add the properties listed in Current value.,Organization 'Semicolon',,200,yes,Structured Data Report
http://localhost:3000/technologies/pandas-development,Optimization,P3 - improve,Completeness,WebSite missing recommended properties,A schema object lacks recommended properties that improve rich results.,no 'potentialAction','potentialAction' property on WebSite,Add the properties listed in Current value.,WebSite 'Semicolon',,200,yes,Structured Data Report
http://localhost:3000/technologies/pandas-development,Optimization,P3 - improve,Page type,FAQ section without FAQPage schema,The page has an FAQ section but no FAQPage schema.,,FAQPage JSON-LD with each question and answer,Generate FAQPage JSON-LD from the same FAQ data the page renders.,,,200,yes,Structured Data Report
http://localhost:3000/technologies/pay-per-click-advertising-ppc,Optimization,P3 - improve,Completeness,Organization missing recommended properties,A schema object lacks recommended properties that improve rich results.,no 'sameAs','sameAs' property on Organization,Add the properties listed in Current value.,Organization 'Semicolon',,200,yes,Structured Data Report
http://localhost:3000/technologies/pay-per-click-advertising-ppc,Optimization,P3 - improve,Completeness,Organization missing recommended properties,A schema object lacks recommended properties that improve rich results.,no 'contactPoint','contactPoint' property on Organization,Add the properties listed in Current value.,Organization 'Semicolon',,200,yes,Structured Data Report
http://localhost:3000/technologies/pay-per-click-advertising-ppc,Optimization,P3 - improve,Completeness,WebSite missing recommended properties,A schema object lacks recommended properties that improve rich results.,no 'potentialAction','potentialAction' property on WebSite,Add the properties listed in Current value.,WebSite 'Semicolon',,200,yes,Structured Data Report
http://localhost:3000/technologies/pay-per-click-advertising-ppc,Optimization,P3 - improve,Page type,FAQ section without FAQPage schema,The page has an FAQ section but no FAQPage schema.,,FAQPage JSON-LD with each question and answer,Generate FAQPage JSON-LD from the same FAQ data the page renders.,,,200,yes,Structured Data Report
http://localhost:3000/technologies/payment-gateway-integration,Optimization,P3 - improve,Completeness,Organization missing recommended properties,A schema object lacks recommended properties that improve rich results.,no 'sameAs','sameAs' property on Organization,Add the properties listed in Current value.,Organization 'Semicolon',,200,yes,Structured Data Report
http://localhost:3000/technologies/payment-gateway-integration,Optimization,P3 - improve,Completeness,Organization missing recommended properties,A schema object lacks recommended properties that improve rich results.,no 'contactPoint','contactPoint' property on Organization,Add the properties listed in Current value.,Organization 'Semicolon',,200,yes,Structured Data Report
http://localhost:3000/technologies/payment-gateway-integration,Optimization,P3 - improve,Completeness,WebSite missing recommended properties,A schema object lacks recommended properties that improve rich results.,no 'potentialAction','potentialAction' property on WebSite,Add the properties listed in Current value.,WebSite 'Semicolon',,200,yes,Structured Data Report
http://localhost:3000/technologies/payment-gateway-integration,Optimization,P3 - improve,Page type,FAQ section without FAQPage schema,The page has an FAQ section but no FAQPage schema.,,FAQPage JSON-LD with each question and answer,Generate FAQPage JSON-LD from the same FAQ data the page renders.,,,200,yes,Structured Data Report
http://localhost:3000/technologies/paypal-integration,Optimization,P3 - improve,Completeness,Organization missing recommended properties,A schema object lacks recommended properties that improve rich results.,no 'sameAs','sameAs' property on Organization,Add the properties listed in Current value.,Organization 'Semicolon',,200,yes,Structured Data Report
http://localhost:3000/technologies/paypal-integration,Optimization,P3 - improve,Completeness,Organization missing recommended properties,A schema object lacks recommended properties that improve rich results.,no 'contactPoint','contactPoint' property on Organization,Add the properties listed in Current value.,Organization 'Semicolon',,200,yes,Structured Data Report
http://localhost:3000/technologies/paypal-integration,Optimization,P3 - improve,Completeness,WebSite missing recommended properties,A schema object lacks recommended properties that improve rich results.,no 'potentialAction','potentialAction' property on WebSite,Add the properties listed in Current value.,WebSite 'Semicolon',,200,yes,Structured Data Report
http://localhost:3000/technologies/paypal-integration,Optimization,P3 - improve,Page type,FAQ section without FAQPage schema,The page has an FAQ section but no FAQPage schema.,,FAQPage JSON-LD with each question and answer,Generate FAQPage JSON-LD from the same FAQ data the page renders.,,,200,yes,Structured Data Report
http://localhost:3000/technologies/performance-testing,Optimization,P3 - improve,Completeness,Organization missing recommended properties,A schema object lacks recommended properties that improve rich results.,no 'sameAs','sameAs' property on Organization,Add the properties listed in Current value.,Organization 'Semicolon',,200,yes,Structured Data Report
http://localhost:3000/technologies/performance-testing,Optimization,P3 - improve,Completeness,Organization missing recommended properties,A schema object lacks recommended properties that improve rich results.,no 'contactPoint','contactPoint' property on Organization,Add the properties listed in Current value.,Organization 'Semicolon',,200,yes,Structured Data Report
http://localhost:3000/technologies/performance-testing,Optimization,P3 - improve,Completeness,WebSite missing recommended properties,A schema object lacks recommended properties that improve rich results.,no 'potentialAction','potentialAction' property on WebSite,Add the properties listed in Current value.,WebSite 'Semicolon',,200,yes,Structured Data Report
http://localhost:3000/technologies/performance-testing,Optimization,P3 - improve,Page type,FAQ section without FAQPage schema,The page has an FAQ section but no FAQPage schema.,,FAQPage JSON-LD with each question and answer,Generate FAQPage JSON-LD from the same FAQ data the page renders.,,,200,yes,Structured Data Report
http://localhost:3000/technologies/php-development,Optimization,P3 - improve,Completeness,Organization missing recommended properties,A schema object lacks recommended properties that improve rich results.,no 'sameAs','sameAs' property on Organization,Add the properties listed in Current value.,Organization 'Semicolon',,200,yes,Structured Data Report
http://localhost:3000/technologies/php-development,Optimization,P3 - improve,Completeness,Organization missing recommended properties,A schema object lacks recommended properties that improve rich results.,no 'contactPoint','contactPoint' property on Organization,Add the properties listed in Current value.,Organization 'Semicolon',,200,yes,Structured Data Report
http://localhost:3000/technologies/php-development,Optimization,P3 - improve,Completeness,WebSite missing recommended properties,A schema object lacks recommended properties that improve rich results.,no 'potentialAction','potentialAction' property on WebSite,Add the properties listed in Current value.,WebSite 'Semicolon',,200,yes,Structured Data Report
http://localhost:3000/technologies/php-development,Optimization,P3 - improve,Page type,FAQ section without FAQPage schema,The page has an FAQ section but no FAQPage schema.,,FAQPage JSON-LD with each question and answer,Generate FAQPage JSON-LD from the same FAQ data the page renders.,,,200,yes,Structured Data Report
http://localhost:3000/technologies/playwright-testing,Optimization,P3 - improve,Completeness,Organization missing recommended properties,A schema object lacks recommended properties that improve rich results.,no 'sameAs','sameAs' property on Organization,Add the properties listed in Current value.,Organization 'Semicolon',,200,yes,Structured Data Report
http://localhost:3000/technologies/playwright-testing,Optimization,P3 - improve,Completeness,Organization missing recommended properties,A schema object lacks recommended properties that improve rich results.,no 'contactPoint','contactPoint' property on Organization,Add the properties listed in Current value.,Organization 'Semicolon',,200,yes,Structured Data Report
http://localhost:3000/technologies/playwright-testing,Optimization,P3 - improve,Completeness,WebSite missing recommended properties,A schema object lacks recommended properties that improve rich results.,no 'potentialAction','potentialAction' property on WebSite,Add the properties listed in Current value.,WebSite 'Semicolon',,200,yes,Structured Data Report
http://localhost:3000/technologies/playwright-testing,Optimization,P3 - improve,Page type,FAQ section without FAQPage schema,The page has an FAQ section but no FAQPage schema.,,FAQPage JSON-LD with each question and answer,Generate FAQPage JSON-LD from the same FAQ data the page renders.,,,200,yes,Structured Data Report
http://localhost:3000/technologies/postgresql-development,Optimization,P3 - improve,Completeness,Organization missing recommended properties,A schema object lacks recommended properties that improve rich results.,no 'sameAs','sameAs' property on Organization,Add the properties listed in Current value.,Organization 'Semicolon',,200,yes,Structured Data Report
http://localhost:3000/technologies/postgresql-development,Optimization,P3 - improve,Completeness,Organization missing recommended properties,A schema object lacks recommended properties that improve rich results.,no 'contactPoint','contactPoint' property on Organization,Add the properties listed in Current value.,Organization 'Semicolon',,200,yes,Structured Data Report
http://localhost:3000/technologies/postgresql-development,Optimization,P3 - improve,Completeness,WebSite missing recommended properties,A schema object lacks recommended properties that improve rich results.,no 'potentialAction','potentialAction' property on WebSite,Add the properties listed in Current value.,WebSite 'Semicolon',,200,yes,Structured Data Report
http://localhost:3000/technologies/postgresql-development,Optimization,P3 - improve,Page type,FAQ section without FAQPage schema,The page has an FAQ section but no FAQPage schema.,,FAQPage JSON-LD with each question and answer,Generate FAQPage JSON-LD from the same FAQ data the page renders.,,,200,yes,Structured Data Report
http://localhost:3000/technologies/postman-api-testing,Optimization,P3 - improve,Completeness,Organization missing recommended properties,A schema object lacks recommended properties that improve rich results.,no 'sameAs','sameAs' property on Organization,Add the properties listed in Current value.,Organization 'Semicolon',,200,yes,Structured Data Report
http://localhost:3000/technologies/postman-api-testing,Optimization,P3 - improve,Completeness,Organization missing recommended properties,A schema object lacks recommended properties that improve rich results.,no 'contactPoint','contactPoint' property on Organization,Add the properties listed in Current value.,Organization 'Semicolon',,200,yes,Structured Data Report
http://localhost:3000/technologies/postman-api-testing,Optimization,P3 - improve,Completeness,WebSite missing recommended properties,A schema object lacks recommended properties that improve rich results.,no 'potentialAction','potentialAction' property on WebSite,Add the properties listed in Current value.,WebSite 'Semicolon',,200,yes,Structured Data Report
http://localhost:3000/technologies/postman-api-testing,Optimization,P3 - improve,Page type,FAQ section without FAQPage schema,The page has an FAQ section but no FAQPage schema.,,FAQPage JSON-LD with each question and answer,Generate FAQPage JSON-LD from the same FAQ data the page renders.,,,200,yes,Structured Data Report
http://localhost:3000/technologies/postman-testing,Optimization,P3 - improve,Completeness,Organization missing recommended properties,A schema object lacks recommended properties that improve rich results.,no 'sameAs','sameAs' property on Organization,Add the properties listed in Current value.,Organization 'Semicolon',,200,yes,Structured Data Report
http://localhost:3000/technologies/postman-testing,Optimization,P3 - improve,Completeness,Organization missing recommended properties,A schema object lacks recommended properties that improve rich results.,no 'contactPoint','contactPoint' property on Organization,Add the properties listed in Current value.,Organization 'Semicolon',,200,yes,Structured Data Report
http://localhost:3000/technologies/postman-testing,Optimization,P3 - improve,Completeness,WebSite missing recommended properties,A schema object lacks recommended properties that improve rich results.,no 'potentialAction','potentialAction' property on WebSite,Add the properties listed in Current value.,WebSite 'Semicolon',,200,yes,Structured Data Report
http://localhost:3000/technologies/postman-testing,Optimization,P3 - improve,Page type,FAQ section without FAQPage schema,The page has an FAQ section but no FAQPage schema.,,FAQPage JSON-LD with each question and answer,Generate FAQPage JSON-LD from the same FAQ data the page renders.,,,200,yes,Structured Data Report
http://localhost:3000/technologies/ppc-advertising,Optimization,P3 - improve,Completeness,Organization missing recommended properties,A schema object lacks recommended properties that improve rich results.,no 'sameAs','sameAs' property on Organization,Add the properties listed in Current value.,Organization 'Semicolon',,200,yes,Structured Data Report
http://localhost:3000/technologies/ppc-advertising,Optimization,P3 - improve,Completeness,Organization missing recommended properties,A schema object lacks recommended properties that improve rich results.,no 'contactPoint','contactPoint' property on Organization,Add the properties listed in Current value.,Organization 'Semicolon',,200,yes,Structured Data Report
http://localhost:3000/technologies/ppc-advertising,Optimization,P3 - improve,Completeness,WebSite missing recommended properties,A schema object lacks recommended properties that improve rich results.,no 'potentialAction','potentialAction' property on WebSite,Add the properties listed in Current value.,WebSite 'Semicolon',,200,yes,Structured Data Report
http://localhost:3000/technologies/ppc-advertising,Optimization,P3 - improve,Page type,FAQ section without FAQPage schema,The page has an FAQ section but no FAQPage schema.,,FAQPage JSON-LD with each question and answer,Generate FAQPage JSON-LD from the same FAQ data the page renders.,,,200,yes,Structured Data Report
http://localhost:3000/technologies/prestashop-development,Optimization,P3 - improve,Completeness,Organization missing recommended properties,A schema object lacks recommended properties that improve rich results.,no 'sameAs','sameAs' property on Organization,Add the properties listed in Current value.,Organization 'Semicolon',,200,yes,Structured Data Report
http://localhost:3000/technologies/prestashop-development,Optimization,P3 - improve,Completeness,Organization missing recommended properties,A schema object lacks recommended properties that improve rich results.,no 'contactPoint','contactPoint' property on Organization,Add the properties listed in Current value.,Organization 'Semicolon',,200,yes,Structured Data Report
http://localhost:3000/technologies/prestashop-development,Optimization,P3 - improve,Completeness,WebSite missing recommended properties,A schema object lacks recommended properties that improve rich results.,no 'potentialAction','potentialAction' property on WebSite,Add the properties listed in Current value.,WebSite 'Semicolon',,200,yes,Structured Data Report
http://localhost:3000/technologies/prestashop-development,Optimization,P3 - improve,Page type,FAQ section without FAQPage schema,The page has an FAQ section but no FAQPage schema.,,FAQPage JSON-LD with each question and answer,Generate FAQPage JSON-LD from the same FAQ data the page renders.,,,200,yes,Structured Data Report
http://localhost:3000/technologies/prisma-orm-development,Optimization,P3 - improve,Completeness,Organization missing recommended properties,A schema object lacks recommended properties that improve rich results.,no 'sameAs','sameAs' property on Organization,Add the properties listed in Current value.,Organization 'Semicolon',,200,yes,Structured Data Report
http://localhost:3000/technologies/prisma-orm-development,Optimization,P3 - improve,Completeness,Organization missing recommended properties,A schema object lacks recommended properties that improve rich results.,no 'contactPoint','contactPoint' property on Organization,Add the properties listed in Current value.,Organization 'Semicolon',,200,yes,Structured Data Report
http://localhost:3000/technologies/prisma-orm-development,Optimization,P3 - improve,Completeness,WebSite missing recommended properties,A schema object lacks recommended properties that improve rich results.,no 'potentialAction','potentialAction' property on WebSite,Add the properties listed in Current value.,WebSite 'Semicolon',,200,yes,Structured Data Report
http://localhost:3000/technologies/prisma-orm-development,Optimization,P3 - improve,Page type,FAQ section without FAQPage schema,The page has an FAQ section but no FAQPage schema.,,FAQPage JSON-LD with each question and answer,Generate FAQPage JSON-LD from the same FAQ data the page renders.,,,200,yes,Structured Data Report
http://localhost:3000/technologies/prometheus-development,Optimization,P3 - improve,Completeness,Organization missing recommended properties,A schema object lacks recommended properties that improve rich results.,no 'sameAs','sameAs' property on Organization,Add the properties listed in Current value.,Organization 'Semicolon',,200,yes,Structured Data Report
http://localhost:3000/technologies/prometheus-development,Optimization,P3 - improve,Completeness,Organization missing recommended properties,A schema object lacks recommended properties that improve rich results.,no 'contactPoint','contactPoint' property on Organization,Add the properties listed in Current value.,Organization 'Semicolon',,200,yes,Structured Data Report
http://localhost:3000/technologies/prometheus-development,Optimization,P3 - improve,Completeness,WebSite missing recommended properties,A schema object lacks recommended properties that improve rich results.,no 'potentialAction','potentialAction' property on WebSite,Add the properties listed in Current value.,WebSite 'Semicolon',,200,yes,Structured Data Report
http://localhost:3000/technologies/prometheus-development,Optimization,P3 - improve,Page type,FAQ section without FAQPage schema,The page has an FAQ section but no FAQPage schema.,,FAQPage JSON-LD with each question and answer,Generate FAQPage JSON-LD from the same FAQ data the page renders.,,,200,yes,Structured Data Report
http://localhost:3000/technologies/prototyping,Optimization,P3 - improve,Completeness,Organization missing recommended properties,A schema object lacks recommended properties that improve rich results.,no 'sameAs','sameAs' property on Organization,Add the properties listed in Current value.,Organization 'Semicolon',,200,yes,Structured Data Report
http://localhost:3000/technologies/prototyping,Optimization,P3 - improve,Completeness,Organization missing recommended properties,A schema object lacks recommended properties that improve rich results.,no 'contactPoint','contactPoint' property on Organization,Add the properties listed in Current value.,Organization 'Semicolon',,200,yes,Structured Data Report
http://localhost:3000/technologies/prototyping,Optimization,P3 - improve,Completeness,WebSite missing recommended properties,A schema object lacks recommended properties that improve rich results.,no 'potentialAction','potentialAction' property on WebSite,Add the properties listed in Current value.,WebSite 'Semicolon',,200,yes,Structured Data Report
http://localhost:3000/technologies/prototyping,Optimization,P3 - improve,Page type,FAQ section without FAQPage schema,The page has an FAQ section but no FAQPage schema.,,FAQPage JSON-LD with each question and answer,Generate FAQPage JSON-LD from the same FAQ data the page renders.,,,200,yes,Structured Data Report
http://localhost:3000/technologies/prototyping-services,Optimization,P3 - improve,Completeness,Organization missing recommended properties,A schema object lacks recommended properties that improve rich results.,no 'sameAs','sameAs' property on Organization,Add the properties listed in Current value.,Organization 'Semicolon',,200,yes,Structured Data Report
http://localhost:3000/technologies/prototyping-services,Optimization,P3 - improve,Completeness,Organization missing recommended properties,A schema object lacks recommended properties that improve rich results.,no 'contactPoint','contactPoint' property on Organization,Add the properties listed in Current value.,Organization 'Semicolon',,200,yes,Structured Data Report
http://localhost:3000/technologies/prototyping-services,Optimization,P3 - improve,Completeness,WebSite missing recommended properties,A schema object lacks recommended properties that improve rich results.,no 'potentialAction','potentialAction' property on WebSite,Add the properties listed in Current value.,WebSite 'Semicolon',,200,yes,Structured Data Report
http://localhost:3000/technologies/prototyping-services,Optimization,P3 - improve,Page type,FAQ section without FAQPage schema,The page has an FAQ section but no FAQPage schema.,,FAQPage JSON-LD with each question and answer,Generate FAQPage JSON-LD from the same FAQ data the page renders.,,,200,yes,Structured Data Report
http://localhost:3000/technologies/python-development,Optimization,P3 - improve,Completeness,Organization missing recommended properties,A schema object lacks recommended properties that improve rich results.,no 'sameAs','sameAs' property on Organization,Add the properties listed in Current value.,Organization 'Semicolon',,200,yes,Structured Data Report
http://localhost:3000/technologies/python-development,Optimization,P3 - improve,Completeness,Organization missing recommended properties,A schema object lacks recommended properties that improve rich results.,no 'contactPoint','contactPoint' property on Organization,Add the properties listed in Current value.,Organization 'Semicolon',,200,yes,Structured Data Report
http://localhost:3000/technologies/python-development,Optimization,P3 - improve,Completeness,WebSite missing recommended properties,A schema object lacks recommended properties that improve rich results.,no 'potentialAction','potentialAction' property on WebSite,Add the properties listed in Current value.,WebSite 'Semicolon',,200,yes,Structured Data Report
http://localhost:3000/technologies/python-development,Optimization,P3 - improve,Page type,FAQ section without FAQPage schema,The page has an FAQ section but no FAQPage schema.,,FAQPage JSON-LD with each question and answer,Generate FAQPage JSON-LD from the same FAQ data the page renders.,,,200,yes,Structured Data Report
http://localhost:3000/technologies/pytorch-development,Optimization,P3 - improve,Completeness,Organization missing recommended properties,A schema object lacks recommended properties that improve rich results.,no 'sameAs','sameAs' property on Organization,Add the properties listed in Current value.,Organization 'Semicolon',,200,yes,Structured Data Report
http://localhost:3000/technologies/pytorch-development,Optimization,P3 - improve,Completeness,Organization missing recommended properties,A schema object lacks recommended properties that improve rich results.,no 'contactPoint','contactPoint' property on Organization,Add the properties listed in Current value.,Organization 'Semicolon',,200,yes,Structured Data Report
http://localhost:3000/technologies/pytorch-development,Optimization,P3 - improve,Completeness,WebSite missing recommended properties,A schema object lacks recommended properties that improve rich results.,no 'potentialAction','potentialAction' property on WebSite,Add the properties listed in Current value.,WebSite 'Semicolon',,200,yes,Structured Data Report
http://localhost:3000/technologies/pytorch-development,Optimization,P3 - improve,Page type,FAQ section without FAQPage schema,The page has an FAQ section but no FAQPage schema.,,FAQPage JSON-LD with each question and answer,Generate FAQPage JSON-LD from the same FAQ data the page renders.,,,200,yes,Structured Data Report
http://localhost:3000/technologies/rag-development,Optimization,P3 - improve,Completeness,Organization missing recommended properties,A schema object lacks recommended properties that improve rich results.,no 'sameAs','sameAs' property on Organization,Add the properties listed in Current value.,Organization 'Semicolon',,200,yes,Structured Data Report
http://localhost:3000/technologies/rag-development,Optimization,P3 - improve,Completeness,Organization missing recommended properties,A schema object lacks recommended properties that improve rich results.,no 'contactPoint','contactPoint' property on Organization,Add the properties listed in Current value.,Organization 'Semicolon',,200,yes,Structured Data Report
http://localhost:3000/technologies/rag-development,Optimization,P3 - improve,Completeness,WebSite missing recommended properties,A schema object lacks recommended properties that improve rich results.,no 'potentialAction','potentialAction' property on WebSite,Add the properties listed in Current value.,WebSite 'Semicolon',,200,yes,Structured Data Report
http://localhost:3000/technologies/rag-development,Optimization,P3 - improve,Page type,FAQ section without FAQPage schema,The page has an FAQ section but no FAQPage schema.,,FAQPage JSON-LD with each question and answer,Generate FAQPage JSON-LD from the same FAQ data the page renders.,,,200,yes,Structured Data Report
http://localhost:3000/technologies/razorpay-integration,Optimization,P3 - improve,Completeness,Organization missing recommended properties,A schema object lacks recommended properties that improve rich results.,no 'sameAs','sameAs' property on Organization,Add the properties listed in Current value.,Organization 'Semicolon',,200,yes,Structured Data Report
http://localhost:3000/technologies/razorpay-integration,Optimization,P3 - improve,Completeness,Organization missing recommended properties,A schema object lacks recommended properties that improve rich results.,no 'contactPoint','contactPoint' property on Organization,Add the properties listed in Current value.,Organization 'Semicolon',,200,yes,Structured Data Report
http://localhost:3000/technologies/razorpay-integration,Optimization,P3 - improve,Completeness,WebSite missing recommended properties,A schema object lacks recommended properties that improve rich results.,no 'potentialAction','potentialAction' property on WebSite,Add the properties listed in Current value.,WebSite 'Semicolon',,200,yes,Structured Data Report
http://localhost:3000/technologies/razorpay-integration,Optimization,P3 - improve,Page type,FAQ section without FAQPage schema,The page has an FAQ section but no FAQPage schema.,,FAQPage JSON-LD with each question and answer,Generate FAQPage JSON-LD from the same FAQ data the page renders.,,,200,yes,Structured Data Report
http://localhost:3000/technologies/react-native-development,Optimization,P3 - improve,Completeness,Organization missing recommended properties,A schema object lacks recommended properties that improve rich results.,no 'sameAs','sameAs' property on Organization,Add the properties listed in Current value.,Organization 'Semicolon',,200,yes,Structured Data Report
http://localhost:3000/technologies/react-native-development,Optimization,P3 - improve,Completeness,Organization missing recommended properties,A schema object lacks recommended properties that improve rich results.,no 'contactPoint','contactPoint' property on Organization,Add the properties listed in Current value.,Organization 'Semicolon',,200,yes,Structured Data Report
http://localhost:3000/technologies/react-native-development,Optimization,P3 - improve,Completeness,WebSite missing recommended properties,A schema object lacks recommended properties that improve rich results.,no 'potentialAction','potentialAction' property on WebSite,Add the properties listed in Current value.,WebSite 'Semicolon',,200,yes,Structured Data Report
http://localhost:3000/technologies/react-native-development,Optimization,P3 - improve,Page type,FAQ section without FAQPage schema,The page has an FAQ section but no FAQPage schema.,,FAQPage JSON-LD with each question and answer,Generate FAQPage JSON-LD from the same FAQ data the page renders.,,,200,yes,Structured Data Report
http://localhost:3000/technologies/react-testing-library,Optimization,P3 - improve,Completeness,Organization missing recommended properties,A schema object lacks recommended properties that improve rich results.,no 'sameAs','sameAs' property on Organization,Add the properties listed in Current value.,Organization 'Semicolon',,200,yes,Structured Data Report
http://localhost:3000/technologies/react-testing-library,Optimization,P3 - improve,Completeness,Organization missing recommended properties,A schema object lacks recommended properties that improve rich results.,no 'contactPoint','contactPoint' property on Organization,Add the properties listed in Current value.,Organization 'Semicolon',,200,yes,Structured Data Report
http://localhost:3000/technologies/react-testing-library,Optimization,P3 - improve,Completeness,WebSite missing recommended properties,A schema object lacks recommended properties that improve rich results.,no 'potentialAction','potentialAction' property on WebSite,Add the properties listed in Current value.,WebSite 'Semicolon',,200,yes,Structured Data Report
http://localhost:3000/technologies/react-testing-library,Optimization,P3 - improve,Page type,FAQ section without FAQPage schema,The page has an FAQ section but no FAQPage schema.,,FAQPage JSON-LD with each question and answer,Generate FAQPage JSON-LD from the same FAQ data the page renders.,,,200,yes,Structured Data Report
http://localhost:3000/technologies/reactjs-development,Optimization,P3 - improve,Completeness,Organization missing recommended properties,A schema object lacks recommended properties that improve rich results.,no 'sameAs','sameAs' property on Organization,Add the properties listed in Current value.,Organization 'Semicolon',,200,yes,Structured Data Report
http://localhost:3000/technologies/reactjs-development,Optimization,P3 - improve,Completeness,Organization missing recommended properties,A schema object lacks recommended properties that improve rich results.,no 'contactPoint','contactPoint' property on Organization,Add the properties listed in Current value.,Organization 'Semicolon',,200,yes,Structured Data Report
http://localhost:3000/technologies/reactjs-development,Optimization,P3 - improve,Completeness,WebSite missing recommended properties,A schema object lacks recommended properties that improve rich results.,no 'potentialAction','potentialAction' property on WebSite,Add the properties listed in Current value.,WebSite 'Semicolon',,200,yes,Structured Data Report
http://localhost:3000/technologies/reactjs-development,Optimization,P3 - improve,Page type,FAQ section without FAQPage schema,The page has an FAQ section but no FAQPage schema.,,FAQPage JSON-LD with each question and answer,Generate FAQPage JSON-LD from the same FAQ data the page renders.,,,200,yes,Structured Data Report
http://localhost:3000/technologies/redis-development,Optimization,P3 - improve,Completeness,Organization missing recommended properties,A schema object lacks recommended properties that improve rich results.,no 'sameAs','sameAs' property on Organization,Add the properties listed in Current value.,Organization 'Semicolon',,200,yes,Structured Data Report
http://localhost:3000/technologies/redis-development,Optimization,P3 - improve,Completeness,Organization missing recommended properties,A schema object lacks recommended properties that improve rich results.,no 'contactPoint','contactPoint' property on Organization,Add the properties listed in Current value.,Organization 'Semicolon',,200,yes,Structured Data Report
http://localhost:3000/technologies/redis-development,Optimization,P3 - improve,Completeness,WebSite missing recommended properties,A schema object lacks recommended properties that improve rich results.,no 'potentialAction','potentialAction' property on WebSite,Add the properties listed in Current value.,WebSite 'Semicolon',,200,yes,Structured Data Report
http://localhost:3000/technologies/redis-development,Optimization,P3 - improve,Page type,FAQ section without FAQPage schema,The page has an FAQ section but no FAQPage schema.,,FAQPage JSON-LD with each question and answer,Generate FAQPage JSON-LD from the same FAQ data the page renders.,,,200,yes,Structured Data Report
http://localhost:3000/technologies/redux-development,Optimization,P3 - improve,Completeness,Organization missing recommended properties,A schema object lacks recommended properties that improve rich results.,no 'sameAs','sameAs' property on Organization,Add the properties listed in Current value.,Organization 'Semicolon',,200,yes,Structured Data Report
http://localhost:3000/technologies/redux-development,Optimization,P3 - improve,Completeness,Organization missing recommended properties,A schema object lacks recommended properties that improve rich results.,no 'contactPoint','contactPoint' property on Organization,Add the properties listed in Current value.,Organization 'Semicolon',,200,yes,Structured Data Report
http://localhost:3000/technologies/redux-development,Optimization,P3 - improve,Completeness,WebSite missing recommended properties,A schema object lacks recommended properties that improve rich results.,no 'potentialAction','potentialAction' property on WebSite,Add the properties listed in Current value.,WebSite 'Semicolon',,200,yes,Structured Data Report
http://localhost:3000/technologies/redux-development,Optimization,P3 - improve,Page type,FAQ section without FAQPage schema,The page has an FAQ section but no FAQPage schema.,,FAQPage JSON-LD with each question and answer,Generate FAQPage JSON-LD from the same FAQ data the page renders.,,,200,yes,Structured Data Report
http://localhost:3000/technologies/responsive-design,Optimization,P3 - improve,Completeness,Organization missing recommended properties,A schema object lacks recommended properties that improve rich results.,no 'sameAs','sameAs' property on Organization,Add the properties listed in Current value.,Organization 'Semicolon',,200,yes,Structured Data Report
http://localhost:3000/technologies/responsive-design,Optimization,P3 - improve,Completeness,Organization missing recommended properties,A schema object lacks recommended properties that improve rich results.,no 'contactPoint','contactPoint' property on Organization,Add the properties listed in Current value.,Organization 'Semicolon',,200,yes,Structured Data Report
http://localhost:3000/technologies/responsive-design,Optimization,P3 - improve,Completeness,WebSite missing recommended properties,A schema object lacks recommended properties that improve rich results.,no 'potentialAction','potentialAction' property on WebSite,Add the properties listed in Current value.,WebSite 'Semicolon',,200,yes,Structured Data Report
http://localhost:3000/technologies/responsive-design,Optimization,P3 - improve,Page type,FAQ section without FAQPage schema,The page has an FAQ section but no FAQPage schema.,,FAQPage JSON-LD with each question and answer,Generate FAQPage JSON-LD from the same FAQ data the page renders.,,,200,yes,Structured Data Report
http://localhost:3000/technologies/rest-api-development,Optimization,P3 - improve,Completeness,Organization missing recommended properties,A schema object lacks recommended properties that improve rich results.,no 'sameAs','sameAs' property on Organization,Add the properties listed in Current value.,Organization 'Semicolon',,200,yes,Structured Data Report
http://localhost:3000/technologies/rest-api-development,Optimization,P3 - improve,Completeness,Organization missing recommended properties,A schema object lacks recommended properties that improve rich results.,no 'contactPoint','contactPoint' property on Organization,Add the properties listed in Current value.,Organization 'Semicolon',,200,yes,Structured Data Report
http://localhost:3000/technologies/rest-api-development,Optimization,P3 - improve,Completeness,WebSite missing recommended properties,A schema object lacks recommended properties that improve rich results.,no 'potentialAction','potentialAction' property on WebSite,Add the properties listed in Current value.,WebSite 'Semicolon',,200,yes,Structured Data Report
http://localhost:3000/technologies/rest-api-development,Optimization,P3 - improve,Page type,FAQ section without FAQPage schema,The page has an FAQ section but no FAQPage schema.,,FAQPage JSON-LD with each question and answer,Generate FAQPage JSON-LD from the same FAQ data the page renders.,,,200,yes,Structured Data Report
http://localhost:3000/technologies/ruby-on-rails-development,Optimization,P3 - improve,Completeness,Organization missing recommended properties,A schema object lacks recommended properties that improve rich results.,no 'sameAs','sameAs' property on Organization,Add the properties listed in Current value.,Organization 'Semicolon',,200,yes,Structured Data Report
http://localhost:3000/technologies/ruby-on-rails-development,Optimization,P3 - improve,Completeness,Organization missing recommended properties,A schema object lacks recommended properties that improve rich results.,no 'contactPoint','contactPoint' property on Organization,Add the properties listed in Current value.,Organization 'Semicolon',,200,yes,Structured Data Report
http://localhost:3000/technologies/ruby-on-rails-development,Optimization,P3 - improve,Completeness,WebSite missing recommended properties,A schema object lacks recommended properties that improve rich results.,no 'potentialAction','potentialAction' property on WebSite,Add the properties listed in Current value.,WebSite 'Semicolon',,200,yes,Structured Data Report
http://localhost:3000/technologies/ruby-on-rails-development,Optimization,P3 - improve,Page type,FAQ section without FAQPage schema,The page has an FAQ section but no FAQPage schema.,,FAQPage JSON-LD with each question and answer,Generate FAQPage JSON-LD from the same FAQ data the page renders.,,,200,yes,Structured Data Report
http://localhost:3000/technologies/salesforce-commerce-development,Optimization,P3 - improve,Completeness,Organization missing recommended properties,A schema object lacks recommended properties that improve rich results.,no 'sameAs','sameAs' property on Organization,Add the properties listed in Current value.,Organization 'Semicolon',,200,yes,Structured Data Report
http://localhost:3000/technologies/salesforce-commerce-development,Optimization,P3 - improve,Completeness,Organization missing recommended properties,A schema object lacks recommended properties that improve rich results.,no 'contactPoint','contactPoint' property on Organization,Add the properties listed in Current value.,Organization 'Semicolon',,200,yes,Structured Data Report
http://localhost:3000/technologies/salesforce-commerce-development,Optimization,P3 - improve,Completeness,WebSite missing recommended properties,A schema object lacks recommended properties that improve rich results.,no 'potentialAction','potentialAction' property on WebSite,Add the properties listed in Current value.,WebSite 'Semicolon',,200,yes,Structured Data Report
http://localhost:3000/technologies/salesforce-commerce-development,Optimization,P3 - improve,Page type,FAQ section without FAQPage schema,The page has an FAQ section but no FAQPage schema.,,FAQPage JSON-LD with each question and answer,Generate FAQPage JSON-LD from the same FAQ data the page renders.,,,200,yes,Structured Data Report
http://localhost:3000/technologies/sanity-development,Optimization,P3 - improve,Completeness,Organization missing recommended properties,A schema object lacks recommended properties that improve rich results.,no 'sameAs','sameAs' property on Organization,Add the properties listed in Current value.,Organization 'Semicolon',,200,yes,Structured Data Report
http://localhost:3000/technologies/sanity-development,Optimization,P3 - improve,Completeness,Organization missing recommended properties,A schema object lacks recommended properties that improve rich results.,no 'contactPoint','contactPoint' property on Organization,Add the properties listed in Current value.,Organization 'Semicolon',,200,yes,Structured Data Report
http://localhost:3000/technologies/sanity-development,Optimization,P3 - improve,Completeness,WebSite missing recommended properties,A schema object lacks recommended properties that improve rich results.,no 'potentialAction','potentialAction' property on WebSite,Add the properties listed in Current value.,WebSite 'Semicolon',,200,yes,Structured Data Report
http://localhost:3000/technologies/sanity-development,Optimization,P3 - improve,Page type,FAQ section without FAQPage schema,The page has an FAQ section but no FAQPage schema.,,FAQPage JSON-LD with each question and answer,Generate FAQPage JSON-LD from the same FAQ data the page renders.,,,200,yes,Structured Data Report
http://localhost:3000/technologies/scikit-learn-development,Optimization,P3 - improve,Completeness,Organization missing recommended properties,A schema object lacks recommended properties that improve rich results.,no 'sameAs','sameAs' property on Organization,Add the properties listed in Current value.,Organization 'Semicolon',,200,yes,Structured Data Report
http://localhost:3000/technologies/scikit-learn-development,Optimization,P3 - improve,Completeness,Organization missing recommended properties,A schema object lacks recommended properties that improve rich results.,no 'contactPoint','contactPoint' property on Organization,Add the properties listed in Current value.,Organization 'Semicolon',,200,yes,Structured Data Report
http://localhost:3000/technologies/scikit-learn-development,Optimization,P3 - improve,Completeness,WebSite missing recommended properties,A schema object lacks recommended properties that improve rich results.,no 'potentialAction','potentialAction' property on WebSite,Add the properties listed in Current value.,WebSite 'Semicolon',,200,yes,Structured Data Report
http://localhost:3000/technologies/scikit-learn-development,Optimization,P3 - improve,Page type,FAQ section without FAQPage schema,The page has an FAQ section but no FAQPage schema.,,FAQPage JSON-LD with each question and answer,Generate FAQPage JSON-LD from the same FAQ data the page renders.,,,200,yes,Structured Data Report
http://localhost:3000/technologies/search-engine-optimization-seo,Optimization,P3 - improve,Completeness,Organization missing recommended properties,A schema object lacks recommended properties that improve rich results.,no 'sameAs','sameAs' property on Organization,Add the properties listed in Current value.,Organization 'Semicolon',,200,yes,Structured Data Report
http://localhost:3000/technologies/search-engine-optimization-seo,Optimization,P3 - improve,Completeness,Organization missing recommended properties,A schema object lacks recommended properties that improve rich results.,no 'contactPoint','contactPoint' property on Organization,Add the properties listed in Current value.,Organization 'Semicolon',,200,yes,Structured Data Report
http://localhost:3000/technologies/search-engine-optimization-seo,Optimization,P3 - improve,Completeness,WebSite missing recommended properties,A schema object lacks recommended properties that improve rich results.,no 'potentialAction','potentialAction' property on WebSite,Add the properties listed in Current value.,WebSite 'Semicolon',,200,yes,Structured Data Report
http://localhost:3000/technologies/search-engine-optimization-seo,Optimization,P3 - improve,Page type,FAQ section without FAQPage schema,The page has an FAQ section but no FAQPage schema.,,FAQPage JSON-LD with each question and answer,Generate FAQPage JSON-LD from the same FAQ data the page renders.,,,200,yes,Structured Data Report
http://localhost:3000/technologies/security-testing,Optimization,P3 - improve,Completeness,Organization missing recommended properties,A schema object lacks recommended properties that improve rich results.,no 'sameAs','sameAs' property on Organization,Add the properties listed in Current value.,Organization 'Semicolon',,200,yes,Structured Data Report
http://localhost:3000/technologies/security-testing,Optimization,P3 - improve,Completeness,Organization missing recommended properties,A schema object lacks recommended properties that improve rich results.,no 'contactPoint','contactPoint' property on Organization,Add the properties listed in Current value.,Organization 'Semicolon',,200,yes,Structured Data Report
http://localhost:3000/technologies/security-testing,Optimization,P3 - improve,Completeness,WebSite missing recommended properties,A schema object lacks recommended properties that improve rich results.,no 'potentialAction','potentialAction' property on WebSite,Add the properties listed in Current value.,WebSite 'Semicolon',,200,yes,Structured Data Report
http://localhost:3000/technologies/security-testing,Optimization,P3 - improve,Page type,FAQ section without FAQPage schema,The page has an FAQ section but no FAQPage schema.,,FAQPage JSON-LD with each question and answer,Generate FAQPage JSON-LD from the same FAQ data the page renders.,,,200,yes,Structured Data Report
http://localhost:3000/technologies/selenium-development,Optimization,P3 - improve,Completeness,Organization missing recommended properties,A schema object lacks recommended properties that improve rich results.,no 'sameAs','sameAs' property on Organization,Add the properties listed in Current value.,Organization 'Semicolon',,200,yes,Structured Data Report
http://localhost:3000/technologies/selenium-development,Optimization,P3 - improve,Completeness,Organization missing recommended properties,A schema object lacks recommended properties that improve rich results.,no 'contactPoint','contactPoint' property on Organization,Add the properties listed in Current value.,Organization 'Semicolon',,200,yes,Structured Data Report
http://localhost:3000/technologies/selenium-development,Optimization,P3 - improve,Completeness,WebSite missing recommended properties,A schema object lacks recommended properties that improve rich results.,no 'potentialAction','potentialAction' property on WebSite,Add the properties listed in Current value.,WebSite 'Semicolon',,200,yes,Structured Data Report
http://localhost:3000/technologies/selenium-development,Optimization,P3 - improve,Page type,FAQ section without FAQPage schema,The page has an FAQ section but no FAQPage schema.,,FAQPage JSON-LD with each question and answer,Generate FAQPage JSON-LD from the same FAQ data the page renders.,,,200,yes,Structured Data Report
http://localhost:3000/technologies/selenium-testing,Optimization,P3 - improve,Completeness,Organization missing recommended properties,A schema object lacks recommended properties that improve rich results.,no 'sameAs','sameAs' property on Organization,Add the properties listed in Current value.,Organization 'Semicolon',,200,yes,Structured Data Report
http://localhost:3000/technologies/selenium-testing,Optimization,P3 - improve,Completeness,Organization missing recommended properties,A schema object lacks recommended properties that improve rich results.,no 'contactPoint','contactPoint' property on Organization,Add the properties listed in Current value.,Organization 'Semicolon',,200,yes,Structured Data Report
http://localhost:3000/technologies/selenium-testing,Optimization,P3 - improve,Completeness,WebSite missing recommended properties,A schema object lacks recommended properties that improve rich results.,no 'potentialAction','potentialAction' property on WebSite,Add the properties listed in Current value.,WebSite 'Semicolon',,200,yes,Structured Data Report
http://localhost:3000/technologies/selenium-testing,Optimization,P3 - improve,Page type,FAQ section without FAQPage schema,The page has an FAQ section but no FAQPage schema.,,FAQPage JSON-LD with each question and answer,Generate FAQPage JSON-LD from the same FAQ data the page renders.,,,200,yes,Structured Data Report
http://localhost:3000/technologies/seo-services,Optimization,P3 - improve,Completeness,Organization missing recommended properties,A schema object lacks recommended properties that improve rich results.,no 'sameAs','sameAs' property on Organization,Add the properties listed in Current value.,Organization 'Semicolon',,200,yes,Structured Data Report
http://localhost:3000/technologies/seo-services,Optimization,P3 - improve,Completeness,Organization missing recommended properties,A schema object lacks recommended properties that improve rich results.,no 'contactPoint','contactPoint' property on Organization,Add the properties listed in Current value.,Organization 'Semicolon',,200,yes,Structured Data Report
http://localhost:3000/technologies/seo-services,Optimization,P3 - improve,Completeness,WebSite missing recommended properties,A schema object lacks recommended properties that improve rich results.,no 'potentialAction','potentialAction' property on WebSite,Add the properties listed in Current value.,WebSite 'Semicolon',,200,yes,Structured Data Report
http://localhost:3000/technologies/seo-services,Optimization,P3 - improve,Page type,FAQ section without FAQPage schema,The page has an FAQ section but no FAQPage schema.,,FAQPage JSON-LD with each question and answer,Generate FAQPage JSON-LD from the same FAQ data the page renders.,,,200,yes,Structured Data Report
http://localhost:3000/technologies/shopify-cms-development,Optimization,P3 - improve,Completeness,Organization missing recommended properties,A schema object lacks recommended properties that improve rich results.,no 'sameAs','sameAs' property on Organization,Add the properties listed in Current value.,Organization 'Semicolon',,200,yes,Structured Data Report
http://localhost:3000/technologies/shopify-cms-development,Optimization,P3 - improve,Completeness,Organization missing recommended properties,A schema object lacks recommended properties that improve rich results.,no 'contactPoint','contactPoint' property on Organization,Add the properties listed in Current value.,Organization 'Semicolon',,200,yes,Structured Data Report
http://localhost:3000/technologies/shopify-cms-development,Optimization,P3 - improve,Completeness,WebSite missing recommended properties,A schema object lacks recommended properties that improve rich results.,no 'potentialAction','potentialAction' property on WebSite,Add the properties listed in Current value.,WebSite 'Semicolon',,200,yes,Structured Data Report
http://localhost:3000/technologies/shopify-cms-development,Optimization,P3 - improve,Page type,FAQ section without FAQPage schema,The page has an FAQ section but no FAQPage schema.,,FAQPage JSON-LD with each question and answer,Generate FAQPage JSON-LD from the same FAQ data the page renders.,,,200,yes,Structured Data Report
http://localhost:3000/technologies/shopify-development,Optimization,P3 - improve,Completeness,Organization missing recommended properties,A schema object lacks recommended properties that improve rich results.,no 'sameAs','sameAs' property on Organization,Add the properties listed in Current value.,Organization 'Semicolon',,200,yes,Structured Data Report
http://localhost:3000/technologies/shopify-development,Optimization,P3 - improve,Completeness,Organization missing recommended properties,A schema object lacks recommended properties that improve rich results.,no 'contactPoint','contactPoint' property on Organization,Add the properties listed in Current value.,Organization 'Semicolon',,200,yes,Structured Data Report
http://localhost:3000/technologies/shopify-development,Optimization,P3 - improve,Completeness,WebSite missing recommended properties,A schema object lacks recommended properties that improve rich results.,no 'potentialAction','potentialAction' property on WebSite,Add the properties listed in Current value.,WebSite 'Semicolon',,200,yes,Structured Data Report
http://localhost:3000/technologies/shopify-development,Optimization,P3 - improve,Page type,FAQ section without FAQPage schema,The page has an FAQ section but no FAQPage schema.,,FAQPage JSON-LD with each question and answer,Generate FAQPage JSON-LD from the same FAQ data the page renders.,,,200,yes,Structured Data Report
http://localhost:3000/technologies/sitecore-development,Optimization,P3 - improve,Completeness,Organization missing recommended properties,A schema object lacks recommended properties that improve rich results.,no 'sameAs','sameAs' property on Organization,Add the properties listed in Current value.,Organization 'Semicolon',,200,yes,Structured Data Report
http://localhost:3000/technologies/sitecore-development,Optimization,P3 - improve,Completeness,Organization missing recommended properties,A schema object lacks recommended properties that improve rich results.,no 'contactPoint','contactPoint' property on Organization,Add the properties listed in Current value.,Organization 'Semicolon',,200,yes,Structured Data Report
http://localhost:3000/technologies/sitecore-development,Optimization,P3 - improve,Completeness,WebSite missing recommended properties,A schema object lacks recommended properties that improve rich results.,no 'potentialAction','potentialAction' property on WebSite,Add the properties listed in Current value.,WebSite 'Semicolon',,200,yes,Structured Data Report
http://localhost:3000/technologies/sitecore-development,Optimization,P3 - improve,Page type,FAQ section without FAQPage schema,The page has an FAQ section but no FAQPage schema.,,FAQPage JSON-LD with each question and answer,Generate FAQPage JSON-LD from the same FAQ data the page renders.,,,200,yes,Structured Data Report
http://localhost:3000/technologies/sketch-design,Optimization,P3 - improve,Completeness,Organization missing recommended properties,A schema object lacks recommended properties that improve rich results.,no 'sameAs','sameAs' property on Organization,Add the properties listed in Current value.,Organization 'Semicolon',,200,yes,Structured Data Report
http://localhost:3000/technologies/sketch-design,Optimization,P3 - improve,Completeness,Organization missing recommended properties,A schema object lacks recommended properties that improve rich results.,no 'contactPoint','contactPoint' property on Organization,Add the properties listed in Current value.,Organization 'Semicolon',,200,yes,Structured Data Report
http://localhost:3000/technologies/sketch-design,Optimization,P3 - improve,Completeness,WebSite missing recommended properties,A schema object lacks recommended properties that improve rich results.,no 'potentialAction','potentialAction' property on WebSite,Add the properties listed in Current value.,WebSite 'Semicolon',,200,yes,Structured Data Report
http://localhost:3000/technologies/sketch-design,Optimization,P3 - improve,Page type,FAQ section without FAQPage schema,The page has an FAQ section but no FAQPage schema.,,FAQPage JSON-LD with each question and answer,Generate FAQPage JSON-LD from the same FAQ data the page renders.,,,200,yes,Structured Data Report
http://localhost:3000/technologies/social-media-marketing,Optimization,P3 - improve,Completeness,Organization missing recommended properties,A schema object lacks recommended properties that improve rich results.,no 'sameAs','sameAs' property on Organization,Add the properties listed in Current value.,Organization 'Semicolon',,200,yes,Structured Data Report
http://localhost:3000/technologies/social-media-marketing,Optimization,P3 - improve,Completeness,Organization missing recommended properties,A schema object lacks recommended properties that improve rich results.,no 'contactPoint','contactPoint' property on Organization,Add the properties listed in Current value.,Organization 'Semicolon',,200,yes,Structured Data Report
http://localhost:3000/technologies/social-media-marketing,Optimization,P3 - improve,Completeness,WebSite missing recommended properties,A schema object lacks recommended properties that improve rich results.,no 'potentialAction','potentialAction' property on WebSite,Add the properties listed in Current value.,WebSite 'Semicolon',,200,yes,Structured Data Report
http://localhost:3000/technologies/social-media-marketing,Optimization,P3 - improve,Page type,FAQ section without FAQPage schema,The page has an FAQ section but no FAQPage schema.,,FAQPage JSON-LD with each question and answer,Generate FAQPage JSON-LD from the same FAQ data the page renders.,,,200,yes,Structured Data Report
http://localhost:3000/technologies/social-media-marketing-smm,Optimization,P3 - improve,Completeness,Organization missing recommended properties,A schema object lacks recommended properties that improve rich results.,no 'sameAs','sameAs' property on Organization,Add the properties listed in Current value.,Organization 'Semicolon',,200,yes,Structured Data Report
http://localhost:3000/technologies/social-media-marketing-smm,Optimization,P3 - improve,Completeness,Organization missing recommended properties,A schema object lacks recommended properties that improve rich results.,no 'contactPoint','contactPoint' property on Organization,Add the properties listed in Current value.,Organization 'Semicolon',,200,yes,Structured Data Report
http://localhost:3000/technologies/social-media-marketing-smm,Optimization,P3 - improve,Completeness,WebSite missing recommended properties,A schema object lacks recommended properties that improve rich results.,no 'potentialAction','potentialAction' property on WebSite,Add the properties listed in Current value.,WebSite 'Semicolon',,200,yes,Structured Data Report
http://localhost:3000/technologies/social-media-marketing-smm,Optimization,P3 - improve,Page type,FAQ section without FAQPage schema,The page has an FAQ section but no FAQPage schema.,,FAQPage JSON-LD with each question and answer,Generate FAQPage JSON-LD from the same FAQ data the page renders.,,,200,yes,Structured Data Report
http://localhost:3000/technologies/spring-boot-development,Optimization,P3 - improve,Completeness,Organization missing recommended properties,A schema object lacks recommended properties that improve rich results.,no 'sameAs','sameAs' property on Organization,Add the properties listed in Current value.,Organization 'Semicolon',,200,yes,Structured Data Report
http://localhost:3000/technologies/spring-boot-development,Optimization,P3 - improve,Completeness,Organization missing recommended properties,A schema object lacks recommended properties that improve rich results.,no 'contactPoint','contactPoint' property on Organization,Add the properties listed in Current value.,Organization 'Semicolon',,200,yes,Structured Data Report
http://localhost:3000/technologies/spring-boot-development,Optimization,P3 - improve,Completeness,WebSite missing recommended properties,A schema object lacks recommended properties that improve rich results.,no 'potentialAction','potentialAction' property on WebSite,Add the properties listed in Current value.,WebSite 'Semicolon',,200,yes,Structured Data Report
http://localhost:3000/technologies/spring-boot-development,Optimization,P3 - improve,Page type,FAQ section without FAQPage schema,The page has an FAQ section but no FAQPage schema.,,FAQPage JSON-LD with each question and answer,Generate FAQPage JSON-LD from the same FAQ data the page renders.,,,200,yes,Structured Data Report
http://localhost:3000/technologies/sql-server-development,Optimization,P3 - improve,Completeness,Organization missing recommended properties,A schema object lacks recommended properties that improve rich results.,no 'sameAs','sameAs' property on Organization,Add the properties listed in Current value.,Organization 'Semicolon',,200,yes,Structured Data Report
http://localhost:3000/technologies/sql-server-development,Optimization,P3 - improve,Completeness,Organization missing recommended properties,A schema object lacks recommended properties that improve rich results.,no 'contactPoint','contactPoint' property on Organization,Add the properties listed in Current value.,Organization 'Semicolon',,200,yes,Structured Data Report
http://localhost:3000/technologies/sql-server-development,Optimization,P3 - improve,Completeness,WebSite missing recommended properties,A schema object lacks recommended properties that improve rich results.,no 'potentialAction','potentialAction' property on WebSite,Add the properties listed in Current value.,WebSite 'Semicolon',,200,yes,Structured Data Report
http://localhost:3000/technologies/sql-server-development,Optimization,P3 - improve,Page type,FAQ section without FAQPage schema,The page has an FAQ section but no FAQPage schema.,,FAQPage JSON-LD with each question and answer,Generate FAQPage JSON-LD from the same FAQ data the page renders.,,,200,yes,Structured Data Report
http://localhost:3000/technologies/sqlite-development,Optimization,P3 - improve,Completeness,Organization missing recommended properties,A schema object lacks recommended properties that improve rich results.,no 'sameAs','sameAs' property on Organization,Add the properties listed in Current value.,Organization 'Semicolon',,200,yes,Structured Data Report
http://localhost:3000/technologies/sqlite-development,Optimization,P3 - improve,Completeness,Organization missing recommended properties,A schema object lacks recommended properties that improve rich results.,no 'contactPoint','contactPoint' property on Organization,Add the properties listed in Current value.,Organization 'Semicolon',,200,yes,Structured Data Report
http://localhost:3000/technologies/sqlite-development,Optimization,P3 - improve,Completeness,WebSite missing recommended properties,A schema object lacks recommended properties that improve rich results.,no 'potentialAction','potentialAction' property on WebSite,Add the properties listed in Current value.,WebSite 'Semicolon',,200,yes,Structured Data Report
http://localhost:3000/technologies/sqlite-development,Optimization,P3 - improve,Page type,FAQ section without FAQPage schema,The page has an FAQ section but no FAQPage schema.,,FAQPage JSON-LD with each question and answer,Generate FAQPage JSON-LD from the same FAQ data the page renders.,,,200,yes,Structured Data Report
http://localhost:3000/technologies/squarespace-development,Optimization,P3 - improve,Completeness,Organization missing recommended properties,A schema object lacks recommended properties that improve rich results.,no 'sameAs','sameAs' property on Organization,Add the properties listed in Current value.,Organization 'Semicolon',,200,yes,Structured Data Report
http://localhost:3000/technologies/squarespace-development,Optimization,P3 - improve,Completeness,Organization missing recommended properties,A schema object lacks recommended properties that improve rich results.,no 'contactPoint','contactPoint' property on Organization,Add the properties listed in Current value.,Organization 'Semicolon',,200,yes,Structured Data Report
http://localhost:3000/technologies/squarespace-development,Optimization,P3 - improve,Completeness,WebSite missing recommended properties,A schema object lacks recommended properties that improve rich results.,no 'potentialAction','potentialAction' property on WebSite,Add the properties listed in Current value.,WebSite 'Semicolon',,200,yes,Structured Data Report
http://localhost:3000/technologies/squarespace-development,Optimization,P3 - improve,Page type,FAQ section without FAQPage schema,The page has an FAQ section but no FAQPage schema.,,FAQPage JSON-LD with each question and answer,Generate FAQPage JSON-LD from the same FAQ data the page renders.,,,200,yes,Structured Data Report
http://localhost:3000/technologies/storybook-development,Optimization,P3 - improve,Completeness,Organization missing recommended properties,A schema object lacks recommended properties that improve rich results.,no 'sameAs','sameAs' property on Organization,Add the properties listed in Current value.,Organization 'Semicolon',,200,yes,Structured Data Report
http://localhost:3000/technologies/storybook-development,Optimization,P3 - improve,Completeness,Organization missing recommended properties,A schema object lacks recommended properties that improve rich results.,no 'contactPoint','contactPoint' property on Organization,Add the properties listed in Current value.,Organization 'Semicolon',,200,yes,Structured Data Report
http://localhost:3000/technologies/storybook-development,Optimization,P3 - improve,Completeness,WebSite missing recommended properties,A schema object lacks recommended properties that improve rich results.,no 'potentialAction','potentialAction' property on WebSite,Add the properties listed in Current value.,WebSite 'Semicolon',,200,yes,Structured Data Report
http://localhost:3000/technologies/storybook-development,Optimization,P3 - improve,Page type,FAQ section without FAQPage schema,The page has an FAQ section but no FAQPage schema.,,FAQPage JSON-LD with each question and answer,Generate FAQPage JSON-LD from the same FAQ data the page renders.,,,200,yes,Structured Data Report
http://localhost:3000/technologies/strapi-development,Optimization,P3 - improve,Completeness,Organization missing recommended properties,A schema object lacks recommended properties that improve rich results.,no 'sameAs','sameAs' property on Organization,Add the properties listed in Current value.,Organization 'Semicolon',,200,yes,Structured Data Report
http://localhost:3000/technologies/strapi-development,Optimization,P3 - improve,Completeness,Organization missing recommended properties,A schema object lacks recommended properties that improve rich results.,no 'contactPoint','contactPoint' property on Organization,Add the properties listed in Current value.,Organization 'Semicolon',,200,yes,Structured Data Report
http://localhost:3000/technologies/strapi-development,Optimization,P3 - improve,Completeness,WebSite missing recommended properties,A schema object lacks recommended properties that improve rich results.,no 'potentialAction','potentialAction' property on WebSite,Add the properties listed in Current value.,WebSite 'Semicolon',,200,yes,Structured Data Report
http://localhost:3000/technologies/strapi-development,Optimization,P3 - improve,Page type,FAQ section without FAQPage schema,The page has an FAQ section but no FAQPage schema.,,FAQPage JSON-LD with each question and answer,Generate FAQPage JSON-LD from the same FAQ data the page renders.,,,200,yes,Structured Data Report
http://localhost:3000/technologies/stripe-integration,Optimization,P3 - improve,Completeness,Organization missing recommended properties,A schema object lacks recommended properties that improve rich results.,no 'sameAs','sameAs' property on Organization,Add the properties listed in Current value.,Organization 'Semicolon',,200,yes,Structured Data Report
http://localhost:3000/technologies/stripe-integration,Optimization,P3 - improve,Completeness,Organization missing recommended properties,A schema object lacks recommended properties that improve rich results.,no 'contactPoint','contactPoint' property on Organization,Add the properties listed in Current value.,Organization 'Semicolon',,200,yes,Structured Data Report
http://localhost:3000/technologies/stripe-integration,Optimization,P3 - improve,Completeness,WebSite missing recommended properties,A schema object lacks recommended properties that improve rich results.,no 'potentialAction','potentialAction' property on WebSite,Add the properties listed in Current value.,WebSite 'Semicolon',,200,yes,Structured Data Report
http://localhost:3000/technologies/stripe-integration,Optimization,P3 - improve,Page type,FAQ section without FAQPage schema,The page has an FAQ section but no FAQPage schema.,,FAQPage JSON-LD with each question and answer,Generate FAQPage JSON-LD from the same FAQ data the page renders.,,,200,yes,Structured Data Report
http://localhost:3000/technologies/supabase-development,Optimization,P3 - improve,Completeness,Organization missing recommended properties,A schema object lacks recommended properties that improve rich results.,no 'sameAs','sameAs' property on Organization,Add the properties listed in Current value.,Organization 'Semicolon',,200,yes,Structured Data Report
http://localhost:3000/technologies/supabase-development,Optimization,P3 - improve,Completeness,Organization missing recommended properties,A schema object lacks recommended properties that improve rich results.,no 'contactPoint','contactPoint' property on Organization,Add the properties listed in Current value.,Organization 'Semicolon',,200,yes,Structured Data Report
http://localhost:3000/technologies/supabase-development,Optimization,P3 - improve,Completeness,WebSite missing recommended properties,A schema object lacks recommended properties that improve rich results.,no 'potentialAction','potentialAction' property on WebSite,Add the properties listed in Current value.,WebSite 'Semicolon',,200,yes,Structured Data Report
http://localhost:3000/technologies/supabase-development,Optimization,P3 - improve,Page type,FAQ section without FAQPage schema,The page has an FAQ section but no FAQPage schema.,,FAQPage JSON-LD with each question and answer,Generate FAQPage JSON-LD from the same FAQ data the page renders.,,,200,yes,Structured Data Report
http://localhost:3000/technologies/svelte-development,Optimization,P3 - improve,Completeness,Organization missing recommended properties,A schema object lacks recommended properties that improve rich results.,no 'sameAs','sameAs' property on Organization,Add the properties listed in Current value.,Organization 'Semicolon',,200,yes,Structured Data Report
http://localhost:3000/technologies/svelte-development,Optimization,P3 - improve,Completeness,Organization missing recommended properties,A schema object lacks recommended properties that improve rich results.,no 'contactPoint','contactPoint' property on Organization,Add the properties listed in Current value.,Organization 'Semicolon',,200,yes,Structured Data Report
http://localhost:3000/technologies/svelte-development,Optimization,P3 - improve,Completeness,WebSite missing recommended properties,A schema object lacks recommended properties that improve rich results.,no 'potentialAction','potentialAction' property on WebSite,Add the properties listed in Current value.,WebSite 'Semicolon',,200,yes,Structured Data Report
http://localhost:3000/technologies/svelte-development,Optimization,P3 - improve,Page type,FAQ section without FAQPage schema,The page has an FAQ section but no FAQPage schema.,,FAQPage JSON-LD with each question and answer,Generate FAQPage JSON-LD from the same FAQ data the page renders.,,,200,yes,Structured Data Report
http://localhost:3000/technologies/sveltekit-development,Optimization,P3 - improve,Completeness,Organization missing recommended properties,A schema object lacks recommended properties that improve rich results.,no 'sameAs','sameAs' property on Organization,Add the properties listed in Current value.,Organization 'Semicolon',,200,yes,Structured Data Report
http://localhost:3000/technologies/sveltekit-development,Optimization,P3 - improve,Completeness,Organization missing recommended properties,A schema object lacks recommended properties that improve rich results.,no 'contactPoint','contactPoint' property on Organization,Add the properties listed in Current value.,Organization 'Semicolon',,200,yes,Structured Data Report
http://localhost:3000/technologies/sveltekit-development,Optimization,P3 - improve,Completeness,WebSite missing recommended properties,A schema object lacks recommended properties that improve rich results.,no 'potentialAction','potentialAction' property on WebSite,Add the properties listed in Current value.,WebSite 'Semicolon',,200,yes,Structured Data Report
http://localhost:3000/technologies/sveltekit-development,Optimization,P3 - improve,Page type,FAQ section without FAQPage schema,The page has an FAQ section but no FAQPage schema.,,FAQPage JSON-LD with each question and answer,Generate FAQPage JSON-LD from the same FAQ data the page renders.,,,200,yes,Structured Data Report
http://localhost:3000/technologies/swift-development,Optimization,P3 - improve,Completeness,Organization missing recommended properties,A schema object lacks recommended properties that improve rich results.,no 'sameAs','sameAs' property on Organization,Add the properties listed in Current value.,Organization 'Semicolon',,200,yes,Structured Data Report
http://localhost:3000/technologies/swift-development,Optimization,P3 - improve,Completeness,Organization missing recommended properties,A schema object lacks recommended properties that improve rich results.,no 'contactPoint','contactPoint' property on Organization,Add the properties listed in Current value.,Organization 'Semicolon',,200,yes,Structured Data Report
http://localhost:3000/technologies/swift-development,Optimization,P3 - improve,Completeness,WebSite missing recommended properties,A schema object lacks recommended properties that improve rich results.,no 'potentialAction','potentialAction' property on WebSite,Add the properties listed in Current value.,WebSite 'Semicolon',,200,yes,Structured Data Report
http://localhost:3000/technologies/swift-development,Optimization,P3 - improve,Page type,FAQ section without FAQPage schema,The page has an FAQ section but no FAQPage schema.,,FAQPage JSON-LD with each question and answer,Generate FAQPage JSON-LD from the same FAQ data the page renders.,,,200,yes,Structured Data Report
http://localhost:3000/technologies/swiftui-development,Optimization,P3 - improve,Completeness,Organization missing recommended properties,A schema object lacks recommended properties that improve rich results.,no 'sameAs','sameAs' property on Organization,Add the properties listed in Current value.,Organization 'Semicolon',,200,yes,Structured Data Report
http://localhost:3000/technologies/swiftui-development,Optimization,P3 - improve,Completeness,Organization missing recommended properties,A schema object lacks recommended properties that improve rich results.,no 'contactPoint','contactPoint' property on Organization,Add the properties listed in Current value.,Organization 'Semicolon',,200,yes,Structured Data Report
http://localhost:3000/technologies/swiftui-development,Optimization,P3 - improve,Completeness,WebSite missing recommended properties,A schema object lacks recommended properties that improve rich results.,no 'potentialAction','potentialAction' property on WebSite,Add the properties listed in Current value.,WebSite 'Semicolon',,200,yes,Structured Data Report
http://localhost:3000/technologies/swiftui-development,Optimization,P3 - improve,Page type,FAQ section without FAQPage schema,The page has an FAQ section but no FAQPage schema.,,FAQPage JSON-LD with each question and answer,Generate FAQPage JSON-LD from the same FAQ data the page renders.,,,200,yes,Structured Data Report
http://localhost:3000/technologies/tailwind-css-development,Optimization,P3 - improve,Completeness,Organization missing recommended properties,A schema object lacks recommended properties that improve rich results.,no 'sameAs','sameAs' property on Organization,Add the properties listed in Current value.,Organization 'Semicolon',,200,yes,Structured Data Report
http://localhost:3000/technologies/tailwind-css-development,Optimization,P3 - improve,Completeness,Organization missing recommended properties,A schema object lacks recommended properties that improve rich results.,no 'contactPoint','contactPoint' property on Organization,Add the properties listed in Current value.,Organization 'Semicolon',,200,yes,Structured Data Report
http://localhost:3000/technologies/tailwind-css-development,Optimization,P3 - improve,Completeness,WebSite missing recommended properties,A schema object lacks recommended properties that improve rich results.,no 'potentialAction','potentialAction' property on WebSite,Add the properties listed in Current value.,WebSite 'Semicolon',,200,yes,Structured Data Report
http://localhost:3000/technologies/tailwind-css-development,Optimization,P3 - improve,Page type,FAQ section without FAQPage schema,The page has an FAQ section but no FAQPage schema.,,FAQPage JSON-LD with each question and answer,Generate FAQPage JSON-LD from the same FAQ data the page renders.,,,200,yes,Structured Data Report
http://localhost:3000/technologies/technical-seo-services,Optimization,P3 - improve,Completeness,Organization missing recommended properties,A schema object lacks recommended properties that improve rich results.,no 'sameAs','sameAs' property on Organization,Add the properties listed in Current value.,Organization 'Semicolon',,200,yes,Structured Data Report
http://localhost:3000/technologies/technical-seo-services,Optimization,P3 - improve,Completeness,Organization missing recommended properties,A schema object lacks recommended properties that improve rich results.,no 'contactPoint','contactPoint' property on Organization,Add the properties listed in Current value.,Organization 'Semicolon',,200,yes,Structured Data Report
http://localhost:3000/technologies/technical-seo-services,Optimization,P3 - improve,Completeness,WebSite missing recommended properties,A schema object lacks recommended properties that improve rich results.,no 'potentialAction','potentialAction' property on WebSite,Add the properties listed in Current value.,WebSite 'Semicolon',,200,yes,Structured Data Report
http://localhost:3000/technologies/technical-seo-services,Optimization,P3 - improve,Page type,FAQ section without FAQPage schema,The page has an FAQ section but no FAQPage schema.,,FAQPage JSON-LD with each question and answer,Generate FAQPage JSON-LD from the same FAQ data the page renders.,,,200,yes,Structured Data Report
http://localhost:3000/technologies/tensorflow-development,Optimization,P3 - improve,Completeness,Organization missing recommended properties,A schema object lacks recommended properties that improve rich results.,no 'sameAs','sameAs' property on Organization,Add the properties listed in Current value.,Organization 'Semicolon',,200,yes,Structured Data Report
http://localhost:3000/technologies/tensorflow-development,Optimization,P3 - improve,Completeness,Organization missing recommended properties,A schema object lacks recommended properties that improve rich results.,no 'contactPoint','contactPoint' property on Organization,Add the properties listed in Current value.,Organization 'Semicolon',,200,yes,Structured Data Report
http://localhost:3000/technologies/tensorflow-development,Optimization,P3 - improve,Completeness,WebSite missing recommended properties,A schema object lacks recommended properties that improve rich results.,no 'potentialAction','potentialAction' property on WebSite,Add the properties listed in Current value.,WebSite 'Semicolon',,200,yes,Structured Data Report
http://localhost:3000/technologies/tensorflow-development,Optimization,P3 - improve,Page type,FAQ section without FAQPage schema,The page has an FAQ section but no FAQPage schema.,,FAQPage JSON-LD with each question and answer,Generate FAQPage JSON-LD from the same FAQ data the page renders.,,,200,yes,Structured Data Report
http://localhost:3000/technologies/terraform-development,Optimization,P3 - improve,Completeness,Organization missing recommended properties,A schema object lacks recommended properties that improve rich results.,no 'sameAs','sameAs' property on Organization,Add the properties listed in Current value.,Organization 'Semicolon',,200,yes,Structured Data Report
http://localhost:3000/technologies/terraform-development,Optimization,P3 - improve,Completeness,Organization missing recommended properties,A schema object lacks recommended properties that improve rich results.,no 'contactPoint','contactPoint' property on Organization,Add the properties listed in Current value.,Organization 'Semicolon',,200,yes,Structured Data Report
http://localhost:3000/technologies/terraform-development,Optimization,P3 - improve,Completeness,WebSite missing recommended properties,A schema object lacks recommended properties that improve rich results.,no 'potentialAction','potentialAction' property on WebSite,Add the properties listed in Current value.,WebSite 'Semicolon',,200,yes,Structured Data Report
http://localhost:3000/technologies/terraform-development,Optimization,P3 - improve,Page type,FAQ section without FAQPage schema,The page has an FAQ section but no FAQPage schema.,,FAQPage JSON-LD with each question and answer,Generate FAQPage JSON-LD from the same FAQ data the page renders.,,,200,yes,Structured Data Report
http://localhost:3000/technologies/test-management,Optimization,P3 - improve,Completeness,Organization missing recommended properties,A schema object lacks recommended properties that improve rich results.,no 'sameAs','sameAs' property on Organization,Add the properties listed in Current value.,Organization 'Semicolon',,200,yes,Structured Data Report
http://localhost:3000/technologies/test-management,Optimization,P3 - improve,Completeness,Organization missing recommended properties,A schema object lacks recommended properties that improve rich results.,no 'contactPoint','contactPoint' property on Organization,Add the properties listed in Current value.,Organization 'Semicolon',,200,yes,Structured Data Report
http://localhost:3000/technologies/test-management,Optimization,P3 - improve,Completeness,WebSite missing recommended properties,A schema object lacks recommended properties that improve rich results.,no 'potentialAction','potentialAction' property on WebSite,Add the properties listed in Current value.,WebSite 'Semicolon',,200,yes,Structured Data Report
http://localhost:3000/technologies/test-management,Optimization,P3 - improve,Page type,FAQ section without FAQPage schema,The page has an FAQ section but no FAQPage schema.,,FAQPage JSON-LD with each question and answer,Generate FAQPage JSON-LD from the same FAQ data the page renders.,,,200,yes,Structured Data Report
http://localhost:3000/technologies/typescript-development,Optimization,P3 - improve,Completeness,Organization missing recommended properties,A schema object lacks recommended properties that improve rich results.,no 'sameAs','sameAs' property on Organization,Add the properties listed in Current value.,Organization 'Semicolon',,200,yes,Structured Data Report
http://localhost:3000/technologies/typescript-development,Optimization,P3 - improve,Completeness,Organization missing recommended properties,A schema object lacks recommended properties that improve rich results.,no 'contactPoint','contactPoint' property on Organization,Add the properties listed in Current value.,Organization 'Semicolon',,200,yes,Structured Data Report
http://localhost:3000/technologies/typescript-development,Optimization,P3 - improve,Completeness,WebSite missing recommended properties,A schema object lacks recommended properties that improve rich results.,no 'potentialAction','potentialAction' property on WebSite,Add the properties listed in Current value.,WebSite 'Semicolon',,200,yes,Structured Data Report
http://localhost:3000/technologies/typescript-development,Optimization,P3 - improve,Page type,FAQ section without FAQPage schema,The page has an FAQ section but no FAQPage schema.,,FAQPage JSON-LD with each question and answer,Generate FAQPage JSON-LD from the same FAQ data the page renders.,,,200,yes,Structured Data Report
http://localhost:3000/technologies/ui-design,Optimization,P3 - improve,Completeness,Organization missing recommended properties,A schema object lacks recommended properties that improve rich results.,no 'sameAs','sameAs' property on Organization,Add the properties listed in Current value.,Organization 'Semicolon',,200,yes,Structured Data Report
http://localhost:3000/technologies/ui-design,Optimization,P3 - improve,Completeness,Organization missing recommended properties,A schema object lacks recommended properties that improve rich results.,no 'contactPoint','contactPoint' property on Organization,Add the properties listed in Current value.,Organization 'Semicolon',,200,yes,Structured Data Report
http://localhost:3000/technologies/ui-design,Optimization,P3 - improve,Completeness,WebSite missing recommended properties,A schema object lacks recommended properties that improve rich results.,no 'potentialAction','potentialAction' property on WebSite,Add the properties listed in Current value.,WebSite 'Semicolon',,200,yes,Structured Data Report
http://localhost:3000/technologies/ui-design,Optimization,P3 - improve,Page type,FAQ section without FAQPage schema,The page has an FAQ section but no FAQPage schema.,,FAQPage JSON-LD with each question and answer,Generate FAQPage JSON-LD from the same FAQ data the page renders.,,,200,yes,Structured Data Report
http://localhost:3000/technologies/umbraco-development,Optimization,P3 - improve,Completeness,Organization missing recommended properties,A schema object lacks recommended properties that improve rich results.,no 'sameAs','sameAs' property on Organization,Add the properties listed in Current value.,Organization 'Semicolon',,200,yes,Structured Data Report
http://localhost:3000/technologies/umbraco-development,Optimization,P3 - improve,Completeness,Organization missing recommended properties,A schema object lacks recommended properties that improve rich results.,no 'contactPoint','contactPoint' property on Organization,Add the properties listed in Current value.,Organization 'Semicolon',,200,yes,Structured Data Report
http://localhost:3000/technologies/umbraco-development,Optimization,P3 - improve,Completeness,WebSite missing recommended properties,A schema object lacks recommended properties that improve rich results.,no 'potentialAction','potentialAction' property on WebSite,Add the properties listed in Current value.,WebSite 'Semicolon',,200,yes,Structured Data Report
http://localhost:3000/technologies/umbraco-development,Optimization,P3 - improve,Page type,FAQ section without FAQPage schema,The page has an FAQ section but no FAQPage schema.,,FAQPage JSON-LD with each question and answer,Generate FAQPage JSON-LD from the same FAQ data the page renders.,,,200,yes,Structured Data Report
http://localhost:3000/technologies/unit-testing,Optimization,P3 - improve,Completeness,Organization missing recommended properties,A schema object lacks recommended properties that improve rich results.,no 'sameAs','sameAs' property on Organization,Add the properties listed in Current value.,Organization 'Semicolon',,200,yes,Structured Data Report
http://localhost:3000/technologies/unit-testing,Optimization,P3 - improve,Completeness,Organization missing recommended properties,A schema object lacks recommended properties that improve rich results.,no 'contactPoint','contactPoint' property on Organization,Add the properties listed in Current value.,Organization 'Semicolon',,200,yes,Structured Data Report
http://localhost:3000/technologies/unit-testing,Optimization,P3 - improve,Completeness,WebSite missing recommended properties,A schema object lacks recommended properties that improve rich results.,no 'potentialAction','potentialAction' property on WebSite,Add the properties listed in Current value.,WebSite 'Semicolon',,200,yes,Structured Data Report
http://localhost:3000/technologies/unit-testing,Optimization,P3 - improve,Page type,FAQ section without FAQPage schema,The page has an FAQ section but no FAQPage schema.,,FAQPage JSON-LD with each question and answer,Generate FAQPage JSON-LD from the same FAQ data the page renders.,,,200,yes,Structured Data Report
http://localhost:3000/technologies/usability-testing,Optimization,P3 - improve,Completeness,Organization missing recommended properties,A schema object lacks recommended properties that improve rich results.,no 'sameAs','sameAs' property on Organization,Add the properties listed in Current value.,Organization 'Semicolon',,200,yes,Structured Data Report
http://localhost:3000/technologies/usability-testing,Optimization,P3 - improve,Completeness,Organization missing recommended properties,A schema object lacks recommended properties that improve rich results.,no 'contactPoint','contactPoint' property on Organization,Add the properties listed in Current value.,Organization 'Semicolon',,200,yes,Structured Data Report
http://localhost:3000/technologies/usability-testing,Optimization,P3 - improve,Completeness,WebSite missing recommended properties,A schema object lacks recommended properties that improve rich results.,no 'potentialAction','potentialAction' property on WebSite,Add the properties listed in Current value.,WebSite 'Semicolon',,200,yes,Structured Data Report
http://localhost:3000/technologies/usability-testing,Optimization,P3 - improve,Page type,FAQ section without FAQPage schema,The page has an FAQ section but no FAQPage schema.,,FAQPage JSON-LD with each question and answer,Generate FAQPage JSON-LD from the same FAQ data the page renders.,,,200,yes,Structured Data Report
http://localhost:3000/technologies/user-research-services,Optimization,P3 - improve,Completeness,Organization missing recommended properties,A schema object lacks recommended properties that improve rich results.,no 'sameAs','sameAs' property on Organization,Add the properties listed in Current value.,Organization 'Semicolon',,200,yes,Structured Data Report
http://localhost:3000/technologies/user-research-services,Optimization,P3 - improve,Completeness,Organization missing recommended properties,A schema object lacks recommended properties that improve rich results.,no 'contactPoint','contactPoint' property on Organization,Add the properties listed in Current value.,Organization 'Semicolon',,200,yes,Structured Data Report
http://localhost:3000/technologies/user-research-services,Optimization,P3 - improve,Completeness,WebSite missing recommended properties,A schema object lacks recommended properties that improve rich results.,no 'potentialAction','potentialAction' property on WebSite,Add the properties listed in Current value.,WebSite 'Semicolon',,200,yes,Structured Data Report
http://localhost:3000/technologies/user-research-services,Optimization,P3 - improve,Page type,FAQ section without FAQPage schema,The page has an FAQ section but no FAQPage schema.,,FAQPage JSON-LD with each question and answer,Generate FAQPage JSON-LD from the same FAQ data the page renders.,,,200,yes,Structured Data Report
http://localhost:3000/technologies/ux-design,Optimization,P3 - improve,Completeness,Organization missing recommended properties,A schema object lacks recommended properties that improve rich results.,no 'sameAs','sameAs' property on Organization,Add the properties listed in Current value.,Organization 'Semicolon',,200,yes,Structured Data Report
http://localhost:3000/technologies/ux-design,Optimization,P3 - improve,Completeness,Organization missing recommended properties,A schema object lacks recommended properties that improve rich results.,no 'contactPoint','contactPoint' property on Organization,Add the properties listed in Current value.,Organization 'Semicolon',,200,yes,Structured Data Report
http://localhost:3000/technologies/ux-design,Optimization,P3 - improve,Completeness,WebSite missing recommended properties,A schema object lacks recommended properties that improve rich results.,no 'potentialAction','potentialAction' property on WebSite,Add the properties listed in Current value.,WebSite 'Semicolon',,200,yes,Structured Data Report
http://localhost:3000/technologies/ux-design,Optimization,P3 - improve,Page type,FAQ section without FAQPage schema,The page has an FAQ section but no FAQPage schema.,,FAQPage JSON-LD with each question and answer,Generate FAQPage JSON-LD from the same FAQ data the page renders.,,,200,yes,Structured Data Report
http://localhost:3000/technologies/ux-writing-services,Optimization,P3 - improve,Completeness,Organization missing recommended properties,A schema object lacks recommended properties that improve rich results.,no 'sameAs','sameAs' property on Organization,Add the properties listed in Current value.,Organization 'Semicolon',,200,yes,Structured Data Report
http://localhost:3000/technologies/ux-writing-services,Optimization,P3 - improve,Completeness,Organization missing recommended properties,A schema object lacks recommended properties that improve rich results.,no 'contactPoint','contactPoint' property on Organization,Add the properties listed in Current value.,Organization 'Semicolon',,200,yes,Structured Data Report
http://localhost:3000/technologies/ux-writing-services,Optimization,P3 - improve,Completeness,WebSite missing recommended properties,A schema object lacks recommended properties that improve rich results.,no 'potentialAction','potentialAction' property on WebSite,Add the properties listed in Current value.,WebSite 'Semicolon',,200,yes,Structured Data Report
http://localhost:3000/technologies/ux-writing-services,Optimization,P3 - improve,Page type,FAQ section without FAQPage schema,The page has an FAQ section but no FAQPage schema.,,FAQPage JSON-LD with each question and answer,Generate FAQPage JSON-LD from the same FAQ data the page renders.,,,200,yes,Structured Data Report
http://localhost:3000/technologies/vercel-development,Optimization,P3 - improve,Completeness,Organization missing recommended properties,A schema object lacks recommended properties that improve rich results.,no 'sameAs','sameAs' property on Organization,Add the properties listed in Current value.,Organization 'Semicolon',,200,yes,Structured Data Report
http://localhost:3000/technologies/vercel-development,Optimization,P3 - improve,Completeness,Organization missing recommended properties,A schema object lacks recommended properties that improve rich results.,no 'contactPoint','contactPoint' property on Organization,Add the properties listed in Current value.,Organization 'Semicolon',,200,yes,Structured Data Report
http://localhost:3000/technologies/vercel-development,Optimization,P3 - improve,Completeness,WebSite missing recommended properties,A schema object lacks recommended properties that improve rich results.,no 'potentialAction','potentialAction' property on WebSite,Add the properties listed in Current value.,WebSite 'Semicolon',,200,yes,Structured Data Report
http://localhost:3000/technologies/vercel-development,Optimization,P3 - improve,Page type,FAQ section without FAQPage schema,The page has an FAQ section but no FAQPage schema.,,FAQPage JSON-LD with each question and answer,Generate FAQPage JSON-LD from the same FAQ data the page renders.,,,200,yes,Structured Data Report
http://localhost:3000/technologies/vitest-testing,Optimization,P3 - improve,Completeness,Organization missing recommended properties,A schema object lacks recommended properties that improve rich results.,no 'sameAs','sameAs' property on Organization,Add the properties listed in Current value.,Organization 'Semicolon',,200,yes,Structured Data Report
http://localhost:3000/technologies/vitest-testing,Optimization,P3 - improve,Completeness,Organization missing recommended properties,A schema object lacks recommended properties that improve rich results.,no 'contactPoint','contactPoint' property on Organization,Add the properties listed in Current value.,Organization 'Semicolon',,200,yes,Structured Data Report
http://localhost:3000/technologies/vitest-testing,Optimization,P3 - improve,Completeness,WebSite missing recommended properties,A schema object lacks recommended properties that improve rich results.,no 'potentialAction','potentialAction' property on WebSite,Add the properties listed in Current value.,WebSite 'Semicolon',,200,yes,Structured Data Report
http://localhost:3000/technologies/vitest-testing,Optimization,P3 - improve,Page type,FAQ section without FAQPage schema,The page has an FAQ section but no FAQPage schema.,,FAQPage JSON-LD with each question and answer,Generate FAQPage JSON-LD from the same FAQ data the page renders.,,,200,yes,Structured Data Report
http://localhost:3000/technologies/vuejs-development,Optimization,P3 - improve,Completeness,Organization missing recommended properties,A schema object lacks recommended properties that improve rich results.,no 'sameAs','sameAs' property on Organization,Add the properties listed in Current value.,Organization 'Semicolon',,200,yes,Structured Data Report
http://localhost:3000/technologies/vuejs-development,Optimization,P3 - improve,Completeness,Organization missing recommended properties,A schema object lacks recommended properties that improve rich results.,no 'contactPoint','contactPoint' property on Organization,Add the properties listed in Current value.,Organization 'Semicolon',,200,yes,Structured Data Report
http://localhost:3000/technologies/vuejs-development,Optimization,P3 - improve,Completeness,WebSite missing recommended properties,A schema object lacks recommended properties that improve rich results.,no 'potentialAction','potentialAction' property on WebSite,Add the properties listed in Current value.,WebSite 'Semicolon',,200,yes,Structured Data Report
http://localhost:3000/technologies/vuejs-development,Optimization,P3 - improve,Page type,FAQ section without FAQPage schema,The page has an FAQ section but no FAQPage schema.,,FAQPage JSON-LD with each question and answer,Generate FAQPage JSON-LD from the same FAQ data the page renders.,,,200,yes,Structured Data Report
http://localhost:3000/technologies/web-components-development,Optimization,P3 - improve,Completeness,Organization missing recommended properties,A schema object lacks recommended properties that improve rich results.,no 'sameAs','sameAs' property on Organization,Add the properties listed in Current value.,Organization 'Semicolon',,200,yes,Structured Data Report
http://localhost:3000/technologies/web-components-development,Optimization,P3 - improve,Completeness,Organization missing recommended properties,A schema object lacks recommended properties that improve rich results.,no 'contactPoint','contactPoint' property on Organization,Add the properties listed in Current value.,Organization 'Semicolon',,200,yes,Structured Data Report
http://localhost:3000/technologies/web-components-development,Optimization,P3 - improve,Completeness,WebSite missing recommended properties,A schema object lacks recommended properties that improve rich results.,no 'potentialAction','potentialAction' property on WebSite,Add the properties listed in Current value.,WebSite 'Semicolon',,200,yes,Structured Data Report
http://localhost:3000/technologies/web-components-development,Optimization,P3 - improve,Page type,FAQ section without FAQPage schema,The page has an FAQ section but no FAQPage schema.,,FAQPage JSON-LD with each question and answer,Generate FAQPage JSON-LD from the same FAQ data the page renders.,,,200,yes,Structured Data Report
http://localhost:3000/technologies/web-design-development,Optimization,P3 - improve,Completeness,Organization missing recommended properties,A schema object lacks recommended properties that improve rich results.,no 'sameAs','sameAs' property on Organization,Add the properties listed in Current value.,Organization 'Semicolon',,200,yes,Structured Data Report
http://localhost:3000/technologies/web-design-development,Optimization,P3 - improve,Completeness,Organization missing recommended properties,A schema object lacks recommended properties that improve rich results.,no 'contactPoint','contactPoint' property on Organization,Add the properties listed in Current value.,Organization 'Semicolon',,200,yes,Structured Data Report
http://localhost:3000/technologies/web-design-development,Optimization,P3 - improve,Completeness,WebSite missing recommended properties,A schema object lacks recommended properties that improve rich results.,no 'potentialAction','potentialAction' property on WebSite,Add the properties listed in Current value.,WebSite 'Semicolon',,200,yes,Structured Data Report
http://localhost:3000/technologies/web-design-development,Optimization,P3 - improve,Page type,FAQ section without FAQPage schema,The page has an FAQ section but no FAQPage schema.,,FAQPage JSON-LD with each question and answer,Generate FAQPage JSON-LD from the same FAQ data the page renders.,,,200,yes,Structured Data Report
http://localhost:3000/technologies/webflow-development,Optimization,P3 - improve,Completeness,Organization missing recommended properties,A schema object lacks recommended properties that improve rich results.,no 'sameAs','sameAs' property on Organization,Add the properties listed in Current value.,Organization 'Semicolon',,200,yes,Structured Data Report
http://localhost:3000/technologies/webflow-development,Optimization,P3 - improve,Completeness,Organization missing recommended properties,A schema object lacks recommended properties that improve rich results.,no 'contactPoint','contactPoint' property on Organization,Add the properties listed in Current value.,Organization 'Semicolon',,200,yes,Structured Data Report
http://localhost:3000/technologies/webflow-development,Optimization,P3 - improve,Completeness,WebSite missing recommended properties,A schema object lacks recommended properties that improve rich results.,no 'potentialAction','potentialAction' property on WebSite,Add the properties listed in Current value.,WebSite 'Semicolon',,200,yes,Structured Data Report
http://localhost:3000/technologies/webflow-development,Optimization,P3 - improve,Page type,FAQ section without FAQPage schema,The page has an FAQ section but no FAQPage schema.,,FAQPage JSON-LD with each question and answer,Generate FAQPage JSON-LD from the same FAQ data the page renders.,,,200,yes,Structured Data Report
http://localhost:3000/technologies/wireframing-services,Optimization,P3 - improve,Completeness,Organization missing recommended properties,A schema object lacks recommended properties that improve rich results.,no 'sameAs','sameAs' property on Organization,Add the properties listed in Current value.,Organization 'Semicolon',,200,yes,Structured Data Report
http://localhost:3000/technologies/wireframing-services,Optimization,P3 - improve,Completeness,Organization missing recommended properties,A schema object lacks recommended properties that improve rich results.,no 'contactPoint','contactPoint' property on Organization,Add the properties listed in Current value.,Organization 'Semicolon',,200,yes,Structured Data Report
http://localhost:3000/technologies/wireframing-services,Optimization,P3 - improve,Completeness,WebSite missing recommended properties,A schema object lacks recommended properties that improve rich results.,no 'potentialAction','potentialAction' property on WebSite,Add the properties listed in Current value.,WebSite 'Semicolon',,200,yes,Structured Data Report
http://localhost:3000/technologies/wireframing-services,Optimization,P3 - improve,Page type,FAQ section without FAQPage schema,The page has an FAQ section but no FAQPage schema.,,FAQPage JSON-LD with each question and answer,Generate FAQPage JSON-LD from the same FAQ data the page renders.,,,200,yes,Structured Data Report
http://localhost:3000/technologies/wix-development,Optimization,P3 - improve,Completeness,Organization missing recommended properties,A schema object lacks recommended properties that improve rich results.,no 'sameAs','sameAs' property on Organization,Add the properties listed in Current value.,Organization 'Semicolon',,200,yes,Structured Data Report
http://localhost:3000/technologies/wix-development,Optimization,P3 - improve,Completeness,Organization missing recommended properties,A schema object lacks recommended properties that improve rich results.,no 'contactPoint','contactPoint' property on Organization,Add the properties listed in Current value.,Organization 'Semicolon',,200,yes,Structured Data Report
http://localhost:3000/technologies/wix-development,Optimization,P3 - improve,Completeness,WebSite missing recommended properties,A schema object lacks recommended properties that improve rich results.,no 'potentialAction','potentialAction' property on WebSite,Add the properties listed in Current value.,WebSite 'Semicolon',,200,yes,Structured Data Report
http://localhost:3000/technologies/wix-development,Optimization,P3 - improve,Page type,FAQ section without FAQPage schema,The page has an FAQ section but no FAQPage schema.,,FAQPage JSON-LD with each question and answer,Generate FAQPage JSON-LD from the same FAQ data the page renders.,,,200,yes,Structured Data Report
http://localhost:3000/technologies/woocommerce-cms-development,Optimization,P3 - improve,Completeness,Organization missing recommended properties,A schema object lacks recommended properties that improve rich results.,no 'sameAs','sameAs' property on Organization,Add the properties listed in Current value.,Organization 'Semicolon',,200,yes,Structured Data Report
http://localhost:3000/technologies/woocommerce-cms-development,Optimization,P3 - improve,Completeness,Organization missing recommended properties,A schema object lacks recommended properties that improve rich results.,no 'contactPoint','contactPoint' property on Organization,Add the properties listed in Current value.,Organization 'Semicolon',,200,yes,Structured Data Report
http://localhost:3000/technologies/woocommerce-cms-development,Optimization,P3 - improve,Completeness,WebSite missing recommended properties,A schema object lacks recommended properties that improve rich results.,no 'potentialAction','potentialAction' property on WebSite,Add the properties listed in Current value.,WebSite 'Semicolon',,200,yes,Structured Data Report
http://localhost:3000/technologies/woocommerce-cms-development,Optimization,P3 - improve,Page type,FAQ section without FAQPage schema,The page has an FAQ section but no FAQPage schema.,,FAQPage JSON-LD with each question and answer,Generate FAQPage JSON-LD from the same FAQ data the page renders.,,,200,yes,Structured Data Report
http://localhost:3000/technologies/woocommerce-development,Optimization,P3 - improve,Completeness,Organization missing recommended properties,A schema object lacks recommended properties that improve rich results.,no 'sameAs','sameAs' property on Organization,Add the properties listed in Current value.,Organization 'Semicolon',,200,yes,Structured Data Report
http://localhost:3000/technologies/woocommerce-development,Optimization,P3 - improve,Completeness,Organization missing recommended properties,A schema object lacks recommended properties that improve rich results.,no 'contactPoint','contactPoint' property on Organization,Add the properties listed in Current value.,Organization 'Semicolon',,200,yes,Structured Data Report
http://localhost:3000/technologies/woocommerce-development,Optimization,P3 - improve,Completeness,WebSite missing recommended properties,A schema object lacks recommended properties that improve rich results.,no 'potentialAction','potentialAction' property on WebSite,Add the properties listed in Current value.,WebSite 'Semicolon',,200,yes,Structured Data Report
http://localhost:3000/technologies/woocommerce-development,Optimization,P3 - improve,Page type,FAQ section without FAQPage schema,The page has an FAQ section but no FAQPage schema.,,FAQPage JSON-LD with each question and answer,Generate FAQPage JSON-LD from the same FAQ data the page renders.,,,200,yes,Structured Data Report
http://localhost:3000/technologies/wordpress-development,Optimization,P3 - improve,Completeness,Organization missing recommended properties,A schema object lacks recommended properties that improve rich results.,no 'sameAs','sameAs' property on Organization,Add the properties listed in Current value.,Organization 'Semicolon',,200,yes,Structured Data Report
http://localhost:3000/technologies/wordpress-development,Optimization,P3 - improve,Completeness,Organization missing recommended properties,A schema object lacks recommended properties that improve rich results.,no 'contactPoint','contactPoint' property on Organization,Add the properties listed in Current value.,Organization 'Semicolon',,200,yes,Structured Data Report
http://localhost:3000/technologies/wordpress-development,Optimization,P3 - improve,Completeness,WebSite missing recommended properties,A schema object lacks recommended properties that improve rich results.,no 'potentialAction','potentialAction' property on WebSite,Add the properties listed in Current value.,WebSite 'Semicolon',,200,yes,Structured Data Report
http://localhost:3000/technologies/wordpress-development,Optimization,P3 - improve,Page type,FAQ section without FAQPage schema,The page has an FAQ section but no FAQPage schema.,,FAQPage JSON-LD with each question and answer,Generate FAQPage JSON-LD from the same FAQ data the page renders.,,,200,yes,Structured Data Report
http://localhost:3000/technologies/xamarin-development,Optimization,P3 - improve,Completeness,Organization missing recommended properties,A schema object lacks recommended properties that improve rich results.,no 'sameAs','sameAs' property on Organization,Add the properties listed in Current value.,Organization 'Semicolon',,200,yes,Structured Data Report
http://localhost:3000/technologies/xamarin-development,Optimization,P3 - improve,Completeness,Organization missing recommended properties,A schema object lacks recommended properties that improve rich results.,no 'contactPoint','contactPoint' property on Organization,Add the properties listed in Current value.,Organization 'Semicolon',,200,yes,Structured Data Report
http://localhost:3000/technologies/xamarin-development,Optimization,P3 - improve,Completeness,WebSite missing recommended properties,A schema object lacks recommended properties that improve rich results.,no 'potentialAction','potentialAction' property on WebSite,Add the properties listed in Current value.,WebSite 'Semicolon',,200,yes,Structured Data Report
http://localhost:3000/technologies/xamarin-development,Optimization,P3 - improve,Page type,FAQ section without FAQPage schema,The page has an FAQ section but no FAQPage schema.,,FAQPage JSON-LD with each question and answer,Generate FAQPage JSON-LD from the same FAQ data the page renders.,,,200,yes,Structured Data Report
http://localhost:3000/terms-of-service,Optimization,P3 - improve,Completeness,Organization missing recommended properties,A schema object lacks recommended properties that improve rich results.,no 'sameAs','sameAs' property on Organization,Add the properties listed in Current value.,Organization 'Semicolon',,200,yes,Structured Data Report
http://localhost:3000/terms-of-service,Optimization,P3 - improve,Completeness,Organization missing recommended properties,A schema object lacks recommended properties that improve rich results.,no 'contactPoint','contactPoint' property on Organization,Add the properties listed in Current value.,Organization 'Semicolon',,200,yes,Structured Data Report
http://localhost:3000/terms-of-service,Optimization,P3 - improve,Completeness,WebSite missing recommended properties,A schema object lacks recommended properties that improve rich results.,no 'potentialAction','potentialAction' property on WebSite,Add the properties listed in Current value.,WebSite 'Semicolon',,200,yes,Structured Data Report
http://localhost:3000/tools,Important,P2 - fix soon,Page type,Missing Service/CollectionPage schema,The page lacks the structured-data type expected for this kind of page.,"types found: BreadcrumbList, ListItem, Organization, PostalAddress, WebSite","one of: CollectionPage, ItemList, OfferCatalog, Service",Add JSON-LD of that type with its required properties.,,,200,yes,Structured Data Report
http://localhost:3000/tools,Optimization,P3 - improve,Completeness,Organization missing recommended properties,A schema object lacks recommended properties that improve rich results.,no 'sameAs','sameAs' property on Organization,Add the properties listed in Current value.,Organization 'Semicolon',,200,yes,Structured Data Report
http://localhost:3000/tools,Optimization,P3 - improve,Completeness,Organization missing recommended properties,A schema object lacks recommended properties that improve rich results.,no 'contactPoint','contactPoint' property on Organization,Add the properties listed in Current value.,Organization 'Semicolon',,200,yes,Structured Data Report
http://localhost:3000/tools,Optimization,P3 - improve,Completeness,WebSite missing recommended properties,A schema object lacks recommended properties that improve rich results.,no 'potentialAction','potentialAction' property on WebSite,Add the properties listed in Current value.,WebSite 'Semicolon',,200,yes,Structured Data Report
http://localhost:3000/tools/agile-scrum,Important,P2 - fix soon,Page type,Missing Service schema,The page lacks the structured-data type expected for this kind of page.,"types found: Organization, PostalAddress, WebSite","one of: Service, SoftwareApplication",Add JSON-LD of that type with its required properties.,,,200,yes,Structured Data Report
http://localhost:3000/tools/agile-scrum,Optimization,P3 - improve,Completeness,Organization missing recommended properties,A schema object lacks recommended properties that improve rich results.,no 'sameAs','sameAs' property on Organization,Add the properties listed in Current value.,Organization 'Semicolon',,200,yes,Structured Data Report
http://localhost:3000/tools/agile-scrum,Optimization,P3 - improve,Completeness,Organization missing recommended properties,A schema object lacks recommended properties that improve rich results.,no 'contactPoint','contactPoint' property on Organization,Add the properties listed in Current value.,Organization 'Semicolon',,200,yes,Structured Data Report
http://localhost:3000/tools/agile-scrum,Optimization,P3 - improve,Completeness,WebSite missing recommended properties,A schema object lacks recommended properties that improve rich results.,no 'potentialAction','potentialAction' property on WebSite,Add the properties listed in Current value.,WebSite 'Semicolon',,200,yes,Structured Data Report
http://localhost:3000/tools/agile-scrum,Optimization,P3 - improve,Page type,Missing BreadcrumbList on nested page,The page lacks the structured-data type expected for this kind of page.,no BreadcrumbList,BreadcrumbList with one ListItem per path level,Add JSON-LD of that type with its required properties.,,,200,yes,Structured Data Report
http://localhost:3000/tools/calendly,Important,P2 - fix soon,Page type,Missing Service schema,The page lacks the structured-data type expected for this kind of page.,"types found: Organization, PostalAddress, WebSite","one of: Service, SoftwareApplication",Add JSON-LD of that type with its required properties.,,,200,yes,Structured Data Report
http://localhost:3000/tools/calendly,Optimization,P3 - improve,Completeness,Organization missing recommended properties,A schema object lacks recommended properties that improve rich results.,no 'sameAs','sameAs' property on Organization,Add the properties listed in Current value.,Organization 'Semicolon',,200,yes,Structured Data Report
http://localhost:3000/tools/calendly,Optimization,P3 - improve,Completeness,Organization missing recommended properties,A schema object lacks recommended properties that improve rich results.,no 'contactPoint','contactPoint' property on Organization,Add the properties listed in Current value.,Organization 'Semicolon',,200,yes,Structured Data Report
http://localhost:3000/tools/calendly,Optimization,P3 - improve,Completeness,WebSite missing recommended properties,A schema object lacks recommended properties that improve rich results.,no 'potentialAction','potentialAction' property on WebSite,Add the properties listed in Current value.,WebSite 'Semicolon',,200,yes,Structured Data Report
http://localhost:3000/tools/calendly,Optimization,P3 - improve,Page type,Missing BreadcrumbList on nested page,The page lacks the structured-data type expected for this kind of page.,no BreadcrumbList,BreadcrumbList with one ListItem per path level,Add JSON-LD of that type with its required properties.,,,200,yes,Structured Data Report
http://localhost:3000/tools/chatgpt-openai,Important,P2 - fix soon,Page type,Missing Service schema,The page lacks the structured-data type expected for this kind of page.,"types found: Organization, PostalAddress, WebSite","one of: Service, SoftwareApplication",Add JSON-LD of that type with its required properties.,,,200,yes,Structured Data Report
http://localhost:3000/tools/chatgpt-openai,Optimization,P3 - improve,Completeness,Organization missing recommended properties,A schema object lacks recommended properties that improve rich results.,no 'sameAs','sameAs' property on Organization,Add the properties listed in Current value.,Organization 'Semicolon',,200,yes,Structured Data Report
http://localhost:3000/tools/chatgpt-openai,Optimization,P3 - improve,Completeness,Organization missing recommended properties,A schema object lacks recommended properties that improve rich results.,no 'contactPoint','contactPoint' property on Organization,Add the properties listed in Current value.,Organization 'Semicolon',,200,yes,Structured Data Report
http://localhost:3000/tools/chatgpt-openai,Optimization,P3 - improve,Completeness,WebSite missing recommended properties,A schema object lacks recommended properties that improve rich results.,no 'potentialAction','potentialAction' property on WebSite,Add the properties listed in Current value.,WebSite 'Semicolon',,200,yes,Structured Data Report
http://localhost:3000/tools/chatgpt-openai,Optimization,P3 - improve,Page type,Missing BreadcrumbList on nested page,The page lacks the structured-data type expected for this kind of page.,no BreadcrumbList,BreadcrumbList with one ListItem per path level,Add JSON-LD of that type with its required properties.,,,200,yes,Structured Data Report
http://localhost:3000/tools/ci-cd,Important,P2 - fix soon,Page type,Missing Service schema,The page lacks the structured-data type expected for this kind of page.,"types found: Organization, PostalAddress, WebSite","one of: Service, SoftwareApplication",Add JSON-LD of that type with its required properties.,,,200,yes,Structured Data Report
http://localhost:3000/tools/ci-cd,Optimization,P3 - improve,Completeness,Organization missing recommended properties,A schema object lacks recommended properties that improve rich results.,no 'sameAs','sameAs' property on Organization,Add the properties listed in Current value.,Organization 'Semicolon',,200,yes,Structured Data Report
http://localhost:3000/tools/ci-cd,Optimization,P3 - improve,Completeness,Organization missing recommended properties,A schema object lacks recommended properties that improve rich results.,no 'contactPoint','contactPoint' property on Organization,Add the properties listed in Current value.,Organization 'Semicolon',,200,yes,Structured Data Report
http://localhost:3000/tools/ci-cd,Optimization,P3 - improve,Completeness,WebSite missing recommended properties,A schema object lacks recommended properties that improve rich results.,no 'potentialAction','potentialAction' property on WebSite,Add the properties listed in Current value.,WebSite 'Semicolon',,200,yes,Structured Data Report
http://localhost:3000/tools/ci-cd,Optimization,P3 - improve,Page type,Missing BreadcrumbList on nested page,The page lacks the structured-data type expected for this kind of page.,no BreadcrumbList,BreadcrumbList with one ListItem per path level,Add JSON-LD of that type with its required properties.,,,200,yes,Structured Data Report
http://localhost:3000/tools/claude,Important,P2 - fix soon,Page type,Missing Service schema,The page lacks the structured-data type expected for this kind of page.,"types found: Organization, PostalAddress, WebSite","one of: Service, SoftwareApplication",Add JSON-LD of that type with its required properties.,,,200,yes,Structured Data Report
http://localhost:3000/tools/claude,Optimization,P3 - improve,Completeness,Organization missing recommended properties,A schema object lacks recommended properties that improve rich results.,no 'sameAs','sameAs' property on Organization,Add the properties listed in Current value.,Organization 'Semicolon',,200,yes,Structured Data Report
http://localhost:3000/tools/claude,Optimization,P3 - improve,Completeness,Organization missing recommended properties,A schema object lacks recommended properties that improve rich results.,no 'contactPoint','contactPoint' property on Organization,Add the properties listed in Current value.,Organization 'Semicolon',,200,yes,Structured Data Report
http://localhost:3000/tools/claude,Optimization,P3 - improve,Completeness,WebSite missing recommended properties,A schema object lacks recommended properties that improve rich results.,no 'potentialAction','potentialAction' property on WebSite,Add the properties listed in Current value.,WebSite 'Semicolon',,200,yes,Structured Data Report
http://localhost:3000/tools/claude,Optimization,P3 - improve,Page type,Missing BreadcrumbList on nested page,The page lacks the structured-data type expected for this kind of page.,no BreadcrumbList,BreadcrumbList with one ListItem per path level,Add JSON-LD of that type with its required properties.,,,200,yes,Structured Data Report
http://localhost:3000/tools/clickup,Important,P2 - fix soon,Page type,Missing Service schema,The page lacks the structured-data type expected for this kind of page.,"types found: Organization, PostalAddress, WebSite","one of: Service, SoftwareApplication",Add JSON-LD of that type with its required properties.,,,200,yes,Structured Data Report
http://localhost:3000/tools/clickup,Optimization,P3 - improve,Completeness,Organization missing recommended properties,A schema object lacks recommended properties that improve rich results.,no 'sameAs','sameAs' property on Organization,Add the properties listed in Current value.,Organization 'Semicolon',,200,yes,Structured Data Report
http://localhost:3000/tools/clickup,Optimization,P3 - improve,Completeness,Organization missing recommended properties,A schema object lacks recommended properties that improve rich results.,no 'contactPoint','contactPoint' property on Organization,Add the properties listed in Current value.,Organization 'Semicolon',,200,yes,Structured Data Report
http://localhost:3000/tools/clickup,Optimization,P3 - improve,Completeness,WebSite missing recommended properties,A schema object lacks recommended properties that improve rich results.,no 'potentialAction','potentialAction' property on WebSite,Add the properties listed in Current value.,WebSite 'Semicolon',,200,yes,Structured Data Report
http://localhost:3000/tools/clickup,Optimization,P3 - improve,Page type,Missing BreadcrumbList on nested page,The page lacks the structured-data type expected for this kind of page.,no BreadcrumbList,BreadcrumbList with one ListItem per path level,Add JSON-LD of that type with its required properties.,,,200,yes,Structured Data Report
http://localhost:3000/tools/confluence,Important,P2 - fix soon,Page type,Missing Service schema,The page lacks the structured-data type expected for this kind of page.,"types found: Organization, PostalAddress, WebSite","one of: Service, SoftwareApplication",Add JSON-LD of that type with its required properties.,,,200,yes,Structured Data Report
http://localhost:3000/tools/confluence,Optimization,P3 - improve,Completeness,Organization missing recommended properties,A schema object lacks recommended properties that improve rich results.,no 'sameAs','sameAs' property on Organization,Add the properties listed in Current value.,Organization 'Semicolon',,200,yes,Structured Data Report
http://localhost:3000/tools/confluence,Optimization,P3 - improve,Completeness,Organization missing recommended properties,A schema object lacks recommended properties that improve rich results.,no 'contactPoint','contactPoint' property on Organization,Add the properties listed in Current value.,Organization 'Semicolon',,200,yes,Structured Data Report
http://localhost:3000/tools/confluence,Optimization,P3 - improve,Completeness,WebSite missing recommended properties,A schema object lacks recommended properties that improve rich results.,no 'potentialAction','potentialAction' property on WebSite,Add the properties listed in Current value.,WebSite 'Semicolon',,200,yes,Structured Data Report
http://localhost:3000/tools/confluence,Optimization,P3 - improve,Page type,Missing BreadcrumbList on nested page,The page lacks the structured-data type expected for this kind of page.,no BreadcrumbList,BreadcrumbList with one ListItem per path level,Add JSON-LD of that type with its required properties.,,,200,yes,Structured Data Report
http://localhost:3000/tools/design-thinking,Important,P2 - fix soon,Page type,Missing Service schema,The page lacks the structured-data type expected for this kind of page.,"types found: Organization, PostalAddress, WebSite","one of: Service, SoftwareApplication",Add JSON-LD of that type with its required properties.,,,200,yes,Structured Data Report
http://localhost:3000/tools/design-thinking,Optimization,P3 - improve,Completeness,Organization missing recommended properties,A schema object lacks recommended properties that improve rich results.,no 'sameAs','sameAs' property on Organization,Add the properties listed in Current value.,Organization 'Semicolon',,200,yes,Structured Data Report
http://localhost:3000/tools/design-thinking,Optimization,P3 - improve,Completeness,Organization missing recommended properties,A schema object lacks recommended properties that improve rich results.,no 'contactPoint','contactPoint' property on Organization,Add the properties listed in Current value.,Organization 'Semicolon',,200,yes,Structured Data Report
http://localhost:3000/tools/design-thinking,Optimization,P3 - improve,Completeness,WebSite missing recommended properties,A schema object lacks recommended properties that improve rich results.,no 'potentialAction','potentialAction' property on WebSite,Add the properties listed in Current value.,WebSite 'Semicolon',,200,yes,Structured Data Report
http://localhost:3000/tools/design-thinking,Optimization,P3 - improve,Page type,Missing BreadcrumbList on nested page,The page lacks the structured-data type expected for this kind of page.,no BreadcrumbList,BreadcrumbList with one ListItem per path level,Add JSON-LD of that type with its required properties.,,,200,yes,Structured Data Report
http://localhost:3000/tools/docker,Important,P2 - fix soon,Page type,Missing Service schema,The page lacks the structured-data type expected for this kind of page.,"types found: Organization, PostalAddress, WebSite","one of: Service, SoftwareApplication",Add JSON-LD of that type with its required properties.,,,200,yes,Structured Data Report
http://localhost:3000/tools/docker,Optimization,P3 - improve,Completeness,Organization missing recommended properties,A schema object lacks recommended properties that improve rich results.,no 'sameAs','sameAs' property on Organization,Add the properties listed in Current value.,Organization 'Semicolon',,200,yes,Structured Data Report
http://localhost:3000/tools/docker,Optimization,P3 - improve,Completeness,Organization missing recommended properties,A schema object lacks recommended properties that improve rich results.,no 'contactPoint','contactPoint' property on Organization,Add the properties listed in Current value.,Organization 'Semicolon',,200,yes,Structured Data Report
http://localhost:3000/tools/docker,Optimization,P3 - improve,Completeness,WebSite missing recommended properties,A schema object lacks recommended properties that improve rich results.,no 'potentialAction','potentialAction' property on WebSite,Add the properties listed in Current value.,WebSite 'Semicolon',,200,yes,Structured Data Report
http://localhost:3000/tools/docker,Optimization,P3 - improve,Page type,Missing BreadcrumbList on nested page,The page lacks the structured-data type expected for this kind of page.,no BreadcrumbList,BreadcrumbList with one ListItem per path level,Add JSON-LD of that type with its required properties.,,,200,yes,Structured Data Report
http://localhost:3000/tools/figma,Important,P2 - fix soon,Page type,Missing Service schema,The page lacks the structured-data type expected for this kind of page.,"types found: Organization, PostalAddress, WebSite","one of: Service, SoftwareApplication",Add JSON-LD of that type with its required properties.,,,200,yes,Structured Data Report
http://localhost:3000/tools/figma,Optimization,P3 - improve,Completeness,Organization missing recommended properties,A schema object lacks recommended properties that improve rich results.,no 'sameAs','sameAs' property on Organization,Add the properties listed in Current value.,Organization 'Semicolon',,200,yes,Structured Data Report
http://localhost:3000/tools/figma,Optimization,P3 - improve,Completeness,Organization missing recommended properties,A schema object lacks recommended properties that improve rich results.,no 'contactPoint','contactPoint' property on Organization,Add the properties listed in Current value.,Organization 'Semicolon',,200,yes,Structured Data Report
http://localhost:3000/tools/figma,Optimization,P3 - improve,Completeness,WebSite missing recommended properties,A schema object lacks recommended properties that improve rich results.,no 'potentialAction','potentialAction' property on WebSite,Add the properties listed in Current value.,WebSite 'Semicolon',,200,yes,Structured Data Report
http://localhost:3000/tools/figma,Optimization,P3 - improve,Page type,Missing BreadcrumbList on nested page,The page lacks the structured-data type expected for this kind of page.,no BreadcrumbList,BreadcrumbList with one ListItem per path level,Add JSON-LD of that type with its required properties.,,,200,yes,Structured Data Report
http://localhost:3000/tools/git,Important,P2 - fix soon,Page type,Missing Service schema,The page lacks the structured-data type expected for this kind of page.,"types found: Organization, PostalAddress, WebSite","one of: Service, SoftwareApplication",Add JSON-LD of that type with its required properties.,,,200,yes,Structured Data Report
http://localhost:3000/tools/git,Optimization,P3 - improve,Completeness,Organization missing recommended properties,A schema object lacks recommended properties that improve rich results.,no 'sameAs','sameAs' property on Organization,Add the properties listed in Current value.,Organization 'Semicolon',,200,yes,Structured Data Report
http://localhost:3000/tools/git,Optimization,P3 - improve,Completeness,Organization missing recommended properties,A schema object lacks recommended properties that improve rich results.,no 'contactPoint','contactPoint' property on Organization,Add the properties listed in Current value.,Organization 'Semicolon',,200,yes,Structured Data Report
http://localhost:3000/tools/git,Optimization,P3 - improve,Completeness,WebSite missing recommended properties,A schema object lacks recommended properties that improve rich results.,no 'potentialAction','potentialAction' property on WebSite,Add the properties listed in Current value.,WebSite 'Semicolon',,200,yes,Structured Data Report
http://localhost:3000/tools/git,Optimization,P3 - improve,Page type,Missing BreadcrumbList on nested page,The page lacks the structured-data type expected for this kind of page.,no BreadcrumbList,BreadcrumbList with one ListItem per path level,Add JSON-LD of that type with its required properties.,,,200,yes,Structured Data Report
http://localhost:3000/tools/github,Important,P2 - fix soon,Page type,Missing Service schema,The page lacks the structured-data type expected for this kind of page.,"types found: Organization, PostalAddress, WebSite","one of: Service, SoftwareApplication",Add JSON-LD of that type with its required properties.,,,200,yes,Structured Data Report
http://localhost:3000/tools/github,Optimization,P3 - improve,Completeness,Organization missing recommended properties,A schema object lacks recommended properties that improve rich results.,no 'sameAs','sameAs' property on Organization,Add the properties listed in Current value.,Organization 'Semicolon',,200,yes,Structured Data Report
http://localhost:3000/tools/github,Optimization,P3 - improve,Completeness,Organization missing recommended properties,A schema object lacks recommended properties that improve rich results.,no 'contactPoint','contactPoint' property on Organization,Add the properties listed in Current value.,Organization 'Semicolon',,200,yes,Structured Data Report
http://localhost:3000/tools/github,Optimization,P3 - improve,Completeness,WebSite missing recommended properties,A schema object lacks recommended properties that improve rich results.,no 'potentialAction','potentialAction' property on WebSite,Add the properties listed in Current value.,WebSite 'Semicolon',,200,yes,Structured Data Report
http://localhost:3000/tools/github,Optimization,P3 - improve,Page type,Missing BreadcrumbList on nested page,The page lacks the structured-data type expected for this kind of page.,no BreadcrumbList,BreadcrumbList with one ListItem per path level,Add JSON-LD of that type with its required properties.,,,200,yes,Structured Data Report
http://localhost:3000/tools/github-copilot,Important,P2 - fix soon,Page type,Missing Service schema,The page lacks the structured-data type expected for this kind of page.,"types found: Organization, PostalAddress, WebSite","one of: Service, SoftwareApplication",Add JSON-LD of that type with its required properties.,,,200,yes,Structured Data Report
http://localhost:3000/tools/github-copilot,Optimization,P3 - improve,Completeness,Organization missing recommended properties,A schema object lacks recommended properties that improve rich results.,no 'sameAs','sameAs' property on Organization,Add the properties listed in Current value.,Organization 'Semicolon',,200,yes,Structured Data Report
http://localhost:3000/tools/github-copilot,Optimization,P3 - improve,Completeness,Organization missing recommended properties,A schema object lacks recommended properties that improve rich results.,no 'contactPoint','contactPoint' property on Organization,Add the properties listed in Current value.,Organization 'Semicolon',,200,yes,Structured Data Report
http://localhost:3000/tools/github-copilot,Optimization,P3 - improve,Completeness,WebSite missing recommended properties,A schema object lacks recommended properties that improve rich results.,no 'potentialAction','potentialAction' property on WebSite,Add the properties listed in Current value.,WebSite 'Semicolon',,200,yes,Structured Data Report
http://localhost:3000/tools/github-copilot,Optimization,P3 - improve,Page type,Missing BreadcrumbList on nested page,The page lacks the structured-data type expected for this kind of page.,no BreadcrumbList,BreadcrumbList with one ListItem per path level,Add JSON-LD of that type with its required properties.,,,200,yes,Structured Data Report
http://localhost:3000/tools/google-gemini,Important,P2 - fix soon,Page type,Missing Service schema,The page lacks the structured-data type expected for this kind of page.,"types found: Organization, PostalAddress, WebSite","one of: Service, SoftwareApplication",Add JSON-LD of that type with its required properties.,,,200,yes,Structured Data Report
http://localhost:3000/tools/google-gemini,Optimization,P3 - improve,Completeness,Organization missing recommended properties,A schema object lacks recommended properties that improve rich results.,no 'sameAs','sameAs' property on Organization,Add the properties listed in Current value.,Organization 'Semicolon',,200,yes,Structured Data Report
http://localhost:3000/tools/google-gemini,Optimization,P3 - improve,Completeness,Organization missing recommended properties,A schema object lacks recommended properties that improve rich results.,no 'contactPoint','contactPoint' property on Organization,Add the properties listed in Current value.,Organization 'Semicolon',,200,yes,Structured Data Report
http://localhost:3000/tools/google-gemini,Optimization,P3 - improve,Completeness,WebSite missing recommended properties,A schema object lacks recommended properties that improve rich results.,no 'potentialAction','potentialAction' property on WebSite,Add the properties listed in Current value.,WebSite 'Semicolon',,200,yes,Structured Data Report
http://localhost:3000/tools/google-gemini,Optimization,P3 - improve,Page type,Missing BreadcrumbList on nested page,The page lacks the structured-data type expected for this kind of page.,no BreadcrumbList,BreadcrumbList with one ListItem per path level,Add JSON-LD of that type with its required properties.,,,200,yes,Structured Data Report
http://localhost:3000/tools/google-meet,Important,P2 - fix soon,Page type,Missing Service schema,The page lacks the structured-data type expected for this kind of page.,"types found: Organization, PostalAddress, WebSite","one of: Service, SoftwareApplication",Add JSON-LD of that type with its required properties.,,,200,yes,Structured Data Report
http://localhost:3000/tools/google-meet,Optimization,P3 - improve,Completeness,Organization missing recommended properties,A schema object lacks recommended properties that improve rich results.,no 'sameAs','sameAs' property on Organization,Add the properties listed in Current value.,Organization 'Semicolon',,200,yes,Structured Data Report
http://localhost:3000/tools/google-meet,Optimization,P3 - improve,Completeness,Organization missing recommended properties,A schema object lacks recommended properties that improve rich results.,no 'contactPoint','contactPoint' property on Organization,Add the properties listed in Current value.,Organization 'Semicolon',,200,yes,Structured Data Report
http://localhost:3000/tools/google-meet,Optimization,P3 - improve,Completeness,WebSite missing recommended properties,A schema object lacks recommended properties that improve rich results.,no 'potentialAction','potentialAction' property on WebSite,Add the properties listed in Current value.,WebSite 'Semicolon',,200,yes,Structured Data Report
http://localhost:3000/tools/google-meet,Optimization,P3 - improve,Page type,Missing BreadcrumbList on nested page,The page lacks the structured-data type expected for this kind of page.,no BreadcrumbList,BreadcrumbList with one ListItem per path level,Add JSON-LD of that type with its required properties.,,,200,yes,Structured Data Report
http://localhost:3000/tools/hugging-face,Important,P2 - fix soon,Page type,Missing Service schema,The page lacks the structured-data type expected for this kind of page.,"types found: Organization, PostalAddress, WebSite","one of: Service, SoftwareApplication",Add JSON-LD of that type with its required properties.,,,200,yes,Structured Data Report
http://localhost:3000/tools/hugging-face,Optimization,P3 - improve,Completeness,Organization missing recommended properties,A schema object lacks recommended properties that improve rich results.,no 'sameAs','sameAs' property on Organization,Add the properties listed in Current value.,Organization 'Semicolon',,200,yes,Structured Data Report
http://localhost:3000/tools/hugging-face,Optimization,P3 - improve,Completeness,Organization missing recommended properties,A schema object lacks recommended properties that improve rich results.,no 'contactPoint','contactPoint' property on Organization,Add the properties listed in Current value.,Organization 'Semicolon',,200,yes,Structured Data Report
http://localhost:3000/tools/hugging-face,Optimization,P3 - improve,Completeness,WebSite missing recommended properties,A schema object lacks recommended properties that improve rich results.,no 'potentialAction','potentialAction' property on WebSite,Add the properties listed in Current value.,WebSite 'Semicolon',,200,yes,Structured Data Report
http://localhost:3000/tools/hugging-face,Optimization,P3 - improve,Page type,Missing BreadcrumbList on nested page,The page lacks the structured-data type expected for this kind of page.,no BreadcrumbList,BreadcrumbList with one ListItem per path level,Add JSON-LD of that type with its required properties.,,,200,yes,Structured Data Report
http://localhost:3000/tools/jira,Important,P2 - fix soon,Page type,Missing Service schema,The page lacks the structured-data type expected for this kind of page.,"types found: Organization, PostalAddress, WebSite","one of: Service, SoftwareApplication",Add JSON-LD of that type with its required properties.,,,200,yes,Structured Data Report
http://localhost:3000/tools/jira,Optimization,P3 - improve,Completeness,Organization missing recommended properties,A schema object lacks recommended properties that improve rich results.,no 'sameAs','sameAs' property on Organization,Add the properties listed in Current value.,Organization 'Semicolon',,200,yes,Structured Data Report
http://localhost:3000/tools/jira,Optimization,P3 - improve,Completeness,Organization missing recommended properties,A schema object lacks recommended properties that improve rich results.,no 'contactPoint','contactPoint' property on Organization,Add the properties listed in Current value.,Organization 'Semicolon',,200,yes,Structured Data Report
http://localhost:3000/tools/jira,Optimization,P3 - improve,Completeness,WebSite missing recommended properties,A schema object lacks recommended properties that improve rich results.,no 'potentialAction','potentialAction' property on WebSite,Add the properties listed in Current value.,WebSite 'Semicolon',,200,yes,Structured Data Report
http://localhost:3000/tools/jira,Optimization,P3 - improve,Page type,Missing BreadcrumbList on nested page,The page lacks the structured-data type expected for this kind of page.,no BreadcrumbList,BreadcrumbList with one ListItem per path level,Add JSON-LD of that type with its required properties.,,,200,yes,Structured Data Report
http://localhost:3000/tools/kanban,Important,P2 - fix soon,Page type,Missing Service schema,The page lacks the structured-data type expected for this kind of page.,"types found: Organization, PostalAddress, WebSite","one of: Service, SoftwareApplication",Add JSON-LD of that type with its required properties.,,,200,yes,Structured Data Report
http://localhost:3000/tools/kanban,Optimization,P3 - improve,Completeness,Organization missing recommended properties,A schema object lacks recommended properties that improve rich results.,no 'sameAs','sameAs' property on Organization,Add the properties listed in Current value.,Organization 'Semicolon',,200,yes,Structured Data Report
http://localhost:3000/tools/kanban,Optimization,P3 - improve,Completeness,Organization missing recommended properties,A schema object lacks recommended properties that improve rich results.,no 'contactPoint','contactPoint' property on Organization,Add the properties listed in Current value.,Organization 'Semicolon',,200,yes,Structured Data Report
http://localhost:3000/tools/kanban,Optimization,P3 - improve,Completeness,WebSite missing recommended properties,A schema object lacks recommended properties that improve rich results.,no 'potentialAction','potentialAction' property on WebSite,Add the properties listed in Current value.,WebSite 'Semicolon',,200,yes,Structured Data Report
http://localhost:3000/tools/kanban,Optimization,P3 - improve,Page type,Missing BreadcrumbList on nested page,The page lacks the structured-data type expected for this kind of page.,no BreadcrumbList,BreadcrumbList with one ListItem per path level,Add JSON-LD of that type with its required properties.,,,200,yes,Structured Data Report
http://localhost:3000/tools/langchain,Important,P2 - fix soon,Page type,Missing Service schema,The page lacks the structured-data type expected for this kind of page.,"types found: Organization, PostalAddress, WebSite","one of: Service, SoftwareApplication",Add JSON-LD of that type with its required properties.,,,200,yes,Structured Data Report
http://localhost:3000/tools/langchain,Optimization,P3 - improve,Completeness,Organization missing recommended properties,A schema object lacks recommended properties that improve rich results.,no 'sameAs','sameAs' property on Organization,Add the properties listed in Current value.,Organization 'Semicolon',,200,yes,Structured Data Report
http://localhost:3000/tools/langchain,Optimization,P3 - improve,Completeness,Organization missing recommended properties,A schema object lacks recommended properties that improve rich results.,no 'contactPoint','contactPoint' property on Organization,Add the properties listed in Current value.,Organization 'Semicolon',,200,yes,Structured Data Report
http://localhost:3000/tools/langchain,Optimization,P3 - improve,Completeness,WebSite missing recommended properties,A schema object lacks recommended properties that improve rich results.,no 'potentialAction','potentialAction' property on WebSite,Add the properties listed in Current value.,WebSite 'Semicolon',,200,yes,Structured Data Report
http://localhost:3000/tools/langchain,Optimization,P3 - improve,Page type,Missing BreadcrumbList on nested page,The page lacks the structured-data type expected for this kind of page.,no BreadcrumbList,BreadcrumbList with one ListItem per path level,Add JSON-LD of that type with its required properties.,,,200,yes,Structured Data Report
http://localhost:3000/tools/linear,Important,P2 - fix soon,Page type,Missing Service schema,The page lacks the structured-data type expected for this kind of page.,"types found: Organization, PostalAddress, WebSite","one of: Service, SoftwareApplication",Add JSON-LD of that type with its required properties.,,,200,yes,Structured Data Report
http://localhost:3000/tools/linear,Optimization,P3 - improve,Completeness,Organization missing recommended properties,A schema object lacks recommended properties that improve rich results.,no 'sameAs','sameAs' property on Organization,Add the properties listed in Current value.,Organization 'Semicolon',,200,yes,Structured Data Report
http://localhost:3000/tools/linear,Optimization,P3 - improve,Completeness,Organization missing recommended properties,A schema object lacks recommended properties that improve rich results.,no 'contactPoint','contactPoint' property on Organization,Add the properties listed in Current value.,Organization 'Semicolon',,200,yes,Structured Data Report
http://localhost:3000/tools/linear,Optimization,P3 - improve,Completeness,WebSite missing recommended properties,A schema object lacks recommended properties that improve rich results.,no 'potentialAction','potentialAction' property on WebSite,Add the properties listed in Current value.,WebSite 'Semicolon',,200,yes,Structured Data Report
http://localhost:3000/tools/linear,Optimization,P3 - improve,Page type,Missing BreadcrumbList on nested page,The page lacks the structured-data type expected for this kind of page.,no BreadcrumbList,BreadcrumbList with one ListItem per path level,Add JSON-LD of that type with its required properties.,,,200,yes,Structured Data Report
http://localhost:3000/tools/loom,Important,P2 - fix soon,Page type,Missing Service schema,The page lacks the structured-data type expected for this kind of page.,"types found: Organization, PostalAddress, WebSite","one of: Service, SoftwareApplication",Add JSON-LD of that type with its required properties.,,,200,yes,Structured Data Report
http://localhost:3000/tools/loom,Optimization,P3 - improve,Completeness,Organization missing recommended properties,A schema object lacks recommended properties that improve rich results.,no 'sameAs','sameAs' property on Organization,Add the properties listed in Current value.,Organization 'Semicolon',,200,yes,Structured Data Report
http://localhost:3000/tools/loom,Optimization,P3 - improve,Completeness,Organization missing recommended properties,A schema object lacks recommended properties that improve rich results.,no 'contactPoint','contactPoint' property on Organization,Add the properties listed in Current value.,Organization 'Semicolon',,200,yes,Structured Data Report
http://localhost:3000/tools/loom,Optimization,P3 - improve,Completeness,WebSite missing recommended properties,A schema object lacks recommended properties that improve rich results.,no 'potentialAction','potentialAction' property on WebSite,Add the properties listed in Current value.,WebSite 'Semicolon',,200,yes,Structured Data Report
http://localhost:3000/tools/loom,Optimization,P3 - improve,Page type,Missing BreadcrumbList on nested page,The page lacks the structured-data type expected for this kind of page.,no BreadcrumbList,BreadcrumbList with one ListItem per path level,Add JSON-LD of that type with its required properties.,,,200,yes,Structured Data Report
http://localhost:3000/tools/microsoft-teams,Important,P2 - fix soon,Page type,Missing Service schema,The page lacks the structured-data type expected for this kind of page.,"types found: Organization, PostalAddress, WebSite","one of: Service, SoftwareApplication",Add JSON-LD of that type with its required properties.,,,200,yes,Structured Data Report
http://localhost:3000/tools/microsoft-teams,Optimization,P3 - improve,Completeness,Organization missing recommended properties,A schema object lacks recommended properties that improve rich results.,no 'sameAs','sameAs' property on Organization,Add the properties listed in Current value.,Organization 'Semicolon',,200,yes,Structured Data Report
http://localhost:3000/tools/microsoft-teams,Optimization,P3 - improve,Completeness,Organization missing recommended properties,A schema object lacks recommended properties that improve rich results.,no 'contactPoint','contactPoint' property on Organization,Add the properties listed in Current value.,Organization 'Semicolon',,200,yes,Structured Data Report
http://localhost:3000/tools/microsoft-teams,Optimization,P3 - improve,Completeness,WebSite missing recommended properties,A schema object lacks recommended properties that improve rich results.,no 'potentialAction','potentialAction' property on WebSite,Add the properties listed in Current value.,WebSite 'Semicolon',,200,yes,Structured Data Report
http://localhost:3000/tools/microsoft-teams,Optimization,P3 - improve,Page type,Missing BreadcrumbList on nested page,The page lacks the structured-data type expected for this kind of page.,no BreadcrumbList,BreadcrumbList with one ListItem per path level,Add JSON-LD of that type with its required properties.,,,200,yes,Structured Data Report
http://localhost:3000/tools/miro,Important,P2 - fix soon,Page type,Missing Service schema,The page lacks the structured-data type expected for this kind of page.,"types found: Organization, PostalAddress, WebSite","one of: Service, SoftwareApplication",Add JSON-LD of that type with its required properties.,,,200,yes,Structured Data Report
http://localhost:3000/tools/miro,Optimization,P3 - improve,Completeness,Organization missing recommended properties,A schema object lacks recommended properties that improve rich results.,no 'sameAs','sameAs' property on Organization,Add the properties listed in Current value.,Organization 'Semicolon',,200,yes,Structured Data Report
http://localhost:3000/tools/miro,Optimization,P3 - improve,Completeness,Organization missing recommended properties,A schema object lacks recommended properties that improve rich results.,no 'contactPoint','contactPoint' property on Organization,Add the properties listed in Current value.,Organization 'Semicolon',,200,yes,Structured Data Report
http://localhost:3000/tools/miro,Optimization,P3 - improve,Completeness,WebSite missing recommended properties,A schema object lacks recommended properties that improve rich results.,no 'potentialAction','potentialAction' property on WebSite,Add the properties listed in Current value.,WebSite 'Semicolon',,200,yes,Structured Data Report
http://localhost:3000/tools/miro,Optimization,P3 - improve,Page type,Missing BreadcrumbList on nested page,The page lacks the structured-data type expected for this kind of page.,no BreadcrumbList,BreadcrumbList with one ListItem per path level,Add JSON-LD of that type with its required properties.,,,200,yes,Structured Data Report
http://localhost:3000/tools/notion,Important,P2 - fix soon,Page type,Missing Service schema,The page lacks the structured-data type expected for this kind of page.,"types found: Organization, PostalAddress, WebSite","one of: Service, SoftwareApplication",Add JSON-LD of that type with its required properties.,,,200,yes,Structured Data Report
http://localhost:3000/tools/notion,Optimization,P3 - improve,Completeness,Organization missing recommended properties,A schema object lacks recommended properties that improve rich results.,no 'sameAs','sameAs' property on Organization,Add the properties listed in Current value.,Organization 'Semicolon',,200,yes,Structured Data Report
http://localhost:3000/tools/notion,Optimization,P3 - improve,Completeness,Organization missing recommended properties,A schema object lacks recommended properties that improve rich results.,no 'contactPoint','contactPoint' property on Organization,Add the properties listed in Current value.,Organization 'Semicolon',,200,yes,Structured Data Report
http://localhost:3000/tools/notion,Optimization,P3 - improve,Completeness,WebSite missing recommended properties,A schema object lacks recommended properties that improve rich results.,no 'potentialAction','potentialAction' property on WebSite,Add the properties listed in Current value.,WebSite 'Semicolon',,200,yes,Structured Data Report
http://localhost:3000/tools/notion,Optimization,P3 - improve,Page type,Missing BreadcrumbList on nested page,The page lacks the structured-data type expected for this kind of page.,no BreadcrumbList,BreadcrumbList with one ListItem per path level,Add JSON-LD of that type with its required properties.,,,200,yes,Structured Data Report
http://localhost:3000/tools/perplexity,Important,P2 - fix soon,Page type,Missing Service schema,The page lacks the structured-data type expected for this kind of page.,"types found: Organization, PostalAddress, WebSite","one of: Service, SoftwareApplication",Add JSON-LD of that type with its required properties.,,,200,yes,Structured Data Report
http://localhost:3000/tools/perplexity,Optimization,P3 - improve,Completeness,Organization missing recommended properties,A schema object lacks recommended properties that improve rich results.,no 'sameAs','sameAs' property on Organization,Add the properties listed in Current value.,Organization 'Semicolon',,200,yes,Structured Data Report
http://localhost:3000/tools/perplexity,Optimization,P3 - improve,Completeness,Organization missing recommended properties,A schema object lacks recommended properties that improve rich results.,no 'contactPoint','contactPoint' property on Organization,Add the properties listed in Current value.,Organization 'Semicolon',,200,yes,Structured Data Report
http://localhost:3000/tools/perplexity,Optimization,P3 - improve,Completeness,WebSite missing recommended properties,A schema object lacks recommended properties that improve rich results.,no 'potentialAction','potentialAction' property on WebSite,Add the properties listed in Current value.,WebSite 'Semicolon',,200,yes,Structured Data Report
http://localhost:3000/tools/perplexity,Optimization,P3 - improve,Page type,Missing BreadcrumbList on nested page,The page lacks the structured-data type expected for this kind of page.,no BreadcrumbList,BreadcrumbList with one ListItem per path level,Add JSON-LD of that type with its required properties.,,,200,yes,Structured Data Report
http://localhost:3000/tools/postman,Important,P2 - fix soon,Page type,Missing Service schema,The page lacks the structured-data type expected for this kind of page.,"types found: Organization, PostalAddress, WebSite","one of: Service, SoftwareApplication",Add JSON-LD of that type with its required properties.,,,200,yes,Structured Data Report
http://localhost:3000/tools/postman,Optimization,P3 - improve,Completeness,Organization missing recommended properties,A schema object lacks recommended properties that improve rich results.,no 'sameAs','sameAs' property on Organization,Add the properties listed in Current value.,Organization 'Semicolon',,200,yes,Structured Data Report
http://localhost:3000/tools/postman,Optimization,P3 - improve,Completeness,Organization missing recommended properties,A schema object lacks recommended properties that improve rich results.,no 'contactPoint','contactPoint' property on Organization,Add the properties listed in Current value.,Organization 'Semicolon',,200,yes,Structured Data Report
http://localhost:3000/tools/postman,Optimization,P3 - improve,Completeness,WebSite missing recommended properties,A schema object lacks recommended properties that improve rich results.,no 'potentialAction','potentialAction' property on WebSite,Add the properties listed in Current value.,WebSite 'Semicolon',,200,yes,Structured Data Report
http://localhost:3000/tools/postman,Optimization,P3 - improve,Page type,Missing BreadcrumbList on nested page,The page lacks the structured-data type expected for this kind of page.,no BreadcrumbList,BreadcrumbList with one ListItem per path level,Add JSON-LD of that type with its required properties.,,,200,yes,Structured Data Report
http://localhost:3000/tools/python,Important,P2 - fix soon,Page type,Missing Service schema,The page lacks the structured-data type expected for this kind of page.,"types found: Organization, PostalAddress, WebSite","one of: Service, SoftwareApplication",Add JSON-LD of that type with its required properties.,,,200,yes,Structured Data Report
http://localhost:3000/tools/python,Optimization,P3 - improve,Completeness,Organization missing recommended properties,A schema object lacks recommended properties that improve rich results.,no 'sameAs','sameAs' property on Organization,Add the properties listed in Current value.,Organization 'Semicolon',,200,yes,Structured Data Report
http://localhost:3000/tools/python,Optimization,P3 - improve,Completeness,Organization missing recommended properties,A schema object lacks recommended properties that improve rich results.,no 'contactPoint','contactPoint' property on Organization,Add the properties listed in Current value.,Organization 'Semicolon',,200,yes,Structured Data Report
http://localhost:3000/tools/python,Optimization,P3 - improve,Completeness,WebSite missing recommended properties,A schema object lacks recommended properties that improve rich results.,no 'potentialAction','potentialAction' property on WebSite,Add the properties listed in Current value.,WebSite 'Semicolon',,200,yes,Structured Data Report
http://localhost:3000/tools/python,Optimization,P3 - improve,Page type,Missing BreadcrumbList on nested page,The page lacks the structured-data type expected for this kind of page.,no BreadcrumbList,BreadcrumbList with one ListItem per path level,Add JSON-LD of that type with its required properties.,,,200,yes,Structured Data Report
http://localhost:3000/tools/slack,Important,P2 - fix soon,Page type,Missing Service schema,The page lacks the structured-data type expected for this kind of page.,"types found: Organization, PostalAddress, WebSite","one of: Service, SoftwareApplication",Add JSON-LD of that type with its required properties.,,,200,yes,Structured Data Report
http://localhost:3000/tools/slack,Optimization,P3 - improve,Completeness,Organization missing recommended properties,A schema object lacks recommended properties that improve rich results.,no 'sameAs','sameAs' property on Organization,Add the properties listed in Current value.,Organization 'Semicolon',,200,yes,Structured Data Report
http://localhost:3000/tools/slack,Optimization,P3 - improve,Completeness,Organization missing recommended properties,A schema object lacks recommended properties that improve rich results.,no 'contactPoint','contactPoint' property on Organization,Add the properties listed in Current value.,Organization 'Semicolon',,200,yes,Structured Data Report
http://localhost:3000/tools/slack,Optimization,P3 - improve,Completeness,WebSite missing recommended properties,A schema object lacks recommended properties that improve rich results.,no 'potentialAction','potentialAction' property on WebSite,Add the properties listed in Current value.,WebSite 'Semicolon',,200,yes,Structured Data Report
http://localhost:3000/tools/slack,Optimization,P3 - improve,Page type,Missing BreadcrumbList on nested page,The page lacks the structured-data type expected for this kind of page.,no BreadcrumbList,BreadcrumbList with one ListItem per path level,Add JSON-LD of that type with its required properties.,,,200,yes,Structured Data Report
http://localhost:3000/tools/sonarqube,Important,P2 - fix soon,Page type,Missing Service schema,The page lacks the structured-data type expected for this kind of page.,"types found: Organization, PostalAddress, WebSite","one of: Service, SoftwareApplication",Add JSON-LD of that type with its required properties.,,,200,yes,Structured Data Report
http://localhost:3000/tools/sonarqube,Optimization,P3 - improve,Completeness,Organization missing recommended properties,A schema object lacks recommended properties that improve rich results.,no 'sameAs','sameAs' property on Organization,Add the properties listed in Current value.,Organization 'Semicolon',,200,yes,Structured Data Report
http://localhost:3000/tools/sonarqube,Optimization,P3 - improve,Completeness,Organization missing recommended properties,A schema object lacks recommended properties that improve rich results.,no 'contactPoint','contactPoint' property on Organization,Add the properties listed in Current value.,Organization 'Semicolon',,200,yes,Structured Data Report
http://localhost:3000/tools/sonarqube,Optimization,P3 - improve,Completeness,WebSite missing recommended properties,A schema object lacks recommended properties that improve rich results.,no 'potentialAction','potentialAction' property on WebSite,Add the properties listed in Current value.,WebSite 'Semicolon',,200,yes,Structured Data Report
http://localhost:3000/tools/sonarqube,Optimization,P3 - improve,Page type,Missing BreadcrumbList on nested page,The page lacks the structured-data type expected for this kind of page.,no BreadcrumbList,BreadcrumbList with one ListItem per path level,Add JSON-LD of that type with its required properties.,,,200,yes,Structured Data Report
http://localhost:3000/tools/tensorflow,Important,P2 - fix soon,Page type,Missing Service schema,The page lacks the structured-data type expected for this kind of page.,"types found: Organization, PostalAddress, WebSite","one of: Service, SoftwareApplication",Add JSON-LD of that type with its required properties.,,,200,yes,Structured Data Report
http://localhost:3000/tools/tensorflow,Optimization,P3 - improve,Completeness,Organization missing recommended properties,A schema object lacks recommended properties that improve rich results.,no 'sameAs','sameAs' property on Organization,Add the properties listed in Current value.,Organization 'Semicolon',,200,yes,Structured Data Report
http://localhost:3000/tools/tensorflow,Optimization,P3 - improve,Completeness,Organization missing recommended properties,A schema object lacks recommended properties that improve rich results.,no 'contactPoint','contactPoint' property on Organization,Add the properties listed in Current value.,Organization 'Semicolon',,200,yes,Structured Data Report
http://localhost:3000/tools/tensorflow,Optimization,P3 - improve,Completeness,WebSite missing recommended properties,A schema object lacks recommended properties that improve rich results.,no 'potentialAction','potentialAction' property on WebSite,Add the properties listed in Current value.,WebSite 'Semicolon',,200,yes,Structured Data Report
http://localhost:3000/tools/tensorflow,Optimization,P3 - improve,Page type,Missing BreadcrumbList on nested page,The page lacks the structured-data type expected for this kind of page.,no BreadcrumbList,BreadcrumbList with one ListItem per path level,Add JSON-LD of that type with its required properties.,,,200,yes,Structured Data Report
http://localhost:3000/tools/trello,Important,P2 - fix soon,Page type,Missing Service schema,The page lacks the structured-data type expected for this kind of page.,"types found: Organization, PostalAddress, WebSite","one of: Service, SoftwareApplication",Add JSON-LD of that type with its required properties.,,,200,yes,Structured Data Report
http://localhost:3000/tools/trello,Optimization,P3 - improve,Completeness,Organization missing recommended properties,A schema object lacks recommended properties that improve rich results.,no 'sameAs','sameAs' property on Organization,Add the properties listed in Current value.,Organization 'Semicolon',,200,yes,Structured Data Report
http://localhost:3000/tools/trello,Optimization,P3 - improve,Completeness,Organization missing recommended properties,A schema object lacks recommended properties that improve rich results.,no 'contactPoint','contactPoint' property on Organization,Add the properties listed in Current value.,Organization 'Semicolon',,200,yes,Structured Data Report
http://localhost:3000/tools/trello,Optimization,P3 - improve,Completeness,WebSite missing recommended properties,A schema object lacks recommended properties that improve rich results.,no 'potentialAction','potentialAction' property on WebSite,Add the properties listed in Current value.,WebSite 'Semicolon',,200,yes,Structured Data Report
http://localhost:3000/tools/trello,Optimization,P3 - improve,Page type,Missing BreadcrumbList on nested page,The page lacks the structured-data type expected for this kind of page.,no BreadcrumbList,BreadcrumbList with one ListItem per path level,Add JSON-LD of that type with its required properties.,,,200,yes,Structured Data Report
http://localhost:3000/tools/whatsapp,Important,P2 - fix soon,Page type,Missing Service schema,The page lacks the structured-data type expected for this kind of page.,"types found: Organization, PostalAddress, WebSite","one of: Service, SoftwareApplication",Add JSON-LD of that type with its required properties.,,,200,yes,Structured Data Report
http://localhost:3000/tools/whatsapp,Optimization,P3 - improve,Completeness,Organization missing recommended properties,A schema object lacks recommended properties that improve rich results.,no 'sameAs','sameAs' property on Organization,Add the properties listed in Current value.,Organization 'Semicolon',,200,yes,Structured Data Report
http://localhost:3000/tools/whatsapp,Optimization,P3 - improve,Completeness,Organization missing recommended properties,A schema object lacks recommended properties that improve rich results.,no 'contactPoint','contactPoint' property on Organization,Add the properties listed in Current value.,Organization 'Semicolon',,200,yes,Structured Data Report
http://localhost:3000/tools/whatsapp,Optimization,P3 - improve,Completeness,WebSite missing recommended properties,A schema object lacks recommended properties that improve rich results.,no 'potentialAction','potentialAction' property on WebSite,Add the properties listed in Current value.,WebSite 'Semicolon',,200,yes,Structured Data Report
http://localhost:3000/tools/whatsapp,Optimization,P3 - improve,Page type,Missing BreadcrumbList on nested page,The page lacks the structured-data type expected for this kind of page.,no BreadcrumbList,BreadcrumbList with one ListItem per path level,Add JSON-LD of that type with its required properties.,,,200,yes,Structured Data Report
http://localhost:3000/tools/zoom,Important,P2 - fix soon,Page type,Missing Service schema,The page lacks the structured-data type expected for this kind of page.,"types found: Organization, PostalAddress, WebSite","one of: Service, SoftwareApplication",Add JSON-LD of that type with its required properties.,,,200,yes,Structured Data Report
http://localhost:3000/tools/zoom,Optimization,P3 - improve,Completeness,Organization missing recommended properties,A schema object lacks recommended properties that improve rich results.,no 'sameAs','sameAs' property on Organization,Add the properties listed in Current value.,Organization 'Semicolon',,200,yes,Structured Data Report
http://localhost:3000/tools/zoom,Optimization,P3 - improve,Completeness,Organization missing recommended properties,A schema object lacks recommended properties that improve rich results.,no 'contactPoint','contactPoint' property on Organization,Add the properties listed in Current value.,Organization 'Semicolon',,200,yes,Structured Data Report
http://localhost:3000/tools/zoom,Optimization,P3 - improve,Completeness,WebSite missing recommended properties,A schema object lacks recommended properties that improve rich results.,no 'potentialAction','potentialAction' property on WebSite,Add the properties listed in Current value.,WebSite 'Semicolon',,200,yes,Structured Data Report
http://localhost:3000/tools/zoom,Optimization,P3 - improve,Page type,Missing BreadcrumbList on nested page,The page lacks the structured-data type expected for this kind of page.,no BreadcrumbList,BreadcrumbList with one ListItem per path level,Add JSON-LD of that type with its required properties.,,,200,yes,Structured Data Report
http://localhost:3000/we-work-with,Optimization,P3 - improve,Completeness,Organization missing recommended properties,A schema object lacks recommended properties that improve rich results.,no 'sameAs','sameAs' property on Organization,Add the properties listed in Current value.,Organization 'Semicolon',,200,yes,Structured Data Report
http://localhost:3000/we-work-with,Optimization,P3 - improve,Completeness,Organization missing recommended properties,A schema object lacks recommended properties that improve rich results.,no 'contactPoint','contactPoint' property on Organization,Add the properties listed in Current value.,Organization 'Semicolon',,200,yes,Structured Data Report
http://localhost:3000/we-work-with,Optimization,P3 - improve,Completeness,WebSite missing recommended properties,A schema object lacks recommended properties that improve rich results.,no 'potentialAction','potentialAction' property on WebSite,Add the properties listed in Current value.,WebSite 'Semicolon',,200,yes,Structured Data Report
http://localhost:3000/why-choose-us,Optimization,P3 - improve,Completeness,Organization missing recommended properties,A schema object lacks recommended properties that improve rich results.,no 'sameAs','sameAs' property on Organization,Add the properties listed in Current value.,Organization 'Semicolon',,200,yes,Structured Data Report
http://localhost:3000/why-choose-us,Optimization,P3 - improve,Completeness,Organization missing recommended properties,A schema object lacks recommended properties that improve rich results.,no 'contactPoint','contactPoint' property on Organization,Add the properties listed in Current value.,Organization 'Semicolon',,200,yes,Structured Data Report
http://localhost:3000/why-choose-us,Optimization,P3 - improve,Completeness,WebSite missing recommended properties,A schema object lacks recommended properties that improve rich results.,no 'potentialAction','potentialAction' property on WebSite,Add the properties listed in Current value.,WebSite 'Semicolon',,200,yes,Structured Data Report
