URL,Severity,Priority,Category,Issue,Description,Current value,Expected / recommended value,Recommended fix,Element / resource,Details,Page HTTP,In sitemap,Report
http://localhost:3000/,Important,P2 - fix soon,Fields,Field marked required (*) but not required in the HTML,,label 'Full Name *',"required or aria-required=""true"" on the field","Add aria-required=""true"" (keep noValidate for custom messages) or the required attribute, so screen readers announce it.",form #1 (lead) form.flex.flex-1.flex-col 'Full Name * Work Email * Phone (O > input#quick-contact-fullName.flex.w-full.border,,200,yes,Forms Report
http://localhost:3000/,Important,P2 - fix soon,Fields,Field marked required (*) but not required in the HTML,,label 'Work Email *',"required or aria-required=""true"" on the field","Add aria-required=""true"" (keep noValidate for custom messages) or the required attribute, so screen readers announce it.",form #1 (lead) form.flex.flex-1.flex-col 'Full Name * Work Email * Phone (O > input#quick-contact-email.flex.w-full.border [type=email],,200,yes,Forms Report
http://localhost:3000/,Optimization,P3 - improve,Privacy,No privacy notice / link at the lead form,Forms that collect personal data should tell visitors how it is used (GDPR / privacy laws).,(no 'privacy' text or link in or next to the form),A short notice with a link to the privacy policy at the form,Add the notice under the submit button.,form #1 (lead) form.flex.flex-1.flex-col 'Full Name * Work Email * Phone (O,,200,yes,Forms Report
http://localhost:3000/,Optimization,P3 - improve,Spam,No spam protection on the form,Without a CAPTCHA or honeypot the form will collect spam.,no reCAPTCHA / hCaptcha / Turnstile / honeypot field found,a CAPTCHA or a hidden honeypot field,Configure the CAPTCHA key for this environment or add a honeypot field.,form #1 (lead) form.flex.flex-1.flex-col 'Full Name * Work Email * Phone (O,,200,yes,Forms Report
http://localhost:3000/contact-us,Important,P2 - fix soon,Fields,Field marked required (*) but not required in the HTML,,label 'Full Name *',"required or aria-required=""true"" on the field","Add aria-required=""true"" (keep noValidate for custom messages) or the required attribute, so screen readers announce it.",form #1 (lead) form.flex.flex-1.flex-col 'Full Name * Work Email * Phone (O > input#quick-contact-fullName.flex.w-full.border,,200,yes,Forms Report
http://localhost:3000/contact-us,Important,P2 - fix soon,Fields,Field marked required (*) but not required in the HTML,,label 'Work Email *',"required or aria-required=""true"" on the field","Add aria-required=""true"" (keep noValidate for custom messages) or the required attribute, so screen readers announce it.",form #1 (lead) form.flex.flex-1.flex-col 'Full Name * Work Email * Phone (O > input#quick-contact-email.flex.w-full.border [type=email],,200,yes,Forms Report
http://localhost:3000/contact-us,Optimization,P3 - improve,Privacy,No privacy notice / link at the lead form,Forms that collect personal data should tell visitors how it is used (GDPR / privacy laws).,(no 'privacy' text or link in or next to the form),A short notice with a link to the privacy policy at the form,Add the notice under the submit button.,form #1 (lead) form.flex.flex-1.flex-col 'Full Name * Work Email * Phone (O,,200,yes,Forms Report
http://localhost:3000/contact-us,Optimization,P3 - improve,Spam,No spam protection on the form,Without a CAPTCHA or honeypot the form will collect spam.,no reCAPTCHA / hCaptcha / Turnstile / honeypot field found,a CAPTCHA or a hidden honeypot field,Configure the CAPTCHA key for this environment or add a honeypot field.,form #1 (lead) form.flex.flex-1.flex-col 'Full Name * Work Email * Phone (O,,200,yes,Forms Report
http://localhost:3000/digital-services,Important,P2 - fix soon,Fields,Field marked required (*) but not required in the HTML,,label 'Full Name *',"required or aria-required=""true"" on the field","Add aria-required=""true"" (keep noValidate for custom messages) or the required attribute, so screen readers announce it.",form #1 (lead) form.flex.flex-1.flex-col 'Full Name * Work Email * Phone (O > input#quick-contact-fullName.flex.w-full.border,,200,yes,Forms Report
http://localhost:3000/digital-services,Important,P2 - fix soon,Fields,Field marked required (*) but not required in the HTML,,label 'Work Email *',"required or aria-required=""true"" on the field","Add aria-required=""true"" (keep noValidate for custom messages) or the required attribute, so screen readers announce it.",form #1 (lead) form.flex.flex-1.flex-col 'Full Name * Work Email * Phone (O > input#quick-contact-email.flex.w-full.border [type=email],,200,yes,Forms Report
http://localhost:3000/digital-services,Optimization,P3 - improve,Privacy,No privacy notice / link at the lead form,Forms that collect personal data should tell visitors how it is used (GDPR / privacy laws).,(no 'privacy' text or link in or next to the form),A short notice with a link to the privacy policy at the form,Add the notice under the submit button.,form #1 (lead) form.flex.flex-1.flex-col 'Full Name * Work Email * Phone (O,,200,yes,Forms Report
http://localhost:3000/digital-services,Optimization,P3 - improve,Spam,No spam protection on the form,Without a CAPTCHA or honeypot the form will collect spam.,no reCAPTCHA / hCaptcha / Turnstile / honeypot field found,a CAPTCHA or a hidden honeypot field,Configure the CAPTCHA key for this environment or add a honeypot field.,form #1 (lead) form.flex.flex-1.flex-col 'Full Name * Work Email * Phone (O,,200,yes,Forms Report
http://localhost:3000/digital-services,Optimization,P3 - improve,Validation,Focus doesn't move to the first invalid field,After a failed submit the keyboard / screen-reader focus stays on the button; users must hunt for the error.,after submitting the empty form,Focus moves to the first invalid field,Call .focus() on the first invalid field after validation.,"form 'Full Name *
Work Email *
Phone (Optional' (5 fields)",,200,yes,Forms Report
http://localhost:3000/digital-services/ad-creative-design,Optimization,P3 - improve,Privacy,No privacy notice / link at the lead form,Forms that collect personal data should tell visitors how it is used (GDPR / privacy laws).,(no 'privacy' text or link in or next to the form),A short notice with a link to the privacy policy at the form,Add the notice under the submit button.,form #1 (lead) form.flex.flex-1.flex-col 'Full Name Work Email Phone (Optio,,200,yes,Forms Report
http://localhost:3000/digital-services/ad-creative-design,Optimization,P3 - improve,Spam,No spam protection on the form,Without a CAPTCHA or honeypot the form will collect spam.,no reCAPTCHA / hCaptcha / Turnstile / honeypot field found,a CAPTCHA or a hidden honeypot field,Configure the CAPTCHA key for this environment or add a honeypot field.,form #1 (lead) form.flex.flex-1.flex-col 'Full Name Work Email Phone (Optio,,200,yes,Forms Report
http://localhost:3000/digital-services/analytics-reporting,Optimization,P3 - improve,Privacy,No privacy notice / link at the lead form,Forms that collect personal data should tell visitors how it is used (GDPR / privacy laws).,(no 'privacy' text or link in or next to the form),A short notice with a link to the privacy policy at the form,Add the notice under the submit button.,form #1 (lead) form.flex.flex-1.flex-col 'Full Name Work Email Phone (Optio,,200,yes,Forms Report
http://localhost:3000/digital-services/analytics-reporting,Optimization,P3 - improve,Spam,No spam protection on the form,Without a CAPTCHA or honeypot the form will collect spam.,no reCAPTCHA / hCaptcha / Turnstile / honeypot field found,a CAPTCHA or a hidden honeypot field,Configure the CAPTCHA key for this environment or add a honeypot field.,form #1 (lead) form.flex.flex-1.flex-col 'Full Name Work Email Phone (Optio,,200,yes,Forms Report
http://localhost:3000/digital-services/branding-logo-design,Optimization,P3 - improve,Privacy,No privacy notice / link at the lead form,Forms that collect personal data should tell visitors how it is used (GDPR / privacy laws).,(no 'privacy' text or link in or next to the form),A short notice with a link to the privacy policy at the form,Add the notice under the submit button.,form #1 (lead) form.flex.flex-1.flex-col 'Full Name Work Email Phone (Optio,,200,yes,Forms Report
http://localhost:3000/digital-services/branding-logo-design,Optimization,P3 - improve,Spam,No spam protection on the form,Without a CAPTCHA or honeypot the form will collect spam.,no reCAPTCHA / hCaptcha / Turnstile / honeypot field found,a CAPTCHA or a hidden honeypot field,Configure the CAPTCHA key for this environment or add a honeypot field.,form #1 (lead) form.flex.flex-1.flex-col 'Full Name Work Email Phone (Optio,,200,yes,Forms Report
http://localhost:3000/digital-services/content-marketing,Optimization,P3 - improve,Privacy,No privacy notice / link at the lead form,Forms that collect personal data should tell visitors how it is used (GDPR / privacy laws).,(no 'privacy' text or link in or next to the form),A short notice with a link to the privacy policy at the form,Add the notice under the submit button.,form #1 (lead) form.flex.flex-1.flex-col 'Full Name Work Email Phone (Optio,,200,yes,Forms Report
http://localhost:3000/digital-services/content-marketing,Optimization,P3 - improve,Spam,No spam protection on the form,Without a CAPTCHA or honeypot the form will collect spam.,no reCAPTCHA / hCaptcha / Turnstile / honeypot field found,a CAPTCHA or a hidden honeypot field,Configure the CAPTCHA key for this environment or add a honeypot field.,form #1 (lead) form.flex.flex-1.flex-col 'Full Name Work Email Phone (Optio,,200,yes,Forms Report
http://localhost:3000/digital-services/copywriting-blog-writing,Optimization,P3 - improve,Privacy,No privacy notice / link at the lead form,Forms that collect personal data should tell visitors how it is used (GDPR / privacy laws).,(no 'privacy' text or link in or next to the form),A short notice with a link to the privacy policy at the form,Add the notice under the submit button.,form #1 (lead) form.flex.flex-1.flex-col 'Full Name Work Email Phone (Optio,,200,yes,Forms Report
http://localhost:3000/digital-services/copywriting-blog-writing,Optimization,P3 - improve,Spam,No spam protection on the form,Without a CAPTCHA or honeypot the form will collect spam.,no reCAPTCHA / hCaptcha / Turnstile / honeypot field found,a CAPTCHA or a hidden honeypot field,Configure the CAPTCHA key for this environment or add a honeypot field.,form #1 (lead) form.flex.flex-1.flex-col 'Full Name Work Email Phone (Optio,,200,yes,Forms Report
http://localhost:3000/digital-services/cro,Optimization,P3 - improve,Privacy,No privacy notice / link at the lead form,Forms that collect personal data should tell visitors how it is used (GDPR / privacy laws).,(no 'privacy' text or link in or next to the form),A short notice with a link to the privacy policy at the form,Add the notice under the submit button.,form #1 (lead) form.flex.flex-1.flex-col 'Full Name Work Email Phone (Optio,,200,yes,Forms Report
http://localhost:3000/digital-services/cro,Optimization,P3 - improve,Spam,No spam protection on the form,Without a CAPTCHA or honeypot the form will collect spam.,no reCAPTCHA / hCaptcha / Turnstile / honeypot field found,a CAPTCHA or a hidden honeypot field,Configure the CAPTCHA key for this environment or add a honeypot field.,form #1 (lead) form.flex.flex-1.flex-col 'Full Name Work Email Phone (Optio,,200,yes,Forms Report
http://localhost:3000/digital-services/email-marketing,Optimization,P3 - improve,Privacy,No privacy notice / link at the lead form,Forms that collect personal data should tell visitors how it is used (GDPR / privacy laws).,(no 'privacy' text or link in or next to the form),A short notice with a link to the privacy policy at the form,Add the notice under the submit button.,form #1 (lead) form.flex.flex-1.flex-col 'Full Name Work Email Phone (Optio,,200,yes,Forms Report
http://localhost:3000/digital-services/email-marketing,Optimization,P3 - improve,Spam,No spam protection on the form,Without a CAPTCHA or honeypot the form will collect spam.,no reCAPTCHA / hCaptcha / Turnstile / honeypot field found,a CAPTCHA or a hidden honeypot field,Configure the CAPTCHA key for this environment or add a honeypot field.,form #1 (lead) form.flex.flex-1.flex-col 'Full Name Work Email Phone (Optio,,200,yes,Forms Report
http://localhost:3000/digital-services/graphic-design-ad-creatives,Optimization,P3 - improve,Privacy,No privacy notice / link at the lead form,Forms that collect personal data should tell visitors how it is used (GDPR / privacy laws).,(no 'privacy' text or link in or next to the form),A short notice with a link to the privacy policy at the form,Add the notice under the submit button.,form #1 (lead) form.flex.flex-1.flex-col 'Full Name Work Email Phone (Optio,,200,yes,Forms Report
http://localhost:3000/digital-services/graphic-design-ad-creatives,Optimization,P3 - improve,Spam,No spam protection on the form,Without a CAPTCHA or honeypot the form will collect spam.,no reCAPTCHA / hCaptcha / Turnstile / honeypot field found,a CAPTCHA or a hidden honeypot field,Configure the CAPTCHA key for this environment or add a honeypot field.,form #1 (lead) form.flex.flex-1.flex-col 'Full Name Work Email Phone (Optio,,200,yes,Forms Report
http://localhost:3000/digital-services/influencer-marketing,Optimization,P3 - improve,Privacy,No privacy notice / link at the lead form,Forms that collect personal data should tell visitors how it is used (GDPR / privacy laws).,(no 'privacy' text or link in or next to the form),A short notice with a link to the privacy policy at the form,Add the notice under the submit button.,form #1 (lead) form.flex.flex-1.flex-col 'Full Name Work Email Phone (Optio,,200,yes,Forms Report
http://localhost:3000/digital-services/influencer-marketing,Optimization,P3 - improve,Spam,No spam protection on the form,Without a CAPTCHA or honeypot the form will collect spam.,no reCAPTCHA / hCaptcha / Turnstile / honeypot field found,a CAPTCHA or a hidden honeypot field,Configure the CAPTCHA key for this environment or add a honeypot field.,form #1 (lead) form.flex.flex-1.flex-col 'Full Name Work Email Phone (Optio,,200,yes,Forms Report
http://localhost:3000/digital-services/infographics-visual-content,Optimization,P3 - improve,Privacy,No privacy notice / link at the lead form,Forms that collect personal data should tell visitors how it is used (GDPR / privacy laws).,(no 'privacy' text or link in or next to the form),A short notice with a link to the privacy policy at the form,Add the notice under the submit button.,form #1 (lead) form.flex.flex-1.flex-col 'Full Name Work Email Phone (Optio,,200,yes,Forms Report
http://localhost:3000/digital-services/infographics-visual-content,Optimization,P3 - improve,Spam,No spam protection on the form,Without a CAPTCHA or honeypot the form will collect spam.,no reCAPTCHA / hCaptcha / Turnstile / honeypot field found,a CAPTCHA or a hidden honeypot field,Configure the CAPTCHA key for this environment or add a honeypot field.,form #1 (lead) form.flex.flex-1.flex-col 'Full Name Work Email Phone (Optio,,200,yes,Forms Report
http://localhost:3000/digital-services/landing-page-design,Optimization,P3 - improve,Privacy,No privacy notice / link at the lead form,Forms that collect personal data should tell visitors how it is used (GDPR / privacy laws).,(no 'privacy' text or link in or next to the form),A short notice with a link to the privacy policy at the form,Add the notice under the submit button.,form #1 (lead) form.flex.flex-1.flex-col 'Full Name Work Email Phone (Optio,,200,yes,Forms Report
http://localhost:3000/digital-services/landing-page-design,Optimization,P3 - improve,Spam,No spam protection on the form,Without a CAPTCHA or honeypot the form will collect spam.,no reCAPTCHA / hCaptcha / Turnstile / honeypot field found,a CAPTCHA or a hidden honeypot field,Configure the CAPTCHA key for this environment or add a honeypot field.,form #1 (lead) form.flex.flex-1.flex-col 'Full Name Work Email Phone (Optio,,200,yes,Forms Report
http://localhost:3000/digital-services/local-seo,Optimization,P3 - improve,Privacy,No privacy notice / link at the lead form,Forms that collect personal data should tell visitors how it is used (GDPR / privacy laws).,(no 'privacy' text or link in or next to the form),A short notice with a link to the privacy policy at the form,Add the notice under the submit button.,form #1 (lead) form.flex.flex-1.flex-col 'Full Name Work Email Phone (Optio,,200,yes,Forms Report
http://localhost:3000/digital-services/local-seo,Optimization,P3 - improve,Spam,No spam protection on the form,Without a CAPTCHA or honeypot the form will collect spam.,no reCAPTCHA / hCaptcha / Turnstile / honeypot field found,a CAPTCHA or a hidden honeypot field,Configure the CAPTCHA key for this environment or add a honeypot field.,form #1 (lead) form.flex.flex-1.flex-col 'Full Name Work Email Phone (Optio,,200,yes,Forms Report
http://localhost:3000/digital-services/marketing-automation-crm,Optimization,P3 - improve,Privacy,No privacy notice / link at the lead form,Forms that collect personal data should tell visitors how it is used (GDPR / privacy laws).,(no 'privacy' text or link in or next to the form),A short notice with a link to the privacy policy at the form,Add the notice under the submit button.,form #1 (lead) form.flex.flex-1.flex-col 'Full Name Work Email Phone (Optio,,200,yes,Forms Report
http://localhost:3000/digital-services/marketing-automation-crm,Optimization,P3 - improve,Spam,No spam protection on the form,Without a CAPTCHA or honeypot the form will collect spam.,no reCAPTCHA / hCaptcha / Turnstile / honeypot field found,a CAPTCHA or a hidden honeypot field,Configure the CAPTCHA key for this environment or add a honeypot field.,form #1 (lead) form.flex.flex-1.flex-col 'Full Name Work Email Phone (Optio,,200,yes,Forms Report
http://localhost:3000/digital-services/seo-ppc,Optimization,P3 - improve,Privacy,No privacy notice / link at the lead form,Forms that collect personal data should tell visitors how it is used (GDPR / privacy laws).,(no 'privacy' text or link in or next to the form),A short notice with a link to the privacy policy at the form,Add the notice under the submit button.,form #1 (lead) form.flex.flex-1.flex-col 'Full Name Work Email Phone (Optio,,200,yes,Forms Report
http://localhost:3000/digital-services/seo-ppc,Optimization,P3 - improve,Spam,No spam protection on the form,Without a CAPTCHA or honeypot the form will collect spam.,no reCAPTCHA / hCaptcha / Turnstile / honeypot field found,a CAPTCHA or a hidden honeypot field,Configure the CAPTCHA key for this environment or add a honeypot field.,form #1 (lead) form.flex.flex-1.flex-col 'Full Name Work Email Phone (Optio,,200,yes,Forms Report
http://localhost:3000/digital-services/social-media-content-creation,Optimization,P3 - improve,Privacy,No privacy notice / link at the lead form,Forms that collect personal data should tell visitors how it is used (GDPR / privacy laws).,(no 'privacy' text or link in or next to the form),A short notice with a link to the privacy policy at the form,Add the notice under the submit button.,form #1 (lead) form.flex.flex-1.flex-col 'Full Name Work Email Phone (Optio,,200,yes,Forms Report
http://localhost:3000/digital-services/social-media-content-creation,Optimization,P3 - improve,Spam,No spam protection on the form,Without a CAPTCHA or honeypot the form will collect spam.,no reCAPTCHA / hCaptcha / Turnstile / honeypot field found,a CAPTCHA or a hidden honeypot field,Configure the CAPTCHA key for this environment or add a honeypot field.,form #1 (lead) form.flex.flex-1.flex-col 'Full Name Work Email Phone (Optio,,200,yes,Forms Report
http://localhost:3000/digital-services/social-media-marketing,Optimization,P3 - improve,Privacy,No privacy notice / link at the lead form,Forms that collect personal data should tell visitors how it is used (GDPR / privacy laws).,(no 'privacy' text or link in or next to the form),A short notice with a link to the privacy policy at the form,Add the notice under the submit button.,form #1 (lead) form.flex.flex-1.flex-col 'Full Name Work Email Phone (Optio,,200,yes,Forms Report
http://localhost:3000/digital-services/social-media-marketing,Optimization,P3 - improve,Spam,No spam protection on the form,Without a CAPTCHA or honeypot the form will collect spam.,no reCAPTCHA / hCaptcha / Turnstile / honeypot field found,a CAPTCHA or a hidden honeypot field,Configure the CAPTCHA key for this environment or add a honeypot field.,form #1 (lead) form.flex.flex-1.flex-col 'Full Name Work Email Phone (Optio,,200,yes,Forms Report
http://localhost:3000/digital-services/video-editing,Optimization,P3 - improve,Privacy,No privacy notice / link at the lead form,Forms that collect personal data should tell visitors how it is used (GDPR / privacy laws).,(no 'privacy' text or link in or next to the form),A short notice with a link to the privacy policy at the form,Add the notice under the submit button.,form #1 (lead) form.flex.flex-1.flex-col 'Full Name Work Email Phone (Optio,,200,yes,Forms Report
http://localhost:3000/digital-services/video-editing,Optimization,P3 - improve,Spam,No spam protection on the form,Without a CAPTCHA or honeypot the form will collect spam.,no reCAPTCHA / hCaptcha / Turnstile / honeypot field found,a CAPTCHA or a hidden honeypot field,Configure the CAPTCHA key for this environment or add a honeypot field.,form #1 (lead) form.flex.flex-1.flex-col 'Full Name Work Email Phone (Optio,,200,yes,Forms Report
http://localhost:3000/industries/agriculture,Optimization,P3 - improve,Privacy,No privacy notice / link at the lead form,Forms that collect personal data should tell visitors how it is used (GDPR / privacy laws).,(no 'privacy' text or link in or next to the form),A short notice with a link to the privacy policy at the form,Add the notice under the submit button.,form #1 (lead) form.flex.flex-1.flex-col 'Full Name Work Email Phone (Optio,,200,yes,Forms Report
http://localhost:3000/industries/agriculture,Optimization,P3 - improve,Spam,No spam protection on the form,Without a CAPTCHA or honeypot the form will collect spam.,no reCAPTCHA / hCaptcha / Turnstile / honeypot field found,a CAPTCHA or a hidden honeypot field,Configure the CAPTCHA key for this environment or add a honeypot field.,form #1 (lead) form.flex.flex-1.flex-col 'Full Name Work Email Phone (Optio,,200,yes,Forms Report
http://localhost:3000/industries/ai-data,Optimization,P3 - improve,Privacy,No privacy notice / link at the lead form,Forms that collect personal data should tell visitors how it is used (GDPR / privacy laws).,(no 'privacy' text or link in or next to the form),A short notice with a link to the privacy policy at the form,Add the notice under the submit button.,form #1 (lead) form.flex.flex-1.flex-col 'Full Name Work Email Phone (Optio,,200,yes,Forms Report
http://localhost:3000/industries/ai-data,Optimization,P3 - improve,Spam,No spam protection on the form,Without a CAPTCHA or honeypot the form will collect spam.,no reCAPTCHA / hCaptcha / Turnstile / honeypot field found,a CAPTCHA or a hidden honeypot field,Configure the CAPTCHA key for this environment or add a honeypot field.,form #1 (lead) form.flex.flex-1.flex-col 'Full Name Work Email Phone (Optio,,200,yes,Forms Report
http://localhost:3000/industries/automotive,Optimization,P3 - improve,Privacy,No privacy notice / link at the lead form,Forms that collect personal data should tell visitors how it is used (GDPR / privacy laws).,(no 'privacy' text or link in or next to the form),A short notice with a link to the privacy policy at the form,Add the notice under the submit button.,form #1 (lead) form.flex.flex-1.flex-col 'Full Name Work Email Phone (Optio,,200,yes,Forms Report
http://localhost:3000/industries/automotive,Optimization,P3 - improve,Spam,No spam protection on the form,Without a CAPTCHA or honeypot the form will collect spam.,no reCAPTCHA / hCaptcha / Turnstile / honeypot field found,a CAPTCHA or a hidden honeypot field,Configure the CAPTCHA key for this environment or add a honeypot field.,form #1 (lead) form.flex.flex-1.flex-col 'Full Name Work Email Phone (Optio,,200,yes,Forms Report
http://localhost:3000/industries/banking-finance,Optimization,P3 - improve,Privacy,No privacy notice / link at the lead form,Forms that collect personal data should tell visitors how it is used (GDPR / privacy laws).,(no 'privacy' text or link in or next to the form),A short notice with a link to the privacy policy at the form,Add the notice under the submit button.,form #1 (lead) form.flex.flex-1.flex-col 'Full Name Work Email Phone (Optio,,200,yes,Forms Report
http://localhost:3000/industries/banking-finance,Optimization,P3 - improve,Spam,No spam protection on the form,Without a CAPTCHA or honeypot the form will collect spam.,no reCAPTCHA / hCaptcha / Turnstile / honeypot field found,a CAPTCHA or a hidden honeypot field,Configure the CAPTCHA key for this environment or add a honeypot field.,form #1 (lead) form.flex.flex-1.flex-col 'Full Name Work Email Phone (Optio,,200,yes,Forms Report
http://localhost:3000/industries/construction,Optimization,P3 - improve,Privacy,No privacy notice / link at the lead form,Forms that collect personal data should tell visitors how it is used (GDPR / privacy laws).,(no 'privacy' text or link in or next to the form),A short notice with a link to the privacy policy at the form,Add the notice under the submit button.,form #1 (lead) form.flex.flex-1.flex-col 'Full Name Work Email Phone (Optio,,200,yes,Forms Report
http://localhost:3000/industries/construction,Optimization,P3 - improve,Spam,No spam protection on the form,Without a CAPTCHA or honeypot the form will collect spam.,no reCAPTCHA / hCaptcha / Turnstile / honeypot field found,a CAPTCHA or a hidden honeypot field,Configure the CAPTCHA key for this environment or add a honeypot field.,form #1 (lead) form.flex.flex-1.flex-col 'Full Name Work Email Phone (Optio,,200,yes,Forms Report
http://localhost:3000/industries/corporate,Optimization,P3 - improve,Privacy,No privacy notice / link at the lead form,Forms that collect personal data should tell visitors how it is used (GDPR / privacy laws).,(no 'privacy' text or link in or next to the form),A short notice with a link to the privacy policy at the form,Add the notice under the submit button.,form #1 (lead) form.flex.flex-1.flex-col 'Full Name Work Email Phone (Optio,,200,yes,Forms Report
http://localhost:3000/industries/corporate,Optimization,P3 - improve,Spam,No spam protection on the form,Without a CAPTCHA or honeypot the form will collect spam.,no reCAPTCHA / hCaptcha / Turnstile / honeypot field found,a CAPTCHA or a hidden honeypot field,Configure the CAPTCHA key for this environment or add a honeypot field.,form #1 (lead) form.flex.flex-1.flex-col 'Full Name Work Email Phone (Optio,,200,yes,Forms Report
http://localhost:3000/industries/cybersecurity,Optimization,P3 - improve,Privacy,No privacy notice / link at the lead form,Forms that collect personal data should tell visitors how it is used (GDPR / privacy laws).,(no 'privacy' text or link in or next to the form),A short notice with a link to the privacy policy at the form,Add the notice under the submit button.,form #1 (lead) form.flex.flex-1.flex-col 'Full Name Work Email Phone (Optio,,200,yes,Forms Report
http://localhost:3000/industries/cybersecurity,Optimization,P3 - improve,Spam,No spam protection on the form,Without a CAPTCHA or honeypot the form will collect spam.,no reCAPTCHA / hCaptcha / Turnstile / honeypot field found,a CAPTCHA or a hidden honeypot field,Configure the CAPTCHA key for this environment or add a honeypot field.,form #1 (lead) form.flex.flex-1.flex-col 'Full Name Work Email Phone (Optio,,200,yes,Forms Report
http://localhost:3000/industries/education,Optimization,P3 - improve,Privacy,No privacy notice / link at the lead form,Forms that collect personal data should tell visitors how it is used (GDPR / privacy laws).,(no 'privacy' text or link in or next to the form),A short notice with a link to the privacy policy at the form,Add the notice under the submit button.,form #1 (lead) form.flex.flex-1.flex-col 'Full Name Work Email Phone (Optio,,200,yes,Forms Report
http://localhost:3000/industries/education,Optimization,P3 - improve,Spam,No spam protection on the form,Without a CAPTCHA or honeypot the form will collect spam.,no reCAPTCHA / hCaptcha / Turnstile / honeypot field found,a CAPTCHA or a hidden honeypot field,Configure the CAPTCHA key for this environment or add a honeypot field.,form #1 (lead) form.flex.flex-1.flex-col 'Full Name Work Email Phone (Optio,,200,yes,Forms Report
http://localhost:3000/industries/energy-utilities,Optimization,P3 - improve,Privacy,No privacy notice / link at the lead form,Forms that collect personal data should tell visitors how it is used (GDPR / privacy laws).,(no 'privacy' text or link in or next to the form),A short notice with a link to the privacy policy at the form,Add the notice under the submit button.,form #1 (lead) form.flex.flex-1.flex-col 'Full Name Work Email Phone (Optio,,200,yes,Forms Report
http://localhost:3000/industries/energy-utilities,Optimization,P3 - improve,Spam,No spam protection on the form,Without a CAPTCHA or honeypot the form will collect spam.,no reCAPTCHA / hCaptcha / Turnstile / honeypot field found,a CAPTCHA or a hidden honeypot field,Configure the CAPTCHA key for this environment or add a honeypot field.,form #1 (lead) form.flex.flex-1.flex-col 'Full Name Work Email Phone (Optio,,200,yes,Forms Report
http://localhost:3000/industries/food-restaurant,Optimization,P3 - improve,Privacy,No privacy notice / link at the lead form,Forms that collect personal data should tell visitors how it is used (GDPR / privacy laws).,(no 'privacy' text or link in or next to the form),A short notice with a link to the privacy policy at the form,Add the notice under the submit button.,form #1 (lead) form.flex.flex-1.flex-col 'Full Name Work Email Phone (Optio,,200,yes,Forms Report
http://localhost:3000/industries/food-restaurant,Optimization,P3 - improve,Spam,No spam protection on the form,Without a CAPTCHA or honeypot the form will collect spam.,no reCAPTCHA / hCaptcha / Turnstile / honeypot field found,a CAPTCHA or a hidden honeypot field,Configure the CAPTCHA key for this environment or add a honeypot field.,form #1 (lead) form.flex.flex-1.flex-col 'Full Name Work Email Phone (Optio,,200,yes,Forms Report
http://localhost:3000/industries/gaming,Optimization,P3 - improve,Privacy,No privacy notice / link at the lead form,Forms that collect personal data should tell visitors how it is used (GDPR / privacy laws).,(no 'privacy' text or link in or next to the form),A short notice with a link to the privacy policy at the form,Add the notice under the submit button.,form #1 (lead) form.flex.flex-1.flex-col 'Full Name Work Email Phone (Optio,,200,yes,Forms Report
http://localhost:3000/industries/gaming,Optimization,P3 - improve,Spam,No spam protection on the form,Without a CAPTCHA or honeypot the form will collect spam.,no reCAPTCHA / hCaptcha / Turnstile / honeypot field found,a CAPTCHA or a hidden honeypot field,Configure the CAPTCHA key for this environment or add a honeypot field.,form #1 (lead) form.flex.flex-1.flex-col 'Full Name Work Email Phone (Optio,,200,yes,Forms Report
http://localhost:3000/industries/government,Optimization,P3 - improve,Privacy,No privacy notice / link at the lead form,Forms that collect personal data should tell visitors how it is used (GDPR / privacy laws).,(no 'privacy' text or link in or next to the form),A short notice with a link to the privacy policy at the form,Add the notice under the submit button.,form #1 (lead) form.flex.flex-1.flex-col 'Full Name Work Email Phone (Optio,,200,yes,Forms Report
http://localhost:3000/industries/government,Optimization,P3 - improve,Spam,No spam protection on the form,Without a CAPTCHA or honeypot the form will collect spam.,no reCAPTCHA / hCaptcha / Turnstile / honeypot field found,a CAPTCHA or a hidden honeypot field,Configure the CAPTCHA key for this environment or add a honeypot field.,form #1 (lead) form.flex.flex-1.flex-col 'Full Name Work Email Phone (Optio,,200,yes,Forms Report
http://localhost:3000/industries/healthcare,Optimization,P3 - improve,Privacy,No privacy notice / link at the lead form,Forms that collect personal data should tell visitors how it is used (GDPR / privacy laws).,(no 'privacy' text or link in or next to the form),A short notice with a link to the privacy policy at the form,Add the notice under the submit button.,form #1 (lead) form.flex.flex-1.flex-col 'Full Name Work Email Phone (Optio,,200,yes,Forms Report
http://localhost:3000/industries/healthcare,Optimization,P3 - improve,Spam,No spam protection on the form,Without a CAPTCHA or honeypot the form will collect spam.,no reCAPTCHA / hCaptcha / Turnstile / honeypot field found,a CAPTCHA or a hidden honeypot field,Configure the CAPTCHA key for this environment or add a honeypot field.,form #1 (lead) form.flex.flex-1.flex-col 'Full Name Work Email Phone (Optio,,200,yes,Forms Report
http://localhost:3000/industries/hr-recruitment,Optimization,P3 - improve,Privacy,No privacy notice / link at the lead form,Forms that collect personal data should tell visitors how it is used (GDPR / privacy laws).,(no 'privacy' text or link in or next to the form),A short notice with a link to the privacy policy at the form,Add the notice under the submit button.,form #1 (lead) form.flex.flex-1.flex-col 'Full Name Work Email Phone (Optio,,200,yes,Forms Report
http://localhost:3000/industries/hr-recruitment,Optimization,P3 - improve,Spam,No spam protection on the form,Without a CAPTCHA or honeypot the form will collect spam.,no reCAPTCHA / hCaptcha / Turnstile / honeypot field found,a CAPTCHA or a hidden honeypot field,Configure the CAPTCHA key for this environment or add a honeypot field.,form #1 (lead) form.flex.flex-1.flex-col 'Full Name Work Email Phone (Optio,,200,yes,Forms Report
http://localhost:3000/industries/insurance,Optimization,P3 - improve,Privacy,No privacy notice / link at the lead form,Forms that collect personal data should tell visitors how it is used (GDPR / privacy laws).,(no 'privacy' text or link in or next to the form),A short notice with a link to the privacy policy at the form,Add the notice under the submit button.,form #1 (lead) form.flex.flex-1.flex-col 'Full Name Work Email Phone (Optio,,200,yes,Forms Report
http://localhost:3000/industries/insurance,Optimization,P3 - improve,Spam,No spam protection on the form,Without a CAPTCHA or honeypot the form will collect spam.,no reCAPTCHA / hCaptcha / Turnstile / honeypot field found,a CAPTCHA or a hidden honeypot field,Configure the CAPTCHA key for this environment or add a honeypot field.,form #1 (lead) form.flex.flex-1.flex-col 'Full Name Work Email Phone (Optio,,200,yes,Forms Report
http://localhost:3000/industries/legal,Optimization,P3 - improve,Lead form,Lead form on a legal / utility page,"Privacy, terms, thank-you and 404 pages should not show a lead form.",/industries/legal,no contact form on privacy / terms / thank-you / 404 pages,Hide the form / CTA block on these routes.,form #1 (lead) form.flex.flex-1.flex-col 'Full Name Work Email Phone (Optio,,200,yes,Forms Report
http://localhost:3000/industries/legal,Optimization,P3 - improve,Privacy,No privacy notice / link at the lead form,Forms that collect personal data should tell visitors how it is used (GDPR / privacy laws).,(no 'privacy' text or link in or next to the form),A short notice with a link to the privacy policy at the form,Add the notice under the submit button.,form #1 (lead) form.flex.flex-1.flex-col 'Full Name Work Email Phone (Optio,,200,yes,Forms Report
http://localhost:3000/industries/legal,Optimization,P3 - improve,Spam,No spam protection on the form,Without a CAPTCHA or honeypot the form will collect spam.,no reCAPTCHA / hCaptcha / Turnstile / honeypot field found,a CAPTCHA or a hidden honeypot field,Configure the CAPTCHA key for this environment or add a honeypot field.,form #1 (lead) form.flex.flex-1.flex-col 'Full Name Work Email Phone (Optio,,200,yes,Forms Report
http://localhost:3000/industries/logistics,Optimization,P3 - improve,Privacy,No privacy notice / link at the lead form,Forms that collect personal data should tell visitors how it is used (GDPR / privacy laws).,(no 'privacy' text or link in or next to the form),A short notice with a link to the privacy policy at the form,Add the notice under the submit button.,form #1 (lead) form.flex.flex-1.flex-col 'Full Name Work Email Phone (Optio,,200,yes,Forms Report
http://localhost:3000/industries/logistics,Optimization,P3 - improve,Spam,No spam protection on the form,Without a CAPTCHA or honeypot the form will collect spam.,no reCAPTCHA / hCaptcha / Turnstile / honeypot field found,a CAPTCHA or a hidden honeypot field,Configure the CAPTCHA key for this environment or add a honeypot field.,form #1 (lead) form.flex.flex-1.flex-col 'Full Name Work Email Phone (Optio,,200,yes,Forms Report
http://localhost:3000/industries/manufacturing,Optimization,P3 - improve,Privacy,No privacy notice / link at the lead form,Forms that collect personal data should tell visitors how it is used (GDPR / privacy laws).,(no 'privacy' text or link in or next to the form),A short notice with a link to the privacy policy at the form,Add the notice under the submit button.,form #1 (lead) form.flex.flex-1.flex-col 'Full Name Work Email Phone (Optio,,200,yes,Forms Report
http://localhost:3000/industries/manufacturing,Optimization,P3 - improve,Spam,No spam protection on the form,Without a CAPTCHA or honeypot the form will collect spam.,no reCAPTCHA / hCaptcha / Turnstile / honeypot field found,a CAPTCHA or a hidden honeypot field,Configure the CAPTCHA key for this environment or add a honeypot field.,form #1 (lead) form.flex.flex-1.flex-col 'Full Name Work Email Phone (Optio,,200,yes,Forms Report
http://localhost:3000/industries/marketing-advertising,Optimization,P3 - improve,Privacy,No privacy notice / link at the lead form,Forms that collect personal data should tell visitors how it is used (GDPR / privacy laws).,(no 'privacy' text or link in or next to the form),A short notice with a link to the privacy policy at the form,Add the notice under the submit button.,form #1 (lead) form.flex.flex-1.flex-col 'Full Name Work Email Phone (Optio,,200,yes,Forms Report
http://localhost:3000/industries/marketing-advertising,Optimization,P3 - improve,Spam,No spam protection on the form,Without a CAPTCHA or honeypot the form will collect spam.,no reCAPTCHA / hCaptcha / Turnstile / honeypot field found,a CAPTCHA or a hidden honeypot field,Configure the CAPTCHA key for this environment or add a honeypot field.,form #1 (lead) form.flex.flex-1.flex-col 'Full Name Work Email Phone (Optio,,200,yes,Forms Report
http://localhost:3000/industries/media-entertainment,Optimization,P3 - improve,Privacy,No privacy notice / link at the lead form,Forms that collect personal data should tell visitors how it is used (GDPR / privacy laws).,(no 'privacy' text or link in or next to the form),A short notice with a link to the privacy policy at the form,Add the notice under the submit button.,form #1 (lead) form.flex.flex-1.flex-col 'Full Name Work Email Phone (Optio,,200,yes,Forms Report
http://localhost:3000/industries/media-entertainment,Optimization,P3 - improve,Spam,No spam protection on the form,Without a CAPTCHA or honeypot the form will collect spam.,no reCAPTCHA / hCaptcha / Turnstile / honeypot field found,a CAPTCHA or a hidden honeypot field,Configure the CAPTCHA key for this environment or add a honeypot field.,form #1 (lead) form.flex.flex-1.flex-col 'Full Name Work Email Phone (Optio,,200,yes,Forms Report
http://localhost:3000/industries/non-profit,Optimization,P3 - improve,Privacy,No privacy notice / link at the lead form,Forms that collect personal data should tell visitors how it is used (GDPR / privacy laws).,(no 'privacy' text or link in or next to the form),A short notice with a link to the privacy policy at the form,Add the notice under the submit button.,form #1 (lead) form.flex.flex-1.flex-col 'Full Name Work Email Phone (Optio,,200,yes,Forms Report
http://localhost:3000/industries/non-profit,Optimization,P3 - improve,Spam,No spam protection on the form,Without a CAPTCHA or honeypot the form will collect spam.,no reCAPTCHA / hCaptcha / Turnstile / honeypot field found,a CAPTCHA or a hidden honeypot field,Configure the CAPTCHA key for this environment or add a honeypot field.,form #1 (lead) form.flex.flex-1.flex-col 'Full Name Work Email Phone (Optio,,200,yes,Forms Report
http://localhost:3000/industries/pharmaceutical,Optimization,P3 - improve,Privacy,No privacy notice / link at the lead form,Forms that collect personal data should tell visitors how it is used (GDPR / privacy laws).,(no 'privacy' text or link in or next to the form),A short notice with a link to the privacy policy at the form,Add the notice under the submit button.,form #1 (lead) form.flex.flex-1.flex-col 'Full Name Work Email Phone (Optio,,200,yes,Forms Report
http://localhost:3000/industries/pharmaceutical,Optimization,P3 - improve,Spam,No spam protection on the form,Without a CAPTCHA or honeypot the form will collect spam.,no reCAPTCHA / hCaptcha / Turnstile / honeypot field found,a CAPTCHA or a hidden honeypot field,Configure the CAPTCHA key for this environment or add a honeypot field.,form #1 (lead) form.flex.flex-1.flex-col 'Full Name Work Email Phone (Optio,,200,yes,Forms Report
http://localhost:3000/industries/real-estate,Optimization,P3 - improve,Privacy,No privacy notice / link at the lead form,Forms that collect personal data should tell visitors how it is used (GDPR / privacy laws).,(no 'privacy' text or link in or next to the form),A short notice with a link to the privacy policy at the form,Add the notice under the submit button.,form #1 (lead) form.flex.flex-1.flex-col 'Full Name Work Email Phone (Optio,,200,yes,Forms Report
http://localhost:3000/industries/real-estate,Optimization,P3 - improve,Spam,No spam protection on the form,Without a CAPTCHA or honeypot the form will collect spam.,no reCAPTCHA / hCaptcha / Turnstile / honeypot field found,a CAPTCHA or a hidden honeypot field,Configure the CAPTCHA key for this environment or add a honeypot field.,form #1 (lead) form.flex.flex-1.flex-col 'Full Name Work Email Phone (Optio,,200,yes,Forms Report
http://localhost:3000/industries/retail-ecommerce,Optimization,P3 - improve,Privacy,No privacy notice / link at the lead form,Forms that collect personal data should tell visitors how it is used (GDPR / privacy laws).,(no 'privacy' text or link in or next to the form),A short notice with a link to the privacy policy at the form,Add the notice under the submit button.,form #1 (lead) form.flex.flex-1.flex-col 'Full Name Work Email Phone (Optio,,200,yes,Forms Report
http://localhost:3000/industries/retail-ecommerce,Optimization,P3 - improve,Spam,No spam protection on the form,Without a CAPTCHA or honeypot the form will collect spam.,no reCAPTCHA / hCaptcha / Turnstile / honeypot field found,a CAPTCHA or a hidden honeypot field,Configure the CAPTCHA key for this environment or add a honeypot field.,form #1 (lead) form.flex.flex-1.flex-col 'Full Name Work Email Phone (Optio,,200,yes,Forms Report
http://localhost:3000/industries/saas,Optimization,P3 - improve,Privacy,No privacy notice / link at the lead form,Forms that collect personal data should tell visitors how it is used (GDPR / privacy laws).,(no 'privacy' text or link in or next to the form),A short notice with a link to the privacy policy at the form,Add the notice under the submit button.,form #1 (lead) form.flex.flex-1.flex-col 'Full Name Work Email Phone (Optio,,200,yes,Forms Report
http://localhost:3000/industries/saas,Optimization,P3 - improve,Spam,No spam protection on the form,Without a CAPTCHA or honeypot the form will collect spam.,no reCAPTCHA / hCaptcha / Turnstile / honeypot field found,a CAPTCHA or a hidden honeypot field,Configure the CAPTCHA key for this environment or add a honeypot field.,form #1 (lead) form.flex.flex-1.flex-col 'Full Name Work Email Phone (Optio,,200,yes,Forms Report
http://localhost:3000/industries/social-networking,Optimization,P3 - improve,Privacy,No privacy notice / link at the lead form,Forms that collect personal data should tell visitors how it is used (GDPR / privacy laws).,(no 'privacy' text or link in or next to the form),A short notice with a link to the privacy policy at the form,Add the notice under the submit button.,form #1 (lead) form.flex.flex-1.flex-col 'Full Name Work Email Phone (Optio,,200,yes,Forms Report
http://localhost:3000/industries/social-networking,Optimization,P3 - improve,Spam,No spam protection on the form,Without a CAPTCHA or honeypot the form will collect spam.,no reCAPTCHA / hCaptcha / Turnstile / honeypot field found,a CAPTCHA or a hidden honeypot field,Configure the CAPTCHA key for this environment or add a honeypot field.,form #1 (lead) form.flex.flex-1.flex-col 'Full Name Work Email Phone (Optio,,200,yes,Forms Report
http://localhost:3000/industries/sports-fitness,Optimization,P3 - improve,Privacy,No privacy notice / link at the lead form,Forms that collect personal data should tell visitors how it is used (GDPR / privacy laws).,(no 'privacy' text or link in or next to the form),A short notice with a link to the privacy policy at the form,Add the notice under the submit button.,form #1 (lead) form.flex.flex-1.flex-col 'Full Name Work Email Phone (Optio,,200,yes,Forms Report
http://localhost:3000/industries/sports-fitness,Optimization,P3 - improve,Spam,No spam protection on the form,Without a CAPTCHA or honeypot the form will collect spam.,no reCAPTCHA / hCaptcha / Turnstile / honeypot field found,a CAPTCHA or a hidden honeypot field,Configure the CAPTCHA key for this environment or add a honeypot field.,form #1 (lead) form.flex.flex-1.flex-col 'Full Name Work Email Phone (Optio,,200,yes,Forms Report
http://localhost:3000/industries/telecommunications,Optimization,P3 - improve,Privacy,No privacy notice / link at the lead form,Forms that collect personal data should tell visitors how it is used (GDPR / privacy laws).,(no 'privacy' text or link in or next to the form),A short notice with a link to the privacy policy at the form,Add the notice under the submit button.,form #1 (lead) form.flex.flex-1.flex-col 'Full Name Work Email Phone (Optio,,200,yes,Forms Report
http://localhost:3000/industries/telecommunications,Optimization,P3 - improve,Spam,No spam protection on the form,Without a CAPTCHA or honeypot the form will collect spam.,no reCAPTCHA / hCaptcha / Turnstile / honeypot field found,a CAPTCHA or a hidden honeypot field,Configure the CAPTCHA key for this environment or add a honeypot field.,form #1 (lead) form.flex.flex-1.flex-col 'Full Name Work Email Phone (Optio,,200,yes,Forms Report
http://localhost:3000/industries/travel-hospitality,Optimization,P3 - improve,Privacy,No privacy notice / link at the lead form,Forms that collect personal data should tell visitors how it is used (GDPR / privacy laws).,(no 'privacy' text or link in or next to the form),A short notice with a link to the privacy policy at the form,Add the notice under the submit button.,form #1 (lead) form.flex.flex-1.flex-col 'Full Name Work Email Phone (Optio,,200,yes,Forms Report
http://localhost:3000/industries/travel-hospitality,Optimization,P3 - improve,Spam,No spam protection on the form,Without a CAPTCHA or honeypot the form will collect spam.,no reCAPTCHA / hCaptcha / Turnstile / honeypot field found,a CAPTCHA or a hidden honeypot field,Configure the CAPTCHA key for this environment or add a honeypot field.,form #1 (lead) form.flex.flex-1.flex-col 'Full Name Work Email Phone (Optio,,200,yes,Forms Report
http://localhost:3000/intelligent-data-services,Important,P2 - fix soon,Fields,Field marked required (*) but not required in the HTML,,label 'Full Name *',"required or aria-required=""true"" on the field","Add aria-required=""true"" (keep noValidate for custom messages) or the required attribute, so screen readers announce it.",form #1 (lead) form.flex.flex-1.flex-col 'Full Name * Work Email * Phone (O > input#quick-contact-fullName.flex.w-full.border,,200,yes,Forms Report
http://localhost:3000/intelligent-data-services,Important,P2 - fix soon,Fields,Field marked required (*) but not required in the HTML,,label 'Work Email *',"required or aria-required=""true"" on the field","Add aria-required=""true"" (keep noValidate for custom messages) or the required attribute, so screen readers announce it.",form #1 (lead) form.flex.flex-1.flex-col 'Full Name * Work Email * Phone (O > input#quick-contact-email.flex.w-full.border [type=email],,200,yes,Forms Report
http://localhost:3000/intelligent-data-services,Optimization,P3 - improve,Privacy,No privacy notice / link at the lead form,Forms that collect personal data should tell visitors how it is used (GDPR / privacy laws).,(no 'privacy' text or link in or next to the form),A short notice with a link to the privacy policy at the form,Add the notice under the submit button.,form #1 (lead) form.flex.flex-1.flex-col 'Full Name * Work Email * Phone (O,,200,yes,Forms Report
http://localhost:3000/intelligent-data-services,Optimization,P3 - improve,Spam,No spam protection on the form,Without a CAPTCHA or honeypot the form will collect spam.,no reCAPTCHA / hCaptcha / Turnstile / honeypot field found,a CAPTCHA or a hidden honeypot field,Configure the CAPTCHA key for this environment or add a honeypot field.,form #1 (lead) form.flex.flex-1.flex-col 'Full Name * Work Email * Phone (O,,200,yes,Forms Report
http://localhost:3000/intelligent-data-services/ai-app-development,Optimization,P3 - improve,Privacy,No privacy notice / link at the lead form,Forms that collect personal data should tell visitors how it is used (GDPR / privacy laws).,(no 'privacy' text or link in or next to the form),A short notice with a link to the privacy policy at the form,Add the notice under the submit button.,form #1 (lead) form.flex.flex-1.flex-col 'Full Name Work Email Phone (Optio,,200,yes,Forms Report
http://localhost:3000/intelligent-data-services/ai-app-development,Optimization,P3 - improve,Spam,No spam protection on the form,Without a CAPTCHA or honeypot the form will collect spam.,no reCAPTCHA / hCaptcha / Turnstile / honeypot field found,a CAPTCHA or a hidden honeypot field,Configure the CAPTCHA key for this environment or add a honeypot field.,form #1 (lead) form.flex.flex-1.flex-col 'Full Name Work Email Phone (Optio,,200,yes,Forms Report
http://localhost:3000/intelligent-data-services/blockchain-development,Optimization,P3 - improve,Privacy,No privacy notice / link at the lead form,Forms that collect personal data should tell visitors how it is used (GDPR / privacy laws).,(no 'privacy' text or link in or next to the form),A short notice with a link to the privacy policy at the form,Add the notice under the submit button.,form #1 (lead) form.flex.flex-1.flex-col 'Full Name Work Email Phone (Optio,,200,yes,Forms Report
http://localhost:3000/intelligent-data-services/blockchain-development,Optimization,P3 - improve,Spam,No spam protection on the form,Without a CAPTCHA or honeypot the form will collect spam.,no reCAPTCHA / hCaptcha / Turnstile / honeypot field found,a CAPTCHA or a hidden honeypot field,Configure the CAPTCHA key for this environment or add a honeypot field.,form #1 (lead) form.flex.flex-1.flex-col 'Full Name Work Email Phone (Optio,,200,yes,Forms Report
http://localhost:3000/intelligent-data-services/chatbot-development,Optimization,P3 - improve,Privacy,No privacy notice / link at the lead form,Forms that collect personal data should tell visitors how it is used (GDPR / privacy laws).,(no 'privacy' text or link in or next to the form),A short notice with a link to the privacy policy at the form,Add the notice under the submit button.,form #1 (lead) form.flex.flex-1.flex-col 'Full Name Work Email Phone (Optio,,200,yes,Forms Report
http://localhost:3000/intelligent-data-services/chatbot-development,Optimization,P3 - improve,Spam,No spam protection on the form,Without a CAPTCHA or honeypot the form will collect spam.,no reCAPTCHA / hCaptcha / Turnstile / honeypot field found,a CAPTCHA or a hidden honeypot field,Configure the CAPTCHA key for this environment or add a honeypot field.,form #1 (lead) form.flex.flex-1.flex-col 'Full Name Work Email Phone (Optio,,200,yes,Forms Report
http://localhost:3000/intelligent-data-services/iot-development,Optimization,P3 - improve,Privacy,No privacy notice / link at the lead form,Forms that collect personal data should tell visitors how it is used (GDPR / privacy laws).,(no 'privacy' text or link in or next to the form),A short notice with a link to the privacy policy at the form,Add the notice under the submit button.,form #1 (lead) form.flex.flex-1.flex-col 'Full Name Work Email Phone (Optio,,200,yes,Forms Report
http://localhost:3000/intelligent-data-services/iot-development,Optimization,P3 - improve,Spam,No spam protection on the form,Without a CAPTCHA or honeypot the form will collect spam.,no reCAPTCHA / hCaptcha / Turnstile / honeypot field found,a CAPTCHA or a hidden honeypot field,Configure the CAPTCHA key for this environment or add a honeypot field.,form #1 (lead) form.flex.flex-1.flex-col 'Full Name Work Email Phone (Optio,,200,yes,Forms Report
http://localhost:3000/intelligent-data-services/ml-development,Optimization,P3 - improve,Privacy,No privacy notice / link at the lead form,Forms that collect personal data should tell visitors how it is used (GDPR / privacy laws).,(no 'privacy' text or link in or next to the form),A short notice with a link to the privacy policy at the form,Add the notice under the submit button.,form #1 (lead) form.flex.flex-1.flex-col 'Full Name Work Email Phone (Optio,,200,yes,Forms Report
http://localhost:3000/intelligent-data-services/ml-development,Optimization,P3 - improve,Spam,No spam protection on the form,Without a CAPTCHA or honeypot the form will collect spam.,no reCAPTCHA / hCaptcha / Turnstile / honeypot field found,a CAPTCHA or a hidden honeypot field,Configure the CAPTCHA key for this environment or add a honeypot field.,form #1 (lead) form.flex.flex-1.flex-col 'Full Name Work Email Phone (Optio,,200,yes,Forms Report
http://localhost:3000/software-services,Important,P2 - fix soon,Fields,Field marked required (*) but not required in the HTML,,label 'Full Name *',"required or aria-required=""true"" on the field","Add aria-required=""true"" (keep noValidate for custom messages) or the required attribute, so screen readers announce it.",form #1 (lead) form.flex.flex-1.flex-col 'Full Name * Work Email * Phone (O > input#quick-contact-fullName.flex.w-full.border,,200,yes,Forms Report
http://localhost:3000/software-services,Important,P2 - fix soon,Fields,Field marked required (*) but not required in the HTML,,label 'Work Email *',"required or aria-required=""true"" on the field","Add aria-required=""true"" (keep noValidate for custom messages) or the required attribute, so screen readers announce it.",form #1 (lead) form.flex.flex-1.flex-col 'Full Name * Work Email * Phone (O > input#quick-contact-email.flex.w-full.border [type=email],,200,yes,Forms Report
http://localhost:3000/software-services,Optimization,P3 - improve,Privacy,No privacy notice / link at the lead form,Forms that collect personal data should tell visitors how it is used (GDPR / privacy laws).,(no 'privacy' text or link in or next to the form),A short notice with a link to the privacy policy at the form,Add the notice under the submit button.,form #1 (lead) form.flex.flex-1.flex-col 'Full Name * Work Email * Phone (O,,200,yes,Forms Report
http://localhost:3000/software-services,Optimization,P3 - improve,Spam,No spam protection on the form,Without a CAPTCHA or honeypot the form will collect spam.,no reCAPTCHA / hCaptcha / Turnstile / honeypot field found,a CAPTCHA or a hidden honeypot field,Configure the CAPTCHA key for this environment or add a honeypot field.,form #1 (lead) form.flex.flex-1.flex-col 'Full Name * Work Email * Phone (O,,200,yes,Forms Report
http://localhost:3000/software-services/api-development,Optimization,P3 - improve,Privacy,No privacy notice / link at the lead form,Forms that collect personal data should tell visitors how it is used (GDPR / privacy laws).,(no 'privacy' text or link in or next to the form),A short notice with a link to the privacy policy at the form,Add the notice under the submit button.,form #1 (lead) form.space-y-4 'Full Name * Email Address * Phone * Serv',,200,yes,Forms Report
http://localhost:3000/software-services/api-development,Optimization,P3 - improve,Privacy,No privacy notice / link at the lead form,Forms that collect personal data should tell visitors how it is used (GDPR / privacy laws).,(no 'privacy' text or link in or next to the form),A short notice with a link to the privacy policy at the form,Add the notice under the submit button.,form #2 (lead) form.flex.flex-1.flex-col 'Full Name Work Email Phone (Optio,,200,yes,Forms Report
http://localhost:3000/software-services/api-development,Optimization,P3 - improve,Spam,No spam protection on the form,Without a CAPTCHA or honeypot the form will collect spam.,no reCAPTCHA / hCaptcha / Turnstile / honeypot field found,a CAPTCHA or a hidden honeypot field,Configure the CAPTCHA key for this environment or add a honeypot field.,form #1 (lead) form.space-y-4 'Full Name * Email Address * Phone * Serv',,200,yes,Forms Report
http://localhost:3000/software-services/api-development,Optimization,P3 - improve,Spam,No spam protection on the form,Without a CAPTCHA or honeypot the form will collect spam.,no reCAPTCHA / hCaptcha / Turnstile / honeypot field found,a CAPTCHA or a hidden honeypot field,Configure the CAPTCHA key for this environment or add a honeypot field.,form #2 (lead) form.flex.flex-1.flex-col 'Full Name Work Email Phone (Optio,,200,yes,Forms Report
http://localhost:3000/software-services/cms-development,Optimization,P3 - improve,Privacy,No privacy notice / link at the lead form,Forms that collect personal data should tell visitors how it is used (GDPR / privacy laws).,(no 'privacy' text or link in or next to the form),A short notice with a link to the privacy policy at the form,Add the notice under the submit button.,form #1 (lead) form.space-y-4 'Full Name * Email Address * Phone * Serv',,200,yes,Forms Report
http://localhost:3000/software-services/cms-development,Optimization,P3 - improve,Privacy,No privacy notice / link at the lead form,Forms that collect personal data should tell visitors how it is used (GDPR / privacy laws).,(no 'privacy' text or link in or next to the form),A short notice with a link to the privacy policy at the form,Add the notice under the submit button.,form #2 (lead) form.flex.flex-1.flex-col 'Full Name Work Email Phone (Optio,,200,yes,Forms Report
http://localhost:3000/software-services/cms-development,Optimization,P3 - improve,Spam,No spam protection on the form,Without a CAPTCHA or honeypot the form will collect spam.,no reCAPTCHA / hCaptcha / Turnstile / honeypot field found,a CAPTCHA or a hidden honeypot field,Configure the CAPTCHA key for this environment or add a honeypot field.,form #1 (lead) form.space-y-4 'Full Name * Email Address * Phone * Serv',,200,yes,Forms Report
http://localhost:3000/software-services/cms-development,Optimization,P3 - improve,Spam,No spam protection on the form,Without a CAPTCHA or honeypot the form will collect spam.,no reCAPTCHA / hCaptcha / Turnstile / honeypot field found,a CAPTCHA or a hidden honeypot field,Configure the CAPTCHA key for this environment or add a honeypot field.,form #2 (lead) form.flex.flex-1.flex-col 'Full Name Work Email Phone (Optio,,200,yes,Forms Report
http://localhost:3000/software-services/cross-platform-app-development,Optimization,P3 - improve,Privacy,No privacy notice / link at the lead form,Forms that collect personal data should tell visitors how it is used (GDPR / privacy laws).,(no 'privacy' text or link in or next to the form),A short notice with a link to the privacy policy at the form,Add the notice under the submit button.,form #1 (lead) form.space-y-4 'Full Name * Email Address * Phone * Serv',,200,yes,Forms Report
http://localhost:3000/software-services/cross-platform-app-development,Optimization,P3 - improve,Privacy,No privacy notice / link at the lead form,Forms that collect personal data should tell visitors how it is used (GDPR / privacy laws).,(no 'privacy' text or link in or next to the form),A short notice with a link to the privacy policy at the form,Add the notice under the submit button.,form #2 (lead) form.flex.flex-1.flex-col 'Full Name Work Email Phone (Optio,,200,yes,Forms Report
http://localhost:3000/software-services/cross-platform-app-development,Optimization,P3 - improve,Spam,No spam protection on the form,Without a CAPTCHA or honeypot the form will collect spam.,no reCAPTCHA / hCaptcha / Turnstile / honeypot field found,a CAPTCHA or a hidden honeypot field,Configure the CAPTCHA key for this environment or add a honeypot field.,form #1 (lead) form.space-y-4 'Full Name * Email Address * Phone * Serv',,200,yes,Forms Report
http://localhost:3000/software-services/cross-platform-app-development,Optimization,P3 - improve,Spam,No spam protection on the form,Without a CAPTCHA or honeypot the form will collect spam.,no reCAPTCHA / hCaptcha / Turnstile / honeypot field found,a CAPTCHA or a hidden honeypot field,Configure the CAPTCHA key for this environment or add a honeypot field.,form #2 (lead) form.flex.flex-1.flex-col 'Full Name Work Email Phone (Optio,,200,yes,Forms Report
http://localhost:3000/software-services/custom-software-development,Optimization,P3 - improve,Privacy,No privacy notice / link at the lead form,Forms that collect personal data should tell visitors how it is used (GDPR / privacy laws).,(no 'privacy' text or link in or next to the form),A short notice with a link to the privacy policy at the form,Add the notice under the submit button.,form #1 (lead) form.space-y-4 'Full Name * Email Address * Phone * Serv',,200,yes,Forms Report
http://localhost:3000/software-services/custom-software-development,Optimization,P3 - improve,Privacy,No privacy notice / link at the lead form,Forms that collect personal data should tell visitors how it is used (GDPR / privacy laws).,(no 'privacy' text or link in or next to the form),A short notice with a link to the privacy policy at the form,Add the notice under the submit button.,form #2 (lead) form.flex.flex-1.flex-col 'Full Name Work Email Phone (Optio,,200,yes,Forms Report
http://localhost:3000/software-services/custom-software-development,Optimization,P3 - improve,Spam,No spam protection on the form,Without a CAPTCHA or honeypot the form will collect spam.,no reCAPTCHA / hCaptcha / Turnstile / honeypot field found,a CAPTCHA or a hidden honeypot field,Configure the CAPTCHA key for this environment or add a honeypot field.,form #1 (lead) form.space-y-4 'Full Name * Email Address * Phone * Serv',,200,yes,Forms Report
http://localhost:3000/software-services/custom-software-development,Optimization,P3 - improve,Spam,No spam protection on the form,Without a CAPTCHA or honeypot the form will collect spam.,no reCAPTCHA / hCaptcha / Turnstile / honeypot field found,a CAPTCHA or a hidden honeypot field,Configure the CAPTCHA key for this environment or add a honeypot field.,form #2 (lead) form.flex.flex-1.flex-col 'Full Name Work Email Phone (Optio,,200,yes,Forms Report
http://localhost:3000/software-services/ecommerce-development,Optimization,P3 - improve,Privacy,No privacy notice / link at the lead form,Forms that collect personal data should tell visitors how it is used (GDPR / privacy laws).,(no 'privacy' text or link in or next to the form),A short notice with a link to the privacy policy at the form,Add the notice under the submit button.,form #1 (lead) form.space-y-4 'Full Name * Email Address * Phone * Serv',,200,yes,Forms Report
http://localhost:3000/software-services/ecommerce-development,Optimization,P3 - improve,Privacy,No privacy notice / link at the lead form,Forms that collect personal data should tell visitors how it is used (GDPR / privacy laws).,(no 'privacy' text or link in or next to the form),A short notice with a link to the privacy policy at the form,Add the notice under the submit button.,form #2 (lead) form.flex.flex-1.flex-col 'Full Name Work Email Phone (Optio,,200,yes,Forms Report
http://localhost:3000/software-services/ecommerce-development,Optimization,P3 - improve,Spam,No spam protection on the form,Without a CAPTCHA or honeypot the form will collect spam.,no reCAPTCHA / hCaptcha / Turnstile / honeypot field found,a CAPTCHA or a hidden honeypot field,Configure the CAPTCHA key for this environment or add a honeypot field.,form #1 (lead) form.space-y-4 'Full Name * Email Address * Phone * Serv',,200,yes,Forms Report
http://localhost:3000/software-services/ecommerce-development,Optimization,P3 - improve,Spam,No spam protection on the form,Without a CAPTCHA or honeypot the form will collect spam.,no reCAPTCHA / hCaptcha / Turnstile / honeypot field found,a CAPTCHA or a hidden honeypot field,Configure the CAPTCHA key for this environment or add a honeypot field.,form #2 (lead) form.flex.flex-1.flex-col 'Full Name Work Email Phone (Optio,,200,yes,Forms Report
http://localhost:3000/software-services/ecommerce-testing,Optimization,P3 - improve,Privacy,No privacy notice / link at the lead form,Forms that collect personal data should tell visitors how it is used (GDPR / privacy laws).,(no 'privacy' text or link in or next to the form),A short notice with a link to the privacy policy at the form,Add the notice under the submit button.,form #1 (lead) form.space-y-4 'Full Name * Email Address * Phone * Serv',,200,yes,Forms Report
http://localhost:3000/software-services/ecommerce-testing,Optimization,P3 - improve,Privacy,No privacy notice / link at the lead form,Forms that collect personal data should tell visitors how it is used (GDPR / privacy laws).,(no 'privacy' text or link in or next to the form),A short notice with a link to the privacy policy at the form,Add the notice under the submit button.,form #2 (lead) form.flex.flex-1.flex-col 'Full Name Work Email Phone (Optio,,200,yes,Forms Report
http://localhost:3000/software-services/ecommerce-testing,Optimization,P3 - improve,Spam,No spam protection on the form,Without a CAPTCHA or honeypot the form will collect spam.,no reCAPTCHA / hCaptcha / Turnstile / honeypot field found,a CAPTCHA or a hidden honeypot field,Configure the CAPTCHA key for this environment or add a honeypot field.,form #1 (lead) form.space-y-4 'Full Name * Email Address * Phone * Serv',,200,yes,Forms Report
http://localhost:3000/software-services/ecommerce-testing,Optimization,P3 - improve,Spam,No spam protection on the form,Without a CAPTCHA or honeypot the form will collect spam.,no reCAPTCHA / hCaptcha / Turnstile / honeypot field found,a CAPTCHA or a hidden honeypot field,Configure the CAPTCHA key for this environment or add a honeypot field.,form #2 (lead) form.flex.flex-1.flex-col 'Full Name Work Email Phone (Optio,,200,yes,Forms Report
http://localhost:3000/software-services/enterprise-software,Optimization,P3 - improve,Privacy,No privacy notice / link at the lead form,Forms that collect personal data should tell visitors how it is used (GDPR / privacy laws).,(no 'privacy' text or link in or next to the form),A short notice with a link to the privacy policy at the form,Add the notice under the submit button.,form #1 (lead) form.space-y-4 'Full Name * Email Address * Phone * Serv',,200,yes,Forms Report
http://localhost:3000/software-services/enterprise-software,Optimization,P3 - improve,Privacy,No privacy notice / link at the lead form,Forms that collect personal data should tell visitors how it is used (GDPR / privacy laws).,(no 'privacy' text or link in or next to the form),A short notice with a link to the privacy policy at the form,Add the notice under the submit button.,form #2 (lead) form.flex.flex-1.flex-col 'Full Name Work Email Phone (Optio,,200,yes,Forms Report
http://localhost:3000/software-services/enterprise-software,Optimization,P3 - improve,Spam,No spam protection on the form,Without a CAPTCHA or honeypot the form will collect spam.,no reCAPTCHA / hCaptcha / Turnstile / honeypot field found,a CAPTCHA or a hidden honeypot field,Configure the CAPTCHA key for this environment or add a honeypot field.,form #1 (lead) form.space-y-4 'Full Name * Email Address * Phone * Serv',,200,yes,Forms Report
http://localhost:3000/software-services/enterprise-software,Optimization,P3 - improve,Spam,No spam protection on the form,Without a CAPTCHA or honeypot the form will collect spam.,no reCAPTCHA / hCaptcha / Turnstile / honeypot field found,a CAPTCHA or a hidden honeypot field,Configure the CAPTCHA key for this environment or add a honeypot field.,form #2 (lead) form.flex.flex-1.flex-col 'Full Name Work Email Phone (Optio,,200,yes,Forms Report
http://localhost:3000/software-services/hybrid-app-development,Optimization,P3 - improve,Privacy,No privacy notice / link at the lead form,Forms that collect personal data should tell visitors how it is used (GDPR / privacy laws).,(no 'privacy' text or link in or next to the form),A short notice with a link to the privacy policy at the form,Add the notice under the submit button.,form #1 (lead) form.space-y-4 'Full Name * Email Address * Phone * Serv',,200,yes,Forms Report
http://localhost:3000/software-services/hybrid-app-development,Optimization,P3 - improve,Privacy,No privacy notice / link at the lead form,Forms that collect personal data should tell visitors how it is used (GDPR / privacy laws).,(no 'privacy' text or link in or next to the form),A short notice with a link to the privacy policy at the form,Add the notice under the submit button.,form #2 (lead) form.flex.flex-1.flex-col 'Full Name Work Email Phone (Optio,,200,yes,Forms Report
http://localhost:3000/software-services/hybrid-app-development,Optimization,P3 - improve,Spam,No spam protection on the form,Without a CAPTCHA or honeypot the form will collect spam.,no reCAPTCHA / hCaptcha / Turnstile / honeypot field found,a CAPTCHA or a hidden honeypot field,Configure the CAPTCHA key for this environment or add a honeypot field.,form #1 (lead) form.space-y-4 'Full Name * Email Address * Phone * Serv',,200,yes,Forms Report
http://localhost:3000/software-services/hybrid-app-development,Optimization,P3 - improve,Spam,No spam protection on the form,Without a CAPTCHA or honeypot the form will collect spam.,no reCAPTCHA / hCaptcha / Turnstile / honeypot field found,a CAPTCHA or a hidden honeypot field,Configure the CAPTCHA key for this environment or add a honeypot field.,form #2 (lead) form.flex.flex-1.flex-col 'Full Name Work Email Phone (Optio,,200,yes,Forms Report
http://localhost:3000/software-services/mobile-app-testing,Optimization,P3 - improve,Privacy,No privacy notice / link at the lead form,Forms that collect personal data should tell visitors how it is used (GDPR / privacy laws).,(no 'privacy' text or link in or next to the form),A short notice with a link to the privacy policy at the form,Add the notice under the submit button.,form #1 (lead) form.space-y-4 'Full Name * Email Address * Phone * Serv',,200,yes,Forms Report
http://localhost:3000/software-services/mobile-app-testing,Optimization,P3 - improve,Privacy,No privacy notice / link at the lead form,Forms that collect personal data should tell visitors how it is used (GDPR / privacy laws).,(no 'privacy' text or link in or next to the form),A short notice with a link to the privacy policy at the form,Add the notice under the submit button.,form #2 (lead) form.flex.flex-1.flex-col 'Full Name Work Email Phone (Optio,,200,yes,Forms Report
http://localhost:3000/software-services/mobile-app-testing,Optimization,P3 - improve,Spam,No spam protection on the form,Without a CAPTCHA or honeypot the form will collect spam.,no reCAPTCHA / hCaptcha / Turnstile / honeypot field found,a CAPTCHA or a hidden honeypot field,Configure the CAPTCHA key for this environment or add a honeypot field.,form #1 (lead) form.space-y-4 'Full Name * Email Address * Phone * Serv',,200,yes,Forms Report
http://localhost:3000/software-services/mobile-app-testing,Optimization,P3 - improve,Spam,No spam protection on the form,Without a CAPTCHA or honeypot the form will collect spam.,no reCAPTCHA / hCaptcha / Turnstile / honeypot field found,a CAPTCHA or a hidden honeypot field,Configure the CAPTCHA key for this environment or add a honeypot field.,form #2 (lead) form.flex.flex-1.flex-col 'Full Name Work Email Phone (Optio,,200,yes,Forms Report
http://localhost:3000/software-services/mobile-game-development,Optimization,P3 - improve,Privacy,No privacy notice / link at the lead form,Forms that collect personal data should tell visitors how it is used (GDPR / privacy laws).,(no 'privacy' text or link in or next to the form),A short notice with a link to the privacy policy at the form,Add the notice under the submit button.,form #1 (lead) form.space-y-4 'Full Name * Email Address * Phone * Serv',,200,yes,Forms Report
http://localhost:3000/software-services/mobile-game-development,Optimization,P3 - improve,Privacy,No privacy notice / link at the lead form,Forms that collect personal data should tell visitors how it is used (GDPR / privacy laws).,(no 'privacy' text or link in or next to the form),A short notice with a link to the privacy policy at the form,Add the notice under the submit button.,form #2 (lead) form.flex.flex-1.flex-col 'Full Name Work Email Phone (Optio,,200,yes,Forms Report
http://localhost:3000/software-services/mobile-game-development,Optimization,P3 - improve,Spam,No spam protection on the form,Without a CAPTCHA or honeypot the form will collect spam.,no reCAPTCHA / hCaptcha / Turnstile / honeypot field found,a CAPTCHA or a hidden honeypot field,Configure the CAPTCHA key for this environment or add a honeypot field.,form #1 (lead) form.space-y-4 'Full Name * Email Address * Phone * Serv',,200,yes,Forms Report
http://localhost:3000/software-services/mobile-game-development,Optimization,P3 - improve,Spam,No spam protection on the form,Without a CAPTCHA or honeypot the form will collect spam.,no reCAPTCHA / hCaptcha / Turnstile / honeypot field found,a CAPTCHA or a hidden honeypot field,Configure the CAPTCHA key for this environment or add a honeypot field.,form #2 (lead) form.flex.flex-1.flex-col 'Full Name Work Email Phone (Optio,,200,yes,Forms Report
http://localhost:3000/software-services/native-app-development,Optimization,P3 - improve,Privacy,No privacy notice / link at the lead form,Forms that collect personal data should tell visitors how it is used (GDPR / privacy laws).,(no 'privacy' text or link in or next to the form),A short notice with a link to the privacy policy at the form,Add the notice under the submit button.,form #1 (lead) form.space-y-4 'Full Name * Email Address * Phone * Serv',,200,yes,Forms Report
http://localhost:3000/software-services/native-app-development,Optimization,P3 - improve,Privacy,No privacy notice / link at the lead form,Forms that collect personal data should tell visitors how it is used (GDPR / privacy laws).,(no 'privacy' text or link in or next to the form),A short notice with a link to the privacy policy at the form,Add the notice under the submit button.,form #2 (lead) form.flex.flex-1.flex-col 'Full Name Work Email Phone (Optio,,200,yes,Forms Report
http://localhost:3000/software-services/native-app-development,Optimization,P3 - improve,Spam,No spam protection on the form,Without a CAPTCHA or honeypot the form will collect spam.,no reCAPTCHA / hCaptcha / Turnstile / honeypot field found,a CAPTCHA or a hidden honeypot field,Configure the CAPTCHA key for this environment or add a honeypot field.,form #1 (lead) form.space-y-4 'Full Name * Email Address * Phone * Serv',,200,yes,Forms Report
http://localhost:3000/software-services/native-app-development,Optimization,P3 - improve,Spam,No spam protection on the form,Without a CAPTCHA or honeypot the form will collect spam.,no reCAPTCHA / hCaptcha / Turnstile / honeypot field found,a CAPTCHA or a hidden honeypot field,Configure the CAPTCHA key for this environment or add a honeypot field.,form #2 (lead) form.flex.flex-1.flex-col 'Full Name Work Email Phone (Optio,,200,yes,Forms Report
http://localhost:3000/software-services/native-cross-platform-apps,Optimization,P3 - improve,Privacy,No privacy notice / link at the lead form,Forms that collect personal data should tell visitors how it is used (GDPR / privacy laws).,(no 'privacy' text or link in or next to the form),A short notice with a link to the privacy policy at the form,Add the notice under the submit button.,form #1 (lead) form.space-y-4 'Full Name * Email Address * Phone * Serv',,200,yes,Forms Report
http://localhost:3000/software-services/native-cross-platform-apps,Optimization,P3 - improve,Privacy,No privacy notice / link at the lead form,Forms that collect personal data should tell visitors how it is used (GDPR / privacy laws).,(no 'privacy' text or link in or next to the form),A short notice with a link to the privacy policy at the form,Add the notice under the submit button.,form #2 (lead) form.flex.flex-1.flex-col 'Full Name Work Email Phone (Optio,,200,yes,Forms Report
http://localhost:3000/software-services/native-cross-platform-apps,Optimization,P3 - improve,Spam,No spam protection on the form,Without a CAPTCHA or honeypot the form will collect spam.,no reCAPTCHA / hCaptcha / Turnstile / honeypot field found,a CAPTCHA or a hidden honeypot field,Configure the CAPTCHA key for this environment or add a honeypot field.,form #1 (lead) form.space-y-4 'Full Name * Email Address * Phone * Serv',,200,yes,Forms Report
http://localhost:3000/software-services/native-cross-platform-apps,Optimization,P3 - improve,Spam,No spam protection on the form,Without a CAPTCHA or honeypot the form will collect spam.,no reCAPTCHA / hCaptcha / Turnstile / honeypot field found,a CAPTCHA or a hidden honeypot field,Configure the CAPTCHA key for this environment or add a honeypot field.,form #2 (lead) form.flex.flex-1.flex-col 'Full Name Work Email Phone (Optio,,200,yes,Forms Report
http://localhost:3000/software-services/product-development,Optimization,P3 - improve,Privacy,No privacy notice / link at the lead form,Forms that collect personal data should tell visitors how it is used (GDPR / privacy laws).,(no 'privacy' text or link in or next to the form),A short notice with a link to the privacy policy at the form,Add the notice under the submit button.,form #1 (lead) form.space-y-4 'Full Name * Email Address * Phone * Serv',,200,yes,Forms Report
http://localhost:3000/software-services/product-development,Optimization,P3 - improve,Privacy,No privacy notice / link at the lead form,Forms that collect personal data should tell visitors how it is used (GDPR / privacy laws).,(no 'privacy' text or link in or next to the form),A short notice with a link to the privacy policy at the form,Add the notice under the submit button.,form #2 (lead) form.flex.flex-1.flex-col 'Full Name Work Email Phone (Optio,,200,yes,Forms Report
http://localhost:3000/software-services/product-development,Optimization,P3 - improve,Spam,No spam protection on the form,Without a CAPTCHA or honeypot the form will collect spam.,no reCAPTCHA / hCaptcha / Turnstile / honeypot field found,a CAPTCHA or a hidden honeypot field,Configure the CAPTCHA key for this environment or add a honeypot field.,form #1 (lead) form.space-y-4 'Full Name * Email Address * Phone * Serv',,200,yes,Forms Report
http://localhost:3000/software-services/product-development,Optimization,P3 - improve,Spam,No spam protection on the form,Without a CAPTCHA or honeypot the form will collect spam.,no reCAPTCHA / hCaptcha / Turnstile / honeypot field found,a CAPTCHA or a hidden honeypot field,Configure the CAPTCHA key for this environment or add a honeypot field.,form #2 (lead) form.flex.flex-1.flex-col 'Full Name Work Email Phone (Optio,,200,yes,Forms Report
http://localhost:3000/software-services/product-re-engineering,Optimization,P3 - improve,Privacy,No privacy notice / link at the lead form,Forms that collect personal data should tell visitors how it is used (GDPR / privacy laws).,(no 'privacy' text or link in or next to the form),A short notice with a link to the privacy policy at the form,Add the notice under the submit button.,form #1 (lead) form.space-y-4 'Full Name * Email Address * Phone * Serv',,200,yes,Forms Report
http://localhost:3000/software-services/product-re-engineering,Optimization,P3 - improve,Privacy,No privacy notice / link at the lead form,Forms that collect personal data should tell visitors how it is used (GDPR / privacy laws).,(no 'privacy' text or link in or next to the form),A short notice with a link to the privacy policy at the form,Add the notice under the submit button.,form #2 (lead) form.flex.flex-1.flex-col 'Full Name Work Email Phone (Optio,,200,yes,Forms Report
http://localhost:3000/software-services/product-re-engineering,Optimization,P3 - improve,Spam,No spam protection on the form,Without a CAPTCHA or honeypot the form will collect spam.,no reCAPTCHA / hCaptcha / Turnstile / honeypot field found,a CAPTCHA or a hidden honeypot field,Configure the CAPTCHA key for this environment or add a honeypot field.,form #1 (lead) form.space-y-4 'Full Name * Email Address * Phone * Serv',,200,yes,Forms Report
http://localhost:3000/software-services/product-re-engineering,Optimization,P3 - improve,Spam,No spam protection on the form,Without a CAPTCHA or honeypot the form will collect spam.,no reCAPTCHA / hCaptcha / Turnstile / honeypot field found,a CAPTCHA or a hidden honeypot field,Configure the CAPTCHA key for this environment or add a honeypot field.,form #2 (lead) form.flex.flex-1.flex-col 'Full Name Work Email Phone (Optio,,200,yes,Forms Report
http://localhost:3000/software-services/pwa-development,Optimization,P3 - improve,Privacy,No privacy notice / link at the lead form,Forms that collect personal data should tell visitors how it is used (GDPR / privacy laws).,(no 'privacy' text or link in or next to the form),A short notice with a link to the privacy policy at the form,Add the notice under the submit button.,form #1 (lead) form.space-y-4 'Full Name * Email Address * Phone * Serv',,200,yes,Forms Report
http://localhost:3000/software-services/pwa-development,Optimization,P3 - improve,Privacy,No privacy notice / link at the lead form,Forms that collect personal data should tell visitors how it is used (GDPR / privacy laws).,(no 'privacy' text or link in or next to the form),A short notice with a link to the privacy policy at the form,Add the notice under the submit button.,form #2 (lead) form.flex.flex-1.flex-col 'Full Name Work Email Phone (Optio,,200,yes,Forms Report
http://localhost:3000/software-services/pwa-development,Optimization,P3 - improve,Spam,No spam protection on the form,Without a CAPTCHA or honeypot the form will collect spam.,no reCAPTCHA / hCaptcha / Turnstile / honeypot field found,a CAPTCHA or a hidden honeypot field,Configure the CAPTCHA key for this environment or add a honeypot field.,form #1 (lead) form.space-y-4 'Full Name * Email Address * Phone * Serv',,200,yes,Forms Report
http://localhost:3000/software-services/pwa-development,Optimization,P3 - improve,Spam,No spam protection on the form,Without a CAPTCHA or honeypot the form will collect spam.,no reCAPTCHA / hCaptcha / Turnstile / honeypot field found,a CAPTCHA or a hidden honeypot field,Configure the CAPTCHA key for this environment or add a honeypot field.,form #2 (lead) form.flex.flex-1.flex-col 'Full Name Work Email Phone (Optio,,200,yes,Forms Report
http://localhost:3000/software-services/software-consulting,Optimization,P3 - improve,Privacy,No privacy notice / link at the lead form,Forms that collect personal data should tell visitors how it is used (GDPR / privacy laws).,(no 'privacy' text or link in or next to the form),A short notice with a link to the privacy policy at the form,Add the notice under the submit button.,form #1 (lead) form.space-y-4 'Full Name * Email Address * Phone * Serv',,200,yes,Forms Report
http://localhost:3000/software-services/software-consulting,Optimization,P3 - improve,Privacy,No privacy notice / link at the lead form,Forms that collect personal data should tell visitors how it is used (GDPR / privacy laws).,(no 'privacy' text or link in or next to the form),A short notice with a link to the privacy policy at the form,Add the notice under the submit button.,form #2 (lead) form.flex.flex-1.flex-col 'Full Name Work Email Phone (Optio,,200,yes,Forms Report
http://localhost:3000/software-services/software-consulting,Optimization,P3 - improve,Spam,No spam protection on the form,Without a CAPTCHA or honeypot the form will collect spam.,no reCAPTCHA / hCaptcha / Turnstile / honeypot field found,a CAPTCHA or a hidden honeypot field,Configure the CAPTCHA key for this environment or add a honeypot field.,form #1 (lead) form.space-y-4 'Full Name * Email Address * Phone * Serv',,200,yes,Forms Report
http://localhost:3000/software-services/software-consulting,Optimization,P3 - improve,Spam,No spam protection on the form,Without a CAPTCHA or honeypot the form will collect spam.,no reCAPTCHA / hCaptcha / Turnstile / honeypot field found,a CAPTCHA or a hidden honeypot field,Configure the CAPTCHA key for this environment or add a honeypot field.,form #2 (lead) form.flex.flex-1.flex-col 'Full Name Work Email Phone (Optio,,200,yes,Forms Report
http://localhost:3000/software-services/software-maintenance,Optimization,P3 - improve,Privacy,No privacy notice / link at the lead form,Forms that collect personal data should tell visitors how it is used (GDPR / privacy laws).,(no 'privacy' text or link in or next to the form),A short notice with a link to the privacy policy at the form,Add the notice under the submit button.,form #1 (lead) form.space-y-4 'Full Name * Email Address * Phone * Serv',,200,yes,Forms Report
http://localhost:3000/software-services/software-maintenance,Optimization,P3 - improve,Privacy,No privacy notice / link at the lead form,Forms that collect personal data should tell visitors how it is used (GDPR / privacy laws).,(no 'privacy' text or link in or next to the form),A short notice with a link to the privacy policy at the form,Add the notice under the submit button.,form #2 (lead) form.flex.flex-1.flex-col 'Full Name Work Email Phone (Optio,,200,yes,Forms Report
http://localhost:3000/software-services/software-maintenance,Optimization,P3 - improve,Spam,No spam protection on the form,Without a CAPTCHA or honeypot the form will collect spam.,no reCAPTCHA / hCaptcha / Turnstile / honeypot field found,a CAPTCHA or a hidden honeypot field,Configure the CAPTCHA key for this environment or add a honeypot field.,form #1 (lead) form.space-y-4 'Full Name * Email Address * Phone * Serv',,200,yes,Forms Report
http://localhost:3000/software-services/software-maintenance,Optimization,P3 - improve,Spam,No spam protection on the form,Without a CAPTCHA or honeypot the form will collect spam.,no reCAPTCHA / hCaptcha / Turnstile / honeypot field found,a CAPTCHA or a hidden honeypot field,Configure the CAPTCHA key for this environment or add a honeypot field.,form #2 (lead) form.flex.flex-1.flex-col 'Full Name Work Email Phone (Optio,,200,yes,Forms Report
http://localhost:3000/software-services/web-app-development,Optimization,P3 - improve,Privacy,No privacy notice / link at the lead form,Forms that collect personal data should tell visitors how it is used (GDPR / privacy laws).,(no 'privacy' text or link in or next to the form),A short notice with a link to the privacy policy at the form,Add the notice under the submit button.,form #1 (lead) form.space-y-4 'Full Name * Email Address * Phone * Serv',,200,yes,Forms Report
http://localhost:3000/software-services/web-app-development,Optimization,P3 - improve,Privacy,No privacy notice / link at the lead form,Forms that collect personal data should tell visitors how it is used (GDPR / privacy laws).,(no 'privacy' text or link in or next to the form),A short notice with a link to the privacy policy at the form,Add the notice under the submit button.,form #2 (lead) form.flex.flex-1.flex-col 'Full Name Work Email Phone (Optio,,200,yes,Forms Report
http://localhost:3000/software-services/web-app-development,Optimization,P3 - improve,Spam,No spam protection on the form,Without a CAPTCHA or honeypot the form will collect spam.,no reCAPTCHA / hCaptcha / Turnstile / honeypot field found,a CAPTCHA or a hidden honeypot field,Configure the CAPTCHA key for this environment or add a honeypot field.,form #1 (lead) form.space-y-4 'Full Name * Email Address * Phone * Serv',,200,yes,Forms Report
http://localhost:3000/software-services/web-app-development,Optimization,P3 - improve,Spam,No spam protection on the form,Without a CAPTCHA or honeypot the form will collect spam.,no reCAPTCHA / hCaptcha / Turnstile / honeypot field found,a CAPTCHA or a hidden honeypot field,Configure the CAPTCHA key for this environment or add a honeypot field.,form #2 (lead) form.flex.flex-1.flex-col 'Full Name Work Email Phone (Optio,,200,yes,Forms Report
http://localhost:3000/software-services/web-app-testing,Optimization,P3 - improve,Privacy,No privacy notice / link at the lead form,Forms that collect personal data should tell visitors how it is used (GDPR / privacy laws).,(no 'privacy' text or link in or next to the form),A short notice with a link to the privacy policy at the form,Add the notice under the submit button.,form #1 (lead) form.space-y-4 'Full Name * Email Address * Phone * Serv',,200,yes,Forms Report
http://localhost:3000/software-services/web-app-testing,Optimization,P3 - improve,Privacy,No privacy notice / link at the lead form,Forms that collect personal data should tell visitors how it is used (GDPR / privacy laws).,(no 'privacy' text or link in or next to the form),A short notice with a link to the privacy policy at the form,Add the notice under the submit button.,form #2 (lead) form.flex.flex-1.flex-col 'Full Name Work Email Phone (Optio,,200,yes,Forms Report
http://localhost:3000/software-services/web-app-testing,Optimization,P3 - improve,Spam,No spam protection on the form,Without a CAPTCHA or honeypot the form will collect spam.,no reCAPTCHA / hCaptcha / Turnstile / honeypot field found,a CAPTCHA or a hidden honeypot field,Configure the CAPTCHA key for this environment or add a honeypot field.,form #1 (lead) form.space-y-4 'Full Name * Email Address * Phone * Serv',,200,yes,Forms Report
http://localhost:3000/software-services/web-app-testing,Optimization,P3 - improve,Spam,No spam protection on the form,Without a CAPTCHA or honeypot the form will collect spam.,no reCAPTCHA / hCaptcha / Turnstile / honeypot field found,a CAPTCHA or a hidden honeypot field,Configure the CAPTCHA key for this environment or add a honeypot field.,form #2 (lead) form.flex.flex-1.flex-col 'Full Name Work Email Phone (Optio,,200,yes,Forms Report
http://localhost:3000/technologies/accessibility-audit,Optimization,P3 - improve,Lead form,Lead form on a legal / utility page,"Privacy, terms, thank-you and 404 pages should not show a lead form.",/technologies/accessibility-audit,no contact form on privacy / terms / thank-you / 404 pages,Hide the form / CTA block on these routes.,form #1 (lead) form.space-y-4 'Full Name * Email Address * Phone * Serv',,200,yes,Forms Report
http://localhost:3000/technologies/accessibility-audit,Optimization,P3 - improve,Lead form,Lead form on a legal / utility page,"Privacy, terms, thank-you and 404 pages should not show a lead form.",/technologies/accessibility-audit,no contact form on privacy / terms / thank-you / 404 pages,Hide the form / CTA block on these routes.,form #2 (lead) form.flex.flex-1.flex-col 'Full Name Work Email Phone (Optio,,200,yes,Forms Report
http://localhost:3000/technologies/accessibility-audit,Optimization,P3 - improve,Privacy,No privacy notice / link at the lead form,Forms that collect personal data should tell visitors how it is used (GDPR / privacy laws).,(no 'privacy' text or link in or next to the form),A short notice with a link to the privacy policy at the form,Add the notice under the submit button.,form #1 (lead) form.space-y-4 'Full Name * Email Address * Phone * Serv',,200,yes,Forms Report
http://localhost:3000/technologies/accessibility-audit,Optimization,P3 - improve,Privacy,No privacy notice / link at the lead form,Forms that collect personal data should tell visitors how it is used (GDPR / privacy laws).,(no 'privacy' text or link in or next to the form),A short notice with a link to the privacy policy at the form,Add the notice under the submit button.,form #2 (lead) form.flex.flex-1.flex-col 'Full Name Work Email Phone (Optio,,200,yes,Forms Report
http://localhost:3000/technologies/accessibility-audit,Optimization,P3 - improve,Spam,No spam protection on the form,Without a CAPTCHA or honeypot the form will collect spam.,no reCAPTCHA / hCaptcha / Turnstile / honeypot field found,a CAPTCHA or a hidden honeypot field,Configure the CAPTCHA key for this environment or add a honeypot field.,form #1 (lead) form.space-y-4 'Full Name * Email Address * Phone * Serv',,200,yes,Forms Report
http://localhost:3000/technologies/accessibility-audit,Optimization,P3 - improve,Spam,No spam protection on the form,Without a CAPTCHA or honeypot the form will collect spam.,no reCAPTCHA / hCaptcha / Turnstile / honeypot field found,a CAPTCHA or a hidden honeypot field,Configure the CAPTCHA key for this environment or add a honeypot field.,form #2 (lead) form.flex.flex-1.flex-col 'Full Name Work Email Phone (Optio,,200,yes,Forms Report
http://localhost:3000/technologies/adobe-xd-design,Optimization,P3 - improve,Privacy,No privacy notice / link at the lead form,Forms that collect personal data should tell visitors how it is used (GDPR / privacy laws).,(no 'privacy' text or link in or next to the form),A short notice with a link to the privacy policy at the form,Add the notice under the submit button.,form #1 (lead) form.space-y-4 'Full Name * Email Address * Phone * Serv',,200,yes,Forms Report
http://localhost:3000/technologies/adobe-xd-design,Optimization,P3 - improve,Privacy,No privacy notice / link at the lead form,Forms that collect personal data should tell visitors how it is used (GDPR / privacy laws).,(no 'privacy' text or link in or next to the form),A short notice with a link to the privacy policy at the form,Add the notice under the submit button.,form #2 (lead) form.flex.flex-1.flex-col 'Full Name Work Email Phone (Optio,,200,yes,Forms Report
http://localhost:3000/technologies/adobe-xd-design,Optimization,P3 - improve,Spam,No spam protection on the form,Without a CAPTCHA or honeypot the form will collect spam.,no reCAPTCHA / hCaptcha / Turnstile / honeypot field found,a CAPTCHA or a hidden honeypot field,Configure the CAPTCHA key for this environment or add a honeypot field.,form #1 (lead) form.space-y-4 'Full Name * Email Address * Phone * Serv',,200,yes,Forms Report
http://localhost:3000/technologies/adobe-xd-design,Optimization,P3 - improve,Spam,No spam protection on the form,Without a CAPTCHA or honeypot the form will collect spam.,no reCAPTCHA / hCaptcha / Turnstile / honeypot field found,a CAPTCHA or a hidden honeypot field,Configure the CAPTCHA key for this environment or add a honeypot field.,form #2 (lead) form.flex.flex-1.flex-col 'Full Name Work Email Phone (Optio,,200,yes,Forms Report
http://localhost:3000/technologies/affiliate-marketing,Optimization,P3 - improve,Privacy,No privacy notice / link at the lead form,Forms that collect personal data should tell visitors how it is used (GDPR / privacy laws).,(no 'privacy' text or link in or next to the form),A short notice with a link to the privacy policy at the form,Add the notice under the submit button.,form #1 (lead) form.space-y-4 'Full Name * Email Address * Phone * Serv',,200,yes,Forms Report
http://localhost:3000/technologies/affiliate-marketing,Optimization,P3 - improve,Privacy,No privacy notice / link at the lead form,Forms that collect personal data should tell visitors how it is used (GDPR / privacy laws).,(no 'privacy' text or link in or next to the form),A short notice with a link to the privacy policy at the form,Add the notice under the submit button.,form #2 (lead) form.flex.flex-1.flex-col 'Full Name Work Email Phone (Optio,,200,yes,Forms Report
http://localhost:3000/technologies/affiliate-marketing,Optimization,P3 - improve,Spam,No spam protection on the form,Without a CAPTCHA or honeypot the form will collect spam.,no reCAPTCHA / hCaptcha / Turnstile / honeypot field found,a CAPTCHA or a hidden honeypot field,Configure the CAPTCHA key for this environment or add a honeypot field.,form #1 (lead) form.space-y-4 'Full Name * Email Address * Phone * Serv',,200,yes,Forms Report
http://localhost:3000/technologies/affiliate-marketing,Optimization,P3 - improve,Spam,No spam protection on the form,Without a CAPTCHA or honeypot the form will collect spam.,no reCAPTCHA / hCaptcha / Turnstile / honeypot field found,a CAPTCHA or a hidden honeypot field,Configure the CAPTCHA key for this environment or add a honeypot field.,form #2 (lead) form.flex.flex-1.flex-col 'Full Name Work Email Phone (Optio,,200,yes,Forms Report
http://localhost:3000/technologies/ai-agents-development,Optimization,P3 - improve,Privacy,No privacy notice / link at the lead form,Forms that collect personal data should tell visitors how it is used (GDPR / privacy laws).,(no 'privacy' text or link in or next to the form),A short notice with a link to the privacy policy at the form,Add the notice under the submit button.,form #1 (lead) form.space-y-4 'Full Name * Email Address * Phone * Serv',,200,yes,Forms Report
http://localhost:3000/technologies/ai-agents-development,Optimization,P3 - improve,Privacy,No privacy notice / link at the lead form,Forms that collect personal data should tell visitors how it is used (GDPR / privacy laws).,(no 'privacy' text or link in or next to the form),A short notice with a link to the privacy policy at the form,Add the notice under the submit button.,form #2 (lead) form.flex.flex-1.flex-col 'Full Name Work Email Phone (Optio,,200,yes,Forms Report
http://localhost:3000/technologies/ai-agents-development,Optimization,P3 - improve,Spam,No spam protection on the form,Without a CAPTCHA or honeypot the form will collect spam.,no reCAPTCHA / hCaptcha / Turnstile / honeypot field found,a CAPTCHA or a hidden honeypot field,Configure the CAPTCHA key for this environment or add a honeypot field.,form #1 (lead) form.space-y-4 'Full Name * Email Address * Phone * Serv',,200,yes,Forms Report
http://localhost:3000/technologies/ai-agents-development,Optimization,P3 - improve,Spam,No spam protection on the form,Without a CAPTCHA or honeypot the form will collect spam.,no reCAPTCHA / hCaptcha / Turnstile / honeypot field found,a CAPTCHA or a hidden honeypot field,Configure the CAPTCHA key for this environment or add a honeypot field.,form #2 (lead) form.flex.flex-1.flex-col 'Full Name Work Email Phone (Optio,,200,yes,Forms Report
http://localhost:3000/technologies/ai-development,Optimization,P3 - improve,Privacy,No privacy notice / link at the lead form,Forms that collect personal data should tell visitors how it is used (GDPR / privacy laws).,(no 'privacy' text or link in or next to the form),A short notice with a link to the privacy policy at the form,Add the notice under the submit button.,form #1 (lead) form.space-y-4 'Full Name * Email Address * Phone * Serv',,200,yes,Forms Report
http://localhost:3000/technologies/ai-development,Optimization,P3 - improve,Privacy,No privacy notice / link at the lead form,Forms that collect personal data should tell visitors how it is used (GDPR / privacy laws).,(no 'privacy' text or link in or next to the form),A short notice with a link to the privacy policy at the form,Add the notice under the submit button.,form #2 (lead) form.flex.flex-1.flex-col 'Full Name Work Email Phone (Optio,,200,yes,Forms Report
http://localhost:3000/technologies/ai-development,Optimization,P3 - improve,Spam,No spam protection on the form,Without a CAPTCHA or honeypot the form will collect spam.,no reCAPTCHA / hCaptcha / Turnstile / honeypot field found,a CAPTCHA or a hidden honeypot field,Configure the CAPTCHA key for this environment or add a honeypot field.,form #1 (lead) form.space-y-4 'Full Name * Email Address * Phone * Serv',,200,yes,Forms Report
http://localhost:3000/technologies/ai-development,Optimization,P3 - improve,Spam,No spam protection on the form,Without a CAPTCHA or honeypot the form will collect spam.,no reCAPTCHA / hCaptcha / Turnstile / honeypot field found,a CAPTCHA or a hidden honeypot field,Configure the CAPTCHA key for this environment or add a honeypot field.,form #2 (lead) form.flex.flex-1.flex-col 'Full Name Work Email Phone (Optio,,200,yes,Forms Report
http://localhost:3000/technologies/analytics-reporting,Optimization,P3 - improve,Privacy,No privacy notice / link at the lead form,Forms that collect personal data should tell visitors how it is used (GDPR / privacy laws).,(no 'privacy' text or link in or next to the form),A short notice with a link to the privacy policy at the form,Add the notice under the submit button.,form #1 (lead) form.space-y-4 'Full Name * Email Address * Phone * Serv',,200,yes,Forms Report
http://localhost:3000/technologies/analytics-reporting,Optimization,P3 - improve,Privacy,No privacy notice / link at the lead form,Forms that collect personal data should tell visitors how it is used (GDPR / privacy laws).,(no 'privacy' text or link in or next to the form),A short notice with a link to the privacy policy at the form,Add the notice under the submit button.,form #2 (lead) form.flex.flex-1.flex-col 'Full Name Work Email Phone (Optio,,200,yes,Forms Report
http://localhost:3000/technologies/analytics-reporting,Optimization,P3 - improve,Spam,No spam protection on the form,Without a CAPTCHA or honeypot the form will collect spam.,no reCAPTCHA / hCaptcha / Turnstile / honeypot field found,a CAPTCHA or a hidden honeypot field,Configure the CAPTCHA key for this environment or add a honeypot field.,form #1 (lead) form.space-y-4 'Full Name * Email Address * Phone * Serv',,200,yes,Forms Report
http://localhost:3000/technologies/analytics-reporting,Optimization,P3 - improve,Spam,No spam protection on the form,Without a CAPTCHA or honeypot the form will collect spam.,no reCAPTCHA / hCaptcha / Turnstile / honeypot field found,a CAPTCHA or a hidden honeypot field,Configure the CAPTCHA key for this environment or add a honeypot field.,form #2 (lead) form.flex.flex-1.flex-col 'Full Name Work Email Phone (Optio,,200,yes,Forms Report
http://localhost:3000/technologies/android-app-development,Optimization,P3 - improve,Privacy,No privacy notice / link at the lead form,Forms that collect personal data should tell visitors how it is used (GDPR / privacy laws).,(no 'privacy' text or link in or next to the form),A short notice with a link to the privacy policy at the form,Add the notice under the submit button.,form #1 (lead) form.space-y-4 'Full Name * Email Address * Phone * Serv',,200,yes,Forms Report
http://localhost:3000/technologies/android-app-development,Optimization,P3 - improve,Privacy,No privacy notice / link at the lead form,Forms that collect personal data should tell visitors how it is used (GDPR / privacy laws).,(no 'privacy' text or link in or next to the form),A short notice with a link to the privacy policy at the form,Add the notice under the submit button.,form #2 (lead) form.flex.flex-1.flex-col 'Full Name Work Email Phone (Optio,,200,yes,Forms Report
http://localhost:3000/technologies/android-app-development,Optimization,P3 - improve,Spam,No spam protection on the form,Without a CAPTCHA or honeypot the form will collect spam.,no reCAPTCHA / hCaptcha / Turnstile / honeypot field found,a CAPTCHA or a hidden honeypot field,Configure the CAPTCHA key for this environment or add a honeypot field.,form #1 (lead) form.space-y-4 'Full Name * Email Address * Phone * Serv',,200,yes,Forms Report
http://localhost:3000/technologies/android-app-development,Optimization,P3 - improve,Spam,No spam protection on the form,Without a CAPTCHA or honeypot the form will collect spam.,no reCAPTCHA / hCaptcha / Turnstile / honeypot field found,a CAPTCHA or a hidden honeypot field,Configure the CAPTCHA key for this environment or add a honeypot field.,form #2 (lead) form.flex.flex-1.flex-col 'Full Name Work Email Phone (Optio,,200,yes,Forms Report
http://localhost:3000/technologies/angularjs-development,Optimization,P3 - improve,Privacy,No privacy notice / link at the lead form,Forms that collect personal data should tell visitors how it is used (GDPR / privacy laws).,(no 'privacy' text or link in or next to the form),A short notice with a link to the privacy policy at the form,Add the notice under the submit button.,form #1 (lead) form.space-y-4 'Full Name * Email Address * Phone * Serv',,200,yes,Forms Report
http://localhost:3000/technologies/angularjs-development,Optimization,P3 - improve,Privacy,No privacy notice / link at the lead form,Forms that collect personal data should tell visitors how it is used (GDPR / privacy laws).,(no 'privacy' text or link in or next to the form),A short notice with a link to the privacy policy at the form,Add the notice under the submit button.,form #2 (lead) form.flex.flex-1.flex-col 'Full Name Work Email Phone (Optio,,200,yes,Forms Report
http://localhost:3000/technologies/angularjs-development,Optimization,P3 - improve,Spam,No spam protection on the form,Without a CAPTCHA or honeypot the form will collect spam.,no reCAPTCHA / hCaptcha / Turnstile / honeypot field found,a CAPTCHA or a hidden honeypot field,Configure the CAPTCHA key for this environment or add a honeypot field.,form #1 (lead) form.space-y-4 'Full Name * Email Address * Phone * Serv',,200,yes,Forms Report
http://localhost:3000/technologies/angularjs-development,Optimization,P3 - improve,Spam,No spam protection on the form,Without a CAPTCHA or honeypot the form will collect spam.,no reCAPTCHA / hCaptcha / Turnstile / honeypot field found,a CAPTCHA or a hidden honeypot field,Configure the CAPTCHA key for this environment or add a honeypot field.,form #2 (lead) form.flex.flex-1.flex-col 'Full Name Work Email Phone (Optio,,200,yes,Forms Report
http://localhost:3000/technologies/ansible-development,Optimization,P3 - improve,Privacy,No privacy notice / link at the lead form,Forms that collect personal data should tell visitors how it is used (GDPR / privacy laws).,(no 'privacy' text or link in or next to the form),A short notice with a link to the privacy policy at the form,Add the notice under the submit button.,form #1 (lead) form.space-y-4 'Full Name * Email Address * Phone * Serv',,200,yes,Forms Report
http://localhost:3000/technologies/ansible-development,Optimization,P3 - improve,Privacy,No privacy notice / link at the lead form,Forms that collect personal data should tell visitors how it is used (GDPR / privacy laws).,(no 'privacy' text or link in or next to the form),A short notice with a link to the privacy policy at the form,Add the notice under the submit button.,form #2 (lead) form.flex.flex-1.flex-col 'Full Name Work Email Phone (Optio,,200,yes,Forms Report
http://localhost:3000/technologies/ansible-development,Optimization,P3 - improve,Spam,No spam protection on the form,Without a CAPTCHA or honeypot the form will collect spam.,no reCAPTCHA / hCaptcha / Turnstile / honeypot field found,a CAPTCHA or a hidden honeypot field,Configure the CAPTCHA key for this environment or add a honeypot field.,form #1 (lead) form.space-y-4 'Full Name * Email Address * Phone * Serv',,200,yes,Forms Report
http://localhost:3000/technologies/ansible-development,Optimization,P3 - improve,Spam,No spam protection on the form,Without a CAPTCHA or honeypot the form will collect spam.,no reCAPTCHA / hCaptcha / Turnstile / honeypot field found,a CAPTCHA or a hidden honeypot field,Configure the CAPTCHA key for this environment or add a honeypot field.,form #2 (lead) form.flex.flex-1.flex-col 'Full Name Work Email Phone (Optio,,200,yes,Forms Report
http://localhost:3000/technologies/ant-design-development,Optimization,P3 - improve,Privacy,No privacy notice / link at the lead form,Forms that collect personal data should tell visitors how it is used (GDPR / privacy laws).,(no 'privacy' text or link in or next to the form),A short notice with a link to the privacy policy at the form,Add the notice under the submit button.,form #1 (lead) form.space-y-4 'Full Name * Email Address * Phone * Serv',,200,yes,Forms Report
http://localhost:3000/technologies/ant-design-development,Optimization,P3 - improve,Privacy,No privacy notice / link at the lead form,Forms that collect personal data should tell visitors how it is used (GDPR / privacy laws).,(no 'privacy' text or link in or next to the form),A short notice with a link to the privacy policy at the form,Add the notice under the submit button.,form #2 (lead) form.flex.flex-1.flex-col 'Full Name Work Email Phone (Optio,,200,yes,Forms Report
http://localhost:3000/technologies/ant-design-development,Optimization,P3 - improve,Spam,No spam protection on the form,Without a CAPTCHA or honeypot the form will collect spam.,no reCAPTCHA / hCaptcha / Turnstile / honeypot field found,a CAPTCHA or a hidden honeypot field,Configure the CAPTCHA key for this environment or add a honeypot field.,form #1 (lead) form.space-y-4 'Full Name * Email Address * Phone * Serv',,200,yes,Forms Report
http://localhost:3000/technologies/ant-design-development,Optimization,P3 - improve,Spam,No spam protection on the form,Without a CAPTCHA or honeypot the form will collect spam.,no reCAPTCHA / hCaptcha / Turnstile / honeypot field found,a CAPTCHA or a hidden honeypot field,Configure the CAPTCHA key for this environment or add a honeypot field.,form #2 (lead) form.flex.flex-1.flex-col 'Full Name Work Email Phone (Optio,,200,yes,Forms Report
http://localhost:3000/technologies/apache-development,Optimization,P3 - improve,Privacy,No privacy notice / link at the lead form,Forms that collect personal data should tell visitors how it is used (GDPR / privacy laws).,(no 'privacy' text or link in or next to the form),A short notice with a link to the privacy policy at the form,Add the notice under the submit button.,form #1 (lead) form.space-y-4 'Full Name * Email Address * Phone * Serv',,200,yes,Forms Report
http://localhost:3000/technologies/apache-development,Optimization,P3 - improve,Privacy,No privacy notice / link at the lead form,Forms that collect personal data should tell visitors how it is used (GDPR / privacy laws).,(no 'privacy' text or link in or next to the form),A short notice with a link to the privacy policy at the form,Add the notice under the submit button.,form #2 (lead) form.flex.flex-1.flex-col 'Full Name Work Email Phone (Optio,,200,yes,Forms Report
http://localhost:3000/technologies/apache-development,Optimization,P3 - improve,Spam,No spam protection on the form,Without a CAPTCHA or honeypot the form will collect spam.,no reCAPTCHA / hCaptcha / Turnstile / honeypot field found,a CAPTCHA or a hidden honeypot field,Configure the CAPTCHA key for this environment or add a honeypot field.,form #1 (lead) form.space-y-4 'Full Name * Email Address * Phone * Serv',,200,yes,Forms Report
http://localhost:3000/technologies/apache-development,Optimization,P3 - improve,Spam,No spam protection on the form,Without a CAPTCHA or honeypot the form will collect spam.,no reCAPTCHA / hCaptcha / Turnstile / honeypot field found,a CAPTCHA or a hidden honeypot field,Configure the CAPTCHA key for this environment or add a honeypot field.,form #2 (lead) form.flex.flex-1.flex-col 'Full Name Work Email Phone (Optio,,200,yes,Forms Report
http://localhost:3000/technologies/api-testing,Optimization,P3 - improve,Privacy,No privacy notice / link at the lead form,Forms that collect personal data should tell visitors how it is used (GDPR / privacy laws).,(no 'privacy' text or link in or next to the form),A short notice with a link to the privacy policy at the form,Add the notice under the submit button.,form #1 (lead) form.space-y-4 'Full Name * Email Address * Phone * Serv',,200,yes,Forms Report
http://localhost:3000/technologies/api-testing,Optimization,P3 - improve,Privacy,No privacy notice / link at the lead form,Forms that collect personal data should tell visitors how it is used (GDPR / privacy laws).,(no 'privacy' text or link in or next to the form),A short notice with a link to the privacy policy at the form,Add the notice under the submit button.,form #2 (lead) form.flex.flex-1.flex-col 'Full Name Work Email Phone (Optio,,200,yes,Forms Report
http://localhost:3000/technologies/api-testing,Optimization,P3 - improve,Spam,No spam protection on the form,Without a CAPTCHA or honeypot the form will collect spam.,no reCAPTCHA / hCaptcha / Turnstile / honeypot field found,a CAPTCHA or a hidden honeypot field,Configure the CAPTCHA key for this environment or add a honeypot field.,form #1 (lead) form.space-y-4 'Full Name * Email Address * Phone * Serv',,200,yes,Forms Report
http://localhost:3000/technologies/api-testing,Optimization,P3 - improve,Spam,No spam protection on the form,Without a CAPTCHA or honeypot the form will collect spam.,no reCAPTCHA / hCaptcha / Turnstile / honeypot field found,a CAPTCHA or a hidden honeypot field,Configure the CAPTCHA key for this environment or add a honeypot field.,form #2 (lead) form.flex.flex-1.flex-col 'Full Name Work Email Phone (Optio,,200,yes,Forms Report
http://localhost:3000/technologies/app-store-optimization,Optimization,P3 - improve,Privacy,No privacy notice / link at the lead form,Forms that collect personal data should tell visitors how it is used (GDPR / privacy laws).,(no 'privacy' text or link in or next to the form),A short notice with a link to the privacy policy at the form,Add the notice under the submit button.,form #1 (lead) form.space-y-4 'Full Name * Email Address * Phone * Serv',,200,yes,Forms Report
http://localhost:3000/technologies/app-store-optimization,Optimization,P3 - improve,Privacy,No privacy notice / link at the lead form,Forms that collect personal data should tell visitors how it is used (GDPR / privacy laws).,(no 'privacy' text or link in or next to the form),A short notice with a link to the privacy policy at the form,Add the notice under the submit button.,form #2 (lead) form.flex.flex-1.flex-col 'Full Name Work Email Phone (Optio,,200,yes,Forms Report
http://localhost:3000/technologies/app-store-optimization,Optimization,P3 - improve,Spam,No spam protection on the form,Without a CAPTCHA or honeypot the form will collect spam.,no reCAPTCHA / hCaptcha / Turnstile / honeypot field found,a CAPTCHA or a hidden honeypot field,Configure the CAPTCHA key for this environment or add a honeypot field.,form #1 (lead) form.space-y-4 'Full Name * Email Address * Phone * Serv',,200,yes,Forms Report
http://localhost:3000/technologies/app-store-optimization,Optimization,P3 - improve,Spam,No spam protection on the form,Without a CAPTCHA or honeypot the form will collect spam.,no reCAPTCHA / hCaptcha / Turnstile / honeypot field found,a CAPTCHA or a hidden honeypot field,Configure the CAPTCHA key for this environment or add a honeypot field.,form #2 (lead) form.flex.flex-1.flex-col 'Full Name Work Email Phone (Optio,,200,yes,Forms Report
http://localhost:3000/technologies/aspnet-core-development,Optimization,P3 - improve,Privacy,No privacy notice / link at the lead form,Forms that collect personal data should tell visitors how it is used (GDPR / privacy laws).,(no 'privacy' text or link in or next to the form),A short notice with a link to the privacy policy at the form,Add the notice under the submit button.,form #1 (lead) form.space-y-4 'Full Name * Email Address * Phone * Serv',,200,yes,Forms Report
http://localhost:3000/technologies/aspnet-core-development,Optimization,P3 - improve,Privacy,No privacy notice / link at the lead form,Forms that collect personal data should tell visitors how it is used (GDPR / privacy laws).,(no 'privacy' text or link in or next to the form),A short notice with a link to the privacy policy at the form,Add the notice under the submit button.,form #2 (lead) form.flex.flex-1.flex-col 'Full Name Work Email Phone (Optio,,200,yes,Forms Report
http://localhost:3000/technologies/aspnet-core-development,Optimization,P3 - improve,Spam,No spam protection on the form,Without a CAPTCHA or honeypot the form will collect spam.,no reCAPTCHA / hCaptcha / Turnstile / honeypot field found,a CAPTCHA or a hidden honeypot field,Configure the CAPTCHA key for this environment or add a honeypot field.,form #1 (lead) form.space-y-4 'Full Name * Email Address * Phone * Serv',,200,yes,Forms Report
http://localhost:3000/technologies/aspnet-core-development,Optimization,P3 - improve,Spam,No spam protection on the form,Without a CAPTCHA or honeypot the form will collect spam.,no reCAPTCHA / hCaptcha / Turnstile / honeypot field found,a CAPTCHA or a hidden honeypot field,Configure the CAPTCHA key for this environment or add a honeypot field.,form #2 (lead) form.flex.flex-1.flex-col 'Full Name Work Email Phone (Optio,,200,yes,Forms Report
http://localhost:3000/technologies/automation-testing,Optimization,P3 - improve,Privacy,No privacy notice / link at the lead form,Forms that collect personal data should tell visitors how it is used (GDPR / privacy laws).,(no 'privacy' text or link in or next to the form),A short notice with a link to the privacy policy at the form,Add the notice under the submit button.,form #1 (lead) form.space-y-4 'Full Name * Email Address * Phone * Serv',,200,yes,Forms Report
http://localhost:3000/technologies/automation-testing,Optimization,P3 - improve,Privacy,No privacy notice / link at the lead form,Forms that collect personal data should tell visitors how it is used (GDPR / privacy laws).,(no 'privacy' text or link in or next to the form),A short notice with a link to the privacy policy at the form,Add the notice under the submit button.,form #2 (lead) form.flex.flex-1.flex-col 'Full Name Work Email Phone (Optio,,200,yes,Forms Report
http://localhost:3000/technologies/automation-testing,Optimization,P3 - improve,Spam,No spam protection on the form,Without a CAPTCHA or honeypot the form will collect spam.,no reCAPTCHA / hCaptcha / Turnstile / honeypot field found,a CAPTCHA or a hidden honeypot field,Configure the CAPTCHA key for this environment or add a honeypot field.,form #1 (lead) form.space-y-4 'Full Name * Email Address * Phone * Serv',,200,yes,Forms Report
http://localhost:3000/technologies/automation-testing,Optimization,P3 - improve,Spam,No spam protection on the form,Without a CAPTCHA or honeypot the form will collect spam.,no reCAPTCHA / hCaptcha / Turnstile / honeypot field found,a CAPTCHA or a hidden honeypot field,Configure the CAPTCHA key for this environment or add a honeypot field.,form #2 (lead) form.flex.flex-1.flex-col 'Full Name Work Email Phone (Optio,,200,yes,Forms Report
http://localhost:3000/technologies/aws-development,Optimization,P3 - improve,Privacy,No privacy notice / link at the lead form,Forms that collect personal data should tell visitors how it is used (GDPR / privacy laws).,(no 'privacy' text or link in or next to the form),A short notice with a link to the privacy policy at the form,Add the notice under the submit button.,form #1 (lead) form.space-y-4 'Full Name * Email Address * Phone * Serv',,200,yes,Forms Report
http://localhost:3000/technologies/aws-development,Optimization,P3 - improve,Privacy,No privacy notice / link at the lead form,Forms that collect personal data should tell visitors how it is used (GDPR / privacy laws).,(no 'privacy' text or link in or next to the form),A short notice with a link to the privacy policy at the form,Add the notice under the submit button.,form #2 (lead) form.flex.flex-1.flex-col 'Full Name Work Email Phone (Optio,,200,yes,Forms Report
http://localhost:3000/technologies/aws-development,Optimization,P3 - improve,Spam,No spam protection on the form,Without a CAPTCHA or honeypot the form will collect spam.,no reCAPTCHA / hCaptcha / Turnstile / honeypot field found,a CAPTCHA or a hidden honeypot field,Configure the CAPTCHA key for this environment or add a honeypot field.,form #1 (lead) form.space-y-4 'Full Name * Email Address * Phone * Serv',,200,yes,Forms Report
http://localhost:3000/technologies/aws-development,Optimization,P3 - improve,Spam,No spam protection on the form,Without a CAPTCHA or honeypot the form will collect spam.,no reCAPTCHA / hCaptcha / Turnstile / honeypot field found,a CAPTCHA or a hidden honeypot field,Configure the CAPTCHA key for this environment or add a honeypot field.,form #2 (lead) form.flex.flex-1.flex-col 'Full Name Work Email Phone (Optio,,200,yes,Forms Report
http://localhost:3000/technologies/aws-devops-development,Optimization,P3 - improve,Privacy,No privacy notice / link at the lead form,Forms that collect personal data should tell visitors how it is used (GDPR / privacy laws).,(no 'privacy' text or link in or next to the form),A short notice with a link to the privacy policy at the form,Add the notice under the submit button.,form #1 (lead) form.space-y-4 'Full Name * Email Address * Phone * Serv',,200,yes,Forms Report
http://localhost:3000/technologies/aws-devops-development,Optimization,P3 - improve,Privacy,No privacy notice / link at the lead form,Forms that collect personal data should tell visitors how it is used (GDPR / privacy laws).,(no 'privacy' text or link in or next to the form),A short notice with a link to the privacy policy at the form,Add the notice under the submit button.,form #2 (lead) form.flex.flex-1.flex-col 'Full Name Work Email Phone (Optio,,200,yes,Forms Report
http://localhost:3000/technologies/aws-devops-development,Optimization,P3 - improve,Spam,No spam protection on the form,Without a CAPTCHA or honeypot the form will collect spam.,no reCAPTCHA / hCaptcha / Turnstile / honeypot field found,a CAPTCHA or a hidden honeypot field,Configure the CAPTCHA key for this environment or add a honeypot field.,form #1 (lead) form.space-y-4 'Full Name * Email Address * Phone * Serv',,200,yes,Forms Report
http://localhost:3000/technologies/aws-devops-development,Optimization,P3 - improve,Spam,No spam protection on the form,Without a CAPTCHA or honeypot the form will collect spam.,no reCAPTCHA / hCaptcha / Turnstile / honeypot field found,a CAPTCHA or a hidden honeypot field,Configure the CAPTCHA key for this environment or add a honeypot field.,form #2 (lead) form.flex.flex-1.flex-col 'Full Name Work Email Phone (Optio,,200,yes,Forms Report
http://localhost:3000/technologies/azure-development,Optimization,P3 - improve,Privacy,No privacy notice / link at the lead form,Forms that collect personal data should tell visitors how it is used (GDPR / privacy laws).,(no 'privacy' text or link in or next to the form),A short notice with a link to the privacy policy at the form,Add the notice under the submit button.,form #1 (lead) form.space-y-4 'Full Name * Email Address * Phone * Serv',,200,yes,Forms Report
http://localhost:3000/technologies/azure-development,Optimization,P3 - improve,Privacy,No privacy notice / link at the lead form,Forms that collect personal data should tell visitors how it is used (GDPR / privacy laws).,(no 'privacy' text or link in or next to the form),A short notice with a link to the privacy policy at the form,Add the notice under the submit button.,form #2 (lead) form.flex.flex-1.flex-col 'Full Name Work Email Phone (Optio,,200,yes,Forms Report
http://localhost:3000/technologies/azure-development,Optimization,P3 - improve,Spam,No spam protection on the form,Without a CAPTCHA or honeypot the form will collect spam.,no reCAPTCHA / hCaptcha / Turnstile / honeypot field found,a CAPTCHA or a hidden honeypot field,Configure the CAPTCHA key for this environment or add a honeypot field.,form #1 (lead) form.space-y-4 'Full Name * Email Address * Phone * Serv',,200,yes,Forms Report
http://localhost:3000/technologies/azure-development,Optimization,P3 - improve,Spam,No spam protection on the form,Without a CAPTCHA or honeypot the form will collect spam.,no reCAPTCHA / hCaptcha / Turnstile / honeypot field found,a CAPTCHA or a hidden honeypot field,Configure the CAPTCHA key for this environment or add a honeypot field.,form #2 (lead) form.flex.flex-1.flex-col 'Full Name Work Email Phone (Optio,,200,yes,Forms Report
http://localhost:3000/technologies/azure-devops-development,Optimization,P3 - improve,Privacy,No privacy notice / link at the lead form,Forms that collect personal data should tell visitors how it is used (GDPR / privacy laws).,(no 'privacy' text or link in or next to the form),A short notice with a link to the privacy policy at the form,Add the notice under the submit button.,form #1 (lead) form.space-y-4 'Full Name * Email Address * Phone * Serv',,200,yes,Forms Report
http://localhost:3000/technologies/azure-devops-development,Optimization,P3 - improve,Privacy,No privacy notice / link at the lead form,Forms that collect personal data should tell visitors how it is used (GDPR / privacy laws).,(no 'privacy' text or link in or next to the form),A short notice with a link to the privacy policy at the form,Add the notice under the submit button.,form #2 (lead) form.flex.flex-1.flex-col 'Full Name Work Email Phone (Optio,,200,yes,Forms Report
http://localhost:3000/technologies/azure-devops-development,Optimization,P3 - improve,Spam,No spam protection on the form,Without a CAPTCHA or honeypot the form will collect spam.,no reCAPTCHA / hCaptcha / Turnstile / honeypot field found,a CAPTCHA or a hidden honeypot field,Configure the CAPTCHA key for this environment or add a honeypot field.,form #1 (lead) form.space-y-4 'Full Name * Email Address * Phone * Serv',,200,yes,Forms Report
http://localhost:3000/technologies/azure-devops-development,Optimization,P3 - improve,Spam,No spam protection on the form,Without a CAPTCHA or honeypot the form will collect spam.,no reCAPTCHA / hCaptcha / Turnstile / honeypot field found,a CAPTCHA or a hidden honeypot field,Configure the CAPTCHA key for this environment or add a honeypot field.,form #2 (lead) form.flex.flex-1.flex-col 'Full Name Work Email Phone (Optio,,200,yes,Forms Report
http://localhost:3000/technologies/bigcommerce-development,Optimization,P3 - improve,Privacy,No privacy notice / link at the lead form,Forms that collect personal data should tell visitors how it is used (GDPR / privacy laws).,(no 'privacy' text or link in or next to the form),A short notice with a link to the privacy policy at the form,Add the notice under the submit button.,form #1 (lead) form.space-y-4 'Full Name * Email Address * Phone * Serv',,200,yes,Forms Report
http://localhost:3000/technologies/bigcommerce-development,Optimization,P3 - improve,Privacy,No privacy notice / link at the lead form,Forms that collect personal data should tell visitors how it is used (GDPR / privacy laws).,(no 'privacy' text or link in or next to the form),A short notice with a link to the privacy policy at the form,Add the notice under the submit button.,form #2 (lead) form.flex.flex-1.flex-col 'Full Name Work Email Phone (Optio,,200,yes,Forms Report
http://localhost:3000/technologies/bigcommerce-development,Optimization,P3 - improve,Spam,No spam protection on the form,Without a CAPTCHA or honeypot the form will collect spam.,no reCAPTCHA / hCaptcha / Turnstile / honeypot field found,a CAPTCHA or a hidden honeypot field,Configure the CAPTCHA key for this environment or add a honeypot field.,form #1 (lead) form.space-y-4 'Full Name * Email Address * Phone * Serv',,200,yes,Forms Report
http://localhost:3000/technologies/bigcommerce-development,Optimization,P3 - improve,Spam,No spam protection on the form,Without a CAPTCHA or honeypot the form will collect spam.,no reCAPTCHA / hCaptcha / Turnstile / honeypot field found,a CAPTCHA or a hidden honeypot field,Configure the CAPTCHA key for this environment or add a honeypot field.,form #2 (lead) form.flex.flex-1.flex-col 'Full Name Work Email Phone (Optio,,200,yes,Forms Report
http://localhost:3000/technologies/bitbucket-development,Optimization,P3 - improve,Privacy,No privacy notice / link at the lead form,Forms that collect personal data should tell visitors how it is used (GDPR / privacy laws).,(no 'privacy' text or link in or next to the form),A short notice with a link to the privacy policy at the form,Add the notice under the submit button.,form #1 (lead) form.space-y-4 'Full Name * Email Address * Phone * Serv',,200,yes,Forms Report
http://localhost:3000/technologies/bitbucket-development,Optimization,P3 - improve,Privacy,No privacy notice / link at the lead form,Forms that collect personal data should tell visitors how it is used (GDPR / privacy laws).,(no 'privacy' text or link in or next to the form),A short notice with a link to the privacy policy at the form,Add the notice under the submit button.,form #2 (lead) form.flex.flex-1.flex-col 'Full Name Work Email Phone (Optio,,200,yes,Forms Report
http://localhost:3000/technologies/bitbucket-development,Optimization,P3 - improve,Spam,No spam protection on the form,Without a CAPTCHA or honeypot the form will collect spam.,no reCAPTCHA / hCaptcha / Turnstile / honeypot field found,a CAPTCHA or a hidden honeypot field,Configure the CAPTCHA key for this environment or add a honeypot field.,form #1 (lead) form.space-y-4 'Full Name * Email Address * Phone * Serv',,200,yes,Forms Report
http://localhost:3000/technologies/bitbucket-development,Optimization,P3 - improve,Spam,No spam protection on the form,Without a CAPTCHA or honeypot the form will collect spam.,no reCAPTCHA / hCaptcha / Turnstile / honeypot field found,a CAPTCHA or a hidden honeypot field,Configure the CAPTCHA key for this environment or add a honeypot field.,form #2 (lead) form.flex.flex-1.flex-col 'Full Name Work Email Phone (Optio,,200,yes,Forms Report
http://localhost:3000/technologies/bootstrap-development,Optimization,P3 - improve,Privacy,No privacy notice / link at the lead form,Forms that collect personal data should tell visitors how it is used (GDPR / privacy laws).,(no 'privacy' text or link in or next to the form),A short notice with a link to the privacy policy at the form,Add the notice under the submit button.,form #1 (lead) form.space-y-4 'Full Name * Email Address * Phone * Serv',,200,yes,Forms Report
http://localhost:3000/technologies/bootstrap-development,Optimization,P3 - improve,Privacy,No privacy notice / link at the lead form,Forms that collect personal data should tell visitors how it is used (GDPR / privacy laws).,(no 'privacy' text or link in or next to the form),A short notice with a link to the privacy policy at the form,Add the notice under the submit button.,form #2 (lead) form.flex.flex-1.flex-col 'Full Name Work Email Phone (Optio,,200,yes,Forms Report
http://localhost:3000/technologies/bootstrap-development,Optimization,P3 - improve,Spam,No spam protection on the form,Without a CAPTCHA or honeypot the form will collect spam.,no reCAPTCHA / hCaptcha / Turnstile / honeypot field found,a CAPTCHA or a hidden honeypot field,Configure the CAPTCHA key for this environment or add a honeypot field.,form #1 (lead) form.space-y-4 'Full Name * Email Address * Phone * Serv',,200,yes,Forms Report
http://localhost:3000/technologies/bootstrap-development,Optimization,P3 - improve,Spam,No spam protection on the form,Without a CAPTCHA or honeypot the form will collect spam.,no reCAPTCHA / hCaptcha / Turnstile / honeypot field found,a CAPTCHA or a hidden honeypot field,Configure the CAPTCHA key for this environment or add a honeypot field.,form #2 (lead) form.flex.flex-1.flex-col 'Full Name Work Email Phone (Optio,,200,yes,Forms Report
http://localhost:3000/technologies/cassandra-development,Optimization,P3 - improve,Privacy,No privacy notice / link at the lead form,Forms that collect personal data should tell visitors how it is used (GDPR / privacy laws).,(no 'privacy' text or link in or next to the form),A short notice with a link to the privacy policy at the form,Add the notice under the submit button.,form #1 (lead) form.space-y-4 'Full Name * Email Address * Phone * Serv',,200,yes,Forms Report
http://localhost:3000/technologies/cassandra-development,Optimization,P3 - improve,Privacy,No privacy notice / link at the lead form,Forms that collect personal data should tell visitors how it is used (GDPR / privacy laws).,(no 'privacy' text or link in or next to the form),A short notice with a link to the privacy policy at the form,Add the notice under the submit button.,form #2 (lead) form.flex.flex-1.flex-col 'Full Name Work Email Phone (Optio,,200,yes,Forms Report
http://localhost:3000/technologies/cassandra-development,Optimization,P3 - improve,Spam,No spam protection on the form,Without a CAPTCHA or honeypot the form will collect spam.,no reCAPTCHA / hCaptcha / Turnstile / honeypot field found,a CAPTCHA or a hidden honeypot field,Configure the CAPTCHA key for this environment or add a honeypot field.,form #1 (lead) form.space-y-4 'Full Name * Email Address * Phone * Serv',,200,yes,Forms Report
http://localhost:3000/technologies/cassandra-development,Optimization,P3 - improve,Spam,No spam protection on the form,Without a CAPTCHA or honeypot the form will collect spam.,no reCAPTCHA / hCaptcha / Turnstile / honeypot field found,a CAPTCHA or a hidden honeypot field,Configure the CAPTCHA key for this environment or add a honeypot field.,form #2 (lead) form.flex.flex-1.flex-col 'Full Name Work Email Phone (Optio,,200,yes,Forms Report
http://localhost:3000/technologies/ci-cd-development,Optimization,P3 - improve,Privacy,No privacy notice / link at the lead form,Forms that collect personal data should tell visitors how it is used (GDPR / privacy laws).,(no 'privacy' text or link in or next to the form),A short notice with a link to the privacy policy at the form,Add the notice under the submit button.,form #1 (lead) form.space-y-4 'Full Name * Email Address * Phone * Serv',,200,yes,Forms Report
http://localhost:3000/technologies/ci-cd-development,Optimization,P3 - improve,Privacy,No privacy notice / link at the lead form,Forms that collect personal data should tell visitors how it is used (GDPR / privacy laws).,(no 'privacy' text or link in or next to the form),A short notice with a link to the privacy policy at the form,Add the notice under the submit button.,form #2 (lead) form.flex.flex-1.flex-col 'Full Name Work Email Phone (Optio,,200,yes,Forms Report
http://localhost:3000/technologies/ci-cd-development,Optimization,P3 - improve,Spam,No spam protection on the form,Without a CAPTCHA or honeypot the form will collect spam.,no reCAPTCHA / hCaptcha / Turnstile / honeypot field found,a CAPTCHA or a hidden honeypot field,Configure the CAPTCHA key for this environment or add a honeypot field.,form #1 (lead) form.space-y-4 'Full Name * Email Address * Phone * Serv',,200,yes,Forms Report
http://localhost:3000/technologies/ci-cd-development,Optimization,P3 - improve,Spam,No spam protection on the form,Without a CAPTCHA or honeypot the form will collect spam.,no reCAPTCHA / hCaptcha / Turnstile / honeypot field found,a CAPTCHA or a hidden honeypot field,Configure the CAPTCHA key for this environment or add a honeypot field.,form #2 (lead) form.flex.flex-1.flex-col 'Full Name Work Email Phone (Optio,,200,yes,Forms Report
http://localhost:3000/technologies/claude-development,Optimization,P3 - improve,Privacy,No privacy notice / link at the lead form,Forms that collect personal data should tell visitors how it is used (GDPR / privacy laws).,(no 'privacy' text or link in or next to the form),A short notice with a link to the privacy policy at the form,Add the notice under the submit button.,form #1 (lead) form.space-y-4 'Full Name * Email Address * Phone * Serv',,200,yes,Forms Report
http://localhost:3000/technologies/claude-development,Optimization,P3 - improve,Privacy,No privacy notice / link at the lead form,Forms that collect personal data should tell visitors how it is used (GDPR / privacy laws).,(no 'privacy' text or link in or next to the form),A short notice with a link to the privacy policy at the form,Add the notice under the submit button.,form #2 (lead) form.flex.flex-1.flex-col 'Full Name Work Email Phone (Optio,,200,yes,Forms Report
http://localhost:3000/technologies/claude-development,Optimization,P3 - improve,Spam,No spam protection on the form,Without a CAPTCHA or honeypot the form will collect spam.,no reCAPTCHA / hCaptcha / Turnstile / honeypot field found,a CAPTCHA or a hidden honeypot field,Configure the CAPTCHA key for this environment or add a honeypot field.,form #1 (lead) form.space-y-4 'Full Name * Email Address * Phone * Serv',,200,yes,Forms Report
http://localhost:3000/technologies/claude-development,Optimization,P3 - improve,Spam,No spam protection on the form,Without a CAPTCHA or honeypot the form will collect spam.,no reCAPTCHA / hCaptcha / Turnstile / honeypot field found,a CAPTCHA or a hidden honeypot field,Configure the CAPTCHA key for this environment or add a honeypot field.,form #2 (lead) form.flex.flex-1.flex-col 'Full Name Work Email Phone (Optio,,200,yes,Forms Report
http://localhost:3000/technologies/cloudflare-development,Optimization,P3 - improve,Privacy,No privacy notice / link at the lead form,Forms that collect personal data should tell visitors how it is used (GDPR / privacy laws).,(no 'privacy' text or link in or next to the form),A short notice with a link to the privacy policy at the form,Add the notice under the submit button.,form #1 (lead) form.space-y-4 'Full Name * Email Address * Phone * Serv',,200,yes,Forms Report
http://localhost:3000/technologies/cloudflare-development,Optimization,P3 - improve,Privacy,No privacy notice / link at the lead form,Forms that collect personal data should tell visitors how it is used (GDPR / privacy laws).,(no 'privacy' text or link in or next to the form),A short notice with a link to the privacy policy at the form,Add the notice under the submit button.,form #2 (lead) form.flex.flex-1.flex-col 'Full Name Work Email Phone (Optio,,200,yes,Forms Report
http://localhost:3000/technologies/cloudflare-development,Optimization,P3 - improve,Spam,No spam protection on the form,Without a CAPTCHA or honeypot the form will collect spam.,no reCAPTCHA / hCaptcha / Turnstile / honeypot field found,a CAPTCHA or a hidden honeypot field,Configure the CAPTCHA key for this environment or add a honeypot field.,form #1 (lead) form.space-y-4 'Full Name * Email Address * Phone * Serv',,200,yes,Forms Report
http://localhost:3000/technologies/cloudflare-development,Optimization,P3 - improve,Spam,No spam protection on the form,Without a CAPTCHA or honeypot the form will collect spam.,no reCAPTCHA / hCaptcha / Turnstile / honeypot field found,a CAPTCHA or a hidden honeypot field,Configure the CAPTCHA key for this environment or add a honeypot field.,form #2 (lead) form.flex.flex-1.flex-col 'Full Name Work Email Phone (Optio,,200,yes,Forms Report
http://localhost:3000/technologies/computer-vision-development,Optimization,P3 - improve,Privacy,No privacy notice / link at the lead form,Forms that collect personal data should tell visitors how it is used (GDPR / privacy laws).,(no 'privacy' text or link in or next to the form),A short notice with a link to the privacy policy at the form,Add the notice under the submit button.,form #1 (lead) form.space-y-4 'Full Name * Email Address * Phone * Serv',,200,yes,Forms Report
http://localhost:3000/technologies/computer-vision-development,Optimization,P3 - improve,Privacy,No privacy notice / link at the lead form,Forms that collect personal data should tell visitors how it is used (GDPR / privacy laws).,(no 'privacy' text or link in or next to the form),A short notice with a link to the privacy policy at the form,Add the notice under the submit button.,form #2 (lead) form.flex.flex-1.flex-col 'Full Name Work Email Phone (Optio,,200,yes,Forms Report
http://localhost:3000/technologies/computer-vision-development,Optimization,P3 - improve,Spam,No spam protection on the form,Without a CAPTCHA or honeypot the form will collect spam.,no reCAPTCHA / hCaptcha / Turnstile / honeypot field found,a CAPTCHA or a hidden honeypot field,Configure the CAPTCHA key for this environment or add a honeypot field.,form #1 (lead) form.space-y-4 'Full Name * Email Address * Phone * Serv',,200,yes,Forms Report
http://localhost:3000/technologies/computer-vision-development,Optimization,P3 - improve,Spam,No spam protection on the form,Without a CAPTCHA or honeypot the form will collect spam.,no reCAPTCHA / hCaptcha / Turnstile / honeypot field found,a CAPTCHA or a hidden honeypot field,Configure the CAPTCHA key for this environment or add a honeypot field.,form #2 (lead) form.flex.flex-1.flex-col 'Full Name Work Email Phone (Optio,,200,yes,Forms Report
http://localhost:3000/technologies/content-marketing,Optimization,P3 - improve,Privacy,No privacy notice / link at the lead form,Forms that collect personal data should tell visitors how it is used (GDPR / privacy laws).,(no 'privacy' text or link in or next to the form),A short notice with a link to the privacy policy at the form,Add the notice under the submit button.,form #1 (lead) form.space-y-4 'Full Name * Email Address * Phone * Serv',,200,yes,Forms Report
http://localhost:3000/technologies/content-marketing,Optimization,P3 - improve,Privacy,No privacy notice / link at the lead form,Forms that collect personal data should tell visitors how it is used (GDPR / privacy laws).,(no 'privacy' text or link in or next to the form),A short notice with a link to the privacy policy at the form,Add the notice under the submit button.,form #2 (lead) form.flex.flex-1.flex-col 'Full Name Work Email Phone (Optio,,200,yes,Forms Report
http://localhost:3000/technologies/content-marketing,Optimization,P3 - improve,Spam,No spam protection on the form,Without a CAPTCHA or honeypot the form will collect spam.,no reCAPTCHA / hCaptcha / Turnstile / honeypot field found,a CAPTCHA or a hidden honeypot field,Configure the CAPTCHA key for this environment or add a honeypot field.,form #1 (lead) form.space-y-4 'Full Name * Email Address * Phone * Serv',,200,yes,Forms Report
http://localhost:3000/technologies/content-marketing,Optimization,P3 - improve,Spam,No spam protection on the form,Without a CAPTCHA or honeypot the form will collect spam.,no reCAPTCHA / hCaptcha / Turnstile / honeypot field found,a CAPTCHA or a hidden honeypot field,Configure the CAPTCHA key for this environment or add a honeypot field.,form #2 (lead) form.flex.flex-1.flex-col 'Full Name Work Email Phone (Optio,,200,yes,Forms Report
http://localhost:3000/technologies/content-marketing-services,Optimization,P3 - improve,Privacy,No privacy notice / link at the lead form,Forms that collect personal data should tell visitors how it is used (GDPR / privacy laws).,(no 'privacy' text or link in or next to the form),A short notice with a link to the privacy policy at the form,Add the notice under the submit button.,form #1 (lead) form.space-y-4 'Full Name * Email Address * Phone * Serv',,200,yes,Forms Report
http://localhost:3000/technologies/content-marketing-services,Optimization,P3 - improve,Privacy,No privacy notice / link at the lead form,Forms that collect personal data should tell visitors how it is used (GDPR / privacy laws).,(no 'privacy' text or link in or next to the form),A short notice with a link to the privacy policy at the form,Add the notice under the submit button.,form #2 (lead) form.flex.flex-1.flex-col 'Full Name Work Email Phone (Optio,,200,yes,Forms Report
http://localhost:3000/technologies/content-marketing-services,Optimization,P3 - improve,Spam,No spam protection on the form,Without a CAPTCHA or honeypot the form will collect spam.,no reCAPTCHA / hCaptcha / Turnstile / honeypot field found,a CAPTCHA or a hidden honeypot field,Configure the CAPTCHA key for this environment or add a honeypot field.,form #1 (lead) form.space-y-4 'Full Name * Email Address * Phone * Serv',,200,yes,Forms Report
http://localhost:3000/technologies/content-marketing-services,Optimization,P3 - improve,Spam,No spam protection on the form,Without a CAPTCHA or honeypot the form will collect spam.,no reCAPTCHA / hCaptcha / Turnstile / honeypot field found,a CAPTCHA or a hidden honeypot field,Configure the CAPTCHA key for this environment or add a honeypot field.,form #2 (lead) form.flex.flex-1.flex-col 'Full Name Work Email Phone (Optio,,200,yes,Forms Report
http://localhost:3000/technologies/contentful-development,Optimization,P3 - improve,Privacy,No privacy notice / link at the lead form,Forms that collect personal data should tell visitors how it is used (GDPR / privacy laws).,(no 'privacy' text or link in or next to the form),A short notice with a link to the privacy policy at the form,Add the notice under the submit button.,form #1 (lead) form.space-y-4 'Full Name * Email Address * Phone * Serv',,200,yes,Forms Report
http://localhost:3000/technologies/contentful-development,Optimization,P3 - improve,Privacy,No privacy notice / link at the lead form,Forms that collect personal data should tell visitors how it is used (GDPR / privacy laws).,(no 'privacy' text or link in or next to the form),A short notice with a link to the privacy policy at the form,Add the notice under the submit button.,form #2 (lead) form.flex.flex-1.flex-col 'Full Name Work Email Phone (Optio,,200,yes,Forms Report
http://localhost:3000/technologies/contentful-development,Optimization,P3 - improve,Spam,No spam protection on the form,Without a CAPTCHA or honeypot the form will collect spam.,no reCAPTCHA / hCaptcha / Turnstile / honeypot field found,a CAPTCHA or a hidden honeypot field,Configure the CAPTCHA key for this environment or add a honeypot field.,form #1 (lead) form.space-y-4 'Full Name * Email Address * Phone * Serv',,200,yes,Forms Report
http://localhost:3000/technologies/contentful-development,Optimization,P3 - improve,Spam,No spam protection on the form,Without a CAPTCHA or honeypot the form will collect spam.,no reCAPTCHA / hCaptcha / Turnstile / honeypot field found,a CAPTCHA or a hidden honeypot field,Configure the CAPTCHA key for this environment or add a honeypot field.,form #2 (lead) form.flex.flex-1.flex-col 'Full Name Work Email Phone (Optio,,200,yes,Forms Report
http://localhost:3000/technologies/conversion-rate-optimization-cro,Optimization,P3 - improve,Privacy,No privacy notice / link at the lead form,Forms that collect personal data should tell visitors how it is used (GDPR / privacy laws).,(no 'privacy' text or link in or next to the form),A short notice with a link to the privacy policy at the form,Add the notice under the submit button.,form #1 (lead) form.space-y-4 'Full Name * Email Address * Phone * Serv',,200,yes,Forms Report
http://localhost:3000/technologies/conversion-rate-optimization-cro,Optimization,P3 - improve,Privacy,No privacy notice / link at the lead form,Forms that collect personal data should tell visitors how it is used (GDPR / privacy laws).,(no 'privacy' text or link in or next to the form),A short notice with a link to the privacy policy at the form,Add the notice under the submit button.,form #2 (lead) form.flex.flex-1.flex-col 'Full Name Work Email Phone (Optio,,200,yes,Forms Report
http://localhost:3000/technologies/conversion-rate-optimization-cro,Optimization,P3 - improve,Spam,No spam protection on the form,Without a CAPTCHA or honeypot the form will collect spam.,no reCAPTCHA / hCaptcha / Turnstile / honeypot field found,a CAPTCHA or a hidden honeypot field,Configure the CAPTCHA key for this environment or add a honeypot field.,form #1 (lead) form.space-y-4 'Full Name * Email Address * Phone * Serv',,200,yes,Forms Report
http://localhost:3000/technologies/conversion-rate-optimization-cro,Optimization,P3 - improve,Spam,No spam protection on the form,Without a CAPTCHA or honeypot the form will collect spam.,no reCAPTCHA / hCaptcha / Turnstile / honeypot field found,a CAPTCHA or a hidden honeypot field,Configure the CAPTCHA key for this environment or add a honeypot field.,form #2 (lead) form.flex.flex-1.flex-col 'Full Name Work Email Phone (Optio,,200,yes,Forms Report
http://localhost:3000/technologies/cro-services,Optimization,P3 - improve,Privacy,No privacy notice / link at the lead form,Forms that collect personal data should tell visitors how it is used (GDPR / privacy laws).,(no 'privacy' text or link in or next to the form),A short notice with a link to the privacy policy at the form,Add the notice under the submit button.,form #1 (lead) form.space-y-4 'Full Name * Email Address * Phone * Serv',,200,yes,Forms Report
http://localhost:3000/technologies/cro-services,Optimization,P3 - improve,Privacy,No privacy notice / link at the lead form,Forms that collect personal data should tell visitors how it is used (GDPR / privacy laws).,(no 'privacy' text or link in or next to the form),A short notice with a link to the privacy policy at the form,Add the notice under the submit button.,form #2 (lead) form.flex.flex-1.flex-col 'Full Name Work Email Phone (Optio,,200,yes,Forms Report
http://localhost:3000/technologies/cro-services,Optimization,P3 - improve,Spam,No spam protection on the form,Without a CAPTCHA or honeypot the form will collect spam.,no reCAPTCHA / hCaptcha / Turnstile / honeypot field found,a CAPTCHA or a hidden honeypot field,Configure the CAPTCHA key for this environment or add a honeypot field.,form #1 (lead) form.space-y-4 'Full Name * Email Address * Phone * Serv',,200,yes,Forms Report
http://localhost:3000/technologies/cro-services,Optimization,P3 - improve,Spam,No spam protection on the form,Without a CAPTCHA or honeypot the form will collect spam.,no reCAPTCHA / hCaptcha / Turnstile / honeypot field found,a CAPTCHA or a hidden honeypot field,Configure the CAPTCHA key for this environment or add a honeypot field.,form #2 (lead) form.flex.flex-1.flex-col 'Full Name Work Email Phone (Optio,,200,yes,Forms Report
http://localhost:3000/technologies/css3-development,Optimization,P3 - improve,Privacy,No privacy notice / link at the lead form,Forms that collect personal data should tell visitors how it is used (GDPR / privacy laws).,(no 'privacy' text or link in or next to the form),A short notice with a link to the privacy policy at the form,Add the notice under the submit button.,form #1 (lead) form.space-y-4 'Full Name * Email Address * Phone * Serv',,200,yes,Forms Report
http://localhost:3000/technologies/css3-development,Optimization,P3 - improve,Privacy,No privacy notice / link at the lead form,Forms that collect personal data should tell visitors how it is used (GDPR / privacy laws).,(no 'privacy' text or link in or next to the form),A short notice with a link to the privacy policy at the form,Add the notice under the submit button.,form #2 (lead) form.flex.flex-1.flex-col 'Full Name Work Email Phone (Optio,,200,yes,Forms Report
http://localhost:3000/technologies/css3-development,Optimization,P3 - improve,Spam,No spam protection on the form,Without a CAPTCHA or honeypot the form will collect spam.,no reCAPTCHA / hCaptcha / Turnstile / honeypot field found,a CAPTCHA or a hidden honeypot field,Configure the CAPTCHA key for this environment or add a honeypot field.,form #1 (lead) form.space-y-4 'Full Name * Email Address * Phone * Serv',,200,yes,Forms Report
http://localhost:3000/technologies/css3-development,Optimization,P3 - improve,Spam,No spam protection on the form,Without a CAPTCHA or honeypot the form will collect spam.,no reCAPTCHA / hCaptcha / Turnstile / honeypot field found,a CAPTCHA or a hidden honeypot field,Configure the CAPTCHA key for this environment or add a honeypot field.,form #2 (lead) form.flex.flex-1.flex-col 'Full Name Work Email Phone (Optio,,200,yes,Forms Report
http://localhost:3000/technologies/custom-ecommerce-development,Optimization,P3 - improve,Privacy,No privacy notice / link at the lead form,Forms that collect personal data should tell visitors how it is used (GDPR / privacy laws).,(no 'privacy' text or link in or next to the form),A short notice with a link to the privacy policy at the form,Add the notice under the submit button.,form #1 (lead) form.space-y-4 'Full Name * Email Address * Phone * Serv',,200,yes,Forms Report
http://localhost:3000/technologies/custom-ecommerce-development,Optimization,P3 - improve,Privacy,No privacy notice / link at the lead form,Forms that collect personal data should tell visitors how it is used (GDPR / privacy laws).,(no 'privacy' text or link in or next to the form),A short notice with a link to the privacy policy at the form,Add the notice under the submit button.,form #2 (lead) form.flex.flex-1.flex-col 'Full Name Work Email Phone (Optio,,200,yes,Forms Report
http://localhost:3000/technologies/custom-ecommerce-development,Optimization,P3 - improve,Spam,No spam protection on the form,Without a CAPTCHA or honeypot the form will collect spam.,no reCAPTCHA / hCaptcha / Turnstile / honeypot field found,a CAPTCHA or a hidden honeypot field,Configure the CAPTCHA key for this environment or add a honeypot field.,form #1 (lead) form.space-y-4 'Full Name * Email Address * Phone * Serv',,200,yes,Forms Report
http://localhost:3000/technologies/custom-ecommerce-development,Optimization,P3 - improve,Spam,No spam protection on the form,Without a CAPTCHA or honeypot the form will collect spam.,no reCAPTCHA / hCaptcha / Turnstile / honeypot field found,a CAPTCHA or a hidden honeypot field,Configure the CAPTCHA key for this environment or add a honeypot field.,form #2 (lead) form.flex.flex-1.flex-col 'Full Name Work Email Phone (Optio,,200,yes,Forms Report
http://localhost:3000/technologies/cypress-testing,Optimization,P3 - improve,Privacy,No privacy notice / link at the lead form,Forms that collect personal data should tell visitors how it is used (GDPR / privacy laws).,(no 'privacy' text or link in or next to the form),A short notice with a link to the privacy policy at the form,Add the notice under the submit button.,form #1 (lead) form.space-y-4 'Full Name * Email Address * Phone * Serv',,200,yes,Forms Report
http://localhost:3000/technologies/cypress-testing,Optimization,P3 - improve,Privacy,No privacy notice / link at the lead form,Forms that collect personal data should tell visitors how it is used (GDPR / privacy laws).,(no 'privacy' text or link in or next to the form),A short notice with a link to the privacy policy at the form,Add the notice under the submit button.,form #2 (lead) form.flex.flex-1.flex-col 'Full Name Work Email Phone (Optio,,200,yes,Forms Report
http://localhost:3000/technologies/cypress-testing,Optimization,P3 - improve,Spam,No spam protection on the form,Without a CAPTCHA or honeypot the form will collect spam.,no reCAPTCHA / hCaptcha / Turnstile / honeypot field found,a CAPTCHA or a hidden honeypot field,Configure the CAPTCHA key for this environment or add a honeypot field.,form #1 (lead) form.space-y-4 'Full Name * Email Address * Phone * Serv',,200,yes,Forms Report
http://localhost:3000/technologies/cypress-testing,Optimization,P3 - improve,Spam,No spam protection on the form,Without a CAPTCHA or honeypot the form will collect spam.,no reCAPTCHA / hCaptcha / Turnstile / honeypot field found,a CAPTCHA or a hidden honeypot field,Configure the CAPTCHA key for this environment or add a honeypot field.,form #2 (lead) form.flex.flex-1.flex-col 'Full Name Work Email Phone (Optio,,200,yes,Forms Report
http://localhost:3000/technologies/deep-learning-development,Optimization,P3 - improve,Privacy,No privacy notice / link at the lead form,Forms that collect personal data should tell visitors how it is used (GDPR / privacy laws).,(no 'privacy' text or link in or next to the form),A short notice with a link to the privacy policy at the form,Add the notice under the submit button.,form #1 (lead) form.space-y-4 'Full Name * Email Address * Phone * Serv',,200,yes,Forms Report
http://localhost:3000/technologies/deep-learning-development,Optimization,P3 - improve,Privacy,No privacy notice / link at the lead form,Forms that collect personal data should tell visitors how it is used (GDPR / privacy laws).,(no 'privacy' text or link in or next to the form),A short notice with a link to the privacy policy at the form,Add the notice under the submit button.,form #2 (lead) form.flex.flex-1.flex-col 'Full Name Work Email Phone (Optio,,200,yes,Forms Report
http://localhost:3000/technologies/deep-learning-development,Optimization,P3 - improve,Spam,No spam protection on the form,Without a CAPTCHA or honeypot the form will collect spam.,no reCAPTCHA / hCaptcha / Turnstile / honeypot field found,a CAPTCHA or a hidden honeypot field,Configure the CAPTCHA key for this environment or add a honeypot field.,form #1 (lead) form.space-y-4 'Full Name * Email Address * Phone * Serv',,200,yes,Forms Report
http://localhost:3000/technologies/deep-learning-development,Optimization,P3 - improve,Spam,No spam protection on the form,Without a CAPTCHA or honeypot the form will collect spam.,no reCAPTCHA / hCaptcha / Turnstile / honeypot field found,a CAPTCHA or a hidden honeypot field,Configure the CAPTCHA key for this environment or add a honeypot field.,form #2 (lead) form.flex.flex-1.flex-col 'Full Name Work Email Phone (Optio,,200,yes,Forms Report
http://localhost:3000/technologies/design-system-development,Optimization,P3 - improve,Privacy,No privacy notice / link at the lead form,Forms that collect personal data should tell visitors how it is used (GDPR / privacy laws).,(no 'privacy' text or link in or next to the form),A short notice with a link to the privacy policy at the form,Add the notice under the submit button.,form #1 (lead) form.space-y-4 'Full Name * Email Address * Phone * Serv',,200,yes,Forms Report
http://localhost:3000/technologies/design-system-development,Optimization,P3 - improve,Privacy,No privacy notice / link at the lead form,Forms that collect personal data should tell visitors how it is used (GDPR / privacy laws).,(no 'privacy' text or link in or next to the form),A short notice with a link to the privacy policy at the form,Add the notice under the submit button.,form #2 (lead) form.flex.flex-1.flex-col 'Full Name Work Email Phone (Optio,,200,yes,Forms Report
http://localhost:3000/technologies/design-system-development,Optimization,P3 - improve,Spam,No spam protection on the form,Without a CAPTCHA or honeypot the form will collect spam.,no reCAPTCHA / hCaptcha / Turnstile / honeypot field found,a CAPTCHA or a hidden honeypot field,Configure the CAPTCHA key for this environment or add a honeypot field.,form #1 (lead) form.space-y-4 'Full Name * Email Address * Phone * Serv',,200,yes,Forms Report
http://localhost:3000/technologies/design-system-development,Optimization,P3 - improve,Spam,No spam protection on the form,Without a CAPTCHA or honeypot the form will collect spam.,no reCAPTCHA / hCaptcha / Turnstile / honeypot field found,a CAPTCHA or a hidden honeypot field,Configure the CAPTCHA key for this environment or add a honeypot field.,form #2 (lead) form.flex.flex-1.flex-col 'Full Name Work Email Phone (Optio,,200,yes,Forms Report
http://localhost:3000/technologies/design-systems,Optimization,P3 - improve,Privacy,No privacy notice / link at the lead form,Forms that collect personal data should tell visitors how it is used (GDPR / privacy laws).,(no 'privacy' text or link in or next to the form),A short notice with a link to the privacy policy at the form,Add the notice under the submit button.,form #1 (lead) form.space-y-4 'Full Name * Email Address * Phone * Serv',,200,yes,Forms Report
http://localhost:3000/technologies/design-systems,Optimization,P3 - improve,Privacy,No privacy notice / link at the lead form,Forms that collect personal data should tell visitors how it is used (GDPR / privacy laws).,(no 'privacy' text or link in or next to the form),A short notice with a link to the privacy policy at the form,Add the notice under the submit button.,form #2 (lead) form.flex.flex-1.flex-col 'Full Name Work Email Phone (Optio,,200,yes,Forms Report
http://localhost:3000/technologies/design-systems,Optimization,P3 - improve,Spam,No spam protection on the form,Without a CAPTCHA or honeypot the form will collect spam.,no reCAPTCHA / hCaptcha / Turnstile / honeypot field found,a CAPTCHA or a hidden honeypot field,Configure the CAPTCHA key for this environment or add a honeypot field.,form #1 (lead) form.space-y-4 'Full Name * Email Address * Phone * Serv',,200,yes,Forms Report
http://localhost:3000/technologies/design-systems,Optimization,P3 - improve,Spam,No spam protection on the form,Without a CAPTCHA or honeypot the form will collect spam.,no reCAPTCHA / hCaptcha / Turnstile / honeypot field found,a CAPTCHA or a hidden honeypot field,Configure the CAPTCHA key for this environment or add a honeypot field.,form #2 (lead) form.flex.flex-1.flex-col 'Full Name Work Email Phone (Optio,,200,yes,Forms Report
http://localhost:3000/technologies/digitalocean-development,Optimization,P3 - improve,Privacy,No privacy notice / link at the lead form,Forms that collect personal data should tell visitors how it is used (GDPR / privacy laws).,(no 'privacy' text or link in or next to the form),A short notice with a link to the privacy policy at the form,Add the notice under the submit button.,form #1 (lead) form.space-y-4 'Full Name * Email Address * Phone * Serv',,200,yes,Forms Report
http://localhost:3000/technologies/digitalocean-development,Optimization,P3 - improve,Privacy,No privacy notice / link at the lead form,Forms that collect personal data should tell visitors how it is used (GDPR / privacy laws).,(no 'privacy' text or link in or next to the form),A short notice with a link to the privacy policy at the form,Add the notice under the submit button.,form #2 (lead) form.flex.flex-1.flex-col 'Full Name Work Email Phone (Optio,,200,yes,Forms Report
http://localhost:3000/technologies/digitalocean-development,Optimization,P3 - improve,Spam,No spam protection on the form,Without a CAPTCHA or honeypot the form will collect spam.,no reCAPTCHA / hCaptcha / Turnstile / honeypot field found,a CAPTCHA or a hidden honeypot field,Configure the CAPTCHA key for this environment or add a honeypot field.,form #1 (lead) form.space-y-4 'Full Name * Email Address * Phone * Serv',,200,yes,Forms Report
http://localhost:3000/technologies/digitalocean-development,Optimization,P3 - improve,Spam,No spam protection on the form,Without a CAPTCHA or honeypot the form will collect spam.,no reCAPTCHA / hCaptcha / Turnstile / honeypot field found,a CAPTCHA or a hidden honeypot field,Configure the CAPTCHA key for this environment or add a honeypot field.,form #2 (lead) form.flex.flex-1.flex-col 'Full Name Work Email Phone (Optio,,200,yes,Forms Report
http://localhost:3000/technologies/django-development,Optimization,P3 - improve,Privacy,No privacy notice / link at the lead form,Forms that collect personal data should tell visitors how it is used (GDPR / privacy laws).,(no 'privacy' text or link in or next to the form),A short notice with a link to the privacy policy at the form,Add the notice under the submit button.,form #1 (lead) form.space-y-4 'Full Name * Email Address * Phone * Serv',,200,yes,Forms Report
http://localhost:3000/technologies/django-development,Optimization,P3 - improve,Privacy,No privacy notice / link at the lead form,Forms that collect personal data should tell visitors how it is used (GDPR / privacy laws).,(no 'privacy' text or link in or next to the form),A short notice with a link to the privacy policy at the form,Add the notice under the submit button.,form #2 (lead) form.flex.flex-1.flex-col 'Full Name Work Email Phone (Optio,,200,yes,Forms Report
http://localhost:3000/technologies/django-development,Optimization,P3 - improve,Spam,No spam protection on the form,Without a CAPTCHA or honeypot the form will collect spam.,no reCAPTCHA / hCaptcha / Turnstile / honeypot field found,a CAPTCHA or a hidden honeypot field,Configure the CAPTCHA key for this environment or add a honeypot field.,form #1 (lead) form.space-y-4 'Full Name * Email Address * Phone * Serv',,200,yes,Forms Report
http://localhost:3000/technologies/django-development,Optimization,P3 - improve,Spam,No spam protection on the form,Without a CAPTCHA or honeypot the form will collect spam.,no reCAPTCHA / hCaptcha / Turnstile / honeypot field found,a CAPTCHA or a hidden honeypot field,Configure the CAPTCHA key for this environment or add a honeypot field.,form #2 (lead) form.flex.flex-1.flex-col 'Full Name Work Email Phone (Optio,,200,yes,Forms Report
http://localhost:3000/technologies/docker-development,Optimization,P3 - improve,Privacy,No privacy notice / link at the lead form,Forms that collect personal data should tell visitors how it is used (GDPR / privacy laws).,(no 'privacy' text or link in or next to the form),A short notice with a link to the privacy policy at the form,Add the notice under the submit button.,form #1 (lead) form.space-y-4 'Full Name * Email Address * Phone * Serv',,200,yes,Forms Report
http://localhost:3000/technologies/docker-development,Optimization,P3 - improve,Privacy,No privacy notice / link at the lead form,Forms that collect personal data should tell visitors how it is used (GDPR / privacy laws).,(no 'privacy' text or link in or next to the form),A short notice with a link to the privacy policy at the form,Add the notice under the submit button.,form #2 (lead) form.flex.flex-1.flex-col 'Full Name Work Email Phone (Optio,,200,yes,Forms Report
http://localhost:3000/technologies/docker-development,Optimization,P3 - improve,Spam,No spam protection on the form,Without a CAPTCHA or honeypot the form will collect spam.,no reCAPTCHA / hCaptcha / Turnstile / honeypot field found,a CAPTCHA or a hidden honeypot field,Configure the CAPTCHA key for this environment or add a honeypot field.,form #1 (lead) form.space-y-4 'Full Name * Email Address * Phone * Serv',,200,yes,Forms Report
http://localhost:3000/technologies/docker-development,Optimization,P3 - improve,Spam,No spam protection on the form,Without a CAPTCHA or honeypot the form will collect spam.,no reCAPTCHA / hCaptcha / Turnstile / honeypot field found,a CAPTCHA or a hidden honeypot field,Configure the CAPTCHA key for this environment or add a honeypot field.,form #2 (lead) form.flex.flex-1.flex-col 'Full Name Work Email Phone (Optio,,200,yes,Forms Report
http://localhost:3000/technologies/dotnet-maui-development,Optimization,P3 - improve,Privacy,No privacy notice / link at the lead form,Forms that collect personal data should tell visitors how it is used (GDPR / privacy laws).,(no 'privacy' text or link in or next to the form),A short notice with a link to the privacy policy at the form,Add the notice under the submit button.,form #1 (lead) form.space-y-4 'Full Name * Email Address * Phone * Serv',,200,yes,Forms Report
http://localhost:3000/technologies/dotnet-maui-development,Optimization,P3 - improve,Privacy,No privacy notice / link at the lead form,Forms that collect personal data should tell visitors how it is used (GDPR / privacy laws).,(no 'privacy' text or link in or next to the form),A short notice with a link to the privacy policy at the form,Add the notice under the submit button.,form #2 (lead) form.flex.flex-1.flex-col 'Full Name Work Email Phone (Optio,,200,yes,Forms Report
http://localhost:3000/technologies/dotnet-maui-development,Optimization,P3 - improve,Spam,No spam protection on the form,Without a CAPTCHA or honeypot the form will collect spam.,no reCAPTCHA / hCaptcha / Turnstile / honeypot field found,a CAPTCHA or a hidden honeypot field,Configure the CAPTCHA key for this environment or add a honeypot field.,form #1 (lead) form.space-y-4 'Full Name * Email Address * Phone * Serv',,200,yes,Forms Report
http://localhost:3000/technologies/dotnet-maui-development,Optimization,P3 - improve,Spam,No spam protection on the form,Without a CAPTCHA or honeypot the form will collect spam.,no reCAPTCHA / hCaptcha / Turnstile / honeypot field found,a CAPTCHA or a hidden honeypot field,Configure the CAPTCHA key for this environment or add a honeypot field.,form #2 (lead) form.flex.flex-1.flex-col 'Full Name Work Email Phone (Optio,,200,yes,Forms Report
http://localhost:3000/technologies/drupal-development,Optimization,P3 - improve,Privacy,No privacy notice / link at the lead form,Forms that collect personal data should tell visitors how it is used (GDPR / privacy laws).,(no 'privacy' text or link in or next to the form),A short notice with a link to the privacy policy at the form,Add the notice under the submit button.,form #1 (lead) form.space-y-4 'Full Name * Email Address * Phone * Serv',,200,yes,Forms Report
http://localhost:3000/technologies/drupal-development,Optimization,P3 - improve,Privacy,No privacy notice / link at the lead form,Forms that collect personal data should tell visitors how it is used (GDPR / privacy laws).,(no 'privacy' text or link in or next to the form),A short notice with a link to the privacy policy at the form,Add the notice under the submit button.,form #2 (lead) form.flex.flex-1.flex-col 'Full Name Work Email Phone (Optio,,200,yes,Forms Report
http://localhost:3000/technologies/drupal-development,Optimization,P3 - improve,Spam,No spam protection on the form,Without a CAPTCHA or honeypot the form will collect spam.,no reCAPTCHA / hCaptcha / Turnstile / honeypot field found,a CAPTCHA or a hidden honeypot field,Configure the CAPTCHA key for this environment or add a honeypot field.,form #1 (lead) form.space-y-4 'Full Name * Email Address * Phone * Serv',,200,yes,Forms Report
http://localhost:3000/technologies/drupal-development,Optimization,P3 - improve,Spam,No spam protection on the form,Without a CAPTCHA or honeypot the form will collect spam.,no reCAPTCHA / hCaptcha / Turnstile / honeypot field found,a CAPTCHA or a hidden honeypot field,Configure the CAPTCHA key for this environment or add a honeypot field.,form #2 (lead) form.flex.flex-1.flex-col 'Full Name Work Email Phone (Optio,,200,yes,Forms Report
http://localhost:3000/technologies/dynamodb-development,Optimization,P3 - improve,Privacy,No privacy notice / link at the lead form,Forms that collect personal data should tell visitors how it is used (GDPR / privacy laws).,(no 'privacy' text or link in or next to the form),A short notice with a link to the privacy policy at the form,Add the notice under the submit button.,form #1 (lead) form.space-y-4 'Full Name * Email Address * Phone * Serv',,200,yes,Forms Report
http://localhost:3000/technologies/dynamodb-development,Optimization,P3 - improve,Privacy,No privacy notice / link at the lead form,Forms that collect personal data should tell visitors how it is used (GDPR / privacy laws).,(no 'privacy' text or link in or next to the form),A short notice with a link to the privacy policy at the form,Add the notice under the submit button.,form #2 (lead) form.flex.flex-1.flex-col 'Full Name Work Email Phone (Optio,,200,yes,Forms Report
http://localhost:3000/technologies/dynamodb-development,Optimization,P3 - improve,Spam,No spam protection on the form,Without a CAPTCHA or honeypot the form will collect spam.,no reCAPTCHA / hCaptcha / Turnstile / honeypot field found,a CAPTCHA or a hidden honeypot field,Configure the CAPTCHA key for this environment or add a honeypot field.,form #1 (lead) form.space-y-4 'Full Name * Email Address * Phone * Serv',,200,yes,Forms Report
http://localhost:3000/technologies/dynamodb-development,Optimization,P3 - improve,Spam,No spam protection on the form,Without a CAPTCHA or honeypot the form will collect spam.,no reCAPTCHA / hCaptcha / Turnstile / honeypot field found,a CAPTCHA or a hidden honeypot field,Configure the CAPTCHA key for this environment or add a honeypot field.,form #2 (lead) form.flex.flex-1.flex-col 'Full Name Work Email Phone (Optio,,200,yes,Forms Report
http://localhost:3000/technologies/e-commerce-marketing,Optimization,P3 - improve,Privacy,No privacy notice / link at the lead form,Forms that collect personal data should tell visitors how it is used (GDPR / privacy laws).,(no 'privacy' text or link in or next to the form),A short notice with a link to the privacy policy at the form,Add the notice under the submit button.,form #1 (lead) form.space-y-4 'Full Name * Email Address * Phone * Serv',,200,yes,Forms Report
http://localhost:3000/technologies/e-commerce-marketing,Optimization,P3 - improve,Privacy,No privacy notice / link at the lead form,Forms that collect personal data should tell visitors how it is used (GDPR / privacy laws).,(no 'privacy' text or link in or next to the form),A short notice with a link to the privacy policy at the form,Add the notice under the submit button.,form #2 (lead) form.flex.flex-1.flex-col 'Full Name Work Email Phone (Optio,,200,yes,Forms Report
http://localhost:3000/technologies/e-commerce-marketing,Optimization,P3 - improve,Spam,No spam protection on the form,Without a CAPTCHA or honeypot the form will collect spam.,no reCAPTCHA / hCaptcha / Turnstile / honeypot field found,a CAPTCHA or a hidden honeypot field,Configure the CAPTCHA key for this environment or add a honeypot field.,form #1 (lead) form.space-y-4 'Full Name * Email Address * Phone * Serv',,200,yes,Forms Report
http://localhost:3000/technologies/e-commerce-marketing,Optimization,P3 - improve,Spam,No spam protection on the form,Without a CAPTCHA or honeypot the form will collect spam.,no reCAPTCHA / hCaptcha / Turnstile / honeypot field found,a CAPTCHA or a hidden honeypot field,Configure the CAPTCHA key for this environment or add a honeypot field.,form #2 (lead) form.flex.flex-1.flex-col 'Full Name Work Email Phone (Optio,,200,yes,Forms Report
http://localhost:3000/technologies/e2e-testing,Optimization,P3 - improve,Privacy,No privacy notice / link at the lead form,Forms that collect personal data should tell visitors how it is used (GDPR / privacy laws).,(no 'privacy' text or link in or next to the form),A short notice with a link to the privacy policy at the form,Add the notice under the submit button.,form #1 (lead) form.space-y-4 'Full Name * Email Address * Phone * Serv',,200,yes,Forms Report
http://localhost:3000/technologies/e2e-testing,Optimization,P3 - improve,Privacy,No privacy notice / link at the lead form,Forms that collect personal data should tell visitors how it is used (GDPR / privacy laws).,(no 'privacy' text or link in or next to the form),A short notice with a link to the privacy policy at the form,Add the notice under the submit button.,form #2 (lead) form.flex.flex-1.flex-col 'Full Name Work Email Phone (Optio,,200,yes,Forms Report
http://localhost:3000/technologies/e2e-testing,Optimization,P3 - improve,Spam,No spam protection on the form,Without a CAPTCHA or honeypot the form will collect spam.,no reCAPTCHA / hCaptcha / Turnstile / honeypot field found,a CAPTCHA or a hidden honeypot field,Configure the CAPTCHA key for this environment or add a honeypot field.,form #1 (lead) form.space-y-4 'Full Name * Email Address * Phone * Serv',,200,yes,Forms Report
http://localhost:3000/technologies/e2e-testing,Optimization,P3 - improve,Spam,No spam protection on the form,Without a CAPTCHA or honeypot the form will collect spam.,no reCAPTCHA / hCaptcha / Turnstile / honeypot field found,a CAPTCHA or a hidden honeypot field,Configure the CAPTCHA key for this environment or add a honeypot field.,form #2 (lead) form.flex.flex-1.flex-col 'Full Name Work Email Phone (Optio,,200,yes,Forms Report
http://localhost:3000/technologies/elasticsearch-development,Optimization,P3 - improve,Privacy,No privacy notice / link at the lead form,Forms that collect personal data should tell visitors how it is used (GDPR / privacy laws).,(no 'privacy' text or link in or next to the form),A short notice with a link to the privacy policy at the form,Add the notice under the submit button.,form #1 (lead) form.space-y-4 'Full Name * Email Address * Phone * Serv',,200,yes,Forms Report
http://localhost:3000/technologies/elasticsearch-development,Optimization,P3 - improve,Privacy,No privacy notice / link at the lead form,Forms that collect personal data should tell visitors how it is used (GDPR / privacy laws).,(no 'privacy' text or link in or next to the form),A short notice with a link to the privacy policy at the form,Add the notice under the submit button.,form #2 (lead) form.flex.flex-1.flex-col 'Full Name Work Email Phone (Optio,,200,yes,Forms Report
http://localhost:3000/technologies/elasticsearch-development,Optimization,P3 - improve,Spam,No spam protection on the form,Without a CAPTCHA or honeypot the form will collect spam.,no reCAPTCHA / hCaptcha / Turnstile / honeypot field found,a CAPTCHA or a hidden honeypot field,Configure the CAPTCHA key for this environment or add a honeypot field.,form #1 (lead) form.space-y-4 'Full Name * Email Address * Phone * Serv',,200,yes,Forms Report
http://localhost:3000/technologies/elasticsearch-development,Optimization,P3 - improve,Spam,No spam protection on the form,Without a CAPTCHA or honeypot the form will collect spam.,no reCAPTCHA / hCaptcha / Turnstile / honeypot field found,a CAPTCHA or a hidden honeypot field,Configure the CAPTCHA key for this environment or add a honeypot field.,form #2 (lead) form.flex.flex-1.flex-col 'Full Name Work Email Phone (Optio,,200,yes,Forms Report
http://localhost:3000/technologies/email-marketing,Optimization,P3 - improve,Privacy,No privacy notice / link at the lead form,Forms that collect personal data should tell visitors how it is used (GDPR / privacy laws).,(no 'privacy' text or link in or next to the form),A short notice with a link to the privacy policy at the form,Add the notice under the submit button.,form #1 (lead) form.space-y-4 'Full Name * Email Address * Phone * Serv',,200,yes,Forms Report
http://localhost:3000/technologies/email-marketing,Optimization,P3 - improve,Privacy,No privacy notice / link at the lead form,Forms that collect personal data should tell visitors how it is used (GDPR / privacy laws).,(no 'privacy' text or link in or next to the form),A short notice with a link to the privacy policy at the form,Add the notice under the submit button.,form #2 (lead) form.flex.flex-1.flex-col 'Full Name Work Email Phone (Optio,,200,yes,Forms Report
http://localhost:3000/technologies/email-marketing,Optimization,P3 - improve,Spam,No spam protection on the form,Without a CAPTCHA or honeypot the form will collect spam.,no reCAPTCHA / hCaptcha / Turnstile / honeypot field found,a CAPTCHA or a hidden honeypot field,Configure the CAPTCHA key for this environment or add a honeypot field.,form #1 (lead) form.space-y-4 'Full Name * Email Address * Phone * Serv',,200,yes,Forms Report
http://localhost:3000/technologies/email-marketing,Optimization,P3 - improve,Spam,No spam protection on the form,Without a CAPTCHA or honeypot the form will collect spam.,no reCAPTCHA / hCaptcha / Turnstile / honeypot field found,a CAPTCHA or a hidden honeypot field,Configure the CAPTCHA key for this environment or add a honeypot field.,form #2 (lead) form.flex.flex-1.flex-col 'Full Name Work Email Phone (Optio,,200,yes,Forms Report
http://localhost:3000/technologies/email-marketing-services,Optimization,P3 - improve,Privacy,No privacy notice / link at the lead form,Forms that collect personal data should tell visitors how it is used (GDPR / privacy laws).,(no 'privacy' text or link in or next to the form),A short notice with a link to the privacy policy at the form,Add the notice under the submit button.,form #1 (lead) form.space-y-4 'Full Name * Email Address * Phone * Serv',,200,yes,Forms Report
http://localhost:3000/technologies/email-marketing-services,Optimization,P3 - improve,Privacy,No privacy notice / link at the lead form,Forms that collect personal data should tell visitors how it is used (GDPR / privacy laws).,(no 'privacy' text or link in or next to the form),A short notice with a link to the privacy policy at the form,Add the notice under the submit button.,form #2 (lead) form.flex.flex-1.flex-col 'Full Name Work Email Phone (Optio,,200,yes,Forms Report
http://localhost:3000/technologies/email-marketing-services,Optimization,P3 - improve,Spam,No spam protection on the form,Without a CAPTCHA or honeypot the form will collect spam.,no reCAPTCHA / hCaptcha / Turnstile / honeypot field found,a CAPTCHA or a hidden honeypot field,Configure the CAPTCHA key for this environment or add a honeypot field.,form #1 (lead) form.space-y-4 'Full Name * Email Address * Phone * Serv',,200,yes,Forms Report
http://localhost:3000/technologies/email-marketing-services,Optimization,P3 - improve,Spam,No spam protection on the form,Without a CAPTCHA or honeypot the form will collect spam.,no reCAPTCHA / hCaptcha / Turnstile / honeypot field found,a CAPTCHA or a hidden honeypot field,Configure the CAPTCHA key for this environment or add a honeypot field.,form #2 (lead) form.flex.flex-1.flex-col 'Full Name Work Email Phone (Optio,,200,yes,Forms Report
http://localhost:3000/technologies/expo-development,Optimization,P3 - improve,Privacy,No privacy notice / link at the lead form,Forms that collect personal data should tell visitors how it is used (GDPR / privacy laws).,(no 'privacy' text or link in or next to the form),A short notice with a link to the privacy policy at the form,Add the notice under the submit button.,form #1 (lead) form.space-y-4 'Full Name * Email Address * Phone * Serv',,200,yes,Forms Report
http://localhost:3000/technologies/expo-development,Optimization,P3 - improve,Privacy,No privacy notice / link at the lead form,Forms that collect personal data should tell visitors how it is used (GDPR / privacy laws).,(no 'privacy' text or link in or next to the form),A short notice with a link to the privacy policy at the form,Add the notice under the submit button.,form #2 (lead) form.flex.flex-1.flex-col 'Full Name Work Email Phone (Optio,,200,yes,Forms Report
http://localhost:3000/technologies/expo-development,Optimization,P3 - improve,Spam,No spam protection on the form,Without a CAPTCHA or honeypot the form will collect spam.,no reCAPTCHA / hCaptcha / Turnstile / honeypot field found,a CAPTCHA or a hidden honeypot field,Configure the CAPTCHA key for this environment or add a honeypot field.,form #1 (lead) form.space-y-4 'Full Name * Email Address * Phone * Serv',,200,yes,Forms Report
http://localhost:3000/technologies/expo-development,Optimization,P3 - improve,Spam,No spam protection on the form,Without a CAPTCHA or honeypot the form will collect spam.,no reCAPTCHA / hCaptcha / Turnstile / honeypot field found,a CAPTCHA or a hidden honeypot field,Configure the CAPTCHA key for this environment or add a honeypot field.,form #2 (lead) form.flex.flex-1.flex-col 'Full Name Work Email Phone (Optio,,200,yes,Forms Report
http://localhost:3000/technologies/expressjs-development,Optimization,P3 - improve,Privacy,No privacy notice / link at the lead form,Forms that collect personal data should tell visitors how it is used (GDPR / privacy laws).,(no 'privacy' text or link in or next to the form),A short notice with a link to the privacy policy at the form,Add the notice under the submit button.,form #1 (lead) form.space-y-4 'Full Name * Email Address * Phone * Serv',,200,yes,Forms Report
http://localhost:3000/technologies/expressjs-development,Optimization,P3 - improve,Privacy,No privacy notice / link at the lead form,Forms that collect personal data should tell visitors how it is used (GDPR / privacy laws).,(no 'privacy' text or link in or next to the form),A short notice with a link to the privacy policy at the form,Add the notice under the submit button.,form #2 (lead) form.flex.flex-1.flex-col 'Full Name Work Email Phone (Optio,,200,yes,Forms Report
http://localhost:3000/technologies/expressjs-development,Optimization,P3 - improve,Spam,No spam protection on the form,Without a CAPTCHA or honeypot the form will collect spam.,no reCAPTCHA / hCaptcha / Turnstile / honeypot field found,a CAPTCHA or a hidden honeypot field,Configure the CAPTCHA key for this environment or add a honeypot field.,form #1 (lead) form.space-y-4 'Full Name * Email Address * Phone * Serv',,200,yes,Forms Report
http://localhost:3000/technologies/expressjs-development,Optimization,P3 - improve,Spam,No spam protection on the form,Without a CAPTCHA or honeypot the form will collect spam.,no reCAPTCHA / hCaptcha / Turnstile / honeypot field found,a CAPTCHA or a hidden honeypot field,Configure the CAPTCHA key for this environment or add a honeypot field.,form #2 (lead) form.flex.flex-1.flex-col 'Full Name Work Email Phone (Optio,,200,yes,Forms Report
http://localhost:3000/technologies/fastapi-development,Optimization,P3 - improve,Privacy,No privacy notice / link at the lead form,Forms that collect personal data should tell visitors how it is used (GDPR / privacy laws).,(no 'privacy' text or link in or next to the form),A short notice with a link to the privacy policy at the form,Add the notice under the submit button.,form #1 (lead) form.space-y-4 'Full Name * Email Address * Phone * Serv',,200,yes,Forms Report
http://localhost:3000/technologies/fastapi-development,Optimization,P3 - improve,Privacy,No privacy notice / link at the lead form,Forms that collect personal data should tell visitors how it is used (GDPR / privacy laws).,(no 'privacy' text or link in or next to the form),A short notice with a link to the privacy policy at the form,Add the notice under the submit button.,form #2 (lead) form.flex.flex-1.flex-col 'Full Name Work Email Phone (Optio,,200,yes,Forms Report
http://localhost:3000/technologies/fastapi-development,Optimization,P3 - improve,Spam,No spam protection on the form,Without a CAPTCHA or honeypot the form will collect spam.,no reCAPTCHA / hCaptcha / Turnstile / honeypot field found,a CAPTCHA or a hidden honeypot field,Configure the CAPTCHA key for this environment or add a honeypot field.,form #1 (lead) form.space-y-4 'Full Name * Email Address * Phone * Serv',,200,yes,Forms Report
http://localhost:3000/technologies/fastapi-development,Optimization,P3 - improve,Spam,No spam protection on the form,Without a CAPTCHA or honeypot the form will collect spam.,no reCAPTCHA / hCaptcha / Turnstile / honeypot field found,a CAPTCHA or a hidden honeypot field,Configure the CAPTCHA key for this environment or add a honeypot field.,form #2 (lead) form.flex.flex-1.flex-col 'Full Name Work Email Phone (Optio,,200,yes,Forms Report
http://localhost:3000/technologies/figma-design,Optimization,P3 - improve,Privacy,No privacy notice / link at the lead form,Forms that collect personal data should tell visitors how it is used (GDPR / privacy laws).,(no 'privacy' text or link in or next to the form),A short notice with a link to the privacy policy at the form,Add the notice under the submit button.,form #1 (lead) form.space-y-4 'Full Name * Email Address * Phone * Serv',,200,yes,Forms Report
http://localhost:3000/technologies/figma-design,Optimization,P3 - improve,Privacy,No privacy notice / link at the lead form,Forms that collect personal data should tell visitors how it is used (GDPR / privacy laws).,(no 'privacy' text or link in or next to the form),A short notice with a link to the privacy policy at the form,Add the notice under the submit button.,form #2 (lead) form.flex.flex-1.flex-col 'Full Name Work Email Phone (Optio,,200,yes,Forms Report
http://localhost:3000/technologies/figma-design,Optimization,P3 - improve,Spam,No spam protection on the form,Without a CAPTCHA or honeypot the form will collect spam.,no reCAPTCHA / hCaptcha / Turnstile / honeypot field found,a CAPTCHA or a hidden honeypot field,Configure the CAPTCHA key for this environment or add a honeypot field.,form #1 (lead) form.space-y-4 'Full Name * Email Address * Phone * Serv',,200,yes,Forms Report
http://localhost:3000/technologies/figma-design,Optimization,P3 - improve,Spam,No spam protection on the form,Without a CAPTCHA or honeypot the form will collect spam.,no reCAPTCHA / hCaptcha / Turnstile / honeypot field found,a CAPTCHA or a hidden honeypot field,Configure the CAPTCHA key for this environment or add a honeypot field.,form #2 (lead) form.flex.flex-1.flex-col 'Full Name Work Email Phone (Optio,,200,yes,Forms Report
http://localhost:3000/technologies/firebase-cloud-development,Optimization,P3 - improve,Privacy,No privacy notice / link at the lead form,Forms that collect personal data should tell visitors how it is used (GDPR / privacy laws).,(no 'privacy' text or link in or next to the form),A short notice with a link to the privacy policy at the form,Add the notice under the submit button.,form #1 (lead) form.space-y-4 'Full Name * Email Address * Phone * Serv',,200,yes,Forms Report
http://localhost:3000/technologies/firebase-cloud-development,Optimization,P3 - improve,Privacy,No privacy notice / link at the lead form,Forms that collect personal data should tell visitors how it is used (GDPR / privacy laws).,(no 'privacy' text or link in or next to the form),A short notice with a link to the privacy policy at the form,Add the notice under the submit button.,form #2 (lead) form.flex.flex-1.flex-col 'Full Name Work Email Phone (Optio,,200,yes,Forms Report
http://localhost:3000/technologies/firebase-cloud-development,Optimization,P3 - improve,Spam,No spam protection on the form,Without a CAPTCHA or honeypot the form will collect spam.,no reCAPTCHA / hCaptcha / Turnstile / honeypot field found,a CAPTCHA or a hidden honeypot field,Configure the CAPTCHA key for this environment or add a honeypot field.,form #1 (lead) form.space-y-4 'Full Name * Email Address * Phone * Serv',,200,yes,Forms Report
http://localhost:3000/technologies/firebase-cloud-development,Optimization,P3 - improve,Spam,No spam protection on the form,Without a CAPTCHA or honeypot the form will collect spam.,no reCAPTCHA / hCaptcha / Turnstile / honeypot field found,a CAPTCHA or a hidden honeypot field,Configure the CAPTCHA key for this environment or add a honeypot field.,form #2 (lead) form.flex.flex-1.flex-col 'Full Name Work Email Phone (Optio,,200,yes,Forms Report
http://localhost:3000/technologies/firebase-development,Optimization,P3 - improve,Privacy,No privacy notice / link at the lead form,Forms that collect personal data should tell visitors how it is used (GDPR / privacy laws).,(no 'privacy' text or link in or next to the form),A short notice with a link to the privacy policy at the form,Add the notice under the submit button.,form #1 (lead) form.space-y-4 'Full Name * Email Address * Phone * Serv',,200,yes,Forms Report
http://localhost:3000/technologies/firebase-development,Optimization,P3 - improve,Privacy,No privacy notice / link at the lead form,Forms that collect personal data should tell visitors how it is used (GDPR / privacy laws).,(no 'privacy' text or link in or next to the form),A short notice with a link to the privacy policy at the form,Add the notice under the submit button.,form #2 (lead) form.flex.flex-1.flex-col 'Full Name Work Email Phone (Optio,,200,yes,Forms Report
http://localhost:3000/technologies/firebase-development,Optimization,P3 - improve,Spam,No spam protection on the form,Without a CAPTCHA or honeypot the form will collect spam.,no reCAPTCHA / hCaptcha / Turnstile / honeypot field found,a CAPTCHA or a hidden honeypot field,Configure the CAPTCHA key for this environment or add a honeypot field.,form #1 (lead) form.space-y-4 'Full Name * Email Address * Phone * Serv',,200,yes,Forms Report
http://localhost:3000/technologies/firebase-development,Optimization,P3 - improve,Spam,No spam protection on the form,Without a CAPTCHA or honeypot the form will collect spam.,no reCAPTCHA / hCaptcha / Turnstile / honeypot field found,a CAPTCHA or a hidden honeypot field,Configure the CAPTCHA key for this environment or add a honeypot field.,form #2 (lead) form.flex.flex-1.flex-col 'Full Name Work Email Phone (Optio,,200,yes,Forms Report
http://localhost:3000/technologies/flask-development,Optimization,P3 - improve,Privacy,No privacy notice / link at the lead form,Forms that collect personal data should tell visitors how it is used (GDPR / privacy laws).,(no 'privacy' text or link in or next to the form),A short notice with a link to the privacy policy at the form,Add the notice under the submit button.,form #1 (lead) form.space-y-4 'Full Name * Email Address * Phone * Serv',,200,yes,Forms Report
http://localhost:3000/technologies/flask-development,Optimization,P3 - improve,Privacy,No privacy notice / link at the lead form,Forms that collect personal data should tell visitors how it is used (GDPR / privacy laws).,(no 'privacy' text or link in or next to the form),A short notice with a link to the privacy policy at the form,Add the notice under the submit button.,form #2 (lead) form.flex.flex-1.flex-col 'Full Name Work Email Phone (Optio,,200,yes,Forms Report
http://localhost:3000/technologies/flask-development,Optimization,P3 - improve,Spam,No spam protection on the form,Without a CAPTCHA or honeypot the form will collect spam.,no reCAPTCHA / hCaptcha / Turnstile / honeypot field found,a CAPTCHA or a hidden honeypot field,Configure the CAPTCHA key for this environment or add a honeypot field.,form #1 (lead) form.space-y-4 'Full Name * Email Address * Phone * Serv',,200,yes,Forms Report
http://localhost:3000/technologies/flask-development,Optimization,P3 - improve,Spam,No spam protection on the form,Without a CAPTCHA or honeypot the form will collect spam.,no reCAPTCHA / hCaptcha / Turnstile / honeypot field found,a CAPTCHA or a hidden honeypot field,Configure the CAPTCHA key for this environment or add a honeypot field.,form #2 (lead) form.flex.flex-1.flex-col 'Full Name Work Email Phone (Optio,,200,yes,Forms Report
http://localhost:3000/technologies/flutter-development,Optimization,P3 - improve,Privacy,No privacy notice / link at the lead form,Forms that collect personal data should tell visitors how it is used (GDPR / privacy laws).,(no 'privacy' text or link in or next to the form),A short notice with a link to the privacy policy at the form,Add the notice under the submit button.,form #1 (lead) form.space-y-4 'Full Name * Email Address * Phone * Serv',,200,yes,Forms Report
http://localhost:3000/technologies/flutter-development,Optimization,P3 - improve,Privacy,No privacy notice / link at the lead form,Forms that collect personal data should tell visitors how it is used (GDPR / privacy laws).,(no 'privacy' text or link in or next to the form),A short notice with a link to the privacy policy at the form,Add the notice under the submit button.,form #2 (lead) form.flex.flex-1.flex-col 'Full Name Work Email Phone (Optio,,200,yes,Forms Report
http://localhost:3000/technologies/flutter-development,Optimization,P3 - improve,Spam,No spam protection on the form,Without a CAPTCHA or honeypot the form will collect spam.,no reCAPTCHA / hCaptcha / Turnstile / honeypot field found,a CAPTCHA or a hidden honeypot field,Configure the CAPTCHA key for this environment or add a honeypot field.,form #1 (lead) form.space-y-4 'Full Name * Email Address * Phone * Serv',,200,yes,Forms Report
http://localhost:3000/technologies/flutter-development,Optimization,P3 - improve,Spam,No spam protection on the form,Without a CAPTCHA or honeypot the form will collect spam.,no reCAPTCHA / hCaptcha / Turnstile / honeypot field found,a CAPTCHA or a hidden honeypot field,Configure the CAPTCHA key for this environment or add a honeypot field.,form #2 (lead) form.flex.flex-1.flex-col 'Full Name Work Email Phone (Optio,,200,yes,Forms Report
http://localhost:3000/technologies/framer-development,Optimization,P3 - improve,Privacy,No privacy notice / link at the lead form,Forms that collect personal data should tell visitors how it is used (GDPR / privacy laws).,(no 'privacy' text or link in or next to the form),A short notice with a link to the privacy policy at the form,Add the notice under the submit button.,form #1 (lead) form.space-y-4 'Full Name * Email Address * Phone * Serv',,200,yes,Forms Report
http://localhost:3000/technologies/framer-development,Optimization,P3 - improve,Privacy,No privacy notice / link at the lead form,Forms that collect personal data should tell visitors how it is used (GDPR / privacy laws).,(no 'privacy' text or link in or next to the form),A short notice with a link to the privacy policy at the form,Add the notice under the submit button.,form #2 (lead) form.flex.flex-1.flex-col 'Full Name Work Email Phone (Optio,,200,yes,Forms Report
http://localhost:3000/technologies/framer-development,Optimization,P3 - improve,Spam,No spam protection on the form,Without a CAPTCHA or honeypot the form will collect spam.,no reCAPTCHA / hCaptcha / Turnstile / honeypot field found,a CAPTCHA or a hidden honeypot field,Configure the CAPTCHA key for this environment or add a honeypot field.,form #1 (lead) form.space-y-4 'Full Name * Email Address * Phone * Serv',,200,yes,Forms Report
http://localhost:3000/technologies/framer-development,Optimization,P3 - improve,Spam,No spam protection on the form,Without a CAPTCHA or honeypot the form will collect spam.,no reCAPTCHA / hCaptcha / Turnstile / honeypot field found,a CAPTCHA or a hidden honeypot field,Configure the CAPTCHA key for this environment or add a honeypot field.,form #2 (lead) form.flex.flex-1.flex-col 'Full Name Work Email Phone (Optio,,200,yes,Forms Report
http://localhost:3000/technologies/gemini-development,Optimization,P3 - improve,Privacy,No privacy notice / link at the lead form,Forms that collect personal data should tell visitors how it is used (GDPR / privacy laws).,(no 'privacy' text or link in or next to the form),A short notice with a link to the privacy policy at the form,Add the notice under the submit button.,form #1 (lead) form.space-y-4 'Full Name * Email Address * Phone * Serv',,200,yes,Forms Report
http://localhost:3000/technologies/gemini-development,Optimization,P3 - improve,Privacy,No privacy notice / link at the lead form,Forms that collect personal data should tell visitors how it is used (GDPR / privacy laws).,(no 'privacy' text or link in or next to the form),A short notice with a link to the privacy policy at the form,Add the notice under the submit button.,form #2 (lead) form.flex.flex-1.flex-col 'Full Name Work Email Phone (Optio,,200,yes,Forms Report
http://localhost:3000/technologies/gemini-development,Optimization,P3 - improve,Spam,No spam protection on the form,Without a CAPTCHA or honeypot the form will collect spam.,no reCAPTCHA / hCaptcha / Turnstile / honeypot field found,a CAPTCHA or a hidden honeypot field,Configure the CAPTCHA key for this environment or add a honeypot field.,form #1 (lead) form.space-y-4 'Full Name * Email Address * Phone * Serv',,200,yes,Forms Report
http://localhost:3000/technologies/gemini-development,Optimization,P3 - improve,Spam,No spam protection on the form,Without a CAPTCHA or honeypot the form will collect spam.,no reCAPTCHA / hCaptcha / Turnstile / honeypot field found,a CAPTCHA or a hidden honeypot field,Configure the CAPTCHA key for this environment or add a honeypot field.,form #2 (lead) form.flex.flex-1.flex-col 'Full Name Work Email Phone (Optio,,200,yes,Forms Report
http://localhost:3000/technologies/generative-ai-development,Optimization,P3 - improve,Privacy,No privacy notice / link at the lead form,Forms that collect personal data should tell visitors how it is used (GDPR / privacy laws).,(no 'privacy' text or link in or next to the form),A short notice with a link to the privacy policy at the form,Add the notice under the submit button.,form #1 (lead) form.space-y-4 'Full Name * Email Address * Phone * Serv',,200,yes,Forms Report
http://localhost:3000/technologies/generative-ai-development,Optimization,P3 - improve,Privacy,No privacy notice / link at the lead form,Forms that collect personal data should tell visitors how it is used (GDPR / privacy laws).,(no 'privacy' text or link in or next to the form),A short notice with a link to the privacy policy at the form,Add the notice under the submit button.,form #2 (lead) form.flex.flex-1.flex-col 'Full Name Work Email Phone (Optio,,200,yes,Forms Report
http://localhost:3000/technologies/generative-ai-development,Optimization,P3 - improve,Spam,No spam protection on the form,Without a CAPTCHA or honeypot the form will collect spam.,no reCAPTCHA / hCaptcha / Turnstile / honeypot field found,a CAPTCHA or a hidden honeypot field,Configure the CAPTCHA key for this environment or add a honeypot field.,form #1 (lead) form.space-y-4 'Full Name * Email Address * Phone * Serv',,200,yes,Forms Report
http://localhost:3000/technologies/generative-ai-development,Optimization,P3 - improve,Spam,No spam protection on the form,Without a CAPTCHA or honeypot the form will collect spam.,no reCAPTCHA / hCaptcha / Turnstile / honeypot field found,a CAPTCHA or a hidden honeypot field,Configure the CAPTCHA key for this environment or add a honeypot field.,form #2 (lead) form.flex.flex-1.flex-col 'Full Name Work Email Phone (Optio,,200,yes,Forms Report
http://localhost:3000/technologies/github-actions-development,Optimization,P3 - improve,Privacy,No privacy notice / link at the lead form,Forms that collect personal data should tell visitors how it is used (GDPR / privacy laws).,(no 'privacy' text or link in or next to the form),A short notice with a link to the privacy policy at the form,Add the notice under the submit button.,form #1 (lead) form.space-y-4 'Full Name * Email Address * Phone * Serv',,200,yes,Forms Report
http://localhost:3000/technologies/github-actions-development,Optimization,P3 - improve,Privacy,No privacy notice / link at the lead form,Forms that collect personal data should tell visitors how it is used (GDPR / privacy laws).,(no 'privacy' text or link in or next to the form),A short notice with a link to the privacy policy at the form,Add the notice under the submit button.,form #2 (lead) form.flex.flex-1.flex-col 'Full Name Work Email Phone (Optio,,200,yes,Forms Report
http://localhost:3000/technologies/github-actions-development,Optimization,P3 - improve,Spam,No spam protection on the form,Without a CAPTCHA or honeypot the form will collect spam.,no reCAPTCHA / hCaptcha / Turnstile / honeypot field found,a CAPTCHA or a hidden honeypot field,Configure the CAPTCHA key for this environment or add a honeypot field.,form #1 (lead) form.space-y-4 'Full Name * Email Address * Phone * Serv',,200,yes,Forms Report
http://localhost:3000/technologies/github-actions-development,Optimization,P3 - improve,Spam,No spam protection on the form,Without a CAPTCHA or honeypot the form will collect spam.,no reCAPTCHA / hCaptcha / Turnstile / honeypot field found,a CAPTCHA or a hidden honeypot field,Configure the CAPTCHA key for this environment or add a honeypot field.,form #2 (lead) form.flex.flex-1.flex-col 'Full Name Work Email Phone (Optio,,200,yes,Forms Report
http://localhost:3000/technologies/gitlab-ci-development,Optimization,P3 - improve,Privacy,No privacy notice / link at the lead form,Forms that collect personal data should tell visitors how it is used (GDPR / privacy laws).,(no 'privacy' text or link in or next to the form),A short notice with a link to the privacy policy at the form,Add the notice under the submit button.,form #1 (lead) form.space-y-4 'Full Name * Email Address * Phone * Serv',,200,yes,Forms Report
http://localhost:3000/technologies/gitlab-ci-development,Optimization,P3 - improve,Privacy,No privacy notice / link at the lead form,Forms that collect personal data should tell visitors how it is used (GDPR / privacy laws).,(no 'privacy' text or link in or next to the form),A short notice with a link to the privacy policy at the form,Add the notice under the submit button.,form #2 (lead) form.flex.flex-1.flex-col 'Full Name Work Email Phone (Optio,,200,yes,Forms Report
http://localhost:3000/technologies/gitlab-ci-development,Optimization,P3 - improve,Spam,No spam protection on the form,Without a CAPTCHA or honeypot the form will collect spam.,no reCAPTCHA / hCaptcha / Turnstile / honeypot field found,a CAPTCHA or a hidden honeypot field,Configure the CAPTCHA key for this environment or add a honeypot field.,form #1 (lead) form.space-y-4 'Full Name * Email Address * Phone * Serv',,200,yes,Forms Report
http://localhost:3000/technologies/gitlab-ci-development,Optimization,P3 - improve,Spam,No spam protection on the form,Without a CAPTCHA or honeypot the form will collect spam.,no reCAPTCHA / hCaptcha / Turnstile / honeypot field found,a CAPTCHA or a hidden honeypot field,Configure the CAPTCHA key for this environment or add a honeypot field.,form #2 (lead) form.flex.flex-1.flex-col 'Full Name Work Email Phone (Optio,,200,yes,Forms Report
http://localhost:3000/technologies/gitlab-development,Optimization,P3 - improve,Privacy,No privacy notice / link at the lead form,Forms that collect personal data should tell visitors how it is used (GDPR / privacy laws).,(no 'privacy' text or link in or next to the form),A short notice with a link to the privacy policy at the form,Add the notice under the submit button.,form #1 (lead) form.space-y-4 'Full Name * Email Address * Phone * Serv',,200,yes,Forms Report
http://localhost:3000/technologies/gitlab-development,Optimization,P3 - improve,Privacy,No privacy notice / link at the lead form,Forms that collect personal data should tell visitors how it is used (GDPR / privacy laws).,(no 'privacy' text or link in or next to the form),A short notice with a link to the privacy policy at the form,Add the notice under the submit button.,form #2 (lead) form.flex.flex-1.flex-col 'Full Name Work Email Phone (Optio,,200,yes,Forms Report
http://localhost:3000/technologies/gitlab-development,Optimization,P3 - improve,Spam,No spam protection on the form,Without a CAPTCHA or honeypot the form will collect spam.,no reCAPTCHA / hCaptcha / Turnstile / honeypot field found,a CAPTCHA or a hidden honeypot field,Configure the CAPTCHA key for this environment or add a honeypot field.,form #1 (lead) form.space-y-4 'Full Name * Email Address * Phone * Serv',,200,yes,Forms Report
http://localhost:3000/technologies/gitlab-development,Optimization,P3 - improve,Spam,No spam protection on the form,Without a CAPTCHA or honeypot the form will collect spam.,no reCAPTCHA / hCaptcha / Turnstile / honeypot field found,a CAPTCHA or a hidden honeypot field,Configure the CAPTCHA key for this environment or add a honeypot field.,form #2 (lead) form.flex.flex-1.flex-col 'Full Name Work Email Phone (Optio,,200,yes,Forms Report
http://localhost:3000/technologies/golang-development,Optimization,P3 - improve,Privacy,No privacy notice / link at the lead form,Forms that collect personal data should tell visitors how it is used (GDPR / privacy laws).,(no 'privacy' text or link in or next to the form),A short notice with a link to the privacy policy at the form,Add the notice under the submit button.,form #1 (lead) form.space-y-4 'Full Name * Email Address * Phone * Serv',,200,yes,Forms Report
http://localhost:3000/technologies/golang-development,Optimization,P3 - improve,Privacy,No privacy notice / link at the lead form,Forms that collect personal data should tell visitors how it is used (GDPR / privacy laws).,(no 'privacy' text or link in or next to the form),A short notice with a link to the privacy policy at the form,Add the notice under the submit button.,form #2 (lead) form.flex.flex-1.flex-col 'Full Name Work Email Phone (Optio,,200,yes,Forms Report
http://localhost:3000/technologies/golang-development,Optimization,P3 - improve,Spam,No spam protection on the form,Without a CAPTCHA or honeypot the form will collect spam.,no reCAPTCHA / hCaptcha / Turnstile / honeypot field found,a CAPTCHA or a hidden honeypot field,Configure the CAPTCHA key for this environment or add a honeypot field.,form #1 (lead) form.space-y-4 'Full Name * Email Address * Phone * Serv',,200,yes,Forms Report
http://localhost:3000/technologies/golang-development,Optimization,P3 - improve,Spam,No spam protection on the form,Without a CAPTCHA or honeypot the form will collect spam.,no reCAPTCHA / hCaptcha / Turnstile / honeypot field found,a CAPTCHA or a hidden honeypot field,Configure the CAPTCHA key for this environment or add a honeypot field.,form #2 (lead) form.flex.flex-1.flex-col 'Full Name Work Email Phone (Optio,,200,yes,Forms Report
http://localhost:3000/technologies/google-ads-management,Optimization,P3 - improve,Privacy,No privacy notice / link at the lead form,Forms that collect personal data should tell visitors how it is used (GDPR / privacy laws).,(no 'privacy' text or link in or next to the form),A short notice with a link to the privacy policy at the form,Add the notice under the submit button.,form #1 (lead) form.space-y-4 'Full Name * Email Address * Phone * Serv',,200,yes,Forms Report
http://localhost:3000/technologies/google-ads-management,Optimization,P3 - improve,Privacy,No privacy notice / link at the lead form,Forms that collect personal data should tell visitors how it is used (GDPR / privacy laws).,(no 'privacy' text or link in or next to the form),A short notice with a link to the privacy policy at the form,Add the notice under the submit button.,form #2 (lead) form.flex.flex-1.flex-col 'Full Name Work Email Phone (Optio,,200,yes,Forms Report
http://localhost:3000/technologies/google-ads-management,Optimization,P3 - improve,Spam,No spam protection on the form,Without a CAPTCHA or honeypot the form will collect spam.,no reCAPTCHA / hCaptcha / Turnstile / honeypot field found,a CAPTCHA or a hidden honeypot field,Configure the CAPTCHA key for this environment or add a honeypot field.,form #1 (lead) form.space-y-4 'Full Name * Email Address * Phone * Serv',,200,yes,Forms Report
http://localhost:3000/technologies/google-ads-management,Optimization,P3 - improve,Spam,No spam protection on the form,Without a CAPTCHA or honeypot the form will collect spam.,no reCAPTCHA / hCaptcha / Turnstile / honeypot field found,a CAPTCHA or a hidden honeypot field,Configure the CAPTCHA key for this environment or add a honeypot field.,form #2 (lead) form.flex.flex-1.flex-col 'Full Name Work Email Phone (Optio,,200,yes,Forms Report
http://localhost:3000/technologies/google-analytics-setup,Optimization,P3 - improve,Privacy,No privacy notice / link at the lead form,Forms that collect personal data should tell visitors how it is used (GDPR / privacy laws).,(no 'privacy' text or link in or next to the form),A short notice with a link to the privacy policy at the form,Add the notice under the submit button.,form #1 (lead) form.space-y-4 'Full Name * Email Address * Phone * Serv',,200,yes,Forms Report
http://localhost:3000/technologies/google-analytics-setup,Optimization,P3 - improve,Privacy,No privacy notice / link at the lead form,Forms that collect personal data should tell visitors how it is used (GDPR / privacy laws).,(no 'privacy' text or link in or next to the form),A short notice with a link to the privacy policy at the form,Add the notice under the submit button.,form #2 (lead) form.flex.flex-1.flex-col 'Full Name Work Email Phone (Optio,,200,yes,Forms Report
http://localhost:3000/technologies/google-analytics-setup,Optimization,P3 - improve,Spam,No spam protection on the form,Without a CAPTCHA or honeypot the form will collect spam.,no reCAPTCHA / hCaptcha / Turnstile / honeypot field found,a CAPTCHA or a hidden honeypot field,Configure the CAPTCHA key for this environment or add a honeypot field.,form #1 (lead) form.space-y-4 'Full Name * Email Address * Phone * Serv',,200,yes,Forms Report
http://localhost:3000/technologies/google-analytics-setup,Optimization,P3 - improve,Spam,No spam protection on the form,Without a CAPTCHA or honeypot the form will collect spam.,no reCAPTCHA / hCaptcha / Turnstile / honeypot field found,a CAPTCHA or a hidden honeypot field,Configure the CAPTCHA key for this environment or add a honeypot field.,form #2 (lead) form.flex.flex-1.flex-col 'Full Name Work Email Phone (Optio,,200,yes,Forms Report
http://localhost:3000/technologies/google-cloud-computing,Optimization,P3 - improve,Privacy,No privacy notice / link at the lead form,Forms that collect personal data should tell visitors how it is used (GDPR / privacy laws).,(no 'privacy' text or link in or next to the form),A short notice with a link to the privacy policy at the form,Add the notice under the submit button.,form #1 (lead) form.space-y-4 'Full Name * Email Address * Phone * Serv',,200,yes,Forms Report
http://localhost:3000/technologies/google-cloud-computing,Optimization,P3 - improve,Privacy,No privacy notice / link at the lead form,Forms that collect personal data should tell visitors how it is used (GDPR / privacy laws).,(no 'privacy' text or link in or next to the form),A short notice with a link to the privacy policy at the form,Add the notice under the submit button.,form #2 (lead) form.flex.flex-1.flex-col 'Full Name Work Email Phone (Optio,,200,yes,Forms Report
http://localhost:3000/technologies/google-cloud-computing,Optimization,P3 - improve,Spam,No spam protection on the form,Without a CAPTCHA or honeypot the form will collect spam.,no reCAPTCHA / hCaptcha / Turnstile / honeypot field found,a CAPTCHA or a hidden honeypot field,Configure the CAPTCHA key for this environment or add a honeypot field.,form #1 (lead) form.space-y-4 'Full Name * Email Address * Phone * Serv',,200,yes,Forms Report
http://localhost:3000/technologies/google-cloud-computing,Optimization,P3 - improve,Spam,No spam protection on the form,Without a CAPTCHA or honeypot the form will collect spam.,no reCAPTCHA / hCaptcha / Turnstile / honeypot field found,a CAPTCHA or a hidden honeypot field,Configure the CAPTCHA key for this environment or add a honeypot field.,form #2 (lead) form.flex.flex-1.flex-col 'Full Name Work Email Phone (Optio,,200,yes,Forms Report
http://localhost:3000/technologies/google-cloud-development,Optimization,P3 - improve,Privacy,No privacy notice / link at the lead form,Forms that collect personal data should tell visitors how it is used (GDPR / privacy laws).,(no 'privacy' text or link in or next to the form),A short notice with a link to the privacy policy at the form,Add the notice under the submit button.,form #1 (lead) form.space-y-4 'Full Name * Email Address * Phone * Serv',,200,yes,Forms Report
http://localhost:3000/technologies/google-cloud-development,Optimization,P3 - improve,Privacy,No privacy notice / link at the lead form,Forms that collect personal data should tell visitors how it is used (GDPR / privacy laws).,(no 'privacy' text or link in or next to the form),A short notice with a link to the privacy policy at the form,Add the notice under the submit button.,form #2 (lead) form.flex.flex-1.flex-col 'Full Name Work Email Phone (Optio,,200,yes,Forms Report
http://localhost:3000/technologies/google-cloud-development,Optimization,P3 - improve,Spam,No spam protection on the form,Without a CAPTCHA or honeypot the form will collect spam.,no reCAPTCHA / hCaptcha / Turnstile / honeypot field found,a CAPTCHA or a hidden honeypot field,Configure the CAPTCHA key for this environment or add a honeypot field.,form #1 (lead) form.space-y-4 'Full Name * Email Address * Phone * Serv',,200,yes,Forms Report
http://localhost:3000/technologies/google-cloud-development,Optimization,P3 - improve,Spam,No spam protection on the form,Without a CAPTCHA or honeypot the form will collect spam.,no reCAPTCHA / hCaptcha / Turnstile / honeypot field found,a CAPTCHA or a hidden honeypot field,Configure the CAPTCHA key for this environment or add a honeypot field.,form #2 (lead) form.flex.flex-1.flex-col 'Full Name Work Email Phone (Optio,,200,yes,Forms Report
http://localhost:3000/technologies/google-search-console-optimization,Optimization,P3 - improve,Privacy,No privacy notice / link at the lead form,Forms that collect personal data should tell visitors how it is used (GDPR / privacy laws).,(no 'privacy' text or link in or next to the form),A short notice with a link to the privacy policy at the form,Add the notice under the submit button.,form #1 (lead) form.space-y-4 'Full Name * Email Address * Phone * Serv',,200,yes,Forms Report
http://localhost:3000/technologies/google-search-console-optimization,Optimization,P3 - improve,Privacy,No privacy notice / link at the lead form,Forms that collect personal data should tell visitors how it is used (GDPR / privacy laws).,(no 'privacy' text or link in or next to the form),A short notice with a link to the privacy policy at the form,Add the notice under the submit button.,form #2 (lead) form.flex.flex-1.flex-col 'Full Name Work Email Phone (Optio,,200,yes,Forms Report
http://localhost:3000/technologies/google-search-console-optimization,Optimization,P3 - improve,Spam,No spam protection on the form,Without a CAPTCHA or honeypot the form will collect spam.,no reCAPTCHA / hCaptcha / Turnstile / honeypot field found,a CAPTCHA or a hidden honeypot field,Configure the CAPTCHA key for this environment or add a honeypot field.,form #1 (lead) form.space-y-4 'Full Name * Email Address * Phone * Serv',,200,yes,Forms Report
http://localhost:3000/technologies/google-search-console-optimization,Optimization,P3 - improve,Spam,No spam protection on the form,Without a CAPTCHA or honeypot the form will collect spam.,no reCAPTCHA / hCaptcha / Turnstile / honeypot field found,a CAPTCHA or a hidden honeypot field,Configure the CAPTCHA key for this environment or add a honeypot field.,form #2 (lead) form.flex.flex-1.flex-col 'Full Name Work Email Phone (Optio,,200,yes,Forms Report
http://localhost:3000/technologies/grafana-development,Optimization,P3 - improve,Privacy,No privacy notice / link at the lead form,Forms that collect personal data should tell visitors how it is used (GDPR / privacy laws).,(no 'privacy' text or link in or next to the form),A short notice with a link to the privacy policy at the form,Add the notice under the submit button.,form #1 (lead) form.space-y-4 'Full Name * Email Address * Phone * Serv',,200,yes,Forms Report
http://localhost:3000/technologies/grafana-development,Optimization,P3 - improve,Privacy,No privacy notice / link at the lead form,Forms that collect personal data should tell visitors how it is used (GDPR / privacy laws).,(no 'privacy' text or link in or next to the form),A short notice with a link to the privacy policy at the form,Add the notice under the submit button.,form #2 (lead) form.flex.flex-1.flex-col 'Full Name Work Email Phone (Optio,,200,yes,Forms Report
http://localhost:3000/technologies/grafana-development,Optimization,P3 - improve,Spam,No spam protection on the form,Without a CAPTCHA or honeypot the form will collect spam.,no reCAPTCHA / hCaptcha / Turnstile / honeypot field found,a CAPTCHA or a hidden honeypot field,Configure the CAPTCHA key for this environment or add a honeypot field.,form #1 (lead) form.space-y-4 'Full Name * Email Address * Phone * Serv',,200,yes,Forms Report
http://localhost:3000/technologies/grafana-development,Optimization,P3 - improve,Spam,No spam protection on the form,Without a CAPTCHA or honeypot the form will collect spam.,no reCAPTCHA / hCaptcha / Turnstile / honeypot field found,a CAPTCHA or a hidden honeypot field,Configure the CAPTCHA key for this environment or add a honeypot field.,form #2 (lead) form.flex.flex-1.flex-col 'Full Name Work Email Phone (Optio,,200,yes,Forms Report
http://localhost:3000/technologies/graphql-development,Optimization,P3 - improve,Privacy,No privacy notice / link at the lead form,Forms that collect personal data should tell visitors how it is used (GDPR / privacy laws).,(no 'privacy' text or link in or next to the form),A short notice with a link to the privacy policy at the form,Add the notice under the submit button.,form #1 (lead) form.space-y-4 'Full Name * Email Address * Phone * Serv',,200,yes,Forms Report
http://localhost:3000/technologies/graphql-development,Optimization,P3 - improve,Privacy,No privacy notice / link at the lead form,Forms that collect personal data should tell visitors how it is used (GDPR / privacy laws).,(no 'privacy' text or link in or next to the form),A short notice with a link to the privacy policy at the form,Add the notice under the submit button.,form #2 (lead) form.flex.flex-1.flex-col 'Full Name Work Email Phone (Optio,,200,yes,Forms Report
http://localhost:3000/technologies/graphql-development,Optimization,P3 - improve,Spam,No spam protection on the form,Without a CAPTCHA or honeypot the form will collect spam.,no reCAPTCHA / hCaptcha / Turnstile / honeypot field found,a CAPTCHA or a hidden honeypot field,Configure the CAPTCHA key for this environment or add a honeypot field.,form #1 (lead) form.space-y-4 'Full Name * Email Address * Phone * Serv',,200,yes,Forms Report
http://localhost:3000/technologies/graphql-development,Optimization,P3 - improve,Spam,No spam protection on the form,Without a CAPTCHA or honeypot the form will collect spam.,no reCAPTCHA / hCaptcha / Turnstile / honeypot field found,a CAPTCHA or a hidden honeypot field,Configure the CAPTCHA key for this environment or add a honeypot field.,form #2 (lead) form.flex.flex-1.flex-col 'Full Name Work Email Phone (Optio,,200,yes,Forms Report
http://localhost:3000/technologies/html5-development,Optimization,P3 - improve,Privacy,No privacy notice / link at the lead form,Forms that collect personal data should tell visitors how it is used (GDPR / privacy laws).,(no 'privacy' text or link in or next to the form),A short notice with a link to the privacy policy at the form,Add the notice under the submit button.,form #1 (lead) form.space-y-4 'Full Name * Email Address * Phone * Serv',,200,yes,Forms Report
http://localhost:3000/technologies/html5-development,Optimization,P3 - improve,Privacy,No privacy notice / link at the lead form,Forms that collect personal data should tell visitors how it is used (GDPR / privacy laws).,(no 'privacy' text or link in or next to the form),A short notice with a link to the privacy policy at the form,Add the notice under the submit button.,form #2 (lead) form.flex.flex-1.flex-col 'Full Name Work Email Phone (Optio,,200,yes,Forms Report
http://localhost:3000/technologies/html5-development,Optimization,P3 - improve,Spam,No spam protection on the form,Without a CAPTCHA or honeypot the form will collect spam.,no reCAPTCHA / hCaptcha / Turnstile / honeypot field found,a CAPTCHA or a hidden honeypot field,Configure the CAPTCHA key for this environment or add a honeypot field.,form #1 (lead) form.space-y-4 'Full Name * Email Address * Phone * Serv',,200,yes,Forms Report
http://localhost:3000/technologies/html5-development,Optimization,P3 - improve,Spam,No spam protection on the form,Without a CAPTCHA or honeypot the form will collect spam.,no reCAPTCHA / hCaptcha / Turnstile / honeypot field found,a CAPTCHA or a hidden honeypot field,Configure the CAPTCHA key for this environment or add a honeypot field.,form #2 (lead) form.flex.flex-1.flex-col 'Full Name Work Email Phone (Optio,,200,yes,Forms Report
http://localhost:3000/technologies/hugging-face-development,Optimization,P3 - improve,Privacy,No privacy notice / link at the lead form,Forms that collect personal data should tell visitors how it is used (GDPR / privacy laws).,(no 'privacy' text or link in or next to the form),A short notice with a link to the privacy policy at the form,Add the notice under the submit button.,form #1 (lead) form.space-y-4 'Full Name * Email Address * Phone * Serv',,200,yes,Forms Report
http://localhost:3000/technologies/hugging-face-development,Optimization,P3 - improve,Privacy,No privacy notice / link at the lead form,Forms that collect personal data should tell visitors how it is used (GDPR / privacy laws).,(no 'privacy' text or link in or next to the form),A short notice with a link to the privacy policy at the form,Add the notice under the submit button.,form #2 (lead) form.flex.flex-1.flex-col 'Full Name Work Email Phone (Optio,,200,yes,Forms Report
http://localhost:3000/technologies/hugging-face-development,Optimization,P3 - improve,Spam,No spam protection on the form,Without a CAPTCHA or honeypot the form will collect spam.,no reCAPTCHA / hCaptcha / Turnstile / honeypot field found,a CAPTCHA or a hidden honeypot field,Configure the CAPTCHA key for this environment or add a honeypot field.,form #1 (lead) form.space-y-4 'Full Name * Email Address * Phone * Serv',,200,yes,Forms Report
http://localhost:3000/technologies/hugging-face-development,Optimization,P3 - improve,Spam,No spam protection on the form,Without a CAPTCHA or honeypot the form will collect spam.,no reCAPTCHA / hCaptcha / Turnstile / honeypot field found,a CAPTCHA or a hidden honeypot field,Configure the CAPTCHA key for this environment or add a honeypot field.,form #2 (lead) form.flex.flex-1.flex-col 'Full Name Work Email Phone (Optio,,200,yes,Forms Report
http://localhost:3000/technologies/hybrid-cloud-computing,Optimization,P3 - improve,Privacy,No privacy notice / link at the lead form,Forms that collect personal data should tell visitors how it is used (GDPR / privacy laws).,(no 'privacy' text or link in or next to the form),A short notice with a link to the privacy policy at the form,Add the notice under the submit button.,form #1 (lead) form.space-y-4 'Full Name * Email Address * Phone * Serv',,200,yes,Forms Report
http://localhost:3000/technologies/hybrid-cloud-computing,Optimization,P3 - improve,Privacy,No privacy notice / link at the lead form,Forms that collect personal data should tell visitors how it is used (GDPR / privacy laws).,(no 'privacy' text or link in or next to the form),A short notice with a link to the privacy policy at the form,Add the notice under the submit button.,form #2 (lead) form.flex.flex-1.flex-col 'Full Name Work Email Phone (Optio,,200,yes,Forms Report
http://localhost:3000/technologies/hybrid-cloud-computing,Optimization,P3 - improve,Spam,No spam protection on the form,Without a CAPTCHA or honeypot the form will collect spam.,no reCAPTCHA / hCaptcha / Turnstile / honeypot field found,a CAPTCHA or a hidden honeypot field,Configure the CAPTCHA key for this environment or add a honeypot field.,form #1 (lead) form.space-y-4 'Full Name * Email Address * Phone * Serv',,200,yes,Forms Report
http://localhost:3000/technologies/hybrid-cloud-computing,Optimization,P3 - improve,Spam,No spam protection on the form,Without a CAPTCHA or honeypot the form will collect spam.,no reCAPTCHA / hCaptcha / Turnstile / honeypot field found,a CAPTCHA or a hidden honeypot field,Configure the CAPTCHA key for this environment or add a honeypot field.,form #2 (lead) form.flex.flex-1.flex-col 'Full Name Work Email Phone (Optio,,200,yes,Forms Report
http://localhost:3000/technologies/ibm-cloud-development,Optimization,P3 - improve,Privacy,No privacy notice / link at the lead form,Forms that collect personal data should tell visitors how it is used (GDPR / privacy laws).,(no 'privacy' text or link in or next to the form),A short notice with a link to the privacy policy at the form,Add the notice under the submit button.,form #1 (lead) form.space-y-4 'Full Name * Email Address * Phone * Serv',,200,yes,Forms Report
http://localhost:3000/technologies/ibm-cloud-development,Optimization,P3 - improve,Privacy,No privacy notice / link at the lead form,Forms that collect personal data should tell visitors how it is used (GDPR / privacy laws).,(no 'privacy' text or link in or next to the form),A short notice with a link to the privacy policy at the form,Add the notice under the submit button.,form #2 (lead) form.flex.flex-1.flex-col 'Full Name Work Email Phone (Optio,,200,yes,Forms Report
http://localhost:3000/technologies/ibm-cloud-development,Optimization,P3 - improve,Spam,No spam protection on the form,Without a CAPTCHA or honeypot the form will collect spam.,no reCAPTCHA / hCaptcha / Turnstile / honeypot field found,a CAPTCHA or a hidden honeypot field,Configure the CAPTCHA key for this environment or add a honeypot field.,form #1 (lead) form.space-y-4 'Full Name * Email Address * Phone * Serv',,200,yes,Forms Report
http://localhost:3000/technologies/ibm-cloud-development,Optimization,P3 - improve,Spam,No spam protection on the form,Without a CAPTCHA or honeypot the form will collect spam.,no reCAPTCHA / hCaptcha / Turnstile / honeypot field found,a CAPTCHA or a hidden honeypot field,Configure the CAPTCHA key for this environment or add a honeypot field.,form #2 (lead) form.flex.flex-1.flex-col 'Full Name Work Email Phone (Optio,,200,yes,Forms Report
http://localhost:3000/technologies/influencer-marketing,Optimization,P3 - improve,Privacy,No privacy notice / link at the lead form,Forms that collect personal data should tell visitors how it is used (GDPR / privacy laws).,(no 'privacy' text or link in or next to the form),A short notice with a link to the privacy policy at the form,Add the notice under the submit button.,form #1 (lead) form.space-y-4 'Full Name * Email Address * Phone * Serv',,200,yes,Forms Report
http://localhost:3000/technologies/influencer-marketing,Optimization,P3 - improve,Privacy,No privacy notice / link at the lead form,Forms that collect personal data should tell visitors how it is used (GDPR / privacy laws).,(no 'privacy' text or link in or next to the form),A short notice with a link to the privacy policy at the form,Add the notice under the submit button.,form #2 (lead) form.flex.flex-1.flex-col 'Full Name Work Email Phone (Optio,,200,yes,Forms Report
http://localhost:3000/technologies/influencer-marketing,Optimization,P3 - improve,Spam,No spam protection on the form,Without a CAPTCHA or honeypot the form will collect spam.,no reCAPTCHA / hCaptcha / Turnstile / honeypot field found,a CAPTCHA or a hidden honeypot field,Configure the CAPTCHA key for this environment or add a honeypot field.,form #1 (lead) form.space-y-4 'Full Name * Email Address * Phone * Serv',,200,yes,Forms Report
http://localhost:3000/technologies/influencer-marketing,Optimization,P3 - improve,Spam,No spam protection on the form,Without a CAPTCHA or honeypot the form will collect spam.,no reCAPTCHA / hCaptcha / Turnstile / honeypot field found,a CAPTCHA or a hidden honeypot field,Configure the CAPTCHA key for this environment or add a honeypot field.,form #2 (lead) form.flex.flex-1.flex-col 'Full Name Work Email Phone (Optio,,200,yes,Forms Report
http://localhost:3000/technologies/integration-testing,Optimization,P3 - improve,Privacy,No privacy notice / link at the lead form,Forms that collect personal data should tell visitors how it is used (GDPR / privacy laws).,(no 'privacy' text or link in or next to the form),A short notice with a link to the privacy policy at the form,Add the notice under the submit button.,form #1 (lead) form.space-y-4 'Full Name * Email Address * Phone * Serv',,200,yes,Forms Report
http://localhost:3000/technologies/integration-testing,Optimization,P3 - improve,Privacy,No privacy notice / link at the lead form,Forms that collect personal data should tell visitors how it is used (GDPR / privacy laws).,(no 'privacy' text or link in or next to the form),A short notice with a link to the privacy policy at the form,Add the notice under the submit button.,form #2 (lead) form.flex.flex-1.flex-col 'Full Name Work Email Phone (Optio,,200,yes,Forms Report
http://localhost:3000/technologies/integration-testing,Optimization,P3 - improve,Spam,No spam protection on the form,Without a CAPTCHA or honeypot the form will collect spam.,no reCAPTCHA / hCaptcha / Turnstile / honeypot field found,a CAPTCHA or a hidden honeypot field,Configure the CAPTCHA key for this environment or add a honeypot field.,form #1 (lead) form.space-y-4 'Full Name * Email Address * Phone * Serv',,200,yes,Forms Report
http://localhost:3000/technologies/integration-testing,Optimization,P3 - improve,Spam,No spam protection on the form,Without a CAPTCHA or honeypot the form will collect spam.,no reCAPTCHA / hCaptcha / Turnstile / honeypot field found,a CAPTCHA or a hidden honeypot field,Configure the CAPTCHA key for this environment or add a honeypot field.,form #2 (lead) form.flex.flex-1.flex-col 'Full Name Work Email Phone (Optio,,200,yes,Forms Report
http://localhost:3000/technologies/interaction-design,Optimization,P3 - improve,Privacy,No privacy notice / link at the lead form,Forms that collect personal data should tell visitors how it is used (GDPR / privacy laws).,(no 'privacy' text or link in or next to the form),A short notice with a link to the privacy policy at the form,Add the notice under the submit button.,form #1 (lead) form.space-y-4 'Full Name * Email Address * Phone * Serv',,200,yes,Forms Report
http://localhost:3000/technologies/interaction-design,Optimization,P3 - improve,Privacy,No privacy notice / link at the lead form,Forms that collect personal data should tell visitors how it is used (GDPR / privacy laws).,(no 'privacy' text or link in or next to the form),A short notice with a link to the privacy policy at the form,Add the notice under the submit button.,form #2 (lead) form.flex.flex-1.flex-col 'Full Name Work Email Phone (Optio,,200,yes,Forms Report
http://localhost:3000/technologies/interaction-design,Optimization,P3 - improve,Spam,No spam protection on the form,Without a CAPTCHA or honeypot the form will collect spam.,no reCAPTCHA / hCaptcha / Turnstile / honeypot field found,a CAPTCHA or a hidden honeypot field,Configure the CAPTCHA key for this environment or add a honeypot field.,form #1 (lead) form.space-y-4 'Full Name * Email Address * Phone * Serv',,200,yes,Forms Report
http://localhost:3000/technologies/interaction-design,Optimization,P3 - improve,Spam,No spam protection on the form,Without a CAPTCHA or honeypot the form will collect spam.,no reCAPTCHA / hCaptcha / Turnstile / honeypot field found,a CAPTCHA or a hidden honeypot field,Configure the CAPTCHA key for this environment or add a honeypot field.,form #2 (lead) form.flex.flex-1.flex-col 'Full Name Work Email Phone (Optio,,200,yes,Forms Report
http://localhost:3000/technologies/inventory-management-development,Optimization,P3 - improve,Privacy,No privacy notice / link at the lead form,Forms that collect personal data should tell visitors how it is used (GDPR / privacy laws).,(no 'privacy' text or link in or next to the form),A short notice with a link to the privacy policy at the form,Add the notice under the submit button.,form #1 (lead) form.space-y-4 'Full Name * Email Address * Phone * Serv',,200,yes,Forms Report
http://localhost:3000/technologies/inventory-management-development,Optimization,P3 - improve,Privacy,No privacy notice / link at the lead form,Forms that collect personal data should tell visitors how it is used (GDPR / privacy laws).,(no 'privacy' text or link in or next to the form),A short notice with a link to the privacy policy at the form,Add the notice under the submit button.,form #2 (lead) form.flex.flex-1.flex-col 'Full Name Work Email Phone (Optio,,200,yes,Forms Report
http://localhost:3000/technologies/inventory-management-development,Optimization,P3 - improve,Spam,No spam protection on the form,Without a CAPTCHA or honeypot the form will collect spam.,no reCAPTCHA / hCaptcha / Turnstile / honeypot field found,a CAPTCHA or a hidden honeypot field,Configure the CAPTCHA key for this environment or add a honeypot field.,form #1 (lead) form.space-y-4 'Full Name * Email Address * Phone * Serv',,200,yes,Forms Report
http://localhost:3000/technologies/inventory-management-development,Optimization,P3 - improve,Spam,No spam protection on the form,Without a CAPTCHA or honeypot the form will collect spam.,no reCAPTCHA / hCaptcha / Turnstile / honeypot field found,a CAPTCHA or a hidden honeypot field,Configure the CAPTCHA key for this environment or add a honeypot field.,form #2 (lead) form.flex.flex-1.flex-col 'Full Name Work Email Phone (Optio,,200,yes,Forms Report
http://localhost:3000/technologies/ionic-development,Optimization,P3 - improve,Privacy,No privacy notice / link at the lead form,Forms that collect personal data should tell visitors how it is used (GDPR / privacy laws).,(no 'privacy' text or link in or next to the form),A short notice with a link to the privacy policy at the form,Add the notice under the submit button.,form #1 (lead) form.space-y-4 'Full Name * Email Address * Phone * Serv',,200,yes,Forms Report
http://localhost:3000/technologies/ionic-development,Optimization,P3 - improve,Privacy,No privacy notice / link at the lead form,Forms that collect personal data should tell visitors how it is used (GDPR / privacy laws).,(no 'privacy' text or link in or next to the form),A short notice with a link to the privacy policy at the form,Add the notice under the submit button.,form #2 (lead) form.flex.flex-1.flex-col 'Full Name Work Email Phone (Optio,,200,yes,Forms Report
http://localhost:3000/technologies/ionic-development,Optimization,P3 - improve,Spam,No spam protection on the form,Without a CAPTCHA or honeypot the form will collect spam.,no reCAPTCHA / hCaptcha / Turnstile / honeypot field found,a CAPTCHA or a hidden honeypot field,Configure the CAPTCHA key for this environment or add a honeypot field.,form #1 (lead) form.space-y-4 'Full Name * Email Address * Phone * Serv',,200,yes,Forms Report
http://localhost:3000/technologies/ionic-development,Optimization,P3 - improve,Spam,No spam protection on the form,Without a CAPTCHA or honeypot the form will collect spam.,no reCAPTCHA / hCaptcha / Turnstile / honeypot field found,a CAPTCHA or a hidden honeypot field,Configure the CAPTCHA key for this environment or add a honeypot field.,form #2 (lead) form.flex.flex-1.flex-col 'Full Name Work Email Phone (Optio,,200,yes,Forms Report
http://localhost:3000/technologies/ios-app-development,Optimization,P3 - improve,Privacy,No privacy notice / link at the lead form,Forms that collect personal data should tell visitors how it is used (GDPR / privacy laws).,(no 'privacy' text or link in or next to the form),A short notice with a link to the privacy policy at the form,Add the notice under the submit button.,form #1 (lead) form.space-y-4 'Full Name * Email Address * Phone * Serv',,200,yes,Forms Report
http://localhost:3000/technologies/ios-app-development,Optimization,P3 - improve,Privacy,No privacy notice / link at the lead form,Forms that collect personal data should tell visitors how it is used (GDPR / privacy laws).,(no 'privacy' text or link in or next to the form),A short notice with a link to the privacy policy at the form,Add the notice under the submit button.,form #2 (lead) form.flex.flex-1.flex-col 'Full Name Work Email Phone (Optio,,200,yes,Forms Report
http://localhost:3000/technologies/ios-app-development,Optimization,P3 - improve,Spam,No spam protection on the form,Without a CAPTCHA or honeypot the form will collect spam.,no reCAPTCHA / hCaptcha / Turnstile / honeypot field found,a CAPTCHA or a hidden honeypot field,Configure the CAPTCHA key for this environment or add a honeypot field.,form #1 (lead) form.space-y-4 'Full Name * Email Address * Phone * Serv',,200,yes,Forms Report
http://localhost:3000/technologies/ios-app-development,Optimization,P3 - improve,Spam,No spam protection on the form,Without a CAPTCHA or honeypot the form will collect spam.,no reCAPTCHA / hCaptcha / Turnstile / honeypot field found,a CAPTCHA or a hidden honeypot field,Configure the CAPTCHA key for this environment or add a honeypot field.,form #2 (lead) form.flex.flex-1.flex-col 'Full Name Work Email Phone (Optio,,200,yes,Forms Report
http://localhost:3000/technologies/java-development,Optimization,P3 - improve,Privacy,No privacy notice / link at the lead form,Forms that collect personal data should tell visitors how it is used (GDPR / privacy laws).,(no 'privacy' text or link in or next to the form),A short notice with a link to the privacy policy at the form,Add the notice under the submit button.,form #1 (lead) form.space-y-4 'Full Name * Email Address * Phone * Serv',,200,yes,Forms Report
http://localhost:3000/technologies/java-development,Optimization,P3 - improve,Privacy,No privacy notice / link at the lead form,Forms that collect personal data should tell visitors how it is used (GDPR / privacy laws).,(no 'privacy' text or link in or next to the form),A short notice with a link to the privacy policy at the form,Add the notice under the submit button.,form #2 (lead) form.flex.flex-1.flex-col 'Full Name Work Email Phone (Optio,,200,yes,Forms Report
http://localhost:3000/technologies/java-development,Optimization,P3 - improve,Spam,No spam protection on the form,Without a CAPTCHA or honeypot the form will collect spam.,no reCAPTCHA / hCaptcha / Turnstile / honeypot field found,a CAPTCHA or a hidden honeypot field,Configure the CAPTCHA key for this environment or add a honeypot field.,form #1 (lead) form.space-y-4 'Full Name * Email Address * Phone * Serv',,200,yes,Forms Report
http://localhost:3000/technologies/java-development,Optimization,P3 - improve,Spam,No spam protection on the form,Without a CAPTCHA or honeypot the form will collect spam.,no reCAPTCHA / hCaptcha / Turnstile / honeypot field found,a CAPTCHA or a hidden honeypot field,Configure the CAPTCHA key for this environment or add a honeypot field.,form #2 (lead) form.flex.flex-1.flex-col 'Full Name Work Email Phone (Optio,,200,yes,Forms Report
http://localhost:3000/technologies/java-mobile-development,Optimization,P3 - improve,Privacy,No privacy notice / link at the lead form,Forms that collect personal data should tell visitors how it is used (GDPR / privacy laws).,(no 'privacy' text or link in or next to the form),A short notice with a link to the privacy policy at the form,Add the notice under the submit button.,form #1 (lead) form.space-y-4 'Full Name * Email Address * Phone * Serv',,200,yes,Forms Report
http://localhost:3000/technologies/java-mobile-development,Optimization,P3 - improve,Privacy,No privacy notice / link at the lead form,Forms that collect personal data should tell visitors how it is used (GDPR / privacy laws).,(no 'privacy' text or link in or next to the form),A short notice with a link to the privacy policy at the form,Add the notice under the submit button.,form #2 (lead) form.flex.flex-1.flex-col 'Full Name Work Email Phone (Optio,,200,yes,Forms Report
http://localhost:3000/technologies/java-mobile-development,Optimization,P3 - improve,Spam,No spam protection on the form,Without a CAPTCHA or honeypot the form will collect spam.,no reCAPTCHA / hCaptcha / Turnstile / honeypot field found,a CAPTCHA or a hidden honeypot field,Configure the CAPTCHA key for this environment or add a honeypot field.,form #1 (lead) form.space-y-4 'Full Name * Email Address * Phone * Serv',,200,yes,Forms Report
http://localhost:3000/technologies/java-mobile-development,Optimization,P3 - improve,Spam,No spam protection on the form,Without a CAPTCHA or honeypot the form will collect spam.,no reCAPTCHA / hCaptcha / Turnstile / honeypot field found,a CAPTCHA or a hidden honeypot field,Configure the CAPTCHA key for this environment or add a honeypot field.,form #2 (lead) form.flex.flex-1.flex-col 'Full Name Work Email Phone (Optio,,200,yes,Forms Report
http://localhost:3000/technologies/javascript-development,Optimization,P3 - improve,Privacy,No privacy notice / link at the lead form,Forms that collect personal data should tell visitors how it is used (GDPR / privacy laws).,(no 'privacy' text or link in or next to the form),A short notice with a link to the privacy policy at the form,Add the notice under the submit button.,form #1 (lead) form.space-y-4 'Full Name * Email Address * Phone * Serv',,200,yes,Forms Report
http://localhost:3000/technologies/javascript-development,Optimization,P3 - improve,Privacy,No privacy notice / link at the lead form,Forms that collect personal data should tell visitors how it is used (GDPR / privacy laws).,(no 'privacy' text or link in or next to the form),A short notice with a link to the privacy policy at the form,Add the notice under the submit button.,form #2 (lead) form.flex.flex-1.flex-col 'Full Name Work Email Phone (Optio,,200,yes,Forms Report
http://localhost:3000/technologies/javascript-development,Optimization,P3 - improve,Spam,No spam protection on the form,Without a CAPTCHA or honeypot the form will collect spam.,no reCAPTCHA / hCaptcha / Turnstile / honeypot field found,a CAPTCHA or a hidden honeypot field,Configure the CAPTCHA key for this environment or add a honeypot field.,form #1 (lead) form.space-y-4 'Full Name * Email Address * Phone * Serv',,200,yes,Forms Report
http://localhost:3000/technologies/javascript-development,Optimization,P3 - improve,Spam,No spam protection on the form,Without a CAPTCHA or honeypot the form will collect spam.,no reCAPTCHA / hCaptcha / Turnstile / honeypot field found,a CAPTCHA or a hidden honeypot field,Configure the CAPTCHA key for this environment or add a honeypot field.,form #2 (lead) form.flex.flex-1.flex-col 'Full Name Work Email Phone (Optio,,200,yes,Forms Report
http://localhost:3000/technologies/jenkins-development,Optimization,P3 - improve,Privacy,No privacy notice / link at the lead form,Forms that collect personal data should tell visitors how it is used (GDPR / privacy laws).,(no 'privacy' text or link in or next to the form),A short notice with a link to the privacy policy at the form,Add the notice under the submit button.,form #1 (lead) form.space-y-4 'Full Name * Email Address * Phone * Serv',,200,yes,Forms Report
http://localhost:3000/technologies/jenkins-development,Optimization,P3 - improve,Privacy,No privacy notice / link at the lead form,Forms that collect personal data should tell visitors how it is used (GDPR / privacy laws).,(no 'privacy' text or link in or next to the form),A short notice with a link to the privacy policy at the form,Add the notice under the submit button.,form #2 (lead) form.flex.flex-1.flex-col 'Full Name Work Email Phone (Optio,,200,yes,Forms Report
http://localhost:3000/technologies/jenkins-development,Optimization,P3 - improve,Spam,No spam protection on the form,Without a CAPTCHA or honeypot the form will collect spam.,no reCAPTCHA / hCaptcha / Turnstile / honeypot field found,a CAPTCHA or a hidden honeypot field,Configure the CAPTCHA key for this environment or add a honeypot field.,form #1 (lead) form.space-y-4 'Full Name * Email Address * Phone * Serv',,200,yes,Forms Report
http://localhost:3000/technologies/jenkins-development,Optimization,P3 - improve,Spam,No spam protection on the form,Without a CAPTCHA or honeypot the form will collect spam.,no reCAPTCHA / hCaptcha / Turnstile / honeypot field found,a CAPTCHA or a hidden honeypot field,Configure the CAPTCHA key for this environment or add a honeypot field.,form #2 (lead) form.flex.flex-1.flex-col 'Full Name Work Email Phone (Optio,,200,yes,Forms Report
http://localhost:3000/technologies/jest-testing,Optimization,P3 - improve,Privacy,No privacy notice / link at the lead form,Forms that collect personal data should tell visitors how it is used (GDPR / privacy laws).,(no 'privacy' text or link in or next to the form),A short notice with a link to the privacy policy at the form,Add the notice under the submit button.,form #1 (lead) form.space-y-4 'Full Name * Email Address * Phone * Serv',,200,yes,Forms Report
http://localhost:3000/technologies/jest-testing,Optimization,P3 - improve,Privacy,No privacy notice / link at the lead form,Forms that collect personal data should tell visitors how it is used (GDPR / privacy laws).,(no 'privacy' text or link in or next to the form),A short notice with a link to the privacy policy at the form,Add the notice under the submit button.,form #2 (lead) form.flex.flex-1.flex-col 'Full Name Work Email Phone (Optio,,200,yes,Forms Report
http://localhost:3000/technologies/jest-testing,Optimization,P3 - improve,Spam,No spam protection on the form,Without a CAPTCHA or honeypot the form will collect spam.,no reCAPTCHA / hCaptcha / Turnstile / honeypot field found,a CAPTCHA or a hidden honeypot field,Configure the CAPTCHA key for this environment or add a honeypot field.,form #1 (lead) form.space-y-4 'Full Name * Email Address * Phone * Serv',,200,yes,Forms Report
http://localhost:3000/technologies/jest-testing,Optimization,P3 - improve,Spam,No spam protection on the form,Without a CAPTCHA or honeypot the form will collect spam.,no reCAPTCHA / hCaptcha / Turnstile / honeypot field found,a CAPTCHA or a hidden honeypot field,Configure the CAPTCHA key for this environment or add a honeypot field.,form #2 (lead) form.flex.flex-1.flex-col 'Full Name Work Email Phone (Optio,,200,yes,Forms Report
http://localhost:3000/technologies/joomla-development,Optimization,P3 - improve,Privacy,No privacy notice / link at the lead form,Forms that collect personal data should tell visitors how it is used (GDPR / privacy laws).,(no 'privacy' text or link in or next to the form),A short notice with a link to the privacy policy at the form,Add the notice under the submit button.,form #1 (lead) form.space-y-4 'Full Name * Email Address * Phone * Serv',,200,yes,Forms Report
http://localhost:3000/technologies/joomla-development,Optimization,P3 - improve,Privacy,No privacy notice / link at the lead form,Forms that collect personal data should tell visitors how it is used (GDPR / privacy laws).,(no 'privacy' text or link in or next to the form),A short notice with a link to the privacy policy at the form,Add the notice under the submit button.,form #2 (lead) form.flex.flex-1.flex-col 'Full Name Work Email Phone (Optio,,200,yes,Forms Report
http://localhost:3000/technologies/joomla-development,Optimization,P3 - improve,Spam,No spam protection on the form,Without a CAPTCHA or honeypot the form will collect spam.,no reCAPTCHA / hCaptcha / Turnstile / honeypot field found,a CAPTCHA or a hidden honeypot field,Configure the CAPTCHA key for this environment or add a honeypot field.,form #1 (lead) form.space-y-4 'Full Name * Email Address * Phone * Serv',,200,yes,Forms Report
http://localhost:3000/technologies/joomla-development,Optimization,P3 - improve,Spam,No spam protection on the form,Without a CAPTCHA or honeypot the form will collect spam.,no reCAPTCHA / hCaptcha / Turnstile / honeypot field found,a CAPTCHA or a hidden honeypot field,Configure the CAPTCHA key for this environment or add a honeypot field.,form #2 (lead) form.flex.flex-1.flex-col 'Full Name Work Email Phone (Optio,,200,yes,Forms Report
http://localhost:3000/technologies/jquery-development,Optimization,P3 - improve,Privacy,No privacy notice / link at the lead form,Forms that collect personal data should tell visitors how it is used (GDPR / privacy laws).,(no 'privacy' text or link in or next to the form),A short notice with a link to the privacy policy at the form,Add the notice under the submit button.,form #1 (lead) form.space-y-4 'Full Name * Email Address * Phone * Serv',,200,yes,Forms Report
http://localhost:3000/technologies/jquery-development,Optimization,P3 - improve,Privacy,No privacy notice / link at the lead form,Forms that collect personal data should tell visitors how it is used (GDPR / privacy laws).,(no 'privacy' text or link in or next to the form),A short notice with a link to the privacy policy at the form,Add the notice under the submit button.,form #2 (lead) form.flex.flex-1.flex-col 'Full Name Work Email Phone (Optio,,200,yes,Forms Report
http://localhost:3000/technologies/jquery-development,Optimization,P3 - improve,Spam,No spam protection on the form,Without a CAPTCHA or honeypot the form will collect spam.,no reCAPTCHA / hCaptcha / Turnstile / honeypot field found,a CAPTCHA or a hidden honeypot field,Configure the CAPTCHA key for this environment or add a honeypot field.,form #1 (lead) form.space-y-4 'Full Name * Email Address * Phone * Serv',,200,yes,Forms Report
http://localhost:3000/technologies/jquery-development,Optimization,P3 - improve,Spam,No spam protection on the form,Without a CAPTCHA or honeypot the form will collect spam.,no reCAPTCHA / hCaptcha / Turnstile / honeypot field found,a CAPTCHA or a hidden honeypot field,Configure the CAPTCHA key for this environment or add a honeypot field.,form #2 (lead) form.flex.flex-1.flex-col 'Full Name Work Email Phone (Optio,,200,yes,Forms Report
http://localhost:3000/technologies/kotlin-development,Optimization,P3 - improve,Privacy,No privacy notice / link at the lead form,Forms that collect personal data should tell visitors how it is used (GDPR / privacy laws).,(no 'privacy' text or link in or next to the form),A short notice with a link to the privacy policy at the form,Add the notice under the submit button.,form #1 (lead) form.space-y-4 'Full Name * Email Address * Phone * Serv',,200,yes,Forms Report
http://localhost:3000/technologies/kotlin-development,Optimization,P3 - improve,Privacy,No privacy notice / link at the lead form,Forms that collect personal data should tell visitors how it is used (GDPR / privacy laws).,(no 'privacy' text or link in or next to the form),A short notice with a link to the privacy policy at the form,Add the notice under the submit button.,form #2 (lead) form.flex.flex-1.flex-col 'Full Name Work Email Phone (Optio,,200,yes,Forms Report
http://localhost:3000/technologies/kotlin-development,Optimization,P3 - improve,Spam,No spam protection on the form,Without a CAPTCHA or honeypot the form will collect spam.,no reCAPTCHA / hCaptcha / Turnstile / honeypot field found,a CAPTCHA or a hidden honeypot field,Configure the CAPTCHA key for this environment or add a honeypot field.,form #1 (lead) form.space-y-4 'Full Name * Email Address * Phone * Serv',,200,yes,Forms Report
http://localhost:3000/technologies/kotlin-development,Optimization,P3 - improve,Spam,No spam protection on the form,Without a CAPTCHA or honeypot the form will collect spam.,no reCAPTCHA / hCaptcha / Turnstile / honeypot field found,a CAPTCHA or a hidden honeypot field,Configure the CAPTCHA key for this environment or add a honeypot field.,form #2 (lead) form.flex.flex-1.flex-col 'Full Name Work Email Phone (Optio,,200,yes,Forms Report
http://localhost:3000/technologies/kubernetes-development,Optimization,P3 - improve,Privacy,No privacy notice / link at the lead form,Forms that collect personal data should tell visitors how it is used (GDPR / privacy laws).,(no 'privacy' text or link in or next to the form),A short notice with a link to the privacy policy at the form,Add the notice under the submit button.,form #1 (lead) form.space-y-4 'Full Name * Email Address * Phone * Serv',,200,yes,Forms Report
http://localhost:3000/technologies/kubernetes-development,Optimization,P3 - improve,Privacy,No privacy notice / link at the lead form,Forms that collect personal data should tell visitors how it is used (GDPR / privacy laws).,(no 'privacy' text or link in or next to the form),A short notice with a link to the privacy policy at the form,Add the notice under the submit button.,form #2 (lead) form.flex.flex-1.flex-col 'Full Name Work Email Phone (Optio,,200,yes,Forms Report
http://localhost:3000/technologies/kubernetes-development,Optimization,P3 - improve,Spam,No spam protection on the form,Without a CAPTCHA or honeypot the form will collect spam.,no reCAPTCHA / hCaptcha / Turnstile / honeypot field found,a CAPTCHA or a hidden honeypot field,Configure the CAPTCHA key for this environment or add a honeypot field.,form #1 (lead) form.space-y-4 'Full Name * Email Address * Phone * Serv',,200,yes,Forms Report
http://localhost:3000/technologies/kubernetes-development,Optimization,P3 - improve,Spam,No spam protection on the form,Without a CAPTCHA or honeypot the form will collect spam.,no reCAPTCHA / hCaptcha / Turnstile / honeypot field found,a CAPTCHA or a hidden honeypot field,Configure the CAPTCHA key for this environment or add a honeypot field.,form #2 (lead) form.flex.flex-1.flex-col 'Full Name Work Email Phone (Optio,,200,yes,Forms Report
http://localhost:3000/technologies/langchain-development,Optimization,P3 - improve,Privacy,No privacy notice / link at the lead form,Forms that collect personal data should tell visitors how it is used (GDPR / privacy laws).,(no 'privacy' text or link in or next to the form),A short notice with a link to the privacy policy at the form,Add the notice under the submit button.,form #1 (lead) form.space-y-4 'Full Name * Email Address * Phone * Serv',,200,yes,Forms Report
http://localhost:3000/technologies/langchain-development,Optimization,P3 - improve,Privacy,No privacy notice / link at the lead form,Forms that collect personal data should tell visitors how it is used (GDPR / privacy laws).,(no 'privacy' text or link in or next to the form),A short notice with a link to the privacy policy at the form,Add the notice under the submit button.,form #2 (lead) form.flex.flex-1.flex-col 'Full Name Work Email Phone (Optio,,200,yes,Forms Report
http://localhost:3000/technologies/langchain-development,Optimization,P3 - improve,Spam,No spam protection on the form,Without a CAPTCHA or honeypot the form will collect spam.,no reCAPTCHA / hCaptcha / Turnstile / honeypot field found,a CAPTCHA or a hidden honeypot field,Configure the CAPTCHA key for this environment or add a honeypot field.,form #1 (lead) form.space-y-4 'Full Name * Email Address * Phone * Serv',,200,yes,Forms Report
http://localhost:3000/technologies/langchain-development,Optimization,P3 - improve,Spam,No spam protection on the form,Without a CAPTCHA or honeypot the form will collect spam.,no reCAPTCHA / hCaptcha / Turnstile / honeypot field found,a CAPTCHA or a hidden honeypot field,Configure the CAPTCHA key for this environment or add a honeypot field.,form #2 (lead) form.flex.flex-1.flex-col 'Full Name Work Email Phone (Optio,,200,yes,Forms Report
http://localhost:3000/technologies/laravel-development,Optimization,P3 - improve,Privacy,No privacy notice / link at the lead form,Forms that collect personal data should tell visitors how it is used (GDPR / privacy laws).,(no 'privacy' text or link in or next to the form),A short notice with a link to the privacy policy at the form,Add the notice under the submit button.,form #1 (lead) form.space-y-4 'Full Name * Email Address * Phone * Serv',,200,yes,Forms Report
http://localhost:3000/technologies/laravel-development,Optimization,P3 - improve,Privacy,No privacy notice / link at the lead form,Forms that collect personal data should tell visitors how it is used (GDPR / privacy laws).,(no 'privacy' text or link in or next to the form),A short notice with a link to the privacy policy at the form,Add the notice under the submit button.,form #2 (lead) form.flex.flex-1.flex-col 'Full Name Work Email Phone (Optio,,200,yes,Forms Report
http://localhost:3000/technologies/laravel-development,Optimization,P3 - improve,Spam,No spam protection on the form,Without a CAPTCHA or honeypot the form will collect spam.,no reCAPTCHA / hCaptcha / Turnstile / honeypot field found,a CAPTCHA or a hidden honeypot field,Configure the CAPTCHA key for this environment or add a honeypot field.,form #1 (lead) form.space-y-4 'Full Name * Email Address * Phone * Serv',,200,yes,Forms Report
http://localhost:3000/technologies/laravel-development,Optimization,P3 - improve,Spam,No spam protection on the form,Without a CAPTCHA or honeypot the form will collect spam.,no reCAPTCHA / hCaptcha / Turnstile / honeypot field found,a CAPTCHA or a hidden honeypot field,Configure the CAPTCHA key for this environment or add a honeypot field.,form #2 (lead) form.flex.flex-1.flex-col 'Full Name Work Email Phone (Optio,,200,yes,Forms Report
http://localhost:3000/technologies/linux-development,Optimization,P3 - improve,Privacy,No privacy notice / link at the lead form,Forms that collect personal data should tell visitors how it is used (GDPR / privacy laws).,(no 'privacy' text or link in or next to the form),A short notice with a link to the privacy policy at the form,Add the notice under the submit button.,form #1 (lead) form.space-y-4 'Full Name * Email Address * Phone * Serv',,200,yes,Forms Report
http://localhost:3000/technologies/linux-development,Optimization,P3 - improve,Privacy,No privacy notice / link at the lead form,Forms that collect personal data should tell visitors how it is used (GDPR / privacy laws).,(no 'privacy' text or link in or next to the form),A short notice with a link to the privacy policy at the form,Add the notice under the submit button.,form #2 (lead) form.flex.flex-1.flex-col 'Full Name Work Email Phone (Optio,,200,yes,Forms Report
http://localhost:3000/technologies/linux-development,Optimization,P3 - improve,Spam,No spam protection on the form,Without a CAPTCHA or honeypot the form will collect spam.,no reCAPTCHA / hCaptcha / Turnstile / honeypot field found,a CAPTCHA or a hidden honeypot field,Configure the CAPTCHA key for this environment or add a honeypot field.,form #1 (lead) form.space-y-4 'Full Name * Email Address * Phone * Serv',,200,yes,Forms Report
http://localhost:3000/technologies/linux-development,Optimization,P3 - improve,Spam,No spam protection on the form,Without a CAPTCHA or honeypot the form will collect spam.,no reCAPTCHA / hCaptcha / Turnstile / honeypot field found,a CAPTCHA or a hidden honeypot field,Configure the CAPTCHA key for this environment or add a honeypot field.,form #2 (lead) form.flex.flex-1.flex-col 'Full Name Work Email Phone (Optio,,200,yes,Forms Report
http://localhost:3000/technologies/local-seo-services,Optimization,P3 - improve,Privacy,No privacy notice / link at the lead form,Forms that collect personal data should tell visitors how it is used (GDPR / privacy laws).,(no 'privacy' text or link in or next to the form),A short notice with a link to the privacy policy at the form,Add the notice under the submit button.,form #1 (lead) form.space-y-4 'Full Name * Email Address * Phone * Serv',,200,yes,Forms Report
http://localhost:3000/technologies/local-seo-services,Optimization,P3 - improve,Privacy,No privacy notice / link at the lead form,Forms that collect personal data should tell visitors how it is used (GDPR / privacy laws).,(no 'privacy' text or link in or next to the form),A short notice with a link to the privacy policy at the form,Add the notice under the submit button.,form #2 (lead) form.flex.flex-1.flex-col 'Full Name Work Email Phone (Optio,,200,yes,Forms Report
http://localhost:3000/technologies/local-seo-services,Optimization,P3 - improve,Spam,No spam protection on the form,Without a CAPTCHA or honeypot the form will collect spam.,no reCAPTCHA / hCaptcha / Turnstile / honeypot field found,a CAPTCHA or a hidden honeypot field,Configure the CAPTCHA key for this environment or add a honeypot field.,form #1 (lead) form.space-y-4 'Full Name * Email Address * Phone * Serv',,200,yes,Forms Report
http://localhost:3000/technologies/local-seo-services,Optimization,P3 - improve,Spam,No spam protection on the form,Without a CAPTCHA or honeypot the form will collect spam.,no reCAPTCHA / hCaptcha / Turnstile / honeypot field found,a CAPTCHA or a hidden honeypot field,Configure the CAPTCHA key for this environment or add a honeypot field.,form #2 (lead) form.flex.flex-1.flex-col 'Full Name Work Email Phone (Optio,,200,yes,Forms Report
http://localhost:3000/technologies/machine-learning-development,Optimization,P3 - improve,Privacy,No privacy notice / link at the lead form,Forms that collect personal data should tell visitors how it is used (GDPR / privacy laws).,(no 'privacy' text or link in or next to the form),A short notice with a link to the privacy policy at the form,Add the notice under the submit button.,form #1 (lead) form.space-y-4 'Full Name * Email Address * Phone * Serv',,200,yes,Forms Report
http://localhost:3000/technologies/machine-learning-development,Optimization,P3 - improve,Privacy,No privacy notice / link at the lead form,Forms that collect personal data should tell visitors how it is used (GDPR / privacy laws).,(no 'privacy' text or link in or next to the form),A short notice with a link to the privacy policy at the form,Add the notice under the submit button.,form #2 (lead) form.flex.flex-1.flex-col 'Full Name Work Email Phone (Optio,,200,yes,Forms Report
http://localhost:3000/technologies/machine-learning-development,Optimization,P3 - improve,Spam,No spam protection on the form,Without a CAPTCHA or honeypot the form will collect spam.,no reCAPTCHA / hCaptcha / Turnstile / honeypot field found,a CAPTCHA or a hidden honeypot field,Configure the CAPTCHA key for this environment or add a honeypot field.,form #1 (lead) form.space-y-4 'Full Name * Email Address * Phone * Serv',,200,yes,Forms Report
http://localhost:3000/technologies/machine-learning-development,Optimization,P3 - improve,Spam,No spam protection on the form,Without a CAPTCHA or honeypot the form will collect spam.,no reCAPTCHA / hCaptcha / Turnstile / honeypot field found,a CAPTCHA or a hidden honeypot field,Configure the CAPTCHA key for this environment or add a honeypot field.,form #2 (lead) form.flex.flex-1.flex-col 'Full Name Work Email Phone (Optio,,200,yes,Forms Report
http://localhost:3000/technologies/magento-cms-development,Optimization,P3 - improve,Privacy,No privacy notice / link at the lead form,Forms that collect personal data should tell visitors how it is used (GDPR / privacy laws).,(no 'privacy' text or link in or next to the form),A short notice with a link to the privacy policy at the form,Add the notice under the submit button.,form #1 (lead) form.space-y-4 'Full Name * Email Address * Phone * Serv',,200,yes,Forms Report
http://localhost:3000/technologies/magento-cms-development,Optimization,P3 - improve,Privacy,No privacy notice / link at the lead form,Forms that collect personal data should tell visitors how it is used (GDPR / privacy laws).,(no 'privacy' text or link in or next to the form),A short notice with a link to the privacy policy at the form,Add the notice under the submit button.,form #2 (lead) form.flex.flex-1.flex-col 'Full Name Work Email Phone (Optio,,200,yes,Forms Report
http://localhost:3000/technologies/magento-cms-development,Optimization,P3 - improve,Spam,No spam protection on the form,Without a CAPTCHA or honeypot the form will collect spam.,no reCAPTCHA / hCaptcha / Turnstile / honeypot field found,a CAPTCHA or a hidden honeypot field,Configure the CAPTCHA key for this environment or add a honeypot field.,form #1 (lead) form.space-y-4 'Full Name * Email Address * Phone * Serv',,200,yes,Forms Report
http://localhost:3000/technologies/magento-cms-development,Optimization,P3 - improve,Spam,No spam protection on the form,Without a CAPTCHA or honeypot the form will collect spam.,no reCAPTCHA / hCaptcha / Turnstile / honeypot field found,a CAPTCHA or a hidden honeypot field,Configure the CAPTCHA key for this environment or add a honeypot field.,form #2 (lead) form.flex.flex-1.flex-col 'Full Name Work Email Phone (Optio,,200,yes,Forms Report
http://localhost:3000/technologies/magento-development,Optimization,P3 - improve,Privacy,No privacy notice / link at the lead form,Forms that collect personal data should tell visitors how it is used (GDPR / privacy laws).,(no 'privacy' text or link in or next to the form),A short notice with a link to the privacy policy at the form,Add the notice under the submit button.,form #1 (lead) form.space-y-4 'Full Name * Email Address * Phone * Serv',,200,yes,Forms Report
http://localhost:3000/technologies/magento-development,Optimization,P3 - improve,Privacy,No privacy notice / link at the lead form,Forms that collect personal data should tell visitors how it is used (GDPR / privacy laws).,(no 'privacy' text or link in or next to the form),A short notice with a link to the privacy policy at the form,Add the notice under the submit button.,form #2 (lead) form.flex.flex-1.flex-col 'Full Name Work Email Phone (Optio,,200,yes,Forms Report
http://localhost:3000/technologies/magento-development,Optimization,P3 - improve,Spam,No spam protection on the form,Without a CAPTCHA or honeypot the form will collect spam.,no reCAPTCHA / hCaptcha / Turnstile / honeypot field found,a CAPTCHA or a hidden honeypot field,Configure the CAPTCHA key for this environment or add a honeypot field.,form #1 (lead) form.space-y-4 'Full Name * Email Address * Phone * Serv',,200,yes,Forms Report
http://localhost:3000/technologies/magento-development,Optimization,P3 - improve,Spam,No spam protection on the form,Without a CAPTCHA or honeypot the form will collect spam.,no reCAPTCHA / hCaptcha / Turnstile / honeypot field found,a CAPTCHA or a hidden honeypot field,Configure the CAPTCHA key for this environment or add a honeypot field.,form #2 (lead) form.flex.flex-1.flex-col 'Full Name Work Email Phone (Optio,,200,yes,Forms Report
http://localhost:3000/technologies/manual-testing,Optimization,P3 - improve,Privacy,No privacy notice / link at the lead form,Forms that collect personal data should tell visitors how it is used (GDPR / privacy laws).,(no 'privacy' text or link in or next to the form),A short notice with a link to the privacy policy at the form,Add the notice under the submit button.,form #1 (lead) form.space-y-4 'Full Name * Email Address * Phone * Serv',,200,yes,Forms Report
http://localhost:3000/technologies/manual-testing,Optimization,P3 - improve,Privacy,No privacy notice / link at the lead form,Forms that collect personal data should tell visitors how it is used (GDPR / privacy laws).,(no 'privacy' text or link in or next to the form),A short notice with a link to the privacy policy at the form,Add the notice under the submit button.,form #2 (lead) form.flex.flex-1.flex-col 'Full Name Work Email Phone (Optio,,200,yes,Forms Report
http://localhost:3000/technologies/manual-testing,Optimization,P3 - improve,Spam,No spam protection on the form,Without a CAPTCHA or honeypot the form will collect spam.,no reCAPTCHA / hCaptcha / Turnstile / honeypot field found,a CAPTCHA or a hidden honeypot field,Configure the CAPTCHA key for this environment or add a honeypot field.,form #1 (lead) form.space-y-4 'Full Name * Email Address * Phone * Serv',,200,yes,Forms Report
http://localhost:3000/technologies/manual-testing,Optimization,P3 - improve,Spam,No spam protection on the form,Without a CAPTCHA or honeypot the form will collect spam.,no reCAPTCHA / hCaptcha / Turnstile / honeypot field found,a CAPTCHA or a hidden honeypot field,Configure the CAPTCHA key for this environment or add a honeypot field.,form #2 (lead) form.flex.flex-1.flex-col 'Full Name Work Email Phone (Optio,,200,yes,Forms Report
http://localhost:3000/technologies/mariadb-development,Optimization,P3 - improve,Privacy,No privacy notice / link at the lead form,Forms that collect personal data should tell visitors how it is used (GDPR / privacy laws).,(no 'privacy' text or link in or next to the form),A short notice with a link to the privacy policy at the form,Add the notice under the submit button.,form #1 (lead) form.space-y-4 'Full Name * Email Address * Phone * Serv',,200,yes,Forms Report
http://localhost:3000/technologies/mariadb-development,Optimization,P3 - improve,Privacy,No privacy notice / link at the lead form,Forms that collect personal data should tell visitors how it is used (GDPR / privacy laws).,(no 'privacy' text or link in or next to the form),A short notice with a link to the privacy policy at the form,Add the notice under the submit button.,form #2 (lead) form.flex.flex-1.flex-col 'Full Name Work Email Phone (Optio,,200,yes,Forms Report
http://localhost:3000/technologies/mariadb-development,Optimization,P3 - improve,Spam,No spam protection on the form,Without a CAPTCHA or honeypot the form will collect spam.,no reCAPTCHA / hCaptcha / Turnstile / honeypot field found,a CAPTCHA or a hidden honeypot field,Configure the CAPTCHA key for this environment or add a honeypot field.,form #1 (lead) form.space-y-4 'Full Name * Email Address * Phone * Serv',,200,yes,Forms Report
http://localhost:3000/technologies/mariadb-development,Optimization,P3 - improve,Spam,No spam protection on the form,Without a CAPTCHA or honeypot the form will collect spam.,no reCAPTCHA / hCaptcha / Turnstile / honeypot field found,a CAPTCHA or a hidden honeypot field,Configure the CAPTCHA key for this environment or add a honeypot field.,form #2 (lead) form.flex.flex-1.flex-col 'Full Name Work Email Phone (Optio,,200,yes,Forms Report
http://localhost:3000/technologies/marketing-automation,Optimization,P3 - improve,Privacy,No privacy notice / link at the lead form,Forms that collect personal data should tell visitors how it is used (GDPR / privacy laws).,(no 'privacy' text or link in or next to the form),A short notice with a link to the privacy policy at the form,Add the notice under the submit button.,form #1 (lead) form.space-y-4 'Full Name * Email Address * Phone * Serv',,200,yes,Forms Report
http://localhost:3000/technologies/marketing-automation,Optimization,P3 - improve,Privacy,No privacy notice / link at the lead form,Forms that collect personal data should tell visitors how it is used (GDPR / privacy laws).,(no 'privacy' text or link in or next to the form),A short notice with a link to the privacy policy at the form,Add the notice under the submit button.,form #2 (lead) form.flex.flex-1.flex-col 'Full Name Work Email Phone (Optio,,200,yes,Forms Report
http://localhost:3000/technologies/marketing-automation,Optimization,P3 - improve,Spam,No spam protection on the form,Without a CAPTCHA or honeypot the form will collect spam.,no reCAPTCHA / hCaptcha / Turnstile / honeypot field found,a CAPTCHA or a hidden honeypot field,Configure the CAPTCHA key for this environment or add a honeypot field.,form #1 (lead) form.space-y-4 'Full Name * Email Address * Phone * Serv',,200,yes,Forms Report
http://localhost:3000/technologies/marketing-automation,Optimization,P3 - improve,Spam,No spam protection on the form,Without a CAPTCHA or honeypot the form will collect spam.,no reCAPTCHA / hCaptcha / Turnstile / honeypot field found,a CAPTCHA or a hidden honeypot field,Configure the CAPTCHA key for this environment or add a honeypot field.,form #2 (lead) form.flex.flex-1.flex-col 'Full Name Work Email Phone (Optio,,200,yes,Forms Report
http://localhost:3000/technologies/material-ui-development,Optimization,P3 - improve,Privacy,No privacy notice / link at the lead form,Forms that collect personal data should tell visitors how it is used (GDPR / privacy laws).,(no 'privacy' text or link in or next to the form),A short notice with a link to the privacy policy at the form,Add the notice under the submit button.,form #1 (lead) form.space-y-4 'Full Name * Email Address * Phone * Serv',,200,yes,Forms Report
http://localhost:3000/technologies/material-ui-development,Optimization,P3 - improve,Privacy,No privacy notice / link at the lead form,Forms that collect personal data should tell visitors how it is used (GDPR / privacy laws).,(no 'privacy' text or link in or next to the form),A short notice with a link to the privacy policy at the form,Add the notice under the submit button.,form #2 (lead) form.flex.flex-1.flex-col 'Full Name Work Email Phone (Optio,,200,yes,Forms Report
http://localhost:3000/technologies/material-ui-development,Optimization,P3 - improve,Spam,No spam protection on the form,Without a CAPTCHA or honeypot the form will collect spam.,no reCAPTCHA / hCaptcha / Turnstile / honeypot field found,a CAPTCHA or a hidden honeypot field,Configure the CAPTCHA key for this environment or add a honeypot field.,form #1 (lead) form.space-y-4 'Full Name * Email Address * Phone * Serv',,200,yes,Forms Report
http://localhost:3000/technologies/material-ui-development,Optimization,P3 - improve,Spam,No spam protection on the form,Without a CAPTCHA or honeypot the form will collect spam.,no reCAPTCHA / hCaptcha / Turnstile / honeypot field found,a CAPTCHA or a hidden honeypot field,Configure the CAPTCHA key for this environment or add a honeypot field.,form #2 (lead) form.flex.flex-1.flex-col 'Full Name Work Email Phone (Optio,,200,yes,Forms Report
http://localhost:3000/technologies/mobile-app-marketing,Optimization,P3 - improve,Privacy,No privacy notice / link at the lead form,Forms that collect personal data should tell visitors how it is used (GDPR / privacy laws).,(no 'privacy' text or link in or next to the form),A short notice with a link to the privacy policy at the form,Add the notice under the submit button.,form #1 (lead) form.space-y-4 'Full Name * Email Address * Phone * Serv',,200,yes,Forms Report
http://localhost:3000/technologies/mobile-app-marketing,Optimization,P3 - improve,Privacy,No privacy notice / link at the lead form,Forms that collect personal data should tell visitors how it is used (GDPR / privacy laws).,(no 'privacy' text or link in or next to the form),A short notice with a link to the privacy policy at the form,Add the notice under the submit button.,form #2 (lead) form.flex.flex-1.flex-col 'Full Name Work Email Phone (Optio,,200,yes,Forms Report
http://localhost:3000/technologies/mobile-app-marketing,Optimization,P3 - improve,Spam,No spam protection on the form,Without a CAPTCHA or honeypot the form will collect spam.,no reCAPTCHA / hCaptcha / Turnstile / honeypot field found,a CAPTCHA or a hidden honeypot field,Configure the CAPTCHA key for this environment or add a honeypot field.,form #1 (lead) form.space-y-4 'Full Name * Email Address * Phone * Serv',,200,yes,Forms Report
http://localhost:3000/technologies/mobile-app-marketing,Optimization,P3 - improve,Spam,No spam protection on the form,Without a CAPTCHA or honeypot the form will collect spam.,no reCAPTCHA / hCaptcha / Turnstile / honeypot field found,a CAPTCHA or a hidden honeypot field,Configure the CAPTCHA key for this environment or add a honeypot field.,form #2 (lead) form.flex.flex-1.flex-col 'Full Name Work Email Phone (Optio,,200,yes,Forms Report
http://localhost:3000/technologies/mongodb-development,Optimization,P3 - improve,Privacy,No privacy notice / link at the lead form,Forms that collect personal data should tell visitors how it is used (GDPR / privacy laws).,(no 'privacy' text or link in or next to the form),A short notice with a link to the privacy policy at the form,Add the notice under the submit button.,form #1 (lead) form.space-y-4 'Full Name * Email Address * Phone * Serv',,200,yes,Forms Report
http://localhost:3000/technologies/mongodb-development,Optimization,P3 - improve,Privacy,No privacy notice / link at the lead form,Forms that collect personal data should tell visitors how it is used (GDPR / privacy laws).,(no 'privacy' text or link in or next to the form),A short notice with a link to the privacy policy at the form,Add the notice under the submit button.,form #2 (lead) form.flex.flex-1.flex-col 'Full Name Work Email Phone (Optio,,200,yes,Forms Report
http://localhost:3000/technologies/mongodb-development,Optimization,P3 - improve,Spam,No spam protection on the form,Without a CAPTCHA or honeypot the form will collect spam.,no reCAPTCHA / hCaptcha / Turnstile / honeypot field found,a CAPTCHA or a hidden honeypot field,Configure the CAPTCHA key for this environment or add a honeypot field.,form #1 (lead) form.space-y-4 'Full Name * Email Address * Phone * Serv',,200,yes,Forms Report
http://localhost:3000/technologies/mongodb-development,Optimization,P3 - improve,Spam,No spam protection on the form,Without a CAPTCHA or honeypot the form will collect spam.,no reCAPTCHA / hCaptcha / Turnstile / honeypot field found,a CAPTCHA or a hidden honeypot field,Configure the CAPTCHA key for this environment or add a honeypot field.,form #2 (lead) form.flex.flex-1.flex-col 'Full Name Work Email Phone (Optio,,200,yes,Forms Report
http://localhost:3000/technologies/mysql-development,Optimization,P3 - improve,Privacy,No privacy notice / link at the lead form,Forms that collect personal data should tell visitors how it is used (GDPR / privacy laws).,(no 'privacy' text or link in or next to the form),A short notice with a link to the privacy policy at the form,Add the notice under the submit button.,form #1 (lead) form.space-y-4 'Full Name * Email Address * Phone * Serv',,200,yes,Forms Report
http://localhost:3000/technologies/mysql-development,Optimization,P3 - improve,Privacy,No privacy notice / link at the lead form,Forms that collect personal data should tell visitors how it is used (GDPR / privacy laws).,(no 'privacy' text or link in or next to the form),A short notice with a link to the privacy policy at the form,Add the notice under the submit button.,form #2 (lead) form.flex.flex-1.flex-col 'Full Name Work Email Phone (Optio,,200,yes,Forms Report
http://localhost:3000/technologies/mysql-development,Optimization,P3 - improve,Spam,No spam protection on the form,Without a CAPTCHA or honeypot the form will collect spam.,no reCAPTCHA / hCaptcha / Turnstile / honeypot field found,a CAPTCHA or a hidden honeypot field,Configure the CAPTCHA key for this environment or add a honeypot field.,form #1 (lead) form.space-y-4 'Full Name * Email Address * Phone * Serv',,200,yes,Forms Report
http://localhost:3000/technologies/mysql-development,Optimization,P3 - improve,Spam,No spam protection on the form,Without a CAPTCHA or honeypot the form will collect spam.,no reCAPTCHA / hCaptcha / Turnstile / honeypot field found,a CAPTCHA or a hidden honeypot field,Configure the CAPTCHA key for this environment or add a honeypot field.,form #2 (lead) form.flex.flex-1.flex-col 'Full Name Work Email Phone (Optio,,200,yes,Forms Report
http://localhost:3000/technologies/nestjs-development,Optimization,P3 - improve,Privacy,No privacy notice / link at the lead form,Forms that collect personal data should tell visitors how it is used (GDPR / privacy laws).,(no 'privacy' text or link in or next to the form),A short notice with a link to the privacy policy at the form,Add the notice under the submit button.,form #1 (lead) form.space-y-4 'Full Name * Email Address * Phone * Serv',,200,yes,Forms Report
http://localhost:3000/technologies/nestjs-development,Optimization,P3 - improve,Privacy,No privacy notice / link at the lead form,Forms that collect personal data should tell visitors how it is used (GDPR / privacy laws).,(no 'privacy' text or link in or next to the form),A short notice with a link to the privacy policy at the form,Add the notice under the submit button.,form #2 (lead) form.flex.flex-1.flex-col 'Full Name Work Email Phone (Optio,,200,yes,Forms Report
http://localhost:3000/technologies/nestjs-development,Optimization,P3 - improve,Spam,No spam protection on the form,Without a CAPTCHA or honeypot the form will collect spam.,no reCAPTCHA / hCaptcha / Turnstile / honeypot field found,a CAPTCHA or a hidden honeypot field,Configure the CAPTCHA key for this environment or add a honeypot field.,form #1 (lead) form.space-y-4 'Full Name * Email Address * Phone * Serv',,200,yes,Forms Report
http://localhost:3000/technologies/nestjs-development,Optimization,P3 - improve,Spam,No spam protection on the form,Without a CAPTCHA or honeypot the form will collect spam.,no reCAPTCHA / hCaptcha / Turnstile / honeypot field found,a CAPTCHA or a hidden honeypot field,Configure the CAPTCHA key for this environment or add a honeypot field.,form #2 (lead) form.flex.flex-1.flex-col 'Full Name Work Email Phone (Optio,,200,yes,Forms Report
http://localhost:3000/technologies/net-development,Optimization,P3 - improve,Privacy,No privacy notice / link at the lead form,Forms that collect personal data should tell visitors how it is used (GDPR / privacy laws).,(no 'privacy' text or link in or next to the form),A short notice with a link to the privacy policy at the form,Add the notice under the submit button.,form #1 (lead) form.space-y-4 'Full Name * Email Address * Phone * Serv',,200,yes,Forms Report
http://localhost:3000/technologies/net-development,Optimization,P3 - improve,Privacy,No privacy notice / link at the lead form,Forms that collect personal data should tell visitors how it is used (GDPR / privacy laws).,(no 'privacy' text or link in or next to the form),A short notice with a link to the privacy policy at the form,Add the notice under the submit button.,form #2 (lead) form.flex.flex-1.flex-col 'Full Name Work Email Phone (Optio,,200,yes,Forms Report
http://localhost:3000/technologies/net-development,Optimization,P3 - improve,Spam,No spam protection on the form,Without a CAPTCHA or honeypot the form will collect spam.,no reCAPTCHA / hCaptcha / Turnstile / honeypot field found,a CAPTCHA or a hidden honeypot field,Configure the CAPTCHA key for this environment or add a honeypot field.,form #1 (lead) form.space-y-4 'Full Name * Email Address * Phone * Serv',,200,yes,Forms Report
http://localhost:3000/technologies/net-development,Optimization,P3 - improve,Spam,No spam protection on the form,Without a CAPTCHA or honeypot the form will collect spam.,no reCAPTCHA / hCaptcha / Turnstile / honeypot field found,a CAPTCHA or a hidden honeypot field,Configure the CAPTCHA key for this environment or add a honeypot field.,form #2 (lead) form.flex.flex-1.flex-col 'Full Name Work Email Phone (Optio,,200,yes,Forms Report
http://localhost:3000/technologies/netlify-development,Optimization,P3 - improve,Privacy,No privacy notice / link at the lead form,Forms that collect personal data should tell visitors how it is used (GDPR / privacy laws).,(no 'privacy' text or link in or next to the form),A short notice with a link to the privacy policy at the form,Add the notice under the submit button.,form #1 (lead) form.space-y-4 'Full Name * Email Address * Phone * Serv',,200,yes,Forms Report
http://localhost:3000/technologies/netlify-development,Optimization,P3 - improve,Privacy,No privacy notice / link at the lead form,Forms that collect personal data should tell visitors how it is used (GDPR / privacy laws).,(no 'privacy' text or link in or next to the form),A short notice with a link to the privacy policy at the form,Add the notice under the submit button.,form #2 (lead) form.flex.flex-1.flex-col 'Full Name Work Email Phone (Optio,,200,yes,Forms Report
http://localhost:3000/technologies/netlify-development,Optimization,P3 - improve,Spam,No spam protection on the form,Without a CAPTCHA or honeypot the form will collect spam.,no reCAPTCHA / hCaptcha / Turnstile / honeypot field found,a CAPTCHA or a hidden honeypot field,Configure the CAPTCHA key for this environment or add a honeypot field.,form #1 (lead) form.space-y-4 'Full Name * Email Address * Phone * Serv',,200,yes,Forms Report
http://localhost:3000/technologies/netlify-development,Optimization,P3 - improve,Spam,No spam protection on the form,Without a CAPTCHA or honeypot the form will collect spam.,no reCAPTCHA / hCaptcha / Turnstile / honeypot field found,a CAPTCHA or a hidden honeypot field,Configure the CAPTCHA key for this environment or add a honeypot field.,form #2 (lead) form.flex.flex-1.flex-col 'Full Name Work Email Phone (Optio,,200,yes,Forms Report
http://localhost:3000/technologies/nextjs-development,Optimization,P3 - improve,Privacy,No privacy notice / link at the lead form,Forms that collect personal data should tell visitors how it is used (GDPR / privacy laws).,(no 'privacy' text or link in or next to the form),A short notice with a link to the privacy policy at the form,Add the notice under the submit button.,form #1 (lead) form.space-y-4 'Full Name * Email Address * Phone * Serv',,200,yes,Forms Report
http://localhost:3000/technologies/nextjs-development,Optimization,P3 - improve,Privacy,No privacy notice / link at the lead form,Forms that collect personal data should tell visitors how it is used (GDPR / privacy laws).,(no 'privacy' text or link in or next to the form),A short notice with a link to the privacy policy at the form,Add the notice under the submit button.,form #2 (lead) form.flex.flex-1.flex-col 'Full Name Work Email Phone (Optio,,200,yes,Forms Report
http://localhost:3000/technologies/nextjs-development,Optimization,P3 - improve,Spam,No spam protection on the form,Without a CAPTCHA or honeypot the form will collect spam.,no reCAPTCHA / hCaptcha / Turnstile / honeypot field found,a CAPTCHA or a hidden honeypot field,Configure the CAPTCHA key for this environment or add a honeypot field.,form #1 (lead) form.space-y-4 'Full Name * Email Address * Phone * Serv',,200,yes,Forms Report
http://localhost:3000/technologies/nextjs-development,Optimization,P3 - improve,Spam,No spam protection on the form,Without a CAPTCHA or honeypot the form will collect spam.,no reCAPTCHA / hCaptcha / Turnstile / honeypot field found,a CAPTCHA or a hidden honeypot field,Configure the CAPTCHA key for this environment or add a honeypot field.,form #2 (lead) form.flex.flex-1.flex-col 'Full Name Work Email Phone (Optio,,200,yes,Forms Report
http://localhost:3000/technologies/nginx-development,Optimization,P3 - improve,Privacy,No privacy notice / link at the lead form,Forms that collect personal data should tell visitors how it is used (GDPR / privacy laws).,(no 'privacy' text or link in or next to the form),A short notice with a link to the privacy policy at the form,Add the notice under the submit button.,form #1 (lead) form.space-y-4 'Full Name * Email Address * Phone * Serv',,200,yes,Forms Report
http://localhost:3000/technologies/nginx-development,Optimization,P3 - improve,Privacy,No privacy notice / link at the lead form,Forms that collect personal data should tell visitors how it is used (GDPR / privacy laws).,(no 'privacy' text or link in or next to the form),A short notice with a link to the privacy policy at the form,Add the notice under the submit button.,form #2 (lead) form.flex.flex-1.flex-col 'Full Name Work Email Phone (Optio,,200,yes,Forms Report
http://localhost:3000/technologies/nginx-development,Optimization,P3 - improve,Spam,No spam protection on the form,Without a CAPTCHA or honeypot the form will collect spam.,no reCAPTCHA / hCaptcha / Turnstile / honeypot field found,a CAPTCHA or a hidden honeypot field,Configure the CAPTCHA key for this environment or add a honeypot field.,form #1 (lead) form.space-y-4 'Full Name * Email Address * Phone * Serv',,200,yes,Forms Report
http://localhost:3000/technologies/nginx-development,Optimization,P3 - improve,Spam,No spam protection on the form,Without a CAPTCHA or honeypot the form will collect spam.,no reCAPTCHA / hCaptcha / Turnstile / honeypot field found,a CAPTCHA or a hidden honeypot field,Configure the CAPTCHA key for this environment or add a honeypot field.,form #2 (lead) form.flex.flex-1.flex-col 'Full Name Work Email Phone (Optio,,200,yes,Forms Report
http://localhost:3000/technologies/nlp-development,Optimization,P3 - improve,Privacy,No privacy notice / link at the lead form,Forms that collect personal data should tell visitors how it is used (GDPR / privacy laws).,(no 'privacy' text or link in or next to the form),A short notice with a link to the privacy policy at the form,Add the notice under the submit button.,form #1 (lead) form.space-y-4 'Full Name * Email Address * Phone * Serv',,200,yes,Forms Report
http://localhost:3000/technologies/nlp-development,Optimization,P3 - improve,Privacy,No privacy notice / link at the lead form,Forms that collect personal data should tell visitors how it is used (GDPR / privacy laws).,(no 'privacy' text or link in or next to the form),A short notice with a link to the privacy policy at the form,Add the notice under the submit button.,form #2 (lead) form.flex.flex-1.flex-col 'Full Name Work Email Phone (Optio,,200,yes,Forms Report
http://localhost:3000/technologies/nlp-development,Optimization,P3 - improve,Spam,No spam protection on the form,Without a CAPTCHA or honeypot the form will collect spam.,no reCAPTCHA / hCaptcha / Turnstile / honeypot field found,a CAPTCHA or a hidden honeypot field,Configure the CAPTCHA key for this environment or add a honeypot field.,form #1 (lead) form.space-y-4 'Full Name * Email Address * Phone * Serv',,200,yes,Forms Report
http://localhost:3000/technologies/nlp-development,Optimization,P3 - improve,Spam,No spam protection on the form,Without a CAPTCHA or honeypot the form will collect spam.,no reCAPTCHA / hCaptcha / Turnstile / honeypot field found,a CAPTCHA or a hidden honeypot field,Configure the CAPTCHA key for this environment or add a honeypot field.,form #2 (lead) form.flex.flex-1.flex-col 'Full Name Work Email Phone (Optio,,200,yes,Forms Report
http://localhost:3000/technologies/nodejs-development,Optimization,P3 - improve,Privacy,No privacy notice / link at the lead form,Forms that collect personal data should tell visitors how it is used (GDPR / privacy laws).,(no 'privacy' text or link in or next to the form),A short notice with a link to the privacy policy at the form,Add the notice under the submit button.,form #1 (lead) form.space-y-4 'Full Name * Email Address * Phone * Serv',,200,yes,Forms Report
http://localhost:3000/technologies/nodejs-development,Optimization,P3 - improve,Privacy,No privacy notice / link at the lead form,Forms that collect personal data should tell visitors how it is used (GDPR / privacy laws).,(no 'privacy' text or link in or next to the form),A short notice with a link to the privacy policy at the form,Add the notice under the submit button.,form #2 (lead) form.flex.flex-1.flex-col 'Full Name Work Email Phone (Optio,,200,yes,Forms Report
http://localhost:3000/technologies/nodejs-development,Optimization,P3 - improve,Spam,No spam protection on the form,Without a CAPTCHA or honeypot the form will collect spam.,no reCAPTCHA / hCaptcha / Turnstile / honeypot field found,a CAPTCHA or a hidden honeypot field,Configure the CAPTCHA key for this environment or add a honeypot field.,form #1 (lead) form.space-y-4 'Full Name * Email Address * Phone * Serv',,200,yes,Forms Report
http://localhost:3000/technologies/nodejs-development,Optimization,P3 - improve,Spam,No spam protection on the form,Without a CAPTCHA or honeypot the form will collect spam.,no reCAPTCHA / hCaptcha / Turnstile / honeypot field found,a CAPTCHA or a hidden honeypot field,Configure the CAPTCHA key for this environment or add a honeypot field.,form #2 (lead) form.flex.flex-1.flex-col 'Full Name Work Email Phone (Optio,,200,yes,Forms Report
http://localhost:3000/technologies/nopcommerce-development,Optimization,P3 - improve,Privacy,No privacy notice / link at the lead form,Forms that collect personal data should tell visitors how it is used (GDPR / privacy laws).,(no 'privacy' text or link in or next to the form),A short notice with a link to the privacy policy at the form,Add the notice under the submit button.,form #1 (lead) form.space-y-4 'Full Name * Email Address * Phone * Serv',,200,yes,Forms Report
http://localhost:3000/technologies/nopcommerce-development,Optimization,P3 - improve,Privacy,No privacy notice / link at the lead form,Forms that collect personal data should tell visitors how it is used (GDPR / privacy laws).,(no 'privacy' text or link in or next to the form),A short notice with a link to the privacy policy at the form,Add the notice under the submit button.,form #2 (lead) form.flex.flex-1.flex-col 'Full Name Work Email Phone (Optio,,200,yes,Forms Report
http://localhost:3000/technologies/nopcommerce-development,Optimization,P3 - improve,Spam,No spam protection on the form,Without a CAPTCHA or honeypot the form will collect spam.,no reCAPTCHA / hCaptcha / Turnstile / honeypot field found,a CAPTCHA or a hidden honeypot field,Configure the CAPTCHA key for this environment or add a honeypot field.,form #1 (lead) form.space-y-4 'Full Name * Email Address * Phone * Serv',,200,yes,Forms Report
http://localhost:3000/technologies/nopcommerce-development,Optimization,P3 - improve,Spam,No spam protection on the form,Without a CAPTCHA or honeypot the form will collect spam.,no reCAPTCHA / hCaptcha / Turnstile / honeypot field found,a CAPTCHA or a hidden honeypot field,Configure the CAPTCHA key for this environment or add a honeypot field.,form #2 (lead) form.flex.flex-1.flex-col 'Full Name Work Email Phone (Optio,,200,yes,Forms Report
http://localhost:3000/technologies/nuxtjs-development,Optimization,P3 - improve,Privacy,No privacy notice / link at the lead form,Forms that collect personal data should tell visitors how it is used (GDPR / privacy laws).,(no 'privacy' text or link in or next to the form),A short notice with a link to the privacy policy at the form,Add the notice under the submit button.,form #1 (lead) form.space-y-4 'Full Name * Email Address * Phone * Serv',,200,yes,Forms Report
http://localhost:3000/technologies/nuxtjs-development,Optimization,P3 - improve,Privacy,No privacy notice / link at the lead form,Forms that collect personal data should tell visitors how it is used (GDPR / privacy laws).,(no 'privacy' text or link in or next to the form),A short notice with a link to the privacy policy at the form,Add the notice under the submit button.,form #2 (lead) form.flex.flex-1.flex-col 'Full Name Work Email Phone (Optio,,200,yes,Forms Report
http://localhost:3000/technologies/nuxtjs-development,Optimization,P3 - improve,Spam,No spam protection on the form,Without a CAPTCHA or honeypot the form will collect spam.,no reCAPTCHA / hCaptcha / Turnstile / honeypot field found,a CAPTCHA or a hidden honeypot field,Configure the CAPTCHA key for this environment or add a honeypot field.,form #1 (lead) form.space-y-4 'Full Name * Email Address * Phone * Serv',,200,yes,Forms Report
http://localhost:3000/technologies/nuxtjs-development,Optimization,P3 - improve,Spam,No spam protection on the form,Without a CAPTCHA or honeypot the form will collect spam.,no reCAPTCHA / hCaptcha / Turnstile / honeypot field found,a CAPTCHA or a hidden honeypot field,Configure the CAPTCHA key for this environment or add a honeypot field.,form #2 (lead) form.flex.flex-1.flex-col 'Full Name Work Email Phone (Optio,,200,yes,Forms Report
http://localhost:3000/technologies/online-reputation-management,Optimization,P3 - improve,Privacy,No privacy notice / link at the lead form,Forms that collect personal data should tell visitors how it is used (GDPR / privacy laws).,(no 'privacy' text or link in or next to the form),A short notice with a link to the privacy policy at the form,Add the notice under the submit button.,form #1 (lead) form.space-y-4 'Full Name * Email Address * Phone * Serv',,200,yes,Forms Report
http://localhost:3000/technologies/online-reputation-management,Optimization,P3 - improve,Privacy,No privacy notice / link at the lead form,Forms that collect personal data should tell visitors how it is used (GDPR / privacy laws).,(no 'privacy' text or link in or next to the form),A short notice with a link to the privacy policy at the form,Add the notice under the submit button.,form #2 (lead) form.flex.flex-1.flex-col 'Full Name Work Email Phone (Optio,,200,yes,Forms Report
http://localhost:3000/technologies/online-reputation-management,Optimization,P3 - improve,Spam,No spam protection on the form,Without a CAPTCHA or honeypot the form will collect spam.,no reCAPTCHA / hCaptcha / Turnstile / honeypot field found,a CAPTCHA or a hidden honeypot field,Configure the CAPTCHA key for this environment or add a honeypot field.,form #1 (lead) form.space-y-4 'Full Name * Email Address * Phone * Serv',,200,yes,Forms Report
http://localhost:3000/technologies/online-reputation-management,Optimization,P3 - improve,Spam,No spam protection on the form,Without a CAPTCHA or honeypot the form will collect spam.,no reCAPTCHA / hCaptcha / Turnstile / honeypot field found,a CAPTCHA or a hidden honeypot field,Configure the CAPTCHA key for this environment or add a honeypot field.,form #2 (lead) form.flex.flex-1.flex-col 'Full Name Work Email Phone (Optio,,200,yes,Forms Report
http://localhost:3000/technologies/online-reputation-management-orm,Optimization,P3 - improve,Privacy,No privacy notice / link at the lead form,Forms that collect personal data should tell visitors how it is used (GDPR / privacy laws).,(no 'privacy' text or link in or next to the form),A short notice with a link to the privacy policy at the form,Add the notice under the submit button.,form #1 (lead) form.space-y-4 'Full Name * Email Address * Phone * Serv',,200,yes,Forms Report
http://localhost:3000/technologies/online-reputation-management-orm,Optimization,P3 - improve,Privacy,No privacy notice / link at the lead form,Forms that collect personal data should tell visitors how it is used (GDPR / privacy laws).,(no 'privacy' text or link in or next to the form),A short notice with a link to the privacy policy at the form,Add the notice under the submit button.,form #2 (lead) form.flex.flex-1.flex-col 'Full Name Work Email Phone (Optio,,200,yes,Forms Report
http://localhost:3000/technologies/online-reputation-management-orm,Optimization,P3 - improve,Spam,No spam protection on the form,Without a CAPTCHA or honeypot the form will collect spam.,no reCAPTCHA / hCaptcha / Turnstile / honeypot field found,a CAPTCHA or a hidden honeypot field,Configure the CAPTCHA key for this environment or add a honeypot field.,form #1 (lead) form.space-y-4 'Full Name * Email Address * Phone * Serv',,200,yes,Forms Report
http://localhost:3000/technologies/online-reputation-management-orm,Optimization,P3 - improve,Spam,No spam protection on the form,Without a CAPTCHA or honeypot the form will collect spam.,no reCAPTCHA / hCaptcha / Turnstile / honeypot field found,a CAPTCHA or a hidden honeypot field,Configure the CAPTCHA key for this environment or add a honeypot field.,form #2 (lead) form.flex.flex-1.flex-col 'Full Name Work Email Phone (Optio,,200,yes,Forms Report
http://localhost:3000/technologies/open-cart-development,Optimization,P3 - improve,Privacy,No privacy notice / link at the lead form,Forms that collect personal data should tell visitors how it is used (GDPR / privacy laws).,(no 'privacy' text or link in or next to the form),A short notice with a link to the privacy policy at the form,Add the notice under the submit button.,form #1 (lead) form.space-y-4 'Full Name * Email Address * Phone * Serv',,200,yes,Forms Report
http://localhost:3000/technologies/open-cart-development,Optimization,P3 - improve,Privacy,No privacy notice / link at the lead form,Forms that collect personal data should tell visitors how it is used (GDPR / privacy laws).,(no 'privacy' text or link in or next to the form),A short notice with a link to the privacy policy at the form,Add the notice under the submit button.,form #2 (lead) form.flex.flex-1.flex-col 'Full Name Work Email Phone (Optio,,200,yes,Forms Report
http://localhost:3000/technologies/open-cart-development,Optimization,P3 - improve,Spam,No spam protection on the form,Without a CAPTCHA or honeypot the form will collect spam.,no reCAPTCHA / hCaptcha / Turnstile / honeypot field found,a CAPTCHA or a hidden honeypot field,Configure the CAPTCHA key for this environment or add a honeypot field.,form #1 (lead) form.space-y-4 'Full Name * Email Address * Phone * Serv',,200,yes,Forms Report
http://localhost:3000/technologies/open-cart-development,Optimization,P3 - improve,Spam,No spam protection on the form,Without a CAPTCHA or honeypot the form will collect spam.,no reCAPTCHA / hCaptcha / Turnstile / honeypot field found,a CAPTCHA or a hidden honeypot field,Configure the CAPTCHA key for this environment or add a honeypot field.,form #2 (lead) form.flex.flex-1.flex-col 'Full Name Work Email Phone (Optio,,200,yes,Forms Report
http://localhost:3000/technologies/openai-development,Optimization,P3 - improve,Privacy,No privacy notice / link at the lead form,Forms that collect personal data should tell visitors how it is used (GDPR / privacy laws).,(no 'privacy' text or link in or next to the form),A short notice with a link to the privacy policy at the form,Add the notice under the submit button.,form #1 (lead) form.space-y-4 'Full Name * Email Address * Phone * Serv',,200,yes,Forms Report
http://localhost:3000/technologies/openai-development,Optimization,P3 - improve,Privacy,No privacy notice / link at the lead form,Forms that collect personal data should tell visitors how it is used (GDPR / privacy laws).,(no 'privacy' text or link in or next to the form),A short notice with a link to the privacy policy at the form,Add the notice under the submit button.,form #2 (lead) form.flex.flex-1.flex-col 'Full Name Work Email Phone (Optio,,200,yes,Forms Report
http://localhost:3000/technologies/openai-development,Optimization,P3 - improve,Spam,No spam protection on the form,Without a CAPTCHA or honeypot the form will collect spam.,no reCAPTCHA / hCaptcha / Turnstile / honeypot field found,a CAPTCHA or a hidden honeypot field,Configure the CAPTCHA key for this environment or add a honeypot field.,form #1 (lead) form.space-y-4 'Full Name * Email Address * Phone * Serv',,200,yes,Forms Report
http://localhost:3000/technologies/openai-development,Optimization,P3 - improve,Spam,No spam protection on the form,Without a CAPTCHA or honeypot the form will collect spam.,no reCAPTCHA / hCaptcha / Turnstile / honeypot field found,a CAPTCHA or a hidden honeypot field,Configure the CAPTCHA key for this environment or add a honeypot field.,form #2 (lead) form.flex.flex-1.flex-col 'Full Name Work Email Phone (Optio,,200,yes,Forms Report
http://localhost:3000/technologies/opencv-development,Optimization,P3 - improve,Privacy,No privacy notice / link at the lead form,Forms that collect personal data should tell visitors how it is used (GDPR / privacy laws).,(no 'privacy' text or link in or next to the form),A short notice with a link to the privacy policy at the form,Add the notice under the submit button.,form #1 (lead) form.space-y-4 'Full Name * Email Address * Phone * Serv',,200,yes,Forms Report
http://localhost:3000/technologies/opencv-development,Optimization,P3 - improve,Privacy,No privacy notice / link at the lead form,Forms that collect personal data should tell visitors how it is used (GDPR / privacy laws).,(no 'privacy' text or link in or next to the form),A short notice with a link to the privacy policy at the form,Add the notice under the submit button.,form #2 (lead) form.flex.flex-1.flex-col 'Full Name Work Email Phone (Optio,,200,yes,Forms Report
http://localhost:3000/technologies/opencv-development,Optimization,P3 - improve,Spam,No spam protection on the form,Without a CAPTCHA or honeypot the form will collect spam.,no reCAPTCHA / hCaptcha / Turnstile / honeypot field found,a CAPTCHA or a hidden honeypot field,Configure the CAPTCHA key for this environment or add a honeypot field.,form #1 (lead) form.space-y-4 'Full Name * Email Address * Phone * Serv',,200,yes,Forms Report
http://localhost:3000/technologies/opencv-development,Optimization,P3 - improve,Spam,No spam protection on the form,Without a CAPTCHA or honeypot the form will collect spam.,no reCAPTCHA / hCaptcha / Turnstile / honeypot field found,a CAPTCHA or a hidden honeypot field,Configure the CAPTCHA key for this environment or add a honeypot field.,form #2 (lead) form.flex.flex-1.flex-col 'Full Name Work Email Phone (Optio,,200,yes,Forms Report
http://localhost:3000/technologies/oracle-cloud-development,Optimization,P3 - improve,Privacy,No privacy notice / link at the lead form,Forms that collect personal data should tell visitors how it is used (GDPR / privacy laws).,(no 'privacy' text or link in or next to the form),A short notice with a link to the privacy policy at the form,Add the notice under the submit button.,form #1 (lead) form.space-y-4 'Full Name * Email Address * Phone * Serv',,200,yes,Forms Report
http://localhost:3000/technologies/oracle-cloud-development,Optimization,P3 - improve,Privacy,No privacy notice / link at the lead form,Forms that collect personal data should tell visitors how it is used (GDPR / privacy laws).,(no 'privacy' text or link in or next to the form),A short notice with a link to the privacy policy at the form,Add the notice under the submit button.,form #2 (lead) form.flex.flex-1.flex-col 'Full Name Work Email Phone (Optio,,200,yes,Forms Report
http://localhost:3000/technologies/oracle-cloud-development,Optimization,P3 - improve,Spam,No spam protection on the form,Without a CAPTCHA or honeypot the form will collect spam.,no reCAPTCHA / hCaptcha / Turnstile / honeypot field found,a CAPTCHA or a hidden honeypot field,Configure the CAPTCHA key for this environment or add a honeypot field.,form #1 (lead) form.space-y-4 'Full Name * Email Address * Phone * Serv',,200,yes,Forms Report
http://localhost:3000/technologies/oracle-cloud-development,Optimization,P3 - improve,Spam,No spam protection on the form,Without a CAPTCHA or honeypot the form will collect spam.,no reCAPTCHA / hCaptcha / Turnstile / honeypot field found,a CAPTCHA or a hidden honeypot field,Configure the CAPTCHA key for this environment or add a honeypot field.,form #2 (lead) form.flex.flex-1.flex-col 'Full Name Work Email Phone (Optio,,200,yes,Forms Report
http://localhost:3000/technologies/oracle-development,Optimization,P3 - improve,Privacy,No privacy notice / link at the lead form,Forms that collect personal data should tell visitors how it is used (GDPR / privacy laws).,(no 'privacy' text or link in or next to the form),A short notice with a link to the privacy policy at the form,Add the notice under the submit button.,form #1 (lead) form.space-y-4 'Full Name * Email Address * Phone * Serv',,200,yes,Forms Report
http://localhost:3000/technologies/oracle-development,Optimization,P3 - improve,Privacy,No privacy notice / link at the lead form,Forms that collect personal data should tell visitors how it is used (GDPR / privacy laws).,(no 'privacy' text or link in or next to the form),A short notice with a link to the privacy policy at the form,Add the notice under the submit button.,form #2 (lead) form.flex.flex-1.flex-col 'Full Name Work Email Phone (Optio,,200,yes,Forms Report
http://localhost:3000/technologies/oracle-development,Optimization,P3 - improve,Spam,No spam protection on the form,Without a CAPTCHA or honeypot the form will collect spam.,no reCAPTCHA / hCaptcha / Turnstile / honeypot field found,a CAPTCHA or a hidden honeypot field,Configure the CAPTCHA key for this environment or add a honeypot field.,form #1 (lead) form.space-y-4 'Full Name * Email Address * Phone * Serv',,200,yes,Forms Report
http://localhost:3000/technologies/oracle-development,Optimization,P3 - improve,Spam,No spam protection on the form,Without a CAPTCHA or honeypot the form will collect spam.,no reCAPTCHA / hCaptcha / Turnstile / honeypot field found,a CAPTCHA or a hidden honeypot field,Configure the CAPTCHA key for this environment or add a honeypot field.,form #2 (lead) form.flex.flex-1.flex-col 'Full Name Work Email Phone (Optio,,200,yes,Forms Report
http://localhost:3000/technologies/order-management-development,Optimization,P3 - improve,Privacy,No privacy notice / link at the lead form,Forms that collect personal data should tell visitors how it is used (GDPR / privacy laws).,(no 'privacy' text or link in or next to the form),A short notice with a link to the privacy policy at the form,Add the notice under the submit button.,form #1 (lead) form.space-y-4 'Full Name * Email Address * Phone * Serv',,200,yes,Forms Report
http://localhost:3000/technologies/order-management-development,Optimization,P3 - improve,Privacy,No privacy notice / link at the lead form,Forms that collect personal data should tell visitors how it is used (GDPR / privacy laws).,(no 'privacy' text or link in or next to the form),A short notice with a link to the privacy policy at the form,Add the notice under the submit button.,form #2 (lead) form.flex.flex-1.flex-col 'Full Name Work Email Phone (Optio,,200,yes,Forms Report
http://localhost:3000/technologies/order-management-development,Optimization,P3 - improve,Spam,No spam protection on the form,Without a CAPTCHA or honeypot the form will collect spam.,no reCAPTCHA / hCaptcha / Turnstile / honeypot field found,a CAPTCHA or a hidden honeypot field,Configure the CAPTCHA key for this environment or add a honeypot field.,form #1 (lead) form.space-y-4 'Full Name * Email Address * Phone * Serv',,200,yes,Forms Report
http://localhost:3000/technologies/order-management-development,Optimization,P3 - improve,Spam,No spam protection on the form,Without a CAPTCHA or honeypot the form will collect spam.,no reCAPTCHA / hCaptcha / Turnstile / honeypot field found,a CAPTCHA or a hidden honeypot field,Configure the CAPTCHA key for this environment or add a honeypot field.,form #2 (lead) form.flex.flex-1.flex-col 'Full Name Work Email Phone (Optio,,200,yes,Forms Report
http://localhost:3000/technologies/pandas-development,Optimization,P3 - improve,Privacy,No privacy notice / link at the lead form,Forms that collect personal data should tell visitors how it is used (GDPR / privacy laws).,(no 'privacy' text or link in or next to the form),A short notice with a link to the privacy policy at the form,Add the notice under the submit button.,form #1 (lead) form.space-y-4 'Full Name * Email Address * Phone * Serv',,200,yes,Forms Report
http://localhost:3000/technologies/pandas-development,Optimization,P3 - improve,Privacy,No privacy notice / link at the lead form,Forms that collect personal data should tell visitors how it is used (GDPR / privacy laws).,(no 'privacy' text or link in or next to the form),A short notice with a link to the privacy policy at the form,Add the notice under the submit button.,form #2 (lead) form.flex.flex-1.flex-col 'Full Name Work Email Phone (Optio,,200,yes,Forms Report
http://localhost:3000/technologies/pandas-development,Optimization,P3 - improve,Spam,No spam protection on the form,Without a CAPTCHA or honeypot the form will collect spam.,no reCAPTCHA / hCaptcha / Turnstile / honeypot field found,a CAPTCHA or a hidden honeypot field,Configure the CAPTCHA key for this environment or add a honeypot field.,form #1 (lead) form.space-y-4 'Full Name * Email Address * Phone * Serv',,200,yes,Forms Report
http://localhost:3000/technologies/pandas-development,Optimization,P3 - improve,Spam,No spam protection on the form,Without a CAPTCHA or honeypot the form will collect spam.,no reCAPTCHA / hCaptcha / Turnstile / honeypot field found,a CAPTCHA or a hidden honeypot field,Configure the CAPTCHA key for this environment or add a honeypot field.,form #2 (lead) form.flex.flex-1.flex-col 'Full Name Work Email Phone (Optio,,200,yes,Forms Report
http://localhost:3000/technologies/pay-per-click-advertising-ppc,Optimization,P3 - improve,Privacy,No privacy notice / link at the lead form,Forms that collect personal data should tell visitors how it is used (GDPR / privacy laws).,(no 'privacy' text or link in or next to the form),A short notice with a link to the privacy policy at the form,Add the notice under the submit button.,form #1 (lead) form.space-y-4 'Full Name * Email Address * Phone * Serv',,200,yes,Forms Report
http://localhost:3000/technologies/pay-per-click-advertising-ppc,Optimization,P3 - improve,Privacy,No privacy notice / link at the lead form,Forms that collect personal data should tell visitors how it is used (GDPR / privacy laws).,(no 'privacy' text or link in or next to the form),A short notice with a link to the privacy policy at the form,Add the notice under the submit button.,form #2 (lead) form.flex.flex-1.flex-col 'Full Name Work Email Phone (Optio,,200,yes,Forms Report
http://localhost:3000/technologies/pay-per-click-advertising-ppc,Optimization,P3 - improve,Spam,No spam protection on the form,Without a CAPTCHA or honeypot the form will collect spam.,no reCAPTCHA / hCaptcha / Turnstile / honeypot field found,a CAPTCHA or a hidden honeypot field,Configure the CAPTCHA key for this environment or add a honeypot field.,form #1 (lead) form.space-y-4 'Full Name * Email Address * Phone * Serv',,200,yes,Forms Report
http://localhost:3000/technologies/pay-per-click-advertising-ppc,Optimization,P3 - improve,Spam,No spam protection on the form,Without a CAPTCHA or honeypot the form will collect spam.,no reCAPTCHA / hCaptcha / Turnstile / honeypot field found,a CAPTCHA or a hidden honeypot field,Configure the CAPTCHA key for this environment or add a honeypot field.,form #2 (lead) form.flex.flex-1.flex-col 'Full Name Work Email Phone (Optio,,200,yes,Forms Report
http://localhost:3000/technologies/payment-gateway-integration,Optimization,P3 - improve,Privacy,No privacy notice / link at the lead form,Forms that collect personal data should tell visitors how it is used (GDPR / privacy laws).,(no 'privacy' text or link in or next to the form),A short notice with a link to the privacy policy at the form,Add the notice under the submit button.,form #1 (lead) form.space-y-4 'Full Name * Email Address * Phone * Serv',,200,yes,Forms Report
http://localhost:3000/technologies/payment-gateway-integration,Optimization,P3 - improve,Privacy,No privacy notice / link at the lead form,Forms that collect personal data should tell visitors how it is used (GDPR / privacy laws).,(no 'privacy' text or link in or next to the form),A short notice with a link to the privacy policy at the form,Add the notice under the submit button.,form #2 (lead) form.flex.flex-1.flex-col 'Full Name Work Email Phone (Optio,,200,yes,Forms Report
http://localhost:3000/technologies/payment-gateway-integration,Optimization,P3 - improve,Spam,No spam protection on the form,Without a CAPTCHA or honeypot the form will collect spam.,no reCAPTCHA / hCaptcha / Turnstile / honeypot field found,a CAPTCHA or a hidden honeypot field,Configure the CAPTCHA key for this environment or add a honeypot field.,form #1 (lead) form.space-y-4 'Full Name * Email Address * Phone * Serv',,200,yes,Forms Report
http://localhost:3000/technologies/payment-gateway-integration,Optimization,P3 - improve,Spam,No spam protection on the form,Without a CAPTCHA or honeypot the form will collect spam.,no reCAPTCHA / hCaptcha / Turnstile / honeypot field found,a CAPTCHA or a hidden honeypot field,Configure the CAPTCHA key for this environment or add a honeypot field.,form #2 (lead) form.flex.flex-1.flex-col 'Full Name Work Email Phone (Optio,,200,yes,Forms Report
http://localhost:3000/technologies/paypal-integration,Optimization,P3 - improve,Privacy,No privacy notice / link at the lead form,Forms that collect personal data should tell visitors how it is used (GDPR / privacy laws).,(no 'privacy' text or link in or next to the form),A short notice with a link to the privacy policy at the form,Add the notice under the submit button.,form #1 (lead) form.space-y-4 'Full Name * Email Address * Phone * Serv',,200,yes,Forms Report
http://localhost:3000/technologies/paypal-integration,Optimization,P3 - improve,Privacy,No privacy notice / link at the lead form,Forms that collect personal data should tell visitors how it is used (GDPR / privacy laws).,(no 'privacy' text or link in or next to the form),A short notice with a link to the privacy policy at the form,Add the notice under the submit button.,form #2 (lead) form.flex.flex-1.flex-col 'Full Name Work Email Phone (Optio,,200,yes,Forms Report
http://localhost:3000/technologies/paypal-integration,Optimization,P3 - improve,Spam,No spam protection on the form,Without a CAPTCHA or honeypot the form will collect spam.,no reCAPTCHA / hCaptcha / Turnstile / honeypot field found,a CAPTCHA or a hidden honeypot field,Configure the CAPTCHA key for this environment or add a honeypot field.,form #1 (lead) form.space-y-4 'Full Name * Email Address * Phone * Serv',,200,yes,Forms Report
http://localhost:3000/technologies/paypal-integration,Optimization,P3 - improve,Spam,No spam protection on the form,Without a CAPTCHA or honeypot the form will collect spam.,no reCAPTCHA / hCaptcha / Turnstile / honeypot field found,a CAPTCHA or a hidden honeypot field,Configure the CAPTCHA key for this environment or add a honeypot field.,form #2 (lead) form.flex.flex-1.flex-col 'Full Name Work Email Phone (Optio,,200,yes,Forms Report
http://localhost:3000/technologies/performance-testing,Optimization,P3 - improve,Privacy,No privacy notice / link at the lead form,Forms that collect personal data should tell visitors how it is used (GDPR / privacy laws).,(no 'privacy' text or link in or next to the form),A short notice with a link to the privacy policy at the form,Add the notice under the submit button.,form #1 (lead) form.space-y-4 'Full Name * Email Address * Phone * Serv',,200,yes,Forms Report
http://localhost:3000/technologies/performance-testing,Optimization,P3 - improve,Privacy,No privacy notice / link at the lead form,Forms that collect personal data should tell visitors how it is used (GDPR / privacy laws).,(no 'privacy' text or link in or next to the form),A short notice with a link to the privacy policy at the form,Add the notice under the submit button.,form #2 (lead) form.flex.flex-1.flex-col 'Full Name Work Email Phone (Optio,,200,yes,Forms Report
http://localhost:3000/technologies/performance-testing,Optimization,P3 - improve,Spam,No spam protection on the form,Without a CAPTCHA or honeypot the form will collect spam.,no reCAPTCHA / hCaptcha / Turnstile / honeypot field found,a CAPTCHA or a hidden honeypot field,Configure the CAPTCHA key for this environment or add a honeypot field.,form #1 (lead) form.space-y-4 'Full Name * Email Address * Phone * Serv',,200,yes,Forms Report
http://localhost:3000/technologies/performance-testing,Optimization,P3 - improve,Spam,No spam protection on the form,Without a CAPTCHA or honeypot the form will collect spam.,no reCAPTCHA / hCaptcha / Turnstile / honeypot field found,a CAPTCHA or a hidden honeypot field,Configure the CAPTCHA key for this environment or add a honeypot field.,form #2 (lead) form.flex.flex-1.flex-col 'Full Name Work Email Phone (Optio,,200,yes,Forms Report
http://localhost:3000/technologies/php-development,Optimization,P3 - improve,Privacy,No privacy notice / link at the lead form,Forms that collect personal data should tell visitors how it is used (GDPR / privacy laws).,(no 'privacy' text or link in or next to the form),A short notice with a link to the privacy policy at the form,Add the notice under the submit button.,form #1 (lead) form.space-y-4 'Full Name * Email Address * Phone * Serv',,200,yes,Forms Report
http://localhost:3000/technologies/php-development,Optimization,P3 - improve,Privacy,No privacy notice / link at the lead form,Forms that collect personal data should tell visitors how it is used (GDPR / privacy laws).,(no 'privacy' text or link in or next to the form),A short notice with a link to the privacy policy at the form,Add the notice under the submit button.,form #2 (lead) form.flex.flex-1.flex-col 'Full Name Work Email Phone (Optio,,200,yes,Forms Report
http://localhost:3000/technologies/php-development,Optimization,P3 - improve,Spam,No spam protection on the form,Without a CAPTCHA or honeypot the form will collect spam.,no reCAPTCHA / hCaptcha / Turnstile / honeypot field found,a CAPTCHA or a hidden honeypot field,Configure the CAPTCHA key for this environment or add a honeypot field.,form #1 (lead) form.space-y-4 'Full Name * Email Address * Phone * Serv',,200,yes,Forms Report
http://localhost:3000/technologies/php-development,Optimization,P3 - improve,Spam,No spam protection on the form,Without a CAPTCHA or honeypot the form will collect spam.,no reCAPTCHA / hCaptcha / Turnstile / honeypot field found,a CAPTCHA or a hidden honeypot field,Configure the CAPTCHA key for this environment or add a honeypot field.,form #2 (lead) form.flex.flex-1.flex-col 'Full Name Work Email Phone (Optio,,200,yes,Forms Report
http://localhost:3000/technologies/playwright-testing,Optimization,P3 - improve,Privacy,No privacy notice / link at the lead form,Forms that collect personal data should tell visitors how it is used (GDPR / privacy laws).,(no 'privacy' text or link in or next to the form),A short notice with a link to the privacy policy at the form,Add the notice under the submit button.,form #1 (lead) form.space-y-4 'Full Name * Email Address * Phone * Serv',,200,yes,Forms Report
http://localhost:3000/technologies/playwright-testing,Optimization,P3 - improve,Privacy,No privacy notice / link at the lead form,Forms that collect personal data should tell visitors how it is used (GDPR / privacy laws).,(no 'privacy' text or link in or next to the form),A short notice with a link to the privacy policy at the form,Add the notice under the submit button.,form #2 (lead) form.flex.flex-1.flex-col 'Full Name Work Email Phone (Optio,,200,yes,Forms Report
http://localhost:3000/technologies/playwright-testing,Optimization,P3 - improve,Spam,No spam protection on the form,Without a CAPTCHA or honeypot the form will collect spam.,no reCAPTCHA / hCaptcha / Turnstile / honeypot field found,a CAPTCHA or a hidden honeypot field,Configure the CAPTCHA key for this environment or add a honeypot field.,form #1 (lead) form.space-y-4 'Full Name * Email Address * Phone * Serv',,200,yes,Forms Report
http://localhost:3000/technologies/playwright-testing,Optimization,P3 - improve,Spam,No spam protection on the form,Without a CAPTCHA or honeypot the form will collect spam.,no reCAPTCHA / hCaptcha / Turnstile / honeypot field found,a CAPTCHA or a hidden honeypot field,Configure the CAPTCHA key for this environment or add a honeypot field.,form #2 (lead) form.flex.flex-1.flex-col 'Full Name Work Email Phone (Optio,,200,yes,Forms Report
http://localhost:3000/technologies/postgresql-development,Optimization,P3 - improve,Privacy,No privacy notice / link at the lead form,Forms that collect personal data should tell visitors how it is used (GDPR / privacy laws).,(no 'privacy' text or link in or next to the form),A short notice with a link to the privacy policy at the form,Add the notice under the submit button.,form #1 (lead) form.space-y-4 'Full Name * Email Address * Phone * Serv',,200,yes,Forms Report
http://localhost:3000/technologies/postgresql-development,Optimization,P3 - improve,Privacy,No privacy notice / link at the lead form,Forms that collect personal data should tell visitors how it is used (GDPR / privacy laws).,(no 'privacy' text or link in or next to the form),A short notice with a link to the privacy policy at the form,Add the notice under the submit button.,form #2 (lead) form.flex.flex-1.flex-col 'Full Name Work Email Phone (Optio,,200,yes,Forms Report
http://localhost:3000/technologies/postgresql-development,Optimization,P3 - improve,Spam,No spam protection on the form,Without a CAPTCHA or honeypot the form will collect spam.,no reCAPTCHA / hCaptcha / Turnstile / honeypot field found,a CAPTCHA or a hidden honeypot field,Configure the CAPTCHA key for this environment or add a honeypot field.,form #1 (lead) form.space-y-4 'Full Name * Email Address * Phone * Serv',,200,yes,Forms Report
http://localhost:3000/technologies/postgresql-development,Optimization,P3 - improve,Spam,No spam protection on the form,Without a CAPTCHA or honeypot the form will collect spam.,no reCAPTCHA / hCaptcha / Turnstile / honeypot field found,a CAPTCHA or a hidden honeypot field,Configure the CAPTCHA key for this environment or add a honeypot field.,form #2 (lead) form.flex.flex-1.flex-col 'Full Name Work Email Phone (Optio,,200,yes,Forms Report
http://localhost:3000/technologies/postman-api-testing,Optimization,P3 - improve,Privacy,No privacy notice / link at the lead form,Forms that collect personal data should tell visitors how it is used (GDPR / privacy laws).,(no 'privacy' text or link in or next to the form),A short notice with a link to the privacy policy at the form,Add the notice under the submit button.,form #1 (lead) form.space-y-4 'Full Name * Email Address * Phone * Serv',,200,yes,Forms Report
http://localhost:3000/technologies/postman-api-testing,Optimization,P3 - improve,Privacy,No privacy notice / link at the lead form,Forms that collect personal data should tell visitors how it is used (GDPR / privacy laws).,(no 'privacy' text or link in or next to the form),A short notice with a link to the privacy policy at the form,Add the notice under the submit button.,form #2 (lead) form.flex.flex-1.flex-col 'Full Name Work Email Phone (Optio,,200,yes,Forms Report
http://localhost:3000/technologies/postman-api-testing,Optimization,P3 - improve,Spam,No spam protection on the form,Without a CAPTCHA or honeypot the form will collect spam.,no reCAPTCHA / hCaptcha / Turnstile / honeypot field found,a CAPTCHA or a hidden honeypot field,Configure the CAPTCHA key for this environment or add a honeypot field.,form #1 (lead) form.space-y-4 'Full Name * Email Address * Phone * Serv',,200,yes,Forms Report
http://localhost:3000/technologies/postman-api-testing,Optimization,P3 - improve,Spam,No spam protection on the form,Without a CAPTCHA or honeypot the form will collect spam.,no reCAPTCHA / hCaptcha / Turnstile / honeypot field found,a CAPTCHA or a hidden honeypot field,Configure the CAPTCHA key for this environment or add a honeypot field.,form #2 (lead) form.flex.flex-1.flex-col 'Full Name Work Email Phone (Optio,,200,yes,Forms Report
http://localhost:3000/technologies/postman-testing,Optimization,P3 - improve,Privacy,No privacy notice / link at the lead form,Forms that collect personal data should tell visitors how it is used (GDPR / privacy laws).,(no 'privacy' text or link in or next to the form),A short notice with a link to the privacy policy at the form,Add the notice under the submit button.,form #1 (lead) form.space-y-4 'Full Name * Email Address * Phone * Serv',,200,yes,Forms Report
http://localhost:3000/technologies/postman-testing,Optimization,P3 - improve,Privacy,No privacy notice / link at the lead form,Forms that collect personal data should tell visitors how it is used (GDPR / privacy laws).,(no 'privacy' text or link in or next to the form),A short notice with a link to the privacy policy at the form,Add the notice under the submit button.,form #2 (lead) form.flex.flex-1.flex-col 'Full Name Work Email Phone (Optio,,200,yes,Forms Report
http://localhost:3000/technologies/postman-testing,Optimization,P3 - improve,Spam,No spam protection on the form,Without a CAPTCHA or honeypot the form will collect spam.,no reCAPTCHA / hCaptcha / Turnstile / honeypot field found,a CAPTCHA or a hidden honeypot field,Configure the CAPTCHA key for this environment or add a honeypot field.,form #1 (lead) form.space-y-4 'Full Name * Email Address * Phone * Serv',,200,yes,Forms Report
http://localhost:3000/technologies/postman-testing,Optimization,P3 - improve,Spam,No spam protection on the form,Without a CAPTCHA or honeypot the form will collect spam.,no reCAPTCHA / hCaptcha / Turnstile / honeypot field found,a CAPTCHA or a hidden honeypot field,Configure the CAPTCHA key for this environment or add a honeypot field.,form #2 (lead) form.flex.flex-1.flex-col 'Full Name Work Email Phone (Optio,,200,yes,Forms Report
http://localhost:3000/technologies/ppc-advertising,Optimization,P3 - improve,Privacy,No privacy notice / link at the lead form,Forms that collect personal data should tell visitors how it is used (GDPR / privacy laws).,(no 'privacy' text or link in or next to the form),A short notice with a link to the privacy policy at the form,Add the notice under the submit button.,form #1 (lead) form.space-y-4 'Full Name * Email Address * Phone * Serv',,200,yes,Forms Report
http://localhost:3000/technologies/ppc-advertising,Optimization,P3 - improve,Privacy,No privacy notice / link at the lead form,Forms that collect personal data should tell visitors how it is used (GDPR / privacy laws).,(no 'privacy' text or link in or next to the form),A short notice with a link to the privacy policy at the form,Add the notice under the submit button.,form #2 (lead) form.flex.flex-1.flex-col 'Full Name Work Email Phone (Optio,,200,yes,Forms Report
http://localhost:3000/technologies/ppc-advertising,Optimization,P3 - improve,Spam,No spam protection on the form,Without a CAPTCHA or honeypot the form will collect spam.,no reCAPTCHA / hCaptcha / Turnstile / honeypot field found,a CAPTCHA or a hidden honeypot field,Configure the CAPTCHA key for this environment or add a honeypot field.,form #1 (lead) form.space-y-4 'Full Name * Email Address * Phone * Serv',,200,yes,Forms Report
http://localhost:3000/technologies/ppc-advertising,Optimization,P3 - improve,Spam,No spam protection on the form,Without a CAPTCHA or honeypot the form will collect spam.,no reCAPTCHA / hCaptcha / Turnstile / honeypot field found,a CAPTCHA or a hidden honeypot field,Configure the CAPTCHA key for this environment or add a honeypot field.,form #2 (lead) form.flex.flex-1.flex-col 'Full Name Work Email Phone (Optio,,200,yes,Forms Report
http://localhost:3000/technologies/prestashop-development,Optimization,P3 - improve,Privacy,No privacy notice / link at the lead form,Forms that collect personal data should tell visitors how it is used (GDPR / privacy laws).,(no 'privacy' text or link in or next to the form),A short notice with a link to the privacy policy at the form,Add the notice under the submit button.,form #1 (lead) form.space-y-4 'Full Name * Email Address * Phone * Serv',,200,yes,Forms Report
http://localhost:3000/technologies/prestashop-development,Optimization,P3 - improve,Privacy,No privacy notice / link at the lead form,Forms that collect personal data should tell visitors how it is used (GDPR / privacy laws).,(no 'privacy' text or link in or next to the form),A short notice with a link to the privacy policy at the form,Add the notice under the submit button.,form #2 (lead) form.flex.flex-1.flex-col 'Full Name Work Email Phone (Optio,,200,yes,Forms Report
http://localhost:3000/technologies/prestashop-development,Optimization,P3 - improve,Spam,No spam protection on the form,Without a CAPTCHA or honeypot the form will collect spam.,no reCAPTCHA / hCaptcha / Turnstile / honeypot field found,a CAPTCHA or a hidden honeypot field,Configure the CAPTCHA key for this environment or add a honeypot field.,form #1 (lead) form.space-y-4 'Full Name * Email Address * Phone * Serv',,200,yes,Forms Report
http://localhost:3000/technologies/prestashop-development,Optimization,P3 - improve,Spam,No spam protection on the form,Without a CAPTCHA or honeypot the form will collect spam.,no reCAPTCHA / hCaptcha / Turnstile / honeypot field found,a CAPTCHA or a hidden honeypot field,Configure the CAPTCHA key for this environment or add a honeypot field.,form #2 (lead) form.flex.flex-1.flex-col 'Full Name Work Email Phone (Optio,,200,yes,Forms Report
http://localhost:3000/technologies/prisma-orm-development,Optimization,P3 - improve,Privacy,No privacy notice / link at the lead form,Forms that collect personal data should tell visitors how it is used (GDPR / privacy laws).,(no 'privacy' text or link in or next to the form),A short notice with a link to the privacy policy at the form,Add the notice under the submit button.,form #1 (lead) form.space-y-4 'Full Name * Email Address * Phone * Serv',,200,yes,Forms Report
http://localhost:3000/technologies/prisma-orm-development,Optimization,P3 - improve,Privacy,No privacy notice / link at the lead form,Forms that collect personal data should tell visitors how it is used (GDPR / privacy laws).,(no 'privacy' text or link in or next to the form),A short notice with a link to the privacy policy at the form,Add the notice under the submit button.,form #2 (lead) form.flex.flex-1.flex-col 'Full Name Work Email Phone (Optio,,200,yes,Forms Report
http://localhost:3000/technologies/prisma-orm-development,Optimization,P3 - improve,Spam,No spam protection on the form,Without a CAPTCHA or honeypot the form will collect spam.,no reCAPTCHA / hCaptcha / Turnstile / honeypot field found,a CAPTCHA or a hidden honeypot field,Configure the CAPTCHA key for this environment or add a honeypot field.,form #1 (lead) form.space-y-4 'Full Name * Email Address * Phone * Serv',,200,yes,Forms Report
http://localhost:3000/technologies/prisma-orm-development,Optimization,P3 - improve,Spam,No spam protection on the form,Without a CAPTCHA or honeypot the form will collect spam.,no reCAPTCHA / hCaptcha / Turnstile / honeypot field found,a CAPTCHA or a hidden honeypot field,Configure the CAPTCHA key for this environment or add a honeypot field.,form #2 (lead) form.flex.flex-1.flex-col 'Full Name Work Email Phone (Optio,,200,yes,Forms Report
http://localhost:3000/technologies/prometheus-development,Optimization,P3 - improve,Privacy,No privacy notice / link at the lead form,Forms that collect personal data should tell visitors how it is used (GDPR / privacy laws).,(no 'privacy' text or link in or next to the form),A short notice with a link to the privacy policy at the form,Add the notice under the submit button.,form #1 (lead) form.space-y-4 'Full Name * Email Address * Phone * Serv',,200,yes,Forms Report
http://localhost:3000/technologies/prometheus-development,Optimization,P3 - improve,Privacy,No privacy notice / link at the lead form,Forms that collect personal data should tell visitors how it is used (GDPR / privacy laws).,(no 'privacy' text or link in or next to the form),A short notice with a link to the privacy policy at the form,Add the notice under the submit button.,form #2 (lead) form.flex.flex-1.flex-col 'Full Name Work Email Phone (Optio,,200,yes,Forms Report
http://localhost:3000/technologies/prometheus-development,Optimization,P3 - improve,Spam,No spam protection on the form,Without a CAPTCHA or honeypot the form will collect spam.,no reCAPTCHA / hCaptcha / Turnstile / honeypot field found,a CAPTCHA or a hidden honeypot field,Configure the CAPTCHA key for this environment or add a honeypot field.,form #1 (lead) form.space-y-4 'Full Name * Email Address * Phone * Serv',,200,yes,Forms Report
http://localhost:3000/technologies/prometheus-development,Optimization,P3 - improve,Spam,No spam protection on the form,Without a CAPTCHA or honeypot the form will collect spam.,no reCAPTCHA / hCaptcha / Turnstile / honeypot field found,a CAPTCHA or a hidden honeypot field,Configure the CAPTCHA key for this environment or add a honeypot field.,form #2 (lead) form.flex.flex-1.flex-col 'Full Name Work Email Phone (Optio,,200,yes,Forms Report
http://localhost:3000/technologies/prototyping,Optimization,P3 - improve,Privacy,No privacy notice / link at the lead form,Forms that collect personal data should tell visitors how it is used (GDPR / privacy laws).,(no 'privacy' text or link in or next to the form),A short notice with a link to the privacy policy at the form,Add the notice under the submit button.,form #1 (lead) form.space-y-4 'Full Name * Email Address * Phone * Serv',,200,yes,Forms Report
http://localhost:3000/technologies/prototyping,Optimization,P3 - improve,Privacy,No privacy notice / link at the lead form,Forms that collect personal data should tell visitors how it is used (GDPR / privacy laws).,(no 'privacy' text or link in or next to the form),A short notice with a link to the privacy policy at the form,Add the notice under the submit button.,form #2 (lead) form.flex.flex-1.flex-col 'Full Name Work Email Phone (Optio,,200,yes,Forms Report
http://localhost:3000/technologies/prototyping,Optimization,P3 - improve,Spam,No spam protection on the form,Without a CAPTCHA or honeypot the form will collect spam.,no reCAPTCHA / hCaptcha / Turnstile / honeypot field found,a CAPTCHA or a hidden honeypot field,Configure the CAPTCHA key for this environment or add a honeypot field.,form #1 (lead) form.space-y-4 'Full Name * Email Address * Phone * Serv',,200,yes,Forms Report
http://localhost:3000/technologies/prototyping,Optimization,P3 - improve,Spam,No spam protection on the form,Without a CAPTCHA or honeypot the form will collect spam.,no reCAPTCHA / hCaptcha / Turnstile / honeypot field found,a CAPTCHA or a hidden honeypot field,Configure the CAPTCHA key for this environment or add a honeypot field.,form #2 (lead) form.flex.flex-1.flex-col 'Full Name Work Email Phone (Optio,,200,yes,Forms Report
http://localhost:3000/technologies/prototyping-services,Optimization,P3 - improve,Privacy,No privacy notice / link at the lead form,Forms that collect personal data should tell visitors how it is used (GDPR / privacy laws).,(no 'privacy' text or link in or next to the form),A short notice with a link to the privacy policy at the form,Add the notice under the submit button.,form #1 (lead) form.space-y-4 'Full Name * Email Address * Phone * Serv',,200,yes,Forms Report
http://localhost:3000/technologies/prototyping-services,Optimization,P3 - improve,Privacy,No privacy notice / link at the lead form,Forms that collect personal data should tell visitors how it is used (GDPR / privacy laws).,(no 'privacy' text or link in or next to the form),A short notice with a link to the privacy policy at the form,Add the notice under the submit button.,form #2 (lead) form.flex.flex-1.flex-col 'Full Name Work Email Phone (Optio,,200,yes,Forms Report
http://localhost:3000/technologies/prototyping-services,Optimization,P3 - improve,Spam,No spam protection on the form,Without a CAPTCHA or honeypot the form will collect spam.,no reCAPTCHA / hCaptcha / Turnstile / honeypot field found,a CAPTCHA or a hidden honeypot field,Configure the CAPTCHA key for this environment or add a honeypot field.,form #1 (lead) form.space-y-4 'Full Name * Email Address * Phone * Serv',,200,yes,Forms Report
http://localhost:3000/technologies/prototyping-services,Optimization,P3 - improve,Spam,No spam protection on the form,Without a CAPTCHA or honeypot the form will collect spam.,no reCAPTCHA / hCaptcha / Turnstile / honeypot field found,a CAPTCHA or a hidden honeypot field,Configure the CAPTCHA key for this environment or add a honeypot field.,form #2 (lead) form.flex.flex-1.flex-col 'Full Name Work Email Phone (Optio,,200,yes,Forms Report
http://localhost:3000/technologies/python-development,Optimization,P3 - improve,Privacy,No privacy notice / link at the lead form,Forms that collect personal data should tell visitors how it is used (GDPR / privacy laws).,(no 'privacy' text or link in or next to the form),A short notice with a link to the privacy policy at the form,Add the notice under the submit button.,form #1 (lead) form.space-y-4 'Full Name * Email Address * Phone * Serv',,200,yes,Forms Report
http://localhost:3000/technologies/python-development,Optimization,P3 - improve,Privacy,No privacy notice / link at the lead form,Forms that collect personal data should tell visitors how it is used (GDPR / privacy laws).,(no 'privacy' text or link in or next to the form),A short notice with a link to the privacy policy at the form,Add the notice under the submit button.,form #2 (lead) form.flex.flex-1.flex-col 'Full Name Work Email Phone (Optio,,200,yes,Forms Report
http://localhost:3000/technologies/python-development,Optimization,P3 - improve,Spam,No spam protection on the form,Without a CAPTCHA or honeypot the form will collect spam.,no reCAPTCHA / hCaptcha / Turnstile / honeypot field found,a CAPTCHA or a hidden honeypot field,Configure the CAPTCHA key for this environment or add a honeypot field.,form #1 (lead) form.space-y-4 'Full Name * Email Address * Phone * Serv',,200,yes,Forms Report
http://localhost:3000/technologies/python-development,Optimization,P3 - improve,Spam,No spam protection on the form,Without a CAPTCHA or honeypot the form will collect spam.,no reCAPTCHA / hCaptcha / Turnstile / honeypot field found,a CAPTCHA or a hidden honeypot field,Configure the CAPTCHA key for this environment or add a honeypot field.,form #2 (lead) form.flex.flex-1.flex-col 'Full Name Work Email Phone (Optio,,200,yes,Forms Report
http://localhost:3000/technologies/pytorch-development,Optimization,P3 - improve,Privacy,No privacy notice / link at the lead form,Forms that collect personal data should tell visitors how it is used (GDPR / privacy laws).,(no 'privacy' text or link in or next to the form),A short notice with a link to the privacy policy at the form,Add the notice under the submit button.,form #1 (lead) form.space-y-4 'Full Name * Email Address * Phone * Serv',,200,yes,Forms Report
http://localhost:3000/technologies/pytorch-development,Optimization,P3 - improve,Privacy,No privacy notice / link at the lead form,Forms that collect personal data should tell visitors how it is used (GDPR / privacy laws).,(no 'privacy' text or link in or next to the form),A short notice with a link to the privacy policy at the form,Add the notice under the submit button.,form #2 (lead) form.flex.flex-1.flex-col 'Full Name Work Email Phone (Optio,,200,yes,Forms Report
http://localhost:3000/technologies/pytorch-development,Optimization,P3 - improve,Spam,No spam protection on the form,Without a CAPTCHA or honeypot the form will collect spam.,no reCAPTCHA / hCaptcha / Turnstile / honeypot field found,a CAPTCHA or a hidden honeypot field,Configure the CAPTCHA key for this environment or add a honeypot field.,form #1 (lead) form.space-y-4 'Full Name * Email Address * Phone * Serv',,200,yes,Forms Report
http://localhost:3000/technologies/pytorch-development,Optimization,P3 - improve,Spam,No spam protection on the form,Without a CAPTCHA or honeypot the form will collect spam.,no reCAPTCHA / hCaptcha / Turnstile / honeypot field found,a CAPTCHA or a hidden honeypot field,Configure the CAPTCHA key for this environment or add a honeypot field.,form #2 (lead) form.flex.flex-1.flex-col 'Full Name Work Email Phone (Optio,,200,yes,Forms Report
http://localhost:3000/technologies/rag-development,Optimization,P3 - improve,Privacy,No privacy notice / link at the lead form,Forms that collect personal data should tell visitors how it is used (GDPR / privacy laws).,(no 'privacy' text or link in or next to the form),A short notice with a link to the privacy policy at the form,Add the notice under the submit button.,form #1 (lead) form.space-y-4 'Full Name * Email Address * Phone * Serv',,200,yes,Forms Report
http://localhost:3000/technologies/rag-development,Optimization,P3 - improve,Privacy,No privacy notice / link at the lead form,Forms that collect personal data should tell visitors how it is used (GDPR / privacy laws).,(no 'privacy' text or link in or next to the form),A short notice with a link to the privacy policy at the form,Add the notice under the submit button.,form #2 (lead) form.flex.flex-1.flex-col 'Full Name Work Email Phone (Optio,,200,yes,Forms Report
http://localhost:3000/technologies/rag-development,Optimization,P3 - improve,Spam,No spam protection on the form,Without a CAPTCHA or honeypot the form will collect spam.,no reCAPTCHA / hCaptcha / Turnstile / honeypot field found,a CAPTCHA or a hidden honeypot field,Configure the CAPTCHA key for this environment or add a honeypot field.,form #1 (lead) form.space-y-4 'Full Name * Email Address * Phone * Serv',,200,yes,Forms Report
http://localhost:3000/technologies/rag-development,Optimization,P3 - improve,Spam,No spam protection on the form,Without a CAPTCHA or honeypot the form will collect spam.,no reCAPTCHA / hCaptcha / Turnstile / honeypot field found,a CAPTCHA or a hidden honeypot field,Configure the CAPTCHA key for this environment or add a honeypot field.,form #2 (lead) form.flex.flex-1.flex-col 'Full Name Work Email Phone (Optio,,200,yes,Forms Report
http://localhost:3000/technologies/razorpay-integration,Optimization,P3 - improve,Privacy,No privacy notice / link at the lead form,Forms that collect personal data should tell visitors how it is used (GDPR / privacy laws).,(no 'privacy' text or link in or next to the form),A short notice with a link to the privacy policy at the form,Add the notice under the submit button.,form #1 (lead) form.space-y-4 'Full Name * Email Address * Phone * Serv',,200,yes,Forms Report
http://localhost:3000/technologies/razorpay-integration,Optimization,P3 - improve,Privacy,No privacy notice / link at the lead form,Forms that collect personal data should tell visitors how it is used (GDPR / privacy laws).,(no 'privacy' text or link in or next to the form),A short notice with a link to the privacy policy at the form,Add the notice under the submit button.,form #2 (lead) form.flex.flex-1.flex-col 'Full Name Work Email Phone (Optio,,200,yes,Forms Report
http://localhost:3000/technologies/razorpay-integration,Optimization,P3 - improve,Spam,No spam protection on the form,Without a CAPTCHA or honeypot the form will collect spam.,no reCAPTCHA / hCaptcha / Turnstile / honeypot field found,a CAPTCHA or a hidden honeypot field,Configure the CAPTCHA key for this environment or add a honeypot field.,form #1 (lead) form.space-y-4 'Full Name * Email Address * Phone * Serv',,200,yes,Forms Report
http://localhost:3000/technologies/razorpay-integration,Optimization,P3 - improve,Spam,No spam protection on the form,Without a CAPTCHA or honeypot the form will collect spam.,no reCAPTCHA / hCaptcha / Turnstile / honeypot field found,a CAPTCHA or a hidden honeypot field,Configure the CAPTCHA key for this environment or add a honeypot field.,form #2 (lead) form.flex.flex-1.flex-col 'Full Name Work Email Phone (Optio,,200,yes,Forms Report
http://localhost:3000/technologies/react-native-development,Optimization,P3 - improve,Privacy,No privacy notice / link at the lead form,Forms that collect personal data should tell visitors how it is used (GDPR / privacy laws).,(no 'privacy' text or link in or next to the form),A short notice with a link to the privacy policy at the form,Add the notice under the submit button.,form #1 (lead) form.space-y-4 'Full Name * Email Address * Phone * Serv',,200,yes,Forms Report
http://localhost:3000/technologies/react-native-development,Optimization,P3 - improve,Privacy,No privacy notice / link at the lead form,Forms that collect personal data should tell visitors how it is used (GDPR / privacy laws).,(no 'privacy' text or link in or next to the form),A short notice with a link to the privacy policy at the form,Add the notice under the submit button.,form #2 (lead) form.flex.flex-1.flex-col 'Full Name Work Email Phone (Optio,,200,yes,Forms Report
http://localhost:3000/technologies/react-native-development,Optimization,P3 - improve,Spam,No spam protection on the form,Without a CAPTCHA or honeypot the form will collect spam.,no reCAPTCHA / hCaptcha / Turnstile / honeypot field found,a CAPTCHA or a hidden honeypot field,Configure the CAPTCHA key for this environment or add a honeypot field.,form #1 (lead) form.space-y-4 'Full Name * Email Address * Phone * Serv',,200,yes,Forms Report
http://localhost:3000/technologies/react-native-development,Optimization,P3 - improve,Spam,No spam protection on the form,Without a CAPTCHA or honeypot the form will collect spam.,no reCAPTCHA / hCaptcha / Turnstile / honeypot field found,a CAPTCHA or a hidden honeypot field,Configure the CAPTCHA key for this environment or add a honeypot field.,form #2 (lead) form.flex.flex-1.flex-col 'Full Name Work Email Phone (Optio,,200,yes,Forms Report
http://localhost:3000/technologies/react-testing-library,Optimization,P3 - improve,Privacy,No privacy notice / link at the lead form,Forms that collect personal data should tell visitors how it is used (GDPR / privacy laws).,(no 'privacy' text or link in or next to the form),A short notice with a link to the privacy policy at the form,Add the notice under the submit button.,form #1 (lead) form.space-y-4 'Full Name * Email Address * Phone * Serv',,200,yes,Forms Report
http://localhost:3000/technologies/react-testing-library,Optimization,P3 - improve,Privacy,No privacy notice / link at the lead form,Forms that collect personal data should tell visitors how it is used (GDPR / privacy laws).,(no 'privacy' text or link in or next to the form),A short notice with a link to the privacy policy at the form,Add the notice under the submit button.,form #2 (lead) form.flex.flex-1.flex-col 'Full Name Work Email Phone (Optio,,200,yes,Forms Report
http://localhost:3000/technologies/react-testing-library,Optimization,P3 - improve,Spam,No spam protection on the form,Without a CAPTCHA or honeypot the form will collect spam.,no reCAPTCHA / hCaptcha / Turnstile / honeypot field found,a CAPTCHA or a hidden honeypot field,Configure the CAPTCHA key for this environment or add a honeypot field.,form #1 (lead) form.space-y-4 'Full Name * Email Address * Phone * Serv',,200,yes,Forms Report
http://localhost:3000/technologies/react-testing-library,Optimization,P3 - improve,Spam,No spam protection on the form,Without a CAPTCHA or honeypot the form will collect spam.,no reCAPTCHA / hCaptcha / Turnstile / honeypot field found,a CAPTCHA or a hidden honeypot field,Configure the CAPTCHA key for this environment or add a honeypot field.,form #2 (lead) form.flex.flex-1.flex-col 'Full Name Work Email Phone (Optio,,200,yes,Forms Report
http://localhost:3000/technologies/reactjs-development,Optimization,P3 - improve,Privacy,No privacy notice / link at the lead form,Forms that collect personal data should tell visitors how it is used (GDPR / privacy laws).,(no 'privacy' text or link in or next to the form),A short notice with a link to the privacy policy at the form,Add the notice under the submit button.,form #1 (lead) form.space-y-4 'Full Name * Email Address * Phone * Serv',,200,yes,Forms Report
http://localhost:3000/technologies/reactjs-development,Optimization,P3 - improve,Privacy,No privacy notice / link at the lead form,Forms that collect personal data should tell visitors how it is used (GDPR / privacy laws).,(no 'privacy' text or link in or next to the form),A short notice with a link to the privacy policy at the form,Add the notice under the submit button.,form #2 (lead) form.flex.flex-1.flex-col 'Full Name Work Email Phone (Optio,,200,yes,Forms Report
http://localhost:3000/technologies/reactjs-development,Optimization,P3 - improve,Spam,No spam protection on the form,Without a CAPTCHA or honeypot the form will collect spam.,no reCAPTCHA / hCaptcha / Turnstile / honeypot field found,a CAPTCHA or a hidden honeypot field,Configure the CAPTCHA key for this environment or add a honeypot field.,form #1 (lead) form.space-y-4 'Full Name * Email Address * Phone * Serv',,200,yes,Forms Report
http://localhost:3000/technologies/reactjs-development,Optimization,P3 - improve,Spam,No spam protection on the form,Without a CAPTCHA or honeypot the form will collect spam.,no reCAPTCHA / hCaptcha / Turnstile / honeypot field found,a CAPTCHA or a hidden honeypot field,Configure the CAPTCHA key for this environment or add a honeypot field.,form #2 (lead) form.flex.flex-1.flex-col 'Full Name Work Email Phone (Optio,,200,yes,Forms Report
http://localhost:3000/technologies/redis-development,Optimization,P3 - improve,Privacy,No privacy notice / link at the lead form,Forms that collect personal data should tell visitors how it is used (GDPR / privacy laws).,(no 'privacy' text or link in or next to the form),A short notice with a link to the privacy policy at the form,Add the notice under the submit button.,form #1 (lead) form.space-y-4 'Full Name * Email Address * Phone * Serv',,200,yes,Forms Report
http://localhost:3000/technologies/redis-development,Optimization,P3 - improve,Privacy,No privacy notice / link at the lead form,Forms that collect personal data should tell visitors how it is used (GDPR / privacy laws).,(no 'privacy' text or link in or next to the form),A short notice with a link to the privacy policy at the form,Add the notice under the submit button.,form #2 (lead) form.flex.flex-1.flex-col 'Full Name Work Email Phone (Optio,,200,yes,Forms Report
http://localhost:3000/technologies/redis-development,Optimization,P3 - improve,Spam,No spam protection on the form,Without a CAPTCHA or honeypot the form will collect spam.,no reCAPTCHA / hCaptcha / Turnstile / honeypot field found,a CAPTCHA or a hidden honeypot field,Configure the CAPTCHA key for this environment or add a honeypot field.,form #1 (lead) form.space-y-4 'Full Name * Email Address * Phone * Serv',,200,yes,Forms Report
http://localhost:3000/technologies/redis-development,Optimization,P3 - improve,Spam,No spam protection on the form,Without a CAPTCHA or honeypot the form will collect spam.,no reCAPTCHA / hCaptcha / Turnstile / honeypot field found,a CAPTCHA or a hidden honeypot field,Configure the CAPTCHA key for this environment or add a honeypot field.,form #2 (lead) form.flex.flex-1.flex-col 'Full Name Work Email Phone (Optio,,200,yes,Forms Report
http://localhost:3000/technologies/redux-development,Optimization,P3 - improve,Privacy,No privacy notice / link at the lead form,Forms that collect personal data should tell visitors how it is used (GDPR / privacy laws).,(no 'privacy' text or link in or next to the form),A short notice with a link to the privacy policy at the form,Add the notice under the submit button.,form #1 (lead) form.space-y-4 'Full Name * Email Address * Phone * Serv',,200,yes,Forms Report
http://localhost:3000/technologies/redux-development,Optimization,P3 - improve,Privacy,No privacy notice / link at the lead form,Forms that collect personal data should tell visitors how it is used (GDPR / privacy laws).,(no 'privacy' text or link in or next to the form),A short notice with a link to the privacy policy at the form,Add the notice under the submit button.,form #2 (lead) form.flex.flex-1.flex-col 'Full Name Work Email Phone (Optio,,200,yes,Forms Report
http://localhost:3000/technologies/redux-development,Optimization,P3 - improve,Spam,No spam protection on the form,Without a CAPTCHA or honeypot the form will collect spam.,no reCAPTCHA / hCaptcha / Turnstile / honeypot field found,a CAPTCHA or a hidden honeypot field,Configure the CAPTCHA key for this environment or add a honeypot field.,form #1 (lead) form.space-y-4 'Full Name * Email Address * Phone * Serv',,200,yes,Forms Report
http://localhost:3000/technologies/redux-development,Optimization,P3 - improve,Spam,No spam protection on the form,Without a CAPTCHA or honeypot the form will collect spam.,no reCAPTCHA / hCaptcha / Turnstile / honeypot field found,a CAPTCHA or a hidden honeypot field,Configure the CAPTCHA key for this environment or add a honeypot field.,form #2 (lead) form.flex.flex-1.flex-col 'Full Name Work Email Phone (Optio,,200,yes,Forms Report
http://localhost:3000/technologies/responsive-design,Optimization,P3 - improve,Privacy,No privacy notice / link at the lead form,Forms that collect personal data should tell visitors how it is used (GDPR / privacy laws).,(no 'privacy' text or link in or next to the form),A short notice with a link to the privacy policy at the form,Add the notice under the submit button.,form #1 (lead) form.space-y-4 'Full Name * Email Address * Phone * Serv',,200,yes,Forms Report
http://localhost:3000/technologies/responsive-design,Optimization,P3 - improve,Privacy,No privacy notice / link at the lead form,Forms that collect personal data should tell visitors how it is used (GDPR / privacy laws).,(no 'privacy' text or link in or next to the form),A short notice with a link to the privacy policy at the form,Add the notice under the submit button.,form #2 (lead) form.flex.flex-1.flex-col 'Full Name Work Email Phone (Optio,,200,yes,Forms Report
http://localhost:3000/technologies/responsive-design,Optimization,P3 - improve,Spam,No spam protection on the form,Without a CAPTCHA or honeypot the form will collect spam.,no reCAPTCHA / hCaptcha / Turnstile / honeypot field found,a CAPTCHA or a hidden honeypot field,Configure the CAPTCHA key for this environment or add a honeypot field.,form #1 (lead) form.space-y-4 'Full Name * Email Address * Phone * Serv',,200,yes,Forms Report
http://localhost:3000/technologies/responsive-design,Optimization,P3 - improve,Spam,No spam protection on the form,Without a CAPTCHA or honeypot the form will collect spam.,no reCAPTCHA / hCaptcha / Turnstile / honeypot field found,a CAPTCHA or a hidden honeypot field,Configure the CAPTCHA key for this environment or add a honeypot field.,form #2 (lead) form.flex.flex-1.flex-col 'Full Name Work Email Phone (Optio,,200,yes,Forms Report
http://localhost:3000/technologies/rest-api-development,Optimization,P3 - improve,Privacy,No privacy notice / link at the lead form,Forms that collect personal data should tell visitors how it is used (GDPR / privacy laws).,(no 'privacy' text or link in or next to the form),A short notice with a link to the privacy policy at the form,Add the notice under the submit button.,form #1 (lead) form.space-y-4 'Full Name * Email Address * Phone * Serv',,200,yes,Forms Report
http://localhost:3000/technologies/rest-api-development,Optimization,P3 - improve,Privacy,No privacy notice / link at the lead form,Forms that collect personal data should tell visitors how it is used (GDPR / privacy laws).,(no 'privacy' text or link in or next to the form),A short notice with a link to the privacy policy at the form,Add the notice under the submit button.,form #2 (lead) form.flex.flex-1.flex-col 'Full Name Work Email Phone (Optio,,200,yes,Forms Report
http://localhost:3000/technologies/rest-api-development,Optimization,P3 - improve,Spam,No spam protection on the form,Without a CAPTCHA or honeypot the form will collect spam.,no reCAPTCHA / hCaptcha / Turnstile / honeypot field found,a CAPTCHA or a hidden honeypot field,Configure the CAPTCHA key for this environment or add a honeypot field.,form #1 (lead) form.space-y-4 'Full Name * Email Address * Phone * Serv',,200,yes,Forms Report
http://localhost:3000/technologies/rest-api-development,Optimization,P3 - improve,Spam,No spam protection on the form,Without a CAPTCHA or honeypot the form will collect spam.,no reCAPTCHA / hCaptcha / Turnstile / honeypot field found,a CAPTCHA or a hidden honeypot field,Configure the CAPTCHA key for this environment or add a honeypot field.,form #2 (lead) form.flex.flex-1.flex-col 'Full Name Work Email Phone (Optio,,200,yes,Forms Report
http://localhost:3000/technologies/ruby-on-rails-development,Optimization,P3 - improve,Privacy,No privacy notice / link at the lead form,Forms that collect personal data should tell visitors how it is used (GDPR / privacy laws).,(no 'privacy' text or link in or next to the form),A short notice with a link to the privacy policy at the form,Add the notice under the submit button.,form #1 (lead) form.space-y-4 'Full Name * Email Address * Phone * Serv',,200,yes,Forms Report
http://localhost:3000/technologies/ruby-on-rails-development,Optimization,P3 - improve,Privacy,No privacy notice / link at the lead form,Forms that collect personal data should tell visitors how it is used (GDPR / privacy laws).,(no 'privacy' text or link in or next to the form),A short notice with a link to the privacy policy at the form,Add the notice under the submit button.,form #2 (lead) form.flex.flex-1.flex-col 'Full Name Work Email Phone (Optio,,200,yes,Forms Report
http://localhost:3000/technologies/ruby-on-rails-development,Optimization,P3 - improve,Spam,No spam protection on the form,Without a CAPTCHA or honeypot the form will collect spam.,no reCAPTCHA / hCaptcha / Turnstile / honeypot field found,a CAPTCHA or a hidden honeypot field,Configure the CAPTCHA key for this environment or add a honeypot field.,form #1 (lead) form.space-y-4 'Full Name * Email Address * Phone * Serv',,200,yes,Forms Report
http://localhost:3000/technologies/ruby-on-rails-development,Optimization,P3 - improve,Spam,No spam protection on the form,Without a CAPTCHA or honeypot the form will collect spam.,no reCAPTCHA / hCaptcha / Turnstile / honeypot field found,a CAPTCHA or a hidden honeypot field,Configure the CAPTCHA key for this environment or add a honeypot field.,form #2 (lead) form.flex.flex-1.flex-col 'Full Name Work Email Phone (Optio,,200,yes,Forms Report
http://localhost:3000/technologies/salesforce-commerce-development,Optimization,P3 - improve,Privacy,No privacy notice / link at the lead form,Forms that collect personal data should tell visitors how it is used (GDPR / privacy laws).,(no 'privacy' text or link in or next to the form),A short notice with a link to the privacy policy at the form,Add the notice under the submit button.,form #1 (lead) form.space-y-4 'Full Name * Email Address * Phone * Serv',,200,yes,Forms Report
http://localhost:3000/technologies/salesforce-commerce-development,Optimization,P3 - improve,Privacy,No privacy notice / link at the lead form,Forms that collect personal data should tell visitors how it is used (GDPR / privacy laws).,(no 'privacy' text or link in or next to the form),A short notice with a link to the privacy policy at the form,Add the notice under the submit button.,form #2 (lead) form.flex.flex-1.flex-col 'Full Name Work Email Phone (Optio,,200,yes,Forms Report
http://localhost:3000/technologies/salesforce-commerce-development,Optimization,P3 - improve,Spam,No spam protection on the form,Without a CAPTCHA or honeypot the form will collect spam.,no reCAPTCHA / hCaptcha / Turnstile / honeypot field found,a CAPTCHA or a hidden honeypot field,Configure the CAPTCHA key for this environment or add a honeypot field.,form #1 (lead) form.space-y-4 'Full Name * Email Address * Phone * Serv',,200,yes,Forms Report
http://localhost:3000/technologies/salesforce-commerce-development,Optimization,P3 - improve,Spam,No spam protection on the form,Without a CAPTCHA or honeypot the form will collect spam.,no reCAPTCHA / hCaptcha / Turnstile / honeypot field found,a CAPTCHA or a hidden honeypot field,Configure the CAPTCHA key for this environment or add a honeypot field.,form #2 (lead) form.flex.flex-1.flex-col 'Full Name Work Email Phone (Optio,,200,yes,Forms Report
http://localhost:3000/technologies/sanity-development,Optimization,P3 - improve,Privacy,No privacy notice / link at the lead form,Forms that collect personal data should tell visitors how it is used (GDPR / privacy laws).,(no 'privacy' text or link in or next to the form),A short notice with a link to the privacy policy at the form,Add the notice under the submit button.,form #1 (lead) form.space-y-4 'Full Name * Email Address * Phone * Serv',,200,yes,Forms Report
http://localhost:3000/technologies/sanity-development,Optimization,P3 - improve,Privacy,No privacy notice / link at the lead form,Forms that collect personal data should tell visitors how it is used (GDPR / privacy laws).,(no 'privacy' text or link in or next to the form),A short notice with a link to the privacy policy at the form,Add the notice under the submit button.,form #2 (lead) form.flex.flex-1.flex-col 'Full Name Work Email Phone (Optio,,200,yes,Forms Report
http://localhost:3000/technologies/sanity-development,Optimization,P3 - improve,Spam,No spam protection on the form,Without a CAPTCHA or honeypot the form will collect spam.,no reCAPTCHA / hCaptcha / Turnstile / honeypot field found,a CAPTCHA or a hidden honeypot field,Configure the CAPTCHA key for this environment or add a honeypot field.,form #1 (lead) form.space-y-4 'Full Name * Email Address * Phone * Serv',,200,yes,Forms Report
http://localhost:3000/technologies/sanity-development,Optimization,P3 - improve,Spam,No spam protection on the form,Without a CAPTCHA or honeypot the form will collect spam.,no reCAPTCHA / hCaptcha / Turnstile / honeypot field found,a CAPTCHA or a hidden honeypot field,Configure the CAPTCHA key for this environment or add a honeypot field.,form #2 (lead) form.flex.flex-1.flex-col 'Full Name Work Email Phone (Optio,,200,yes,Forms Report
http://localhost:3000/technologies/scikit-learn-development,Optimization,P3 - improve,Privacy,No privacy notice / link at the lead form,Forms that collect personal data should tell visitors how it is used (GDPR / privacy laws).,(no 'privacy' text or link in or next to the form),A short notice with a link to the privacy policy at the form,Add the notice under the submit button.,form #1 (lead) form.space-y-4 'Full Name * Email Address * Phone * Serv',,200,yes,Forms Report
http://localhost:3000/technologies/scikit-learn-development,Optimization,P3 - improve,Privacy,No privacy notice / link at the lead form,Forms that collect personal data should tell visitors how it is used (GDPR / privacy laws).,(no 'privacy' text or link in or next to the form),A short notice with a link to the privacy policy at the form,Add the notice under the submit button.,form #2 (lead) form.flex.flex-1.flex-col 'Full Name Work Email Phone (Optio,,200,yes,Forms Report
http://localhost:3000/technologies/scikit-learn-development,Optimization,P3 - improve,Spam,No spam protection on the form,Without a CAPTCHA or honeypot the form will collect spam.,no reCAPTCHA / hCaptcha / Turnstile / honeypot field found,a CAPTCHA or a hidden honeypot field,Configure the CAPTCHA key for this environment or add a honeypot field.,form #1 (lead) form.space-y-4 'Full Name * Email Address * Phone * Serv',,200,yes,Forms Report
http://localhost:3000/technologies/scikit-learn-development,Optimization,P3 - improve,Spam,No spam protection on the form,Without a CAPTCHA or honeypot the form will collect spam.,no reCAPTCHA / hCaptcha / Turnstile / honeypot field found,a CAPTCHA or a hidden honeypot field,Configure the CAPTCHA key for this environment or add a honeypot field.,form #2 (lead) form.flex.flex-1.flex-col 'Full Name Work Email Phone (Optio,,200,yes,Forms Report
http://localhost:3000/technologies/search-engine-optimization-seo,Optimization,P3 - improve,Privacy,No privacy notice / link at the lead form,Forms that collect personal data should tell visitors how it is used (GDPR / privacy laws).,(no 'privacy' text or link in or next to the form),A short notice with a link to the privacy policy at the form,Add the notice under the submit button.,form #1 (lead) form.space-y-4 'Full Name * Email Address * Phone * Serv',,200,yes,Forms Report
http://localhost:3000/technologies/search-engine-optimization-seo,Optimization,P3 - improve,Privacy,No privacy notice / link at the lead form,Forms that collect personal data should tell visitors how it is used (GDPR / privacy laws).,(no 'privacy' text or link in or next to the form),A short notice with a link to the privacy policy at the form,Add the notice under the submit button.,form #2 (lead) form.flex.flex-1.flex-col 'Full Name Work Email Phone (Optio,,200,yes,Forms Report
http://localhost:3000/technologies/search-engine-optimization-seo,Optimization,P3 - improve,Spam,No spam protection on the form,Without a CAPTCHA or honeypot the form will collect spam.,no reCAPTCHA / hCaptcha / Turnstile / honeypot field found,a CAPTCHA or a hidden honeypot field,Configure the CAPTCHA key for this environment or add a honeypot field.,form #1 (lead) form.space-y-4 'Full Name * Email Address * Phone * Serv',,200,yes,Forms Report
http://localhost:3000/technologies/search-engine-optimization-seo,Optimization,P3 - improve,Spam,No spam protection on the form,Without a CAPTCHA or honeypot the form will collect spam.,no reCAPTCHA / hCaptcha / Turnstile / honeypot field found,a CAPTCHA or a hidden honeypot field,Configure the CAPTCHA key for this environment or add a honeypot field.,form #2 (lead) form.flex.flex-1.flex-col 'Full Name Work Email Phone (Optio,,200,yes,Forms Report
http://localhost:3000/technologies/security-testing,Optimization,P3 - improve,Privacy,No privacy notice / link at the lead form,Forms that collect personal data should tell visitors how it is used (GDPR / privacy laws).,(no 'privacy' text or link in or next to the form),A short notice with a link to the privacy policy at the form,Add the notice under the submit button.,form #1 (lead) form.space-y-4 'Full Name * Email Address * Phone * Serv',,200,yes,Forms Report
http://localhost:3000/technologies/security-testing,Optimization,P3 - improve,Privacy,No privacy notice / link at the lead form,Forms that collect personal data should tell visitors how it is used (GDPR / privacy laws).,(no 'privacy' text or link in or next to the form),A short notice with a link to the privacy policy at the form,Add the notice under the submit button.,form #2 (lead) form.flex.flex-1.flex-col 'Full Name Work Email Phone (Optio,,200,yes,Forms Report
http://localhost:3000/technologies/security-testing,Optimization,P3 - improve,Spam,No spam protection on the form,Without a CAPTCHA or honeypot the form will collect spam.,no reCAPTCHA / hCaptcha / Turnstile / honeypot field found,a CAPTCHA or a hidden honeypot field,Configure the CAPTCHA key for this environment or add a honeypot field.,form #1 (lead) form.space-y-4 'Full Name * Email Address * Phone * Serv',,200,yes,Forms Report
http://localhost:3000/technologies/security-testing,Optimization,P3 - improve,Spam,No spam protection on the form,Without a CAPTCHA or honeypot the form will collect spam.,no reCAPTCHA / hCaptcha / Turnstile / honeypot field found,a CAPTCHA or a hidden honeypot field,Configure the CAPTCHA key for this environment or add a honeypot field.,form #2 (lead) form.flex.flex-1.flex-col 'Full Name Work Email Phone (Optio,,200,yes,Forms Report
http://localhost:3000/technologies/selenium-development,Optimization,P3 - improve,Privacy,No privacy notice / link at the lead form,Forms that collect personal data should tell visitors how it is used (GDPR / privacy laws).,(no 'privacy' text or link in or next to the form),A short notice with a link to the privacy policy at the form,Add the notice under the submit button.,form #1 (lead) form.space-y-4 'Full Name * Email Address * Phone * Serv',,200,yes,Forms Report
http://localhost:3000/technologies/selenium-development,Optimization,P3 - improve,Privacy,No privacy notice / link at the lead form,Forms that collect personal data should tell visitors how it is used (GDPR / privacy laws).,(no 'privacy' text or link in or next to the form),A short notice with a link to the privacy policy at the form,Add the notice under the submit button.,form #2 (lead) form.flex.flex-1.flex-col 'Full Name Work Email Phone (Optio,,200,yes,Forms Report
http://localhost:3000/technologies/selenium-development,Optimization,P3 - improve,Spam,No spam protection on the form,Without a CAPTCHA or honeypot the form will collect spam.,no reCAPTCHA / hCaptcha / Turnstile / honeypot field found,a CAPTCHA or a hidden honeypot field,Configure the CAPTCHA key for this environment or add a honeypot field.,form #1 (lead) form.space-y-4 'Full Name * Email Address * Phone * Serv',,200,yes,Forms Report
http://localhost:3000/technologies/selenium-development,Optimization,P3 - improve,Spam,No spam protection on the form,Without a CAPTCHA or honeypot the form will collect spam.,no reCAPTCHA / hCaptcha / Turnstile / honeypot field found,a CAPTCHA or a hidden honeypot field,Configure the CAPTCHA key for this environment or add a honeypot field.,form #2 (lead) form.flex.flex-1.flex-col 'Full Name Work Email Phone (Optio,,200,yes,Forms Report
http://localhost:3000/technologies/selenium-testing,Optimization,P3 - improve,Privacy,No privacy notice / link at the lead form,Forms that collect personal data should tell visitors how it is used (GDPR / privacy laws).,(no 'privacy' text or link in or next to the form),A short notice with a link to the privacy policy at the form,Add the notice under the submit button.,form #1 (lead) form.space-y-4 'Full Name * Email Address * Phone * Serv',,200,yes,Forms Report
http://localhost:3000/technologies/selenium-testing,Optimization,P3 - improve,Privacy,No privacy notice / link at the lead form,Forms that collect personal data should tell visitors how it is used (GDPR / privacy laws).,(no 'privacy' text or link in or next to the form),A short notice with a link to the privacy policy at the form,Add the notice under the submit button.,form #2 (lead) form.flex.flex-1.flex-col 'Full Name Work Email Phone (Optio,,200,yes,Forms Report
http://localhost:3000/technologies/selenium-testing,Optimization,P3 - improve,Spam,No spam protection on the form,Without a CAPTCHA or honeypot the form will collect spam.,no reCAPTCHA / hCaptcha / Turnstile / honeypot field found,a CAPTCHA or a hidden honeypot field,Configure the CAPTCHA key for this environment or add a honeypot field.,form #1 (lead) form.space-y-4 'Full Name * Email Address * Phone * Serv',,200,yes,Forms Report
http://localhost:3000/technologies/selenium-testing,Optimization,P3 - improve,Spam,No spam protection on the form,Without a CAPTCHA or honeypot the form will collect spam.,no reCAPTCHA / hCaptcha / Turnstile / honeypot field found,a CAPTCHA or a hidden honeypot field,Configure the CAPTCHA key for this environment or add a honeypot field.,form #2 (lead) form.flex.flex-1.flex-col 'Full Name Work Email Phone (Optio,,200,yes,Forms Report
http://localhost:3000/technologies/seo-services,Optimization,P3 - improve,Privacy,No privacy notice / link at the lead form,Forms that collect personal data should tell visitors how it is used (GDPR / privacy laws).,(no 'privacy' text or link in or next to the form),A short notice with a link to the privacy policy at the form,Add the notice under the submit button.,form #1 (lead) form.space-y-4 'Full Name * Email Address * Phone * Serv',,200,yes,Forms Report
http://localhost:3000/technologies/seo-services,Optimization,P3 - improve,Privacy,No privacy notice / link at the lead form,Forms that collect personal data should tell visitors how it is used (GDPR / privacy laws).,(no 'privacy' text or link in or next to the form),A short notice with a link to the privacy policy at the form,Add the notice under the submit button.,form #2 (lead) form.flex.flex-1.flex-col 'Full Name Work Email Phone (Optio,,200,yes,Forms Report
http://localhost:3000/technologies/seo-services,Optimization,P3 - improve,Spam,No spam protection on the form,Without a CAPTCHA or honeypot the form will collect spam.,no reCAPTCHA / hCaptcha / Turnstile / honeypot field found,a CAPTCHA or a hidden honeypot field,Configure the CAPTCHA key for this environment or add a honeypot field.,form #1 (lead) form.space-y-4 'Full Name * Email Address * Phone * Serv',,200,yes,Forms Report
http://localhost:3000/technologies/seo-services,Optimization,P3 - improve,Spam,No spam protection on the form,Without a CAPTCHA or honeypot the form will collect spam.,no reCAPTCHA / hCaptcha / Turnstile / honeypot field found,a CAPTCHA or a hidden honeypot field,Configure the CAPTCHA key for this environment or add a honeypot field.,form #2 (lead) form.flex.flex-1.flex-col 'Full Name Work Email Phone (Optio,,200,yes,Forms Report
http://localhost:3000/technologies/shopify-cms-development,Optimization,P3 - improve,Privacy,No privacy notice / link at the lead form,Forms that collect personal data should tell visitors how it is used (GDPR / privacy laws).,(no 'privacy' text or link in or next to the form),A short notice with a link to the privacy policy at the form,Add the notice under the submit button.,form #1 (lead) form.space-y-4 'Full Name * Email Address * Phone * Serv',,200,yes,Forms Report
http://localhost:3000/technologies/shopify-cms-development,Optimization,P3 - improve,Privacy,No privacy notice / link at the lead form,Forms that collect personal data should tell visitors how it is used (GDPR / privacy laws).,(no 'privacy' text or link in or next to the form),A short notice with a link to the privacy policy at the form,Add the notice under the submit button.,form #2 (lead) form.flex.flex-1.flex-col 'Full Name Work Email Phone (Optio,,200,yes,Forms Report
http://localhost:3000/technologies/shopify-cms-development,Optimization,P3 - improve,Spam,No spam protection on the form,Without a CAPTCHA or honeypot the form will collect spam.,no reCAPTCHA / hCaptcha / Turnstile / honeypot field found,a CAPTCHA or a hidden honeypot field,Configure the CAPTCHA key for this environment or add a honeypot field.,form #1 (lead) form.space-y-4 'Full Name * Email Address * Phone * Serv',,200,yes,Forms Report
http://localhost:3000/technologies/shopify-cms-development,Optimization,P3 - improve,Spam,No spam protection on the form,Without a CAPTCHA or honeypot the form will collect spam.,no reCAPTCHA / hCaptcha / Turnstile / honeypot field found,a CAPTCHA or a hidden honeypot field,Configure the CAPTCHA key for this environment or add a honeypot field.,form #2 (lead) form.flex.flex-1.flex-col 'Full Name Work Email Phone (Optio,,200,yes,Forms Report
http://localhost:3000/technologies/shopify-development,Optimization,P3 - improve,Privacy,No privacy notice / link at the lead form,Forms that collect personal data should tell visitors how it is used (GDPR / privacy laws).,(no 'privacy' text or link in or next to the form),A short notice with a link to the privacy policy at the form,Add the notice under the submit button.,form #1 (lead) form.space-y-4 'Full Name * Email Address * Phone * Serv',,200,yes,Forms Report
http://localhost:3000/technologies/shopify-development,Optimization,P3 - improve,Privacy,No privacy notice / link at the lead form,Forms that collect personal data should tell visitors how it is used (GDPR / privacy laws).,(no 'privacy' text or link in or next to the form),A short notice with a link to the privacy policy at the form,Add the notice under the submit button.,form #2 (lead) form.flex.flex-1.flex-col 'Full Name Work Email Phone (Optio,,200,yes,Forms Report
http://localhost:3000/technologies/shopify-development,Optimization,P3 - improve,Spam,No spam protection on the form,Without a CAPTCHA or honeypot the form will collect spam.,no reCAPTCHA / hCaptcha / Turnstile / honeypot field found,a CAPTCHA or a hidden honeypot field,Configure the CAPTCHA key for this environment or add a honeypot field.,form #1 (lead) form.space-y-4 'Full Name * Email Address * Phone * Serv',,200,yes,Forms Report
http://localhost:3000/technologies/shopify-development,Optimization,P3 - improve,Spam,No spam protection on the form,Without a CAPTCHA or honeypot the form will collect spam.,no reCAPTCHA / hCaptcha / Turnstile / honeypot field found,a CAPTCHA or a hidden honeypot field,Configure the CAPTCHA key for this environment or add a honeypot field.,form #2 (lead) form.flex.flex-1.flex-col 'Full Name Work Email Phone (Optio,,200,yes,Forms Report
http://localhost:3000/technologies/sitecore-development,Optimization,P3 - improve,Privacy,No privacy notice / link at the lead form,Forms that collect personal data should tell visitors how it is used (GDPR / privacy laws).,(no 'privacy' text or link in or next to the form),A short notice with a link to the privacy policy at the form,Add the notice under the submit button.,form #1 (lead) form.space-y-4 'Full Name * Email Address * Phone * Serv',,200,yes,Forms Report
http://localhost:3000/technologies/sitecore-development,Optimization,P3 - improve,Privacy,No privacy notice / link at the lead form,Forms that collect personal data should tell visitors how it is used (GDPR / privacy laws).,(no 'privacy' text or link in or next to the form),A short notice with a link to the privacy policy at the form,Add the notice under the submit button.,form #2 (lead) form.flex.flex-1.flex-col 'Full Name Work Email Phone (Optio,,200,yes,Forms Report
http://localhost:3000/technologies/sitecore-development,Optimization,P3 - improve,Spam,No spam protection on the form,Without a CAPTCHA or honeypot the form will collect spam.,no reCAPTCHA / hCaptcha / Turnstile / honeypot field found,a CAPTCHA or a hidden honeypot field,Configure the CAPTCHA key for this environment or add a honeypot field.,form #1 (lead) form.space-y-4 'Full Name * Email Address * Phone * Serv',,200,yes,Forms Report
http://localhost:3000/technologies/sitecore-development,Optimization,P3 - improve,Spam,No spam protection on the form,Without a CAPTCHA or honeypot the form will collect spam.,no reCAPTCHA / hCaptcha / Turnstile / honeypot field found,a CAPTCHA or a hidden honeypot field,Configure the CAPTCHA key for this environment or add a honeypot field.,form #2 (lead) form.flex.flex-1.flex-col 'Full Name Work Email Phone (Optio,,200,yes,Forms Report
http://localhost:3000/technologies/sketch-design,Optimization,P3 - improve,Privacy,No privacy notice / link at the lead form,Forms that collect personal data should tell visitors how it is used (GDPR / privacy laws).,(no 'privacy' text or link in or next to the form),A short notice with a link to the privacy policy at the form,Add the notice under the submit button.,form #1 (lead) form.space-y-4 'Full Name * Email Address * Phone * Serv',,200,yes,Forms Report
http://localhost:3000/technologies/sketch-design,Optimization,P3 - improve,Privacy,No privacy notice / link at the lead form,Forms that collect personal data should tell visitors how it is used (GDPR / privacy laws).,(no 'privacy' text or link in or next to the form),A short notice with a link to the privacy policy at the form,Add the notice under the submit button.,form #2 (lead) form.flex.flex-1.flex-col 'Full Name Work Email Phone (Optio,,200,yes,Forms Report
http://localhost:3000/technologies/sketch-design,Optimization,P3 - improve,Spam,No spam protection on the form,Without a CAPTCHA or honeypot the form will collect spam.,no reCAPTCHA / hCaptcha / Turnstile / honeypot field found,a CAPTCHA or a hidden honeypot field,Configure the CAPTCHA key for this environment or add a honeypot field.,form #1 (lead) form.space-y-4 'Full Name * Email Address * Phone * Serv',,200,yes,Forms Report
http://localhost:3000/technologies/sketch-design,Optimization,P3 - improve,Spam,No spam protection on the form,Without a CAPTCHA or honeypot the form will collect spam.,no reCAPTCHA / hCaptcha / Turnstile / honeypot field found,a CAPTCHA or a hidden honeypot field,Configure the CAPTCHA key for this environment or add a honeypot field.,form #2 (lead) form.flex.flex-1.flex-col 'Full Name Work Email Phone (Optio,,200,yes,Forms Report
http://localhost:3000/technologies/social-media-marketing,Optimization,P3 - improve,Privacy,No privacy notice / link at the lead form,Forms that collect personal data should tell visitors how it is used (GDPR / privacy laws).,(no 'privacy' text or link in or next to the form),A short notice with a link to the privacy policy at the form,Add the notice under the submit button.,form #1 (lead) form.space-y-4 'Full Name * Email Address * Phone * Serv',,200,yes,Forms Report
http://localhost:3000/technologies/social-media-marketing,Optimization,P3 - improve,Privacy,No privacy notice / link at the lead form,Forms that collect personal data should tell visitors how it is used (GDPR / privacy laws).,(no 'privacy' text or link in or next to the form),A short notice with a link to the privacy policy at the form,Add the notice under the submit button.,form #2 (lead) form.flex.flex-1.flex-col 'Full Name Work Email Phone (Optio,,200,yes,Forms Report
http://localhost:3000/technologies/social-media-marketing,Optimization,P3 - improve,Spam,No spam protection on the form,Without a CAPTCHA or honeypot the form will collect spam.,no reCAPTCHA / hCaptcha / Turnstile / honeypot field found,a CAPTCHA or a hidden honeypot field,Configure the CAPTCHA key for this environment or add a honeypot field.,form #1 (lead) form.space-y-4 'Full Name * Email Address * Phone * Serv',,200,yes,Forms Report
http://localhost:3000/technologies/social-media-marketing,Optimization,P3 - improve,Spam,No spam protection on the form,Without a CAPTCHA or honeypot the form will collect spam.,no reCAPTCHA / hCaptcha / Turnstile / honeypot field found,a CAPTCHA or a hidden honeypot field,Configure the CAPTCHA key for this environment or add a honeypot field.,form #2 (lead) form.flex.flex-1.flex-col 'Full Name Work Email Phone (Optio,,200,yes,Forms Report
http://localhost:3000/technologies/social-media-marketing-smm,Optimization,P3 - improve,Privacy,No privacy notice / link at the lead form,Forms that collect personal data should tell visitors how it is used (GDPR / privacy laws).,(no 'privacy' text or link in or next to the form),A short notice with a link to the privacy policy at the form,Add the notice under the submit button.,form #1 (lead) form.space-y-4 'Full Name * Email Address * Phone * Serv',,200,yes,Forms Report
http://localhost:3000/technologies/social-media-marketing-smm,Optimization,P3 - improve,Privacy,No privacy notice / link at the lead form,Forms that collect personal data should tell visitors how it is used (GDPR / privacy laws).,(no 'privacy' text or link in or next to the form),A short notice with a link to the privacy policy at the form,Add the notice under the submit button.,form #2 (lead) form.flex.flex-1.flex-col 'Full Name Work Email Phone (Optio,,200,yes,Forms Report
http://localhost:3000/technologies/social-media-marketing-smm,Optimization,P3 - improve,Spam,No spam protection on the form,Without a CAPTCHA or honeypot the form will collect spam.,no reCAPTCHA / hCaptcha / Turnstile / honeypot field found,a CAPTCHA or a hidden honeypot field,Configure the CAPTCHA key for this environment or add a honeypot field.,form #1 (lead) form.space-y-4 'Full Name * Email Address * Phone * Serv',,200,yes,Forms Report
http://localhost:3000/technologies/social-media-marketing-smm,Optimization,P3 - improve,Spam,No spam protection on the form,Without a CAPTCHA or honeypot the form will collect spam.,no reCAPTCHA / hCaptcha / Turnstile / honeypot field found,a CAPTCHA or a hidden honeypot field,Configure the CAPTCHA key for this environment or add a honeypot field.,form #2 (lead) form.flex.flex-1.flex-col 'Full Name Work Email Phone (Optio,,200,yes,Forms Report
http://localhost:3000/technologies/spring-boot-development,Optimization,P3 - improve,Privacy,No privacy notice / link at the lead form,Forms that collect personal data should tell visitors how it is used (GDPR / privacy laws).,(no 'privacy' text or link in or next to the form),A short notice with a link to the privacy policy at the form,Add the notice under the submit button.,form #1 (lead) form.space-y-4 'Full Name * Email Address * Phone * Serv',,200,yes,Forms Report
http://localhost:3000/technologies/spring-boot-development,Optimization,P3 - improve,Privacy,No privacy notice / link at the lead form,Forms that collect personal data should tell visitors how it is used (GDPR / privacy laws).,(no 'privacy' text or link in or next to the form),A short notice with a link to the privacy policy at the form,Add the notice under the submit button.,form #2 (lead) form.flex.flex-1.flex-col 'Full Name Work Email Phone (Optio,,200,yes,Forms Report
http://localhost:3000/technologies/spring-boot-development,Optimization,P3 - improve,Spam,No spam protection on the form,Without a CAPTCHA or honeypot the form will collect spam.,no reCAPTCHA / hCaptcha / Turnstile / honeypot field found,a CAPTCHA or a hidden honeypot field,Configure the CAPTCHA key for this environment or add a honeypot field.,form #1 (lead) form.space-y-4 'Full Name * Email Address * Phone * Serv',,200,yes,Forms Report
http://localhost:3000/technologies/spring-boot-development,Optimization,P3 - improve,Spam,No spam protection on the form,Without a CAPTCHA or honeypot the form will collect spam.,no reCAPTCHA / hCaptcha / Turnstile / honeypot field found,a CAPTCHA or a hidden honeypot field,Configure the CAPTCHA key for this environment or add a honeypot field.,form #2 (lead) form.flex.flex-1.flex-col 'Full Name Work Email Phone (Optio,,200,yes,Forms Report
http://localhost:3000/technologies/sql-server-development,Optimization,P3 - improve,Privacy,No privacy notice / link at the lead form,Forms that collect personal data should tell visitors how it is used (GDPR / privacy laws).,(no 'privacy' text or link in or next to the form),A short notice with a link to the privacy policy at the form,Add the notice under the submit button.,form #1 (lead) form.space-y-4 'Full Name * Email Address * Phone * Serv',,200,yes,Forms Report
http://localhost:3000/technologies/sql-server-development,Optimization,P3 - improve,Privacy,No privacy notice / link at the lead form,Forms that collect personal data should tell visitors how it is used (GDPR / privacy laws).,(no 'privacy' text or link in or next to the form),A short notice with a link to the privacy policy at the form,Add the notice under the submit button.,form #2 (lead) form.flex.flex-1.flex-col 'Full Name Work Email Phone (Optio,,200,yes,Forms Report
http://localhost:3000/technologies/sql-server-development,Optimization,P3 - improve,Spam,No spam protection on the form,Without a CAPTCHA or honeypot the form will collect spam.,no reCAPTCHA / hCaptcha / Turnstile / honeypot field found,a CAPTCHA or a hidden honeypot field,Configure the CAPTCHA key for this environment or add a honeypot field.,form #1 (lead) form.space-y-4 'Full Name * Email Address * Phone * Serv',,200,yes,Forms Report
http://localhost:3000/technologies/sql-server-development,Optimization,P3 - improve,Spam,No spam protection on the form,Without a CAPTCHA or honeypot the form will collect spam.,no reCAPTCHA / hCaptcha / Turnstile / honeypot field found,a CAPTCHA or a hidden honeypot field,Configure the CAPTCHA key for this environment or add a honeypot field.,form #2 (lead) form.flex.flex-1.flex-col 'Full Name Work Email Phone (Optio,,200,yes,Forms Report
http://localhost:3000/technologies/sqlite-development,Optimization,P3 - improve,Privacy,No privacy notice / link at the lead form,Forms that collect personal data should tell visitors how it is used (GDPR / privacy laws).,(no 'privacy' text or link in or next to the form),A short notice with a link to the privacy policy at the form,Add the notice under the submit button.,form #1 (lead) form.space-y-4 'Full Name * Email Address * Phone * Serv',,200,yes,Forms Report
http://localhost:3000/technologies/sqlite-development,Optimization,P3 - improve,Privacy,No privacy notice / link at the lead form,Forms that collect personal data should tell visitors how it is used (GDPR / privacy laws).,(no 'privacy' text or link in or next to the form),A short notice with a link to the privacy policy at the form,Add the notice under the submit button.,form #2 (lead) form.flex.flex-1.flex-col 'Full Name Work Email Phone (Optio,,200,yes,Forms Report
http://localhost:3000/technologies/sqlite-development,Optimization,P3 - improve,Spam,No spam protection on the form,Without a CAPTCHA or honeypot the form will collect spam.,no reCAPTCHA / hCaptcha / Turnstile / honeypot field found,a CAPTCHA or a hidden honeypot field,Configure the CAPTCHA key for this environment or add a honeypot field.,form #1 (lead) form.space-y-4 'Full Name * Email Address * Phone * Serv',,200,yes,Forms Report
http://localhost:3000/technologies/sqlite-development,Optimization,P3 - improve,Spam,No spam protection on the form,Without a CAPTCHA or honeypot the form will collect spam.,no reCAPTCHA / hCaptcha / Turnstile / honeypot field found,a CAPTCHA or a hidden honeypot field,Configure the CAPTCHA key for this environment or add a honeypot field.,form #2 (lead) form.flex.flex-1.flex-col 'Full Name Work Email Phone (Optio,,200,yes,Forms Report
http://localhost:3000/technologies/squarespace-development,Optimization,P3 - improve,Privacy,No privacy notice / link at the lead form,Forms that collect personal data should tell visitors how it is used (GDPR / privacy laws).,(no 'privacy' text or link in or next to the form),A short notice with a link to the privacy policy at the form,Add the notice under the submit button.,form #1 (lead) form.space-y-4 'Full Name * Email Address * Phone * Serv',,200,yes,Forms Report
http://localhost:3000/technologies/squarespace-development,Optimization,P3 - improve,Privacy,No privacy notice / link at the lead form,Forms that collect personal data should tell visitors how it is used (GDPR / privacy laws).,(no 'privacy' text or link in or next to the form),A short notice with a link to the privacy policy at the form,Add the notice under the submit button.,form #2 (lead) form.flex.flex-1.flex-col 'Full Name Work Email Phone (Optio,,200,yes,Forms Report
http://localhost:3000/technologies/squarespace-development,Optimization,P3 - improve,Spam,No spam protection on the form,Without a CAPTCHA or honeypot the form will collect spam.,no reCAPTCHA / hCaptcha / Turnstile / honeypot field found,a CAPTCHA or a hidden honeypot field,Configure the CAPTCHA key for this environment or add a honeypot field.,form #1 (lead) form.space-y-4 'Full Name * Email Address * Phone * Serv',,200,yes,Forms Report
http://localhost:3000/technologies/squarespace-development,Optimization,P3 - improve,Spam,No spam protection on the form,Without a CAPTCHA or honeypot the form will collect spam.,no reCAPTCHA / hCaptcha / Turnstile / honeypot field found,a CAPTCHA or a hidden honeypot field,Configure the CAPTCHA key for this environment or add a honeypot field.,form #2 (lead) form.flex.flex-1.flex-col 'Full Name Work Email Phone (Optio,,200,yes,Forms Report
http://localhost:3000/technologies/storybook-development,Optimization,P3 - improve,Privacy,No privacy notice / link at the lead form,Forms that collect personal data should tell visitors how it is used (GDPR / privacy laws).,(no 'privacy' text or link in or next to the form),A short notice with a link to the privacy policy at the form,Add the notice under the submit button.,form #1 (lead) form.space-y-4 'Full Name * Email Address * Phone * Serv',,200,yes,Forms Report
http://localhost:3000/technologies/storybook-development,Optimization,P3 - improve,Privacy,No privacy notice / link at the lead form,Forms that collect personal data should tell visitors how it is used (GDPR / privacy laws).,(no 'privacy' text or link in or next to the form),A short notice with a link to the privacy policy at the form,Add the notice under the submit button.,form #2 (lead) form.flex.flex-1.flex-col 'Full Name Work Email Phone (Optio,,200,yes,Forms Report
http://localhost:3000/technologies/storybook-development,Optimization,P3 - improve,Spam,No spam protection on the form,Without a CAPTCHA or honeypot the form will collect spam.,no reCAPTCHA / hCaptcha / Turnstile / honeypot field found,a CAPTCHA or a hidden honeypot field,Configure the CAPTCHA key for this environment or add a honeypot field.,form #1 (lead) form.space-y-4 'Full Name * Email Address * Phone * Serv',,200,yes,Forms Report
http://localhost:3000/technologies/storybook-development,Optimization,P3 - improve,Spam,No spam protection on the form,Without a CAPTCHA or honeypot the form will collect spam.,no reCAPTCHA / hCaptcha / Turnstile / honeypot field found,a CAPTCHA or a hidden honeypot field,Configure the CAPTCHA key for this environment or add a honeypot field.,form #2 (lead) form.flex.flex-1.flex-col 'Full Name Work Email Phone (Optio,,200,yes,Forms Report
http://localhost:3000/technologies/strapi-development,Optimization,P3 - improve,Privacy,No privacy notice / link at the lead form,Forms that collect personal data should tell visitors how it is used (GDPR / privacy laws).,(no 'privacy' text or link in or next to the form),A short notice with a link to the privacy policy at the form,Add the notice under the submit button.,form #1 (lead) form.space-y-4 'Full Name * Email Address * Phone * Serv',,200,yes,Forms Report
http://localhost:3000/technologies/strapi-development,Optimization,P3 - improve,Privacy,No privacy notice / link at the lead form,Forms that collect personal data should tell visitors how it is used (GDPR / privacy laws).,(no 'privacy' text or link in or next to the form),A short notice with a link to the privacy policy at the form,Add the notice under the submit button.,form #2 (lead) form.flex.flex-1.flex-col 'Full Name Work Email Phone (Optio,,200,yes,Forms Report
http://localhost:3000/technologies/strapi-development,Optimization,P3 - improve,Spam,No spam protection on the form,Without a CAPTCHA or honeypot the form will collect spam.,no reCAPTCHA / hCaptcha / Turnstile / honeypot field found,a CAPTCHA or a hidden honeypot field,Configure the CAPTCHA key for this environment or add a honeypot field.,form #1 (lead) form.space-y-4 'Full Name * Email Address * Phone * Serv',,200,yes,Forms Report
http://localhost:3000/technologies/strapi-development,Optimization,P3 - improve,Spam,No spam protection on the form,Without a CAPTCHA or honeypot the form will collect spam.,no reCAPTCHA / hCaptcha / Turnstile / honeypot field found,a CAPTCHA or a hidden honeypot field,Configure the CAPTCHA key for this environment or add a honeypot field.,form #2 (lead) form.flex.flex-1.flex-col 'Full Name Work Email Phone (Optio,,200,yes,Forms Report
http://localhost:3000/technologies/stripe-integration,Optimization,P3 - improve,Privacy,No privacy notice / link at the lead form,Forms that collect personal data should tell visitors how it is used (GDPR / privacy laws).,(no 'privacy' text or link in or next to the form),A short notice with a link to the privacy policy at the form,Add the notice under the submit button.,form #1 (lead) form.space-y-4 'Full Name * Email Address * Phone * Serv',,200,yes,Forms Report
http://localhost:3000/technologies/stripe-integration,Optimization,P3 - improve,Privacy,No privacy notice / link at the lead form,Forms that collect personal data should tell visitors how it is used (GDPR / privacy laws).,(no 'privacy' text or link in or next to the form),A short notice with a link to the privacy policy at the form,Add the notice under the submit button.,form #2 (lead) form.flex.flex-1.flex-col 'Full Name Work Email Phone (Optio,,200,yes,Forms Report
http://localhost:3000/technologies/stripe-integration,Optimization,P3 - improve,Spam,No spam protection on the form,Without a CAPTCHA or honeypot the form will collect spam.,no reCAPTCHA / hCaptcha / Turnstile / honeypot field found,a CAPTCHA or a hidden honeypot field,Configure the CAPTCHA key for this environment or add a honeypot field.,form #1 (lead) form.space-y-4 'Full Name * Email Address * Phone * Serv',,200,yes,Forms Report
http://localhost:3000/technologies/stripe-integration,Optimization,P3 - improve,Spam,No spam protection on the form,Without a CAPTCHA or honeypot the form will collect spam.,no reCAPTCHA / hCaptcha / Turnstile / honeypot field found,a CAPTCHA or a hidden honeypot field,Configure the CAPTCHA key for this environment or add a honeypot field.,form #2 (lead) form.flex.flex-1.flex-col 'Full Name Work Email Phone (Optio,,200,yes,Forms Report
http://localhost:3000/technologies/supabase-development,Optimization,P3 - improve,Privacy,No privacy notice / link at the lead form,Forms that collect personal data should tell visitors how it is used (GDPR / privacy laws).,(no 'privacy' text or link in or next to the form),A short notice with a link to the privacy policy at the form,Add the notice under the submit button.,form #1 (lead) form.space-y-4 'Full Name * Email Address * Phone * Serv',,200,yes,Forms Report
http://localhost:3000/technologies/supabase-development,Optimization,P3 - improve,Privacy,No privacy notice / link at the lead form,Forms that collect personal data should tell visitors how it is used (GDPR / privacy laws).,(no 'privacy' text or link in or next to the form),A short notice with a link to the privacy policy at the form,Add the notice under the submit button.,form #2 (lead) form.flex.flex-1.flex-col 'Full Name Work Email Phone (Optio,,200,yes,Forms Report
http://localhost:3000/technologies/supabase-development,Optimization,P3 - improve,Spam,No spam protection on the form,Without a CAPTCHA or honeypot the form will collect spam.,no reCAPTCHA / hCaptcha / Turnstile / honeypot field found,a CAPTCHA or a hidden honeypot field,Configure the CAPTCHA key for this environment or add a honeypot field.,form #1 (lead) form.space-y-4 'Full Name * Email Address * Phone * Serv',,200,yes,Forms Report
http://localhost:3000/technologies/supabase-development,Optimization,P3 - improve,Spam,No spam protection on the form,Without a CAPTCHA or honeypot the form will collect spam.,no reCAPTCHA / hCaptcha / Turnstile / honeypot field found,a CAPTCHA or a hidden honeypot field,Configure the CAPTCHA key for this environment or add a honeypot field.,form #2 (lead) form.flex.flex-1.flex-col 'Full Name Work Email Phone (Optio,,200,yes,Forms Report
http://localhost:3000/technologies/svelte-development,Optimization,P3 - improve,Privacy,No privacy notice / link at the lead form,Forms that collect personal data should tell visitors how it is used (GDPR / privacy laws).,(no 'privacy' text or link in or next to the form),A short notice with a link to the privacy policy at the form,Add the notice under the submit button.,form #1 (lead) form.space-y-4 'Full Name * Email Address * Phone * Serv',,200,yes,Forms Report
http://localhost:3000/technologies/svelte-development,Optimization,P3 - improve,Privacy,No privacy notice / link at the lead form,Forms that collect personal data should tell visitors how it is used (GDPR / privacy laws).,(no 'privacy' text or link in or next to the form),A short notice with a link to the privacy policy at the form,Add the notice under the submit button.,form #2 (lead) form.flex.flex-1.flex-col 'Full Name Work Email Phone (Optio,,200,yes,Forms Report
http://localhost:3000/technologies/svelte-development,Optimization,P3 - improve,Spam,No spam protection on the form,Without a CAPTCHA or honeypot the form will collect spam.,no reCAPTCHA / hCaptcha / Turnstile / honeypot field found,a CAPTCHA or a hidden honeypot field,Configure the CAPTCHA key for this environment or add a honeypot field.,form #1 (lead) form.space-y-4 'Full Name * Email Address * Phone * Serv',,200,yes,Forms Report
http://localhost:3000/technologies/svelte-development,Optimization,P3 - improve,Spam,No spam protection on the form,Without a CAPTCHA or honeypot the form will collect spam.,no reCAPTCHA / hCaptcha / Turnstile / honeypot field found,a CAPTCHA or a hidden honeypot field,Configure the CAPTCHA key for this environment or add a honeypot field.,form #2 (lead) form.flex.flex-1.flex-col 'Full Name Work Email Phone (Optio,,200,yes,Forms Report
http://localhost:3000/technologies/sveltekit-development,Optimization,P3 - improve,Privacy,No privacy notice / link at the lead form,Forms that collect personal data should tell visitors how it is used (GDPR / privacy laws).,(no 'privacy' text or link in or next to the form),A short notice with a link to the privacy policy at the form,Add the notice under the submit button.,form #1 (lead) form.space-y-4 'Full Name * Email Address * Phone * Serv',,200,yes,Forms Report
http://localhost:3000/technologies/sveltekit-development,Optimization,P3 - improve,Privacy,No privacy notice / link at the lead form,Forms that collect personal data should tell visitors how it is used (GDPR / privacy laws).,(no 'privacy' text or link in or next to the form),A short notice with a link to the privacy policy at the form,Add the notice under the submit button.,form #2 (lead) form.flex.flex-1.flex-col 'Full Name Work Email Phone (Optio,,200,yes,Forms Report
http://localhost:3000/technologies/sveltekit-development,Optimization,P3 - improve,Spam,No spam protection on the form,Without a CAPTCHA or honeypot the form will collect spam.,no reCAPTCHA / hCaptcha / Turnstile / honeypot field found,a CAPTCHA or a hidden honeypot field,Configure the CAPTCHA key for this environment or add a honeypot field.,form #1 (lead) form.space-y-4 'Full Name * Email Address * Phone * Serv',,200,yes,Forms Report
http://localhost:3000/technologies/sveltekit-development,Optimization,P3 - improve,Spam,No spam protection on the form,Without a CAPTCHA or honeypot the form will collect spam.,no reCAPTCHA / hCaptcha / Turnstile / honeypot field found,a CAPTCHA or a hidden honeypot field,Configure the CAPTCHA key for this environment or add a honeypot field.,form #2 (lead) form.flex.flex-1.flex-col 'Full Name Work Email Phone (Optio,,200,yes,Forms Report
http://localhost:3000/technologies/swift-development,Optimization,P3 - improve,Privacy,No privacy notice / link at the lead form,Forms that collect personal data should tell visitors how it is used (GDPR / privacy laws).,(no 'privacy' text or link in or next to the form),A short notice with a link to the privacy policy at the form,Add the notice under the submit button.,form #1 (lead) form.space-y-4 'Full Name * Email Address * Phone * Serv',,200,yes,Forms Report
http://localhost:3000/technologies/swift-development,Optimization,P3 - improve,Privacy,No privacy notice / link at the lead form,Forms that collect personal data should tell visitors how it is used (GDPR / privacy laws).,(no 'privacy' text or link in or next to the form),A short notice with a link to the privacy policy at the form,Add the notice under the submit button.,form #2 (lead) form.flex.flex-1.flex-col 'Full Name Work Email Phone (Optio,,200,yes,Forms Report
http://localhost:3000/technologies/swift-development,Optimization,P3 - improve,Spam,No spam protection on the form,Without a CAPTCHA or honeypot the form will collect spam.,no reCAPTCHA / hCaptcha / Turnstile / honeypot field found,a CAPTCHA or a hidden honeypot field,Configure the CAPTCHA key for this environment or add a honeypot field.,form #1 (lead) form.space-y-4 'Full Name * Email Address * Phone * Serv',,200,yes,Forms Report
http://localhost:3000/technologies/swift-development,Optimization,P3 - improve,Spam,No spam protection on the form,Without a CAPTCHA or honeypot the form will collect spam.,no reCAPTCHA / hCaptcha / Turnstile / honeypot field found,a CAPTCHA or a hidden honeypot field,Configure the CAPTCHA key for this environment or add a honeypot field.,form #2 (lead) form.flex.flex-1.flex-col 'Full Name Work Email Phone (Optio,,200,yes,Forms Report
http://localhost:3000/technologies/swiftui-development,Optimization,P3 - improve,Privacy,No privacy notice / link at the lead form,Forms that collect personal data should tell visitors how it is used (GDPR / privacy laws).,(no 'privacy' text or link in or next to the form),A short notice with a link to the privacy policy at the form,Add the notice under the submit button.,form #1 (lead) form.space-y-4 'Full Name * Email Address * Phone * Serv',,200,yes,Forms Report
http://localhost:3000/technologies/swiftui-development,Optimization,P3 - improve,Privacy,No privacy notice / link at the lead form,Forms that collect personal data should tell visitors how it is used (GDPR / privacy laws).,(no 'privacy' text or link in or next to the form),A short notice with a link to the privacy policy at the form,Add the notice under the submit button.,form #2 (lead) form.flex.flex-1.flex-col 'Full Name Work Email Phone (Optio,,200,yes,Forms Report
http://localhost:3000/technologies/swiftui-development,Optimization,P3 - improve,Spam,No spam protection on the form,Without a CAPTCHA or honeypot the form will collect spam.,no reCAPTCHA / hCaptcha / Turnstile / honeypot field found,a CAPTCHA or a hidden honeypot field,Configure the CAPTCHA key for this environment or add a honeypot field.,form #1 (lead) form.space-y-4 'Full Name * Email Address * Phone * Serv',,200,yes,Forms Report
http://localhost:3000/technologies/swiftui-development,Optimization,P3 - improve,Spam,No spam protection on the form,Without a CAPTCHA or honeypot the form will collect spam.,no reCAPTCHA / hCaptcha / Turnstile / honeypot field found,a CAPTCHA or a hidden honeypot field,Configure the CAPTCHA key for this environment or add a honeypot field.,form #2 (lead) form.flex.flex-1.flex-col 'Full Name Work Email Phone (Optio,,200,yes,Forms Report
http://localhost:3000/technologies/tailwind-css-development,Optimization,P3 - improve,Privacy,No privacy notice / link at the lead form,Forms that collect personal data should tell visitors how it is used (GDPR / privacy laws).,(no 'privacy' text or link in or next to the form),A short notice with a link to the privacy policy at the form,Add the notice under the submit button.,form #1 (lead) form.space-y-4 'Full Name * Email Address * Phone * Serv',,200,yes,Forms Report
http://localhost:3000/technologies/tailwind-css-development,Optimization,P3 - improve,Privacy,No privacy notice / link at the lead form,Forms that collect personal data should tell visitors how it is used (GDPR / privacy laws).,(no 'privacy' text or link in or next to the form),A short notice with a link to the privacy policy at the form,Add the notice under the submit button.,form #2 (lead) form.flex.flex-1.flex-col 'Full Name Work Email Phone (Optio,,200,yes,Forms Report
http://localhost:3000/technologies/tailwind-css-development,Optimization,P3 - improve,Spam,No spam protection on the form,Without a CAPTCHA or honeypot the form will collect spam.,no reCAPTCHA / hCaptcha / Turnstile / honeypot field found,a CAPTCHA or a hidden honeypot field,Configure the CAPTCHA key for this environment or add a honeypot field.,form #1 (lead) form.space-y-4 'Full Name * Email Address * Phone * Serv',,200,yes,Forms Report
http://localhost:3000/technologies/tailwind-css-development,Optimization,P3 - improve,Spam,No spam protection on the form,Without a CAPTCHA or honeypot the form will collect spam.,no reCAPTCHA / hCaptcha / Turnstile / honeypot field found,a CAPTCHA or a hidden honeypot field,Configure the CAPTCHA key for this environment or add a honeypot field.,form #2 (lead) form.flex.flex-1.flex-col 'Full Name Work Email Phone (Optio,,200,yes,Forms Report
http://localhost:3000/technologies/technical-seo-services,Optimization,P3 - improve,Privacy,No privacy notice / link at the lead form,Forms that collect personal data should tell visitors how it is used (GDPR / privacy laws).,(no 'privacy' text or link in or next to the form),A short notice with a link to the privacy policy at the form,Add the notice under the submit button.,form #1 (lead) form.space-y-4 'Full Name * Email Address * Phone * Serv',,200,yes,Forms Report
http://localhost:3000/technologies/technical-seo-services,Optimization,P3 - improve,Privacy,No privacy notice / link at the lead form,Forms that collect personal data should tell visitors how it is used (GDPR / privacy laws).,(no 'privacy' text or link in or next to the form),A short notice with a link to the privacy policy at the form,Add the notice under the submit button.,form #2 (lead) form.flex.flex-1.flex-col 'Full Name Work Email Phone (Optio,,200,yes,Forms Report
http://localhost:3000/technologies/technical-seo-services,Optimization,P3 - improve,Spam,No spam protection on the form,Without a CAPTCHA or honeypot the form will collect spam.,no reCAPTCHA / hCaptcha / Turnstile / honeypot field found,a CAPTCHA or a hidden honeypot field,Configure the CAPTCHA key for this environment or add a honeypot field.,form #1 (lead) form.space-y-4 'Full Name * Email Address * Phone * Serv',,200,yes,Forms Report
http://localhost:3000/technologies/technical-seo-services,Optimization,P3 - improve,Spam,No spam protection on the form,Without a CAPTCHA or honeypot the form will collect spam.,no reCAPTCHA / hCaptcha / Turnstile / honeypot field found,a CAPTCHA or a hidden honeypot field,Configure the CAPTCHA key for this environment or add a honeypot field.,form #2 (lead) form.flex.flex-1.flex-col 'Full Name Work Email Phone (Optio,,200,yes,Forms Report
http://localhost:3000/technologies/tensorflow-development,Optimization,P3 - improve,Privacy,No privacy notice / link at the lead form,Forms that collect personal data should tell visitors how it is used (GDPR / privacy laws).,(no 'privacy' text or link in or next to the form),A short notice with a link to the privacy policy at the form,Add the notice under the submit button.,form #1 (lead) form.space-y-4 'Full Name * Email Address * Phone * Serv',,200,yes,Forms Report
http://localhost:3000/technologies/tensorflow-development,Optimization,P3 - improve,Privacy,No privacy notice / link at the lead form,Forms that collect personal data should tell visitors how it is used (GDPR / privacy laws).,(no 'privacy' text or link in or next to the form),A short notice with a link to the privacy policy at the form,Add the notice under the submit button.,form #2 (lead) form.flex.flex-1.flex-col 'Full Name Work Email Phone (Optio,,200,yes,Forms Report
http://localhost:3000/technologies/tensorflow-development,Optimization,P3 - improve,Spam,No spam protection on the form,Without a CAPTCHA or honeypot the form will collect spam.,no reCAPTCHA / hCaptcha / Turnstile / honeypot field found,a CAPTCHA or a hidden honeypot field,Configure the CAPTCHA key for this environment or add a honeypot field.,form #1 (lead) form.space-y-4 'Full Name * Email Address * Phone * Serv',,200,yes,Forms Report
http://localhost:3000/technologies/tensorflow-development,Optimization,P3 - improve,Spam,No spam protection on the form,Without a CAPTCHA or honeypot the form will collect spam.,no reCAPTCHA / hCaptcha / Turnstile / honeypot field found,a CAPTCHA or a hidden honeypot field,Configure the CAPTCHA key for this environment or add a honeypot field.,form #2 (lead) form.flex.flex-1.flex-col 'Full Name Work Email Phone (Optio,,200,yes,Forms Report
http://localhost:3000/technologies/terraform-development,Optimization,P3 - improve,Privacy,No privacy notice / link at the lead form,Forms that collect personal data should tell visitors how it is used (GDPR / privacy laws).,(no 'privacy' text or link in or next to the form),A short notice with a link to the privacy policy at the form,Add the notice under the submit button.,form #1 (lead) form.space-y-4 'Full Name * Email Address * Phone * Serv',,200,yes,Forms Report
http://localhost:3000/technologies/terraform-development,Optimization,P3 - improve,Privacy,No privacy notice / link at the lead form,Forms that collect personal data should tell visitors how it is used (GDPR / privacy laws).,(no 'privacy' text or link in or next to the form),A short notice with a link to the privacy policy at the form,Add the notice under the submit button.,form #2 (lead) form.flex.flex-1.flex-col 'Full Name Work Email Phone (Optio,,200,yes,Forms Report
http://localhost:3000/technologies/terraform-development,Optimization,P3 - improve,Spam,No spam protection on the form,Without a CAPTCHA or honeypot the form will collect spam.,no reCAPTCHA / hCaptcha / Turnstile / honeypot field found,a CAPTCHA or a hidden honeypot field,Configure the CAPTCHA key for this environment or add a honeypot field.,form #1 (lead) form.space-y-4 'Full Name * Email Address * Phone * Serv',,200,yes,Forms Report
http://localhost:3000/technologies/terraform-development,Optimization,P3 - improve,Spam,No spam protection on the form,Without a CAPTCHA or honeypot the form will collect spam.,no reCAPTCHA / hCaptcha / Turnstile / honeypot field found,a CAPTCHA or a hidden honeypot field,Configure the CAPTCHA key for this environment or add a honeypot field.,form #2 (lead) form.flex.flex-1.flex-col 'Full Name Work Email Phone (Optio,,200,yes,Forms Report
http://localhost:3000/technologies/test-management,Optimization,P3 - improve,Privacy,No privacy notice / link at the lead form,Forms that collect personal data should tell visitors how it is used (GDPR / privacy laws).,(no 'privacy' text or link in or next to the form),A short notice with a link to the privacy policy at the form,Add the notice under the submit button.,form #1 (lead) form.space-y-4 'Full Name * Email Address * Phone * Serv',,200,yes,Forms Report
http://localhost:3000/technologies/test-management,Optimization,P3 - improve,Privacy,No privacy notice / link at the lead form,Forms that collect personal data should tell visitors how it is used (GDPR / privacy laws).,(no 'privacy' text or link in or next to the form),A short notice with a link to the privacy policy at the form,Add the notice under the submit button.,form #2 (lead) form.flex.flex-1.flex-col 'Full Name Work Email Phone (Optio,,200,yes,Forms Report
http://localhost:3000/technologies/test-management,Optimization,P3 - improve,Spam,No spam protection on the form,Without a CAPTCHA or honeypot the form will collect spam.,no reCAPTCHA / hCaptcha / Turnstile / honeypot field found,a CAPTCHA or a hidden honeypot field,Configure the CAPTCHA key for this environment or add a honeypot field.,form #1 (lead) form.space-y-4 'Full Name * Email Address * Phone * Serv',,200,yes,Forms Report
http://localhost:3000/technologies/test-management,Optimization,P3 - improve,Spam,No spam protection on the form,Without a CAPTCHA or honeypot the form will collect spam.,no reCAPTCHA / hCaptcha / Turnstile / honeypot field found,a CAPTCHA or a hidden honeypot field,Configure the CAPTCHA key for this environment or add a honeypot field.,form #2 (lead) form.flex.flex-1.flex-col 'Full Name Work Email Phone (Optio,,200,yes,Forms Report
http://localhost:3000/technologies/typescript-development,Optimization,P3 - improve,Privacy,No privacy notice / link at the lead form,Forms that collect personal data should tell visitors how it is used (GDPR / privacy laws).,(no 'privacy' text or link in or next to the form),A short notice with a link to the privacy policy at the form,Add the notice under the submit button.,form #1 (lead) form.space-y-4 'Full Name * Email Address * Phone * Serv',,200,yes,Forms Report
http://localhost:3000/technologies/typescript-development,Optimization,P3 - improve,Privacy,No privacy notice / link at the lead form,Forms that collect personal data should tell visitors how it is used (GDPR / privacy laws).,(no 'privacy' text or link in or next to the form),A short notice with a link to the privacy policy at the form,Add the notice under the submit button.,form #2 (lead) form.flex.flex-1.flex-col 'Full Name Work Email Phone (Optio,,200,yes,Forms Report
http://localhost:3000/technologies/typescript-development,Optimization,P3 - improve,Spam,No spam protection on the form,Without a CAPTCHA or honeypot the form will collect spam.,no reCAPTCHA / hCaptcha / Turnstile / honeypot field found,a CAPTCHA or a hidden honeypot field,Configure the CAPTCHA key for this environment or add a honeypot field.,form #1 (lead) form.space-y-4 'Full Name * Email Address * Phone * Serv',,200,yes,Forms Report
http://localhost:3000/technologies/typescript-development,Optimization,P3 - improve,Spam,No spam protection on the form,Without a CAPTCHA or honeypot the form will collect spam.,no reCAPTCHA / hCaptcha / Turnstile / honeypot field found,a CAPTCHA or a hidden honeypot field,Configure the CAPTCHA key for this environment or add a honeypot field.,form #2 (lead) form.flex.flex-1.flex-col 'Full Name Work Email Phone (Optio,,200,yes,Forms Report
http://localhost:3000/technologies/ui-design,Optimization,P3 - improve,Privacy,No privacy notice / link at the lead form,Forms that collect personal data should tell visitors how it is used (GDPR / privacy laws).,(no 'privacy' text or link in or next to the form),A short notice with a link to the privacy policy at the form,Add the notice under the submit button.,form #1 (lead) form.space-y-4 'Full Name * Email Address * Phone * Serv',,200,yes,Forms Report
http://localhost:3000/technologies/ui-design,Optimization,P3 - improve,Privacy,No privacy notice / link at the lead form,Forms that collect personal data should tell visitors how it is used (GDPR / privacy laws).,(no 'privacy' text or link in or next to the form),A short notice with a link to the privacy policy at the form,Add the notice under the submit button.,form #2 (lead) form.flex.flex-1.flex-col 'Full Name Work Email Phone (Optio,,200,yes,Forms Report
http://localhost:3000/technologies/ui-design,Optimization,P3 - improve,Spam,No spam protection on the form,Without a CAPTCHA or honeypot the form will collect spam.,no reCAPTCHA / hCaptcha / Turnstile / honeypot field found,a CAPTCHA or a hidden honeypot field,Configure the CAPTCHA key for this environment or add a honeypot field.,form #1 (lead) form.space-y-4 'Full Name * Email Address * Phone * Serv',,200,yes,Forms Report
http://localhost:3000/technologies/ui-design,Optimization,P3 - improve,Spam,No spam protection on the form,Without a CAPTCHA or honeypot the form will collect spam.,no reCAPTCHA / hCaptcha / Turnstile / honeypot field found,a CAPTCHA or a hidden honeypot field,Configure the CAPTCHA key for this environment or add a honeypot field.,form #2 (lead) form.flex.flex-1.flex-col 'Full Name Work Email Phone (Optio,,200,yes,Forms Report
http://localhost:3000/technologies/umbraco-development,Optimization,P3 - improve,Privacy,No privacy notice / link at the lead form,Forms that collect personal data should tell visitors how it is used (GDPR / privacy laws).,(no 'privacy' text or link in or next to the form),A short notice with a link to the privacy policy at the form,Add the notice under the submit button.,form #1 (lead) form.space-y-4 'Full Name * Email Address * Phone * Serv',,200,yes,Forms Report
http://localhost:3000/technologies/umbraco-development,Optimization,P3 - improve,Privacy,No privacy notice / link at the lead form,Forms that collect personal data should tell visitors how it is used (GDPR / privacy laws).,(no 'privacy' text or link in or next to the form),A short notice with a link to the privacy policy at the form,Add the notice under the submit button.,form #2 (lead) form.flex.flex-1.flex-col 'Full Name Work Email Phone (Optio,,200,yes,Forms Report
http://localhost:3000/technologies/umbraco-development,Optimization,P3 - improve,Spam,No spam protection on the form,Without a CAPTCHA or honeypot the form will collect spam.,no reCAPTCHA / hCaptcha / Turnstile / honeypot field found,a CAPTCHA or a hidden honeypot field,Configure the CAPTCHA key for this environment or add a honeypot field.,form #1 (lead) form.space-y-4 'Full Name * Email Address * Phone * Serv',,200,yes,Forms Report
http://localhost:3000/technologies/umbraco-development,Optimization,P3 - improve,Spam,No spam protection on the form,Without a CAPTCHA or honeypot the form will collect spam.,no reCAPTCHA / hCaptcha / Turnstile / honeypot field found,a CAPTCHA or a hidden honeypot field,Configure the CAPTCHA key for this environment or add a honeypot field.,form #2 (lead) form.flex.flex-1.flex-col 'Full Name Work Email Phone (Optio,,200,yes,Forms Report
http://localhost:3000/technologies/unit-testing,Optimization,P3 - improve,Privacy,No privacy notice / link at the lead form,Forms that collect personal data should tell visitors how it is used (GDPR / privacy laws).,(no 'privacy' text or link in or next to the form),A short notice with a link to the privacy policy at the form,Add the notice under the submit button.,form #1 (lead) form.space-y-4 'Full Name * Email Address * Phone * Serv',,200,yes,Forms Report
http://localhost:3000/technologies/unit-testing,Optimization,P3 - improve,Privacy,No privacy notice / link at the lead form,Forms that collect personal data should tell visitors how it is used (GDPR / privacy laws).,(no 'privacy' text or link in or next to the form),A short notice with a link to the privacy policy at the form,Add the notice under the submit button.,form #2 (lead) form.flex.flex-1.flex-col 'Full Name Work Email Phone (Optio,,200,yes,Forms Report
http://localhost:3000/technologies/unit-testing,Optimization,P3 - improve,Spam,No spam protection on the form,Without a CAPTCHA or honeypot the form will collect spam.,no reCAPTCHA / hCaptcha / Turnstile / honeypot field found,a CAPTCHA or a hidden honeypot field,Configure the CAPTCHA key for this environment or add a honeypot field.,form #1 (lead) form.space-y-4 'Full Name * Email Address * Phone * Serv',,200,yes,Forms Report
http://localhost:3000/technologies/unit-testing,Optimization,P3 - improve,Spam,No spam protection on the form,Without a CAPTCHA or honeypot the form will collect spam.,no reCAPTCHA / hCaptcha / Turnstile / honeypot field found,a CAPTCHA or a hidden honeypot field,Configure the CAPTCHA key for this environment or add a honeypot field.,form #2 (lead) form.flex.flex-1.flex-col 'Full Name Work Email Phone (Optio,,200,yes,Forms Report
http://localhost:3000/technologies/usability-testing,Optimization,P3 - improve,Privacy,No privacy notice / link at the lead form,Forms that collect personal data should tell visitors how it is used (GDPR / privacy laws).,(no 'privacy' text or link in or next to the form),A short notice with a link to the privacy policy at the form,Add the notice under the submit button.,form #1 (lead) form.space-y-4 'Full Name * Email Address * Phone * Serv',,200,yes,Forms Report
http://localhost:3000/technologies/usability-testing,Optimization,P3 - improve,Privacy,No privacy notice / link at the lead form,Forms that collect personal data should tell visitors how it is used (GDPR / privacy laws).,(no 'privacy' text or link in or next to the form),A short notice with a link to the privacy policy at the form,Add the notice under the submit button.,form #2 (lead) form.flex.flex-1.flex-col 'Full Name Work Email Phone (Optio,,200,yes,Forms Report
http://localhost:3000/technologies/usability-testing,Optimization,P3 - improve,Spam,No spam protection on the form,Without a CAPTCHA or honeypot the form will collect spam.,no reCAPTCHA / hCaptcha / Turnstile / honeypot field found,a CAPTCHA or a hidden honeypot field,Configure the CAPTCHA key for this environment or add a honeypot field.,form #1 (lead) form.space-y-4 'Full Name * Email Address * Phone * Serv',,200,yes,Forms Report
http://localhost:3000/technologies/usability-testing,Optimization,P3 - improve,Spam,No spam protection on the form,Without a CAPTCHA or honeypot the form will collect spam.,no reCAPTCHA / hCaptcha / Turnstile / honeypot field found,a CAPTCHA or a hidden honeypot field,Configure the CAPTCHA key for this environment or add a honeypot field.,form #2 (lead) form.flex.flex-1.flex-col 'Full Name Work Email Phone (Optio,,200,yes,Forms Report
http://localhost:3000/technologies/user-research-services,Optimization,P3 - improve,Privacy,No privacy notice / link at the lead form,Forms that collect personal data should tell visitors how it is used (GDPR / privacy laws).,(no 'privacy' text or link in or next to the form),A short notice with a link to the privacy policy at the form,Add the notice under the submit button.,form #1 (lead) form.space-y-4 'Full Name * Email Address * Phone * Serv',,200,yes,Forms Report
http://localhost:3000/technologies/user-research-services,Optimization,P3 - improve,Privacy,No privacy notice / link at the lead form,Forms that collect personal data should tell visitors how it is used (GDPR / privacy laws).,(no 'privacy' text or link in or next to the form),A short notice with a link to the privacy policy at the form,Add the notice under the submit button.,form #2 (lead) form.flex.flex-1.flex-col 'Full Name Work Email Phone (Optio,,200,yes,Forms Report
http://localhost:3000/technologies/user-research-services,Optimization,P3 - improve,Spam,No spam protection on the form,Without a CAPTCHA or honeypot the form will collect spam.,no reCAPTCHA / hCaptcha / Turnstile / honeypot field found,a CAPTCHA or a hidden honeypot field,Configure the CAPTCHA key for this environment or add a honeypot field.,form #1 (lead) form.space-y-4 'Full Name * Email Address * Phone * Serv',,200,yes,Forms Report
http://localhost:3000/technologies/user-research-services,Optimization,P3 - improve,Spam,No spam protection on the form,Without a CAPTCHA or honeypot the form will collect spam.,no reCAPTCHA / hCaptcha / Turnstile / honeypot field found,a CAPTCHA or a hidden honeypot field,Configure the CAPTCHA key for this environment or add a honeypot field.,form #2 (lead) form.flex.flex-1.flex-col 'Full Name Work Email Phone (Optio,,200,yes,Forms Report
http://localhost:3000/technologies/ux-design,Optimization,P3 - improve,Privacy,No privacy notice / link at the lead form,Forms that collect personal data should tell visitors how it is used (GDPR / privacy laws).,(no 'privacy' text or link in or next to the form),A short notice with a link to the privacy policy at the form,Add the notice under the submit button.,form #1 (lead) form.space-y-4 'Full Name * Email Address * Phone * Serv',,200,yes,Forms Report
http://localhost:3000/technologies/ux-design,Optimization,P3 - improve,Privacy,No privacy notice / link at the lead form,Forms that collect personal data should tell visitors how it is used (GDPR / privacy laws).,(no 'privacy' text or link in or next to the form),A short notice with a link to the privacy policy at the form,Add the notice under the submit button.,form #2 (lead) form.flex.flex-1.flex-col 'Full Name Work Email Phone (Optio,,200,yes,Forms Report
http://localhost:3000/technologies/ux-design,Optimization,P3 - improve,Spam,No spam protection on the form,Without a CAPTCHA or honeypot the form will collect spam.,no reCAPTCHA / hCaptcha / Turnstile / honeypot field found,a CAPTCHA or a hidden honeypot field,Configure the CAPTCHA key for this environment or add a honeypot field.,form #1 (lead) form.space-y-4 'Full Name * Email Address * Phone * Serv',,200,yes,Forms Report
http://localhost:3000/technologies/ux-design,Optimization,P3 - improve,Spam,No spam protection on the form,Without a CAPTCHA or honeypot the form will collect spam.,no reCAPTCHA / hCaptcha / Turnstile / honeypot field found,a CAPTCHA or a hidden honeypot field,Configure the CAPTCHA key for this environment or add a honeypot field.,form #2 (lead) form.flex.flex-1.flex-col 'Full Name Work Email Phone (Optio,,200,yes,Forms Report
http://localhost:3000/technologies/ux-writing-services,Optimization,P3 - improve,Privacy,No privacy notice / link at the lead form,Forms that collect personal data should tell visitors how it is used (GDPR / privacy laws).,(no 'privacy' text or link in or next to the form),A short notice with a link to the privacy policy at the form,Add the notice under the submit button.,form #1 (lead) form.space-y-4 'Full Name * Email Address * Phone * Serv',,200,yes,Forms Report
http://localhost:3000/technologies/ux-writing-services,Optimization,P3 - improve,Privacy,No privacy notice / link at the lead form,Forms that collect personal data should tell visitors how it is used (GDPR / privacy laws).,(no 'privacy' text or link in or next to the form),A short notice with a link to the privacy policy at the form,Add the notice under the submit button.,form #2 (lead) form.flex.flex-1.flex-col 'Full Name Work Email Phone (Optio,,200,yes,Forms Report
http://localhost:3000/technologies/ux-writing-services,Optimization,P3 - improve,Spam,No spam protection on the form,Without a CAPTCHA or honeypot the form will collect spam.,no reCAPTCHA / hCaptcha / Turnstile / honeypot field found,a CAPTCHA or a hidden honeypot field,Configure the CAPTCHA key for this environment or add a honeypot field.,form #1 (lead) form.space-y-4 'Full Name * Email Address * Phone * Serv',,200,yes,Forms Report
http://localhost:3000/technologies/ux-writing-services,Optimization,P3 - improve,Spam,No spam protection on the form,Without a CAPTCHA or honeypot the form will collect spam.,no reCAPTCHA / hCaptcha / Turnstile / honeypot field found,a CAPTCHA or a hidden honeypot field,Configure the CAPTCHA key for this environment or add a honeypot field.,form #2 (lead) form.flex.flex-1.flex-col 'Full Name Work Email Phone (Optio,,200,yes,Forms Report
http://localhost:3000/technologies/vercel-development,Optimization,P3 - improve,Privacy,No privacy notice / link at the lead form,Forms that collect personal data should tell visitors how it is used (GDPR / privacy laws).,(no 'privacy' text or link in or next to the form),A short notice with a link to the privacy policy at the form,Add the notice under the submit button.,form #1 (lead) form.space-y-4 'Full Name * Email Address * Phone * Serv',,200,yes,Forms Report
http://localhost:3000/technologies/vercel-development,Optimization,P3 - improve,Privacy,No privacy notice / link at the lead form,Forms that collect personal data should tell visitors how it is used (GDPR / privacy laws).,(no 'privacy' text or link in or next to the form),A short notice with a link to the privacy policy at the form,Add the notice under the submit button.,form #2 (lead) form.flex.flex-1.flex-col 'Full Name Work Email Phone (Optio,,200,yes,Forms Report
http://localhost:3000/technologies/vercel-development,Optimization,P3 - improve,Spam,No spam protection on the form,Without a CAPTCHA or honeypot the form will collect spam.,no reCAPTCHA / hCaptcha / Turnstile / honeypot field found,a CAPTCHA or a hidden honeypot field,Configure the CAPTCHA key for this environment or add a honeypot field.,form #1 (lead) form.space-y-4 'Full Name * Email Address * Phone * Serv',,200,yes,Forms Report
http://localhost:3000/technologies/vercel-development,Optimization,P3 - improve,Spam,No spam protection on the form,Without a CAPTCHA or honeypot the form will collect spam.,no reCAPTCHA / hCaptcha / Turnstile / honeypot field found,a CAPTCHA or a hidden honeypot field,Configure the CAPTCHA key for this environment or add a honeypot field.,form #2 (lead) form.flex.flex-1.flex-col 'Full Name Work Email Phone (Optio,,200,yes,Forms Report
http://localhost:3000/technologies/vitest-testing,Optimization,P3 - improve,Privacy,No privacy notice / link at the lead form,Forms that collect personal data should tell visitors how it is used (GDPR / privacy laws).,(no 'privacy' text or link in or next to the form),A short notice with a link to the privacy policy at the form,Add the notice under the submit button.,form #1 (lead) form.space-y-4 'Full Name * Email Address * Phone * Serv',,200,yes,Forms Report
http://localhost:3000/technologies/vitest-testing,Optimization,P3 - improve,Privacy,No privacy notice / link at the lead form,Forms that collect personal data should tell visitors how it is used (GDPR / privacy laws).,(no 'privacy' text or link in or next to the form),A short notice with a link to the privacy policy at the form,Add the notice under the submit button.,form #2 (lead) form.flex.flex-1.flex-col 'Full Name Work Email Phone (Optio,,200,yes,Forms Report
http://localhost:3000/technologies/vitest-testing,Optimization,P3 - improve,Spam,No spam protection on the form,Without a CAPTCHA or honeypot the form will collect spam.,no reCAPTCHA / hCaptcha / Turnstile / honeypot field found,a CAPTCHA or a hidden honeypot field,Configure the CAPTCHA key for this environment or add a honeypot field.,form #1 (lead) form.space-y-4 'Full Name * Email Address * Phone * Serv',,200,yes,Forms Report
http://localhost:3000/technologies/vitest-testing,Optimization,P3 - improve,Spam,No spam protection on the form,Without a CAPTCHA or honeypot the form will collect spam.,no reCAPTCHA / hCaptcha / Turnstile / honeypot field found,a CAPTCHA or a hidden honeypot field,Configure the CAPTCHA key for this environment or add a honeypot field.,form #2 (lead) form.flex.flex-1.flex-col 'Full Name Work Email Phone (Optio,,200,yes,Forms Report
http://localhost:3000/technologies/vuejs-development,Optimization,P3 - improve,Privacy,No privacy notice / link at the lead form,Forms that collect personal data should tell visitors how it is used (GDPR / privacy laws).,(no 'privacy' text or link in or next to the form),A short notice with a link to the privacy policy at the form,Add the notice under the submit button.,form #1 (lead) form.space-y-4 'Full Name * Email Address * Phone * Serv',,200,yes,Forms Report
http://localhost:3000/technologies/vuejs-development,Optimization,P3 - improve,Privacy,No privacy notice / link at the lead form,Forms that collect personal data should tell visitors how it is used (GDPR / privacy laws).,(no 'privacy' text or link in or next to the form),A short notice with a link to the privacy policy at the form,Add the notice under the submit button.,form #2 (lead) form.flex.flex-1.flex-col 'Full Name Work Email Phone (Optio,,200,yes,Forms Report
http://localhost:3000/technologies/vuejs-development,Optimization,P3 - improve,Spam,No spam protection on the form,Without a CAPTCHA or honeypot the form will collect spam.,no reCAPTCHA / hCaptcha / Turnstile / honeypot field found,a CAPTCHA or a hidden honeypot field,Configure the CAPTCHA key for this environment or add a honeypot field.,form #1 (lead) form.space-y-4 'Full Name * Email Address * Phone * Serv',,200,yes,Forms Report
http://localhost:3000/technologies/vuejs-development,Optimization,P3 - improve,Spam,No spam protection on the form,Without a CAPTCHA or honeypot the form will collect spam.,no reCAPTCHA / hCaptcha / Turnstile / honeypot field found,a CAPTCHA or a hidden honeypot field,Configure the CAPTCHA key for this environment or add a honeypot field.,form #2 (lead) form.flex.flex-1.flex-col 'Full Name Work Email Phone (Optio,,200,yes,Forms Report
http://localhost:3000/technologies/web-components-development,Optimization,P3 - improve,Privacy,No privacy notice / link at the lead form,Forms that collect personal data should tell visitors how it is used (GDPR / privacy laws).,(no 'privacy' text or link in or next to the form),A short notice with a link to the privacy policy at the form,Add the notice under the submit button.,form #1 (lead) form.space-y-4 'Full Name * Email Address * Phone * Serv',,200,yes,Forms Report
http://localhost:3000/technologies/web-components-development,Optimization,P3 - improve,Privacy,No privacy notice / link at the lead form,Forms that collect personal data should tell visitors how it is used (GDPR / privacy laws).,(no 'privacy' text or link in or next to the form),A short notice with a link to the privacy policy at the form,Add the notice under the submit button.,form #2 (lead) form.flex.flex-1.flex-col 'Full Name Work Email Phone (Optio,,200,yes,Forms Report
http://localhost:3000/technologies/web-components-development,Optimization,P3 - improve,Spam,No spam protection on the form,Without a CAPTCHA or honeypot the form will collect spam.,no reCAPTCHA / hCaptcha / Turnstile / honeypot field found,a CAPTCHA or a hidden honeypot field,Configure the CAPTCHA key for this environment or add a honeypot field.,form #1 (lead) form.space-y-4 'Full Name * Email Address * Phone * Serv',,200,yes,Forms Report
http://localhost:3000/technologies/web-components-development,Optimization,P3 - improve,Spam,No spam protection on the form,Without a CAPTCHA or honeypot the form will collect spam.,no reCAPTCHA / hCaptcha / Turnstile / honeypot field found,a CAPTCHA or a hidden honeypot field,Configure the CAPTCHA key for this environment or add a honeypot field.,form #2 (lead) form.flex.flex-1.flex-col 'Full Name Work Email Phone (Optio,,200,yes,Forms Report
http://localhost:3000/technologies/web-design-development,Optimization,P3 - improve,Privacy,No privacy notice / link at the lead form,Forms that collect personal data should tell visitors how it is used (GDPR / privacy laws).,(no 'privacy' text or link in or next to the form),A short notice with a link to the privacy policy at the form,Add the notice under the submit button.,form #1 (lead) form.space-y-4 'Full Name * Email Address * Phone * Serv',,200,yes,Forms Report
http://localhost:3000/technologies/web-design-development,Optimization,P3 - improve,Privacy,No privacy notice / link at the lead form,Forms that collect personal data should tell visitors how it is used (GDPR / privacy laws).,(no 'privacy' text or link in or next to the form),A short notice with a link to the privacy policy at the form,Add the notice under the submit button.,form #2 (lead) form.flex.flex-1.flex-col 'Full Name Work Email Phone (Optio,,200,yes,Forms Report
http://localhost:3000/technologies/web-design-development,Optimization,P3 - improve,Spam,No spam protection on the form,Without a CAPTCHA or honeypot the form will collect spam.,no reCAPTCHA / hCaptcha / Turnstile / honeypot field found,a CAPTCHA or a hidden honeypot field,Configure the CAPTCHA key for this environment or add a honeypot field.,form #1 (lead) form.space-y-4 'Full Name * Email Address * Phone * Serv',,200,yes,Forms Report
http://localhost:3000/technologies/web-design-development,Optimization,P3 - improve,Spam,No spam protection on the form,Without a CAPTCHA or honeypot the form will collect spam.,no reCAPTCHA / hCaptcha / Turnstile / honeypot field found,a CAPTCHA or a hidden honeypot field,Configure the CAPTCHA key for this environment or add a honeypot field.,form #2 (lead) form.flex.flex-1.flex-col 'Full Name Work Email Phone (Optio,,200,yes,Forms Report
http://localhost:3000/technologies/webflow-development,Optimization,P3 - improve,Privacy,No privacy notice / link at the lead form,Forms that collect personal data should tell visitors how it is used (GDPR / privacy laws).,(no 'privacy' text or link in or next to the form),A short notice with a link to the privacy policy at the form,Add the notice under the submit button.,form #1 (lead) form.space-y-4 'Full Name * Email Address * Phone * Serv',,200,yes,Forms Report
http://localhost:3000/technologies/webflow-development,Optimization,P3 - improve,Privacy,No privacy notice / link at the lead form,Forms that collect personal data should tell visitors how it is used (GDPR / privacy laws).,(no 'privacy' text or link in or next to the form),A short notice with a link to the privacy policy at the form,Add the notice under the submit button.,form #2 (lead) form.flex.flex-1.flex-col 'Full Name Work Email Phone (Optio,,200,yes,Forms Report
http://localhost:3000/technologies/webflow-development,Optimization,P3 - improve,Spam,No spam protection on the form,Without a CAPTCHA or honeypot the form will collect spam.,no reCAPTCHA / hCaptcha / Turnstile / honeypot field found,a CAPTCHA or a hidden honeypot field,Configure the CAPTCHA key for this environment or add a honeypot field.,form #1 (lead) form.space-y-4 'Full Name * Email Address * Phone * Serv',,200,yes,Forms Report
http://localhost:3000/technologies/webflow-development,Optimization,P3 - improve,Spam,No spam protection on the form,Without a CAPTCHA or honeypot the form will collect spam.,no reCAPTCHA / hCaptcha / Turnstile / honeypot field found,a CAPTCHA or a hidden honeypot field,Configure the CAPTCHA key for this environment or add a honeypot field.,form #2 (lead) form.flex.flex-1.flex-col 'Full Name Work Email Phone (Optio,,200,yes,Forms Report
http://localhost:3000/technologies/wireframing-services,Optimization,P3 - improve,Privacy,No privacy notice / link at the lead form,Forms that collect personal data should tell visitors how it is used (GDPR / privacy laws).,(no 'privacy' text or link in or next to the form),A short notice with a link to the privacy policy at the form,Add the notice under the submit button.,form #1 (lead) form.space-y-4 'Full Name * Email Address * Phone * Serv',,200,yes,Forms Report
http://localhost:3000/technologies/wireframing-services,Optimization,P3 - improve,Privacy,No privacy notice / link at the lead form,Forms that collect personal data should tell visitors how it is used (GDPR / privacy laws).,(no 'privacy' text or link in or next to the form),A short notice with a link to the privacy policy at the form,Add the notice under the submit button.,form #2 (lead) form.flex.flex-1.flex-col 'Full Name Work Email Phone (Optio,,200,yes,Forms Report
http://localhost:3000/technologies/wireframing-services,Optimization,P3 - improve,Spam,No spam protection on the form,Without a CAPTCHA or honeypot the form will collect spam.,no reCAPTCHA / hCaptcha / Turnstile / honeypot field found,a CAPTCHA or a hidden honeypot field,Configure the CAPTCHA key for this environment or add a honeypot field.,form #1 (lead) form.space-y-4 'Full Name * Email Address * Phone * Serv',,200,yes,Forms Report
http://localhost:3000/technologies/wireframing-services,Optimization,P3 - improve,Spam,No spam protection on the form,Without a CAPTCHA or honeypot the form will collect spam.,no reCAPTCHA / hCaptcha / Turnstile / honeypot field found,a CAPTCHA or a hidden honeypot field,Configure the CAPTCHA key for this environment or add a honeypot field.,form #2 (lead) form.flex.flex-1.flex-col 'Full Name Work Email Phone (Optio,,200,yes,Forms Report
http://localhost:3000/technologies/wix-development,Optimization,P3 - improve,Privacy,No privacy notice / link at the lead form,Forms that collect personal data should tell visitors how it is used (GDPR / privacy laws).,(no 'privacy' text or link in or next to the form),A short notice with a link to the privacy policy at the form,Add the notice under the submit button.,form #1 (lead) form.space-y-4 'Full Name * Email Address * Phone * Serv',,200,yes,Forms Report
http://localhost:3000/technologies/wix-development,Optimization,P3 - improve,Privacy,No privacy notice / link at the lead form,Forms that collect personal data should tell visitors how it is used (GDPR / privacy laws).,(no 'privacy' text or link in or next to the form),A short notice with a link to the privacy policy at the form,Add the notice under the submit button.,form #2 (lead) form.flex.flex-1.flex-col 'Full Name Work Email Phone (Optio,,200,yes,Forms Report
http://localhost:3000/technologies/wix-development,Optimization,P3 - improve,Spam,No spam protection on the form,Without a CAPTCHA or honeypot the form will collect spam.,no reCAPTCHA / hCaptcha / Turnstile / honeypot field found,a CAPTCHA or a hidden honeypot field,Configure the CAPTCHA key for this environment or add a honeypot field.,form #1 (lead) form.space-y-4 'Full Name * Email Address * Phone * Serv',,200,yes,Forms Report
http://localhost:3000/technologies/wix-development,Optimization,P3 - improve,Spam,No spam protection on the form,Without a CAPTCHA or honeypot the form will collect spam.,no reCAPTCHA / hCaptcha / Turnstile / honeypot field found,a CAPTCHA or a hidden honeypot field,Configure the CAPTCHA key for this environment or add a honeypot field.,form #2 (lead) form.flex.flex-1.flex-col 'Full Name Work Email Phone (Optio,,200,yes,Forms Report
http://localhost:3000/technologies/woocommerce-cms-development,Optimization,P3 - improve,Privacy,No privacy notice / link at the lead form,Forms that collect personal data should tell visitors how it is used (GDPR / privacy laws).,(no 'privacy' text or link in or next to the form),A short notice with a link to the privacy policy at the form,Add the notice under the submit button.,form #1 (lead) form.space-y-4 'Full Name * Email Address * Phone * Serv',,200,yes,Forms Report
http://localhost:3000/technologies/woocommerce-cms-development,Optimization,P3 - improve,Privacy,No privacy notice / link at the lead form,Forms that collect personal data should tell visitors how it is used (GDPR / privacy laws).,(no 'privacy' text or link in or next to the form),A short notice with a link to the privacy policy at the form,Add the notice under the submit button.,form #2 (lead) form.flex.flex-1.flex-col 'Full Name Work Email Phone (Optio,,200,yes,Forms Report
http://localhost:3000/technologies/woocommerce-cms-development,Optimization,P3 - improve,Spam,No spam protection on the form,Without a CAPTCHA or honeypot the form will collect spam.,no reCAPTCHA / hCaptcha / Turnstile / honeypot field found,a CAPTCHA or a hidden honeypot field,Configure the CAPTCHA key for this environment or add a honeypot field.,form #1 (lead) form.space-y-4 'Full Name * Email Address * Phone * Serv',,200,yes,Forms Report
http://localhost:3000/technologies/woocommerce-cms-development,Optimization,P3 - improve,Spam,No spam protection on the form,Without a CAPTCHA or honeypot the form will collect spam.,no reCAPTCHA / hCaptcha / Turnstile / honeypot field found,a CAPTCHA or a hidden honeypot field,Configure the CAPTCHA key for this environment or add a honeypot field.,form #2 (lead) form.flex.flex-1.flex-col 'Full Name Work Email Phone (Optio,,200,yes,Forms Report
http://localhost:3000/technologies/woocommerce-development,Optimization,P3 - improve,Privacy,No privacy notice / link at the lead form,Forms that collect personal data should tell visitors how it is used (GDPR / privacy laws).,(no 'privacy' text or link in or next to the form),A short notice with a link to the privacy policy at the form,Add the notice under the submit button.,form #1 (lead) form.space-y-4 'Full Name * Email Address * Phone * Serv',,200,yes,Forms Report
http://localhost:3000/technologies/woocommerce-development,Optimization,P3 - improve,Privacy,No privacy notice / link at the lead form,Forms that collect personal data should tell visitors how it is used (GDPR / privacy laws).,(no 'privacy' text or link in or next to the form),A short notice with a link to the privacy policy at the form,Add the notice under the submit button.,form #2 (lead) form.flex.flex-1.flex-col 'Full Name Work Email Phone (Optio,,200,yes,Forms Report
http://localhost:3000/technologies/woocommerce-development,Optimization,P3 - improve,Spam,No spam protection on the form,Without a CAPTCHA or honeypot the form will collect spam.,no reCAPTCHA / hCaptcha / Turnstile / honeypot field found,a CAPTCHA or a hidden honeypot field,Configure the CAPTCHA key for this environment or add a honeypot field.,form #1 (lead) form.space-y-4 'Full Name * Email Address * Phone * Serv',,200,yes,Forms Report
http://localhost:3000/technologies/woocommerce-development,Optimization,P3 - improve,Spam,No spam protection on the form,Without a CAPTCHA or honeypot the form will collect spam.,no reCAPTCHA / hCaptcha / Turnstile / honeypot field found,a CAPTCHA or a hidden honeypot field,Configure the CAPTCHA key for this environment or add a honeypot field.,form #2 (lead) form.flex.flex-1.flex-col 'Full Name Work Email Phone (Optio,,200,yes,Forms Report
http://localhost:3000/technologies/wordpress-development,Optimization,P3 - improve,Privacy,No privacy notice / link at the lead form,Forms that collect personal data should tell visitors how it is used (GDPR / privacy laws).,(no 'privacy' text or link in or next to the form),A short notice with a link to the privacy policy at the form,Add the notice under the submit button.,form #1 (lead) form.space-y-4 'Full Name * Email Address * Phone * Serv',,200,yes,Forms Report
http://localhost:3000/technologies/wordpress-development,Optimization,P3 - improve,Privacy,No privacy notice / link at the lead form,Forms that collect personal data should tell visitors how it is used (GDPR / privacy laws).,(no 'privacy' text or link in or next to the form),A short notice with a link to the privacy policy at the form,Add the notice under the submit button.,form #2 (lead) form.flex.flex-1.flex-col 'Full Name Work Email Phone (Optio,,200,yes,Forms Report
http://localhost:3000/technologies/wordpress-development,Optimization,P3 - improve,Spam,No spam protection on the form,Without a CAPTCHA or honeypot the form will collect spam.,no reCAPTCHA / hCaptcha / Turnstile / honeypot field found,a CAPTCHA or a hidden honeypot field,Configure the CAPTCHA key for this environment or add a honeypot field.,form #1 (lead) form.space-y-4 'Full Name * Email Address * Phone * Serv',,200,yes,Forms Report
http://localhost:3000/technologies/wordpress-development,Optimization,P3 - improve,Spam,No spam protection on the form,Without a CAPTCHA or honeypot the form will collect spam.,no reCAPTCHA / hCaptcha / Turnstile / honeypot field found,a CAPTCHA or a hidden honeypot field,Configure the CAPTCHA key for this environment or add a honeypot field.,form #2 (lead) form.flex.flex-1.flex-col 'Full Name Work Email Phone (Optio,,200,yes,Forms Report
http://localhost:3000/technologies/xamarin-development,Optimization,P3 - improve,Privacy,No privacy notice / link at the lead form,Forms that collect personal data should tell visitors how it is used (GDPR / privacy laws).,(no 'privacy' text or link in or next to the form),A short notice with a link to the privacy policy at the form,Add the notice under the submit button.,form #1 (lead) form.space-y-4 'Full Name * Email Address * Phone * Serv',,200,yes,Forms Report
http://localhost:3000/technologies/xamarin-development,Optimization,P3 - improve,Privacy,No privacy notice / link at the lead form,Forms that collect personal data should tell visitors how it is used (GDPR / privacy laws).,(no 'privacy' text or link in or next to the form),A short notice with a link to the privacy policy at the form,Add the notice under the submit button.,form #2 (lead) form.flex.flex-1.flex-col 'Full Name Work Email Phone (Optio,,200,yes,Forms Report
http://localhost:3000/technologies/xamarin-development,Optimization,P3 - improve,Spam,No spam protection on the form,Without a CAPTCHA or honeypot the form will collect spam.,no reCAPTCHA / hCaptcha / Turnstile / honeypot field found,a CAPTCHA or a hidden honeypot field,Configure the CAPTCHA key for this environment or add a honeypot field.,form #1 (lead) form.space-y-4 'Full Name * Email Address * Phone * Serv',,200,yes,Forms Report
http://localhost:3000/technologies/xamarin-development,Optimization,P3 - improve,Spam,No spam protection on the form,Without a CAPTCHA or honeypot the form will collect spam.,no reCAPTCHA / hCaptcha / Turnstile / honeypot field found,a CAPTCHA or a hidden honeypot field,Configure the CAPTCHA key for this environment or add a honeypot field.,form #2 (lead) form.flex.flex-1.flex-col 'Full Name Work Email Phone (Optio,,200,yes,Forms Report
